/*******************************************************************************
 * Size: 20 px
 * Bpp: 4
 * Source: Noto Sans SC (OFL); see tools/generate_fonts.py
 ******************************************************************************/

#ifdef LV_LVGL_H_INCLUDE_SIMPLE
#include "lvgl.h"
#else
#include "lvgl.h"
#endif

#ifndef LOBBY_ZH_20
#define LOBBY_ZH_20 1
#endif

#if LOBBY_ZH_20

/*-----------------
 *    BITMAPS
 *----------------*/

/*Store the image of the glyphs*/
static LV_ATTRIBUTE_LARGE_CONST const uint8_t glyph_bitmap[] = {
    /* U+0020 " " */

    /* U+0021 "!" */
    0xb, 0xf9, 0xb, 0xf9, 0xa, 0xf8, 0x9, 0xf7,
    0x9, 0xf7, 0x8, 0xf6, 0x7, 0xf5, 0x7, 0xf5,
    0x6, 0xf4, 0x5, 0xf3, 0x1, 0x40, 0xc, 0xfa,
    0x1f, 0xff, 0x9, 0xf8,

    /* U+0022 "\"" */
    0x3f, 0xf2, 0xd, 0xf8, 0x2f, 0xf1, 0xc, 0xf8,
    0x2f, 0xf1, 0xb, 0xf7, 0xf, 0xf0, 0xa, 0xf5,
    0xe, 0xd0, 0x8, 0xf3, 0xc, 0xb0, 0x6, 0xf2,
    0x1, 0x10, 0x0, 0x20,

    /* U+0023 "#" */
    0x0, 0x4, 0xf2, 0x1, 0xf5, 0x0, 0x0, 0x7f,
    0x0, 0x4f, 0x20, 0x0, 0x9, 0xc0, 0x6, 0xf0,
    0x0, 0xcf, 0xff, 0xff, 0xff, 0xfb, 0x6, 0x8f,
    0xc8, 0x8d, 0xd8, 0x60, 0x0, 0xf6, 0x0, 0xca,
    0x0, 0x0, 0x1f, 0x40, 0xe, 0x80, 0x0, 0x3,
    0xf3, 0x0, 0xf6, 0x0, 0x3f, 0xff, 0xff, 0xff,
    0xff, 0x41, 0x8b, 0xf8, 0x8a, 0xf9, 0x82, 0x0,
    0x9d, 0x0, 0x6f, 0x10, 0x0, 0xb, 0xb0, 0x8,
    0xf0, 0x0, 0x0, 0xd9, 0x0, 0xad, 0x0, 0x0,
    0xf, 0x70, 0xb, 0xb0, 0x0,

    /* U+0024 "$" */
    0x0, 0x0, 0x84, 0x0, 0x0, 0x0, 0x0, 0xf9,
    0x0, 0x0, 0x0, 0x0, 0xf9, 0x0, 0x0, 0x0,
    0x7d, 0xff, 0xc4, 0x0, 0x9, 0xff, 0xee, 0xff,
    0x70, 0x2f, 0xf5, 0x0, 0x3b, 0x20, 0x5f, 0xe0,
    0x0, 0x0, 0x0, 0x4f, 0xf2, 0x0, 0x0, 0x0,
    0xc, 0xfe, 0x60, 0x0, 0x0, 0x1, 0xaf, 0xfe,
    0x70, 0x0, 0x0, 0x3, 0xbf, 0xfc, 0x10, 0x0,
    0x0, 0x3, 0xef, 0xa0, 0x0, 0x0, 0x0, 0x5f,
    0xf0, 0x0, 0x0, 0x0, 0x3f, 0xf0, 0x6e, 0x50,
    0x0, 0xaf, 0xc0, 0x9f, 0xff, 0xdf, 0xff, 0x30,
    0x3, 0xae, 0xff, 0xa3, 0x0, 0x0, 0x0, 0xf9,
    0x0, 0x0, 0x0, 0x0, 0xf9, 0x0, 0x0,

    /* U+0025 "%" */
    0x0, 0x9e, 0xfb, 0x20, 0x0, 0x0, 0x9d, 0x0,
    0x0, 0x0, 0xaf, 0x86, 0xee, 0x10, 0x0, 0x3f,
    0x40, 0x0, 0x0, 0x1f, 0xa0, 0x5, 0xf6, 0x0,
    0xc, 0xb0, 0x0, 0x0, 0x3, 0xf7, 0x0, 0x1f,
    0x90, 0x5, 0xf2, 0x0, 0x0, 0x0, 0x4f, 0x60,
    0x1, 0xf9, 0x0, 0xd8, 0x0, 0x0, 0x0, 0x1,
    0xf9, 0x0, 0x4f, 0x70, 0x7e, 0x4, 0xdf, 0xe6,
    0x0, 0xc, 0xf4, 0x2c, 0xf2, 0x1f, 0x62, 0xfc,
    0x4a, 0xf5, 0x0, 0x1c, 0xff, 0xf5, 0xa, 0xd0,
    0x8f, 0x20, 0xe, 0xc0, 0x0, 0x2, 0x30, 0x3,
    0xf3, 0xc, 0xe0, 0x0, 0xaf, 0x0, 0x0, 0x0,
    0x0, 0xca, 0x0, 0xcd, 0x0, 0x9, 0xf0, 0x0,
    0x0, 0x0, 0x5f, 0x20, 0xb, 0xe0, 0x0, 0xaf,
    0x0, 0x0, 0x0, 0xe, 0x80, 0x0, 0x8f, 0x30,
    0xe, 0xc0, 0x0, 0x0, 0x8, 0xe0, 0x0, 0x1,
    0xfd, 0x6b, 0xf4, 0x0, 0x0, 0x1, 0xf5, 0x0,
    0x0, 0x3, 0xcf, 0xd6, 0x0,

    /* U+0026 "&" */
    0x0, 0x1, 0xaf, 0xfc, 0x30, 0x0, 0x0, 0x0,
    0xd, 0xfb, 0x9f, 0xe0, 0x0, 0x0, 0x0, 0x5f,
    0xb0, 0xa, 0xf3, 0x0, 0x0, 0x0, 0x6f, 0x80,
    0xb, 0xf2, 0x0, 0x0, 0x0, 0x4f, 0xb0, 0x7f,
    0xa0, 0x0, 0x0, 0x0, 0xe, 0xfc, 0xfa, 0x0,
    0x0, 0x0, 0x0, 0xb, 0xff, 0x60, 0x0, 0x6,
    0xa5, 0x2, 0xdf, 0xef, 0x90, 0x0, 0xe, 0xf2,
    0xd, 0xf9, 0x1d, 0xf9, 0x0, 0x6f, 0xb0, 0x3f,
    0xf0, 0x2, 0xef, 0xa2, 0xff, 0x30, 0x4f, 0xf0,
    0x0, 0x2d, 0xff, 0xf8, 0x0, 0x1f, 0xf9, 0x0,
    0x6, 0xff, 0xfa, 0x20, 0x7, 0xff, 0xec, 0xef,
    0xfb, 0xef, 0xf8, 0x0, 0x5b, 0xff, 0xea, 0x30,
    0x7, 0xc5,

    /* U+0027 "'" */
    0x3f, 0xf2, 0x2f, 0xf1, 0x2f, 0xf1, 0xf, 0xf0,
    0xe, 0xd0, 0xc, 0xb0, 0x1, 0x10,

    /* U+0028 "(" */
    0x0, 0x0, 0x0, 0x0, 0x9, 0xc0, 0x0, 0x2f,
    0xa0, 0x0, 0xaf, 0x20, 0x1, 0xfc, 0x0, 0x6,
    0xf7, 0x0, 0xb, 0xf3, 0x0, 0xe, 0xf0, 0x0,
    0x1f, 0xd0, 0x0, 0x2f, 0xb0, 0x0, 0x3f, 0xb0,
    0x0, 0x3f, 0xb0, 0x0, 0x2f, 0xc0, 0x0, 0xf,
    0xd0, 0x0, 0xd, 0xf0, 0x0, 0xa, 0xf3, 0x0,
    0x5, 0xf8, 0x0, 0x0, 0xed, 0x0, 0x0, 0x8f,
    0x40, 0x0, 0x1f, 0xc0, 0x0, 0x7, 0x80,

    /* U+0029 ")" */
    0x0, 0x0, 0x0, 0xb, 0xb0, 0x0, 0x8, 0xf4,
    0x0, 0x1, 0xfc, 0x0, 0x0, 0xaf, 0x20, 0x0,
    0x5f, 0x80, 0x0, 0x1f, 0xd0, 0x0, 0xd, 0xf0,
    0x0, 0xb, 0xf3, 0x0, 0x9, 0xf4, 0x0, 0x9,
    0xf5, 0x0, 0x9, 0xf5, 0x0, 0xa, 0xf4, 0x0,
    0xb, 0xf2, 0x0, 0xe, 0xf0, 0x0, 0x2f, 0xc0,
    0x0, 0x6f, 0x70, 0x0, 0xbf, 0x10, 0x2, 0xfa,
    0x0, 0xa, 0xf2, 0x0, 0x8, 0x80, 0x0,

    /* U+002A "*" */
    0x0, 0xd, 0x80, 0x0, 0x0, 0xf, 0x90, 0x0,
    0xae, 0xaf, 0xdb, 0xf4, 0x3a, 0xff, 0xfe, 0x81,
    0x0, 0xdf, 0xf8, 0x0, 0x7, 0xf6, 0xbf, 0x20,
    0x6, 0x80, 0xa, 0x20,

    /* U+002B "+" */
    0x0, 0x0, 0x1, 0x0, 0x0, 0x0, 0x0, 0x3,
    0xf9, 0x0, 0x0, 0x0, 0x0, 0x3f, 0x90, 0x0,
    0x0, 0x0, 0x3, 0xf9, 0x0, 0x0, 0x0, 0x0,
    0x3f, 0x90, 0x0, 0x3, 0xff, 0xff, 0xff, 0xff,
    0xfa, 0x2a, 0xaa, 0xbf, 0xda, 0xaa, 0x60, 0x0,
    0x3, 0xf9, 0x0, 0x0, 0x0, 0x0, 0x3f, 0x90,
    0x0, 0x0, 0x0, 0x3, 0xf9, 0x0, 0x0, 0x0,
    0x0, 0x3f, 0x90, 0x0, 0x0,

    /* U+002C "," */
    0x2c, 0xd3, 0x7f, 0xfb, 0x2e, 0xfd, 0x0, 0xdb,
    0x5, 0xf6, 0x8f, 0xb0, 0x87, 0x0,

    /* U+002D "-" */
    0xa, 0xaa, 0xaa, 0x21, 0xff, 0xff, 0xf3,

    /* U+002E "." */
    0x1, 0x10, 0x4f, 0xf4, 0x8f, 0xf8, 0x2e, 0xe2,

    /* U+002F "/" */
    0x0, 0x0, 0x5, 0xf3, 0x0, 0x0, 0xa, 0xe0,
    0x0, 0x0, 0xe, 0xa0, 0x0, 0x0, 0x3f, 0x50,
    0x0, 0x0, 0x8f, 0x10, 0x0, 0x0, 0xdc, 0x0,
    0x0, 0x1, 0xf7, 0x0, 0x0, 0x6, 0xf3, 0x0,
    0x0, 0xb, 0xe0, 0x0, 0x0, 0xf, 0x90, 0x0,
    0x0, 0x4f, 0x50, 0x0, 0x0, 0x9f, 0x0, 0x0,
    0x0, 0xdb, 0x0, 0x0, 0x2, 0xf7, 0x0, 0x0,
    0x7, 0xf2, 0x0, 0x0, 0xb, 0xe0, 0x0, 0x0,
    0xf, 0x90, 0x0, 0x0, 0x5f, 0x40, 0x0, 0x0,
    0x9f, 0x0, 0x0, 0x0,

    /* U+0030 "0" */
    0x0, 0x6, 0xdf, 0xe9, 0x10, 0x0, 0x8, 0xff,
    0xde, 0xfd, 0x10, 0x3, 0xff, 0x40, 0xc, 0xf9,
    0x0, 0x9f, 0xa0, 0x0, 0x3f, 0xf0, 0xd, 0xf5,
    0x0, 0x0, 0xef, 0x30, 0xff, 0x30, 0x0, 0xc,
    0xf6, 0xf, 0xf2, 0x0, 0x0, 0xbf, 0x70, 0xff,
    0x20, 0x0, 0xc, 0xf7, 0xf, 0xf3, 0x0, 0x0,
    0xcf, 0x50, 0xdf, 0x50, 0x0, 0xf, 0xf3, 0x9,
    0xfa, 0x0, 0x3, 0xff, 0x0, 0x2f, 0xf4, 0x0,
    0xcf, 0x90, 0x0, 0x8f, 0xfd, 0xef, 0xd1, 0x0,
    0x0, 0x6d, 0xfe, 0x91, 0x0,

    /* U+0031 "1" */
    0x0, 0x28, 0xef, 0x40, 0x0, 0xb, 0xff, 0xff,
    0x40, 0x0, 0x5, 0x77, 0xff, 0x40, 0x0, 0x0,
    0x1, 0xff, 0x40, 0x0, 0x0, 0x1, 0xff, 0x40,
    0x0, 0x0, 0x1, 0xff, 0x40, 0x0, 0x0, 0x1,
    0xff, 0x40, 0x0, 0x0, 0x1, 0xff, 0x40, 0x0,
    0x0, 0x1, 0xff, 0x40, 0x0, 0x0, 0x1, 0xff,
    0x40, 0x0, 0x0, 0x1, 0xff, 0x40, 0x0, 0x0,
    0x1, 0xff, 0x40, 0x0, 0x4d, 0xdd, 0xff, 0xed,
    0xd1, 0x4f, 0xff, 0xff, 0xff, 0xf2,

    /* U+0032 "2" */
    0x0, 0x4b, 0xff, 0xd8, 0x0, 0x0, 0x9f, 0xfd,
    0xdf, 0xfc, 0x0, 0xc, 0xd3, 0x0, 0x4f, 0xf6,
    0x0, 0x1, 0x0, 0x0, 0xaf, 0xa0, 0x0, 0x0,
    0x0, 0x9, 0xfa, 0x0, 0x0, 0x0, 0x0, 0xcf,
    0x70, 0x0, 0x0, 0x0, 0x3f, 0xf2, 0x0, 0x0,
    0x0, 0xc, 0xf8, 0x0, 0x0, 0x0, 0xa, 0xfd,
    0x0, 0x0, 0x0, 0x8, 0xfe, 0x20, 0x0, 0x0,
    0x9, 0xfe, 0x20, 0x0, 0x0, 0xa, 0xfe, 0x20,
    0x0, 0x0, 0xc, 0xff, 0xee, 0xef, 0xff, 0x62,
    0xff, 0xff, 0xff, 0xff, 0xf6,

    /* U+0033 "3" */
    0x0, 0x4b, 0xff, 0xea, 0x30, 0x0, 0x8f, 0xfe,
    0xdf, 0xff, 0x30, 0x3, 0xa2, 0x0, 0x1d, 0xfb,
    0x0, 0x0, 0x0, 0x0, 0x9f, 0xc0, 0x0, 0x0,
    0x0, 0x3e, 0xf6, 0x0, 0x0, 0x4b, 0xdf, 0xe7,
    0x0, 0x0, 0x6, 0xff, 0xfd, 0x50, 0x0, 0x0,
    0x0, 0x27, 0xff, 0x70, 0x0, 0x0, 0x0, 0x5,
    0xff, 0x10, 0x0, 0x0, 0x0, 0x1f, 0xf4, 0x3,
    0x0, 0x0, 0x3, 0xff, 0x31, 0xec, 0x30, 0x2,
    0xcf, 0xe0, 0x1c, 0xff, 0xee, 0xff, 0xf4, 0x0,
    0x6, 0xcf, 0xfe, 0x92, 0x0,

    /* U+0034 "4" */
    0x0, 0x0, 0x2, 0xff, 0xf0, 0x0, 0x0, 0x0,
    0xcf, 0xff, 0x0, 0x0, 0x0, 0x7f, 0xbf, 0xf0,
    0x0, 0x0, 0x2f, 0xf4, 0xff, 0x0, 0x0, 0xd,
    0xf6, 0x3f, 0xf0, 0x0, 0x8, 0xfb, 0x3, 0xff,
    0x0, 0x3, 0xfe, 0x10, 0x3f, 0xf0, 0x0, 0xdf,
    0x40, 0x3, 0xff, 0x0, 0x8f, 0xfc, 0xcc, 0xcf,
    0xfc, 0x99, 0xff, 0xff, 0xff, 0xff, 0xfc, 0x0,
    0x0, 0x0, 0x3f, 0xf0, 0x0, 0x0, 0x0, 0x3,
    0xff, 0x0, 0x0, 0x0, 0x0, 0x3f, 0xf0, 0x0,
    0x0, 0x0, 0x3, 0xff, 0x0,

    /* U+0035 "5" */
    0x0, 0xef, 0xff, 0xff, 0xfa, 0x0, 0xf, 0xfe,
    0xee, 0xee, 0x90, 0x0, 0xff, 0x10, 0x0, 0x0,
    0x0, 0x1f, 0xf0, 0x0, 0x0, 0x0, 0x2, 0xfe,
    0x7a, 0x96, 0x0, 0x0, 0x3f, 0xff, 0xff, 0xfd,
    0x20, 0x0, 0x97, 0x10, 0x4e, 0xfc, 0x0, 0x0,
    0x0, 0x0, 0x5f, 0xf2, 0x0, 0x0, 0x0, 0x0,
    0xff, 0x40, 0x0, 0x0, 0x0, 0xf, 0xf4, 0x2,
    0x0, 0x0, 0x5, 0xff, 0x11, 0xeb, 0x20, 0x3,
    0xef, 0xb0, 0x1d, 0xff, 0xee, 0xff, 0xd1, 0x0,
    0x6, 0xcf, 0xfd, 0x81, 0x0,

    /* U+0036 "6" */
    0x0, 0x18, 0xdf, 0xea, 0x20, 0x2, 0xef, 0xfd,
    0xef, 0xf1, 0xc, 0xfb, 0x10, 0x5, 0x40, 0x4f,
    0xe0, 0x0, 0x0, 0x0, 0xaf, 0x80, 0x0, 0x0,
    0x0, 0xdf, 0x56, 0xdf, 0xe8, 0x0, 0xef, 0xdf,
    0xbb, 0xff, 0xb0, 0xef, 0xd2, 0x0, 0x2f, 0xf4,
    0xdf, 0x40, 0x0, 0xb, 0xf7, 0xbf, 0x60, 0x0,
    0x9, 0xf8, 0x7f, 0xb0, 0x0, 0xc, 0xf7, 0x1e,
    0xf6, 0x0, 0x5f, 0xf1, 0x4, 0xff, 0xdc, 0xff,
    0x60, 0x0, 0x3b, 0xff, 0xc4, 0x0,

    /* U+0037 "7" */
    0xff, 0xff, 0xff, 0xff, 0xf7, 0xee, 0xee, 0xee,
    0xef, 0xf4, 0x0, 0x0, 0x0, 0x8f, 0x90, 0x0,
    0x0, 0x3, 0xfd, 0x0, 0x0, 0x0, 0xc, 0xf4,
    0x0, 0x0, 0x0, 0x4f, 0xc0, 0x0, 0x0, 0x0,
    0xbf, 0x50, 0x0, 0x0, 0x1, 0xff, 0x10, 0x0,
    0x0, 0x6, 0xfd, 0x0, 0x0, 0x0, 0x9, 0xfa,
    0x0, 0x0, 0x0, 0xc, 0xf7, 0x0, 0x0, 0x0,
    0xf, 0xf6, 0x0, 0x0, 0x0, 0xf, 0xf4, 0x0,
    0x0, 0x0, 0x1f, 0xf3, 0x0, 0x0,

    /* U+0038 "8" */
    0x0, 0x7, 0xdf, 0xfb, 0x30, 0x0, 0xb, 0xfe,
    0xac, 0xff, 0x40, 0x4, 0xfe, 0x10, 0x7, 0xfc,
    0x0, 0x6f, 0xa0, 0x0, 0xf, 0xe0, 0x4, 0xfc,
    0x0, 0x1, 0xfc, 0x0, 0xb, 0xf9, 0x0, 0x6f,
    0x40, 0x0, 0xb, 0xfe, 0x8f, 0x60, 0x0, 0x8,
    0xf8, 0xaf, 0xfd, 0x20, 0x7, 0xf8, 0x0, 0x1b,
    0xfd, 0x0, 0xff, 0x0, 0x0, 0xe, 0xf5, 0xf,
    0xf0, 0x0, 0x0, 0xbf, 0x70, 0xdf, 0x80, 0x0,
    0x3f, 0xf4, 0x4, 0xff, 0xda, 0xbf, 0xfa, 0x0,
    0x2, 0x9e, 0xff, 0xc6, 0x0,

    /* U+0039 "9" */
    0x0, 0x2a, 0xef, 0xd7, 0x0, 0x0, 0x2e, 0xfe,
    0xcf, 0xfb, 0x0, 0xb, 0xfa, 0x0, 0x1d, 0xf7,
    0x1, 0xff, 0x10, 0x0, 0x4f, 0xe0, 0x2f, 0xf0,
    0x0, 0x0, 0xff, 0x20, 0xff, 0x20, 0x0, 0x1f,
    0xf4, 0xb, 0xfc, 0x20, 0x4d, 0xff, 0x50, 0x2e,
    0xff, 0xff, 0xad, 0xf4, 0x0, 0x6, 0x99, 0x40,
    0xff, 0x30, 0x0, 0x0, 0x0, 0x2f, 0xf0, 0x0,
    0x0, 0x0, 0x9, 0xfb, 0x0, 0x19, 0x20, 0x6,
    0xff, 0x30, 0xa, 0xff, 0xef, 0xff, 0x70, 0x0,
    0x7, 0xdf, 0xfb, 0x40, 0x0,

    /* U+003A ":" */
    0x2e, 0xe2, 0x8f, 0xf8, 0x4f, 0xf3, 0x1, 0x10,
    0x0, 0x0, 0x0, 0x0, 0x0, 0x0, 0x1, 0x10,
    0x4f, 0xf4, 0x8f, 0xf8, 0x2e, 0xe2,

    /* U+003B ";" */
    0x2e, 0xe2, 0x8f, 0xf8, 0x4f, 0xf3, 0x1, 0x10,
    0x0, 0x0, 0x0, 0x0, 0x0, 0x0, 0x0, 0x0,
    0x2c, 0xd3, 0x7f, 0xfb, 0x2e, 0xfd, 0x0, 0xdb,
    0x5, 0xf6, 0x8f, 0xb0, 0x87, 0x0,

    /* U+003C "<" */
    0x0, 0x0, 0x0, 0x0, 0x17, 0x70, 0x0, 0x0,
    0x4, 0xaf, 0xfa, 0x0, 0x2, 0x8e, 0xff, 0xc6,
    0x10, 0x6c, 0xff, 0xd7, 0x10, 0x0, 0x3f, 0xfa,
    0x30, 0x0, 0x0, 0x2, 0xdf, 0xfb, 0x60, 0x0,
    0x0, 0x0, 0x39, 0xff, 0xfa, 0x50, 0x0, 0x0,
    0x0, 0x5c, 0xff, 0xf7, 0x0, 0x0, 0x0, 0x2,
    0x8e, 0xa0, 0x0, 0x0, 0x0, 0x0, 0x2,

    /* U+003D "=" */
    0x3f, 0xff, 0xff, 0xff, 0xff, 0xa2, 0x99, 0x99,
    0x99, 0x99, 0x96, 0x0, 0x0, 0x0, 0x0, 0x0,
    0x0, 0x0, 0x0, 0x0, 0x0, 0x0, 0x0, 0x0,
    0x0, 0x0, 0x0, 0x3, 0xff, 0xff, 0xff, 0xff,
    0xfa, 0x2a, 0xaa, 0xaa, 0xaa, 0xaa, 0x60,

    /* U+003E ">" */
    0x39, 0x30, 0x0, 0x0, 0x0, 0x3, 0xff, 0xd7,
    0x10, 0x0, 0x0, 0x4, 0x9f, 0xff, 0xb5, 0x0,
    0x0, 0x0, 0x5, 0xaf, 0xfe, 0x92, 0x0, 0x0,
    0x0, 0x16, 0xff, 0xa0, 0x0, 0x0, 0x39, 0xef,
    0xf7, 0x0, 0x38, 0xef, 0xfc, 0x60, 0x2, 0xdf,
    0xfe, 0x82, 0x0, 0x0, 0x3f, 0xa4, 0x0, 0x0,
    0x0, 0x1, 0x10, 0x0, 0x0, 0x0, 0x0,

    /* U+003F "?" */
    0x0, 0x6d, 0xff, 0xc4, 0x0, 0xbf, 0xfd, 0xff,
    0xf4, 0x5, 0x91, 0x0, 0xcf, 0xb0, 0x0, 0x0,
    0x7, 0xfc, 0x0, 0x0, 0x0, 0xcf, 0x70, 0x0,
    0x0, 0x9f, 0xc0, 0x0, 0x0, 0x8f, 0xc0, 0x0,
    0x0, 0x2f, 0xf1, 0x0, 0x0, 0x7, 0xfa, 0x0,
    0x0, 0x0, 0x25, 0x30, 0x0, 0x0, 0x0, 0x20,
    0x0, 0x0, 0x0, 0xaf, 0xd0, 0x0, 0x0, 0xe,
    0xff, 0x20, 0x0, 0x0, 0x7f, 0xa0, 0x0,

    /* U+0040 "@" */
    0x0, 0x0, 0x1, 0x7b, 0xef, 0xfd, 0x93, 0x0,
    0x0, 0x0, 0x0, 0x7f, 0xfc, 0x87, 0x7a, 0xff,
    0x80, 0x0, 0x0, 0xa, 0xfb, 0x20, 0x0, 0x0,
    0x9, 0xfa, 0x0, 0x0, 0xaf, 0x70, 0x0, 0x0,
    0x0, 0x0, 0x8f, 0x50, 0x5, 0xf9, 0x0, 0x0,
    0x0, 0x0, 0x0, 0xd, 0xc0, 0xe, 0xe0, 0x0,
    0x1a, 0xfe, 0x6f, 0x80, 0x8, 0xf1, 0x4f, 0x60,
    0x1, 0xef, 0xa9, 0xff, 0x50, 0x4, 0xf4, 0x9f,
    0x10, 0xa, 0xf5, 0x0, 0xaf, 0x10, 0x3, 0xf4,
    0xcd, 0x0, 0x1f, 0xc0, 0x0, 0xce, 0x0, 0x4,
    0xf3, 0xdc, 0x0, 0x4f, 0x80, 0x0, 0xfb, 0x0,
    0x8, 0xf1, 0xdc, 0x0, 0x5f, 0x70, 0x3, 0xf8,
    0x0, 0x1e, 0xa0, 0xcd, 0x0, 0x2f, 0xd3, 0x4d,
    0xed, 0x34, 0xde, 0x20, 0x9f, 0x10, 0x8, 0xff,
    0xf6, 0x6f, 0xff, 0xd2, 0x0, 0x4f, 0x80, 0x0,
    0x24, 0x10, 0x2, 0x53, 0x0, 0x0, 0xc, 0xf2,
    0x0, 0x0, 0x0, 0x0, 0x0, 0x0, 0x0, 0x3,
    0xfe, 0x40, 0x0, 0x0, 0x0, 0x0, 0x0, 0x0,
    0x0, 0x3e, 0xfb, 0x63, 0x23, 0x8e, 0x40, 0x0,
    0x0, 0x0, 0x1, 0x8e, 0xff, 0xff, 0xfb, 0x30,
    0x0, 0x0, 0x0, 0x0, 0x0, 0x24, 0x53, 0x0,
    0x0, 0x0, 0x0,

    /* U+0041 "A" */
    0x0, 0x0, 0x4f, 0xfb, 0x0, 0x0, 0x0, 0x0,
    0xa, 0xff, 0xf1, 0x0, 0x0, 0x0, 0x0, 0xfe,
    0x9f, 0x60, 0x0, 0x0, 0x0, 0x5f, 0xa4, 0xfc,
    0x0, 0x0, 0x0, 0xb, 0xf5, 0xf, 0xf2, 0x0,
    0x0, 0x1, 0xff, 0x10, 0xaf, 0x70, 0x0, 0x0,
    0x6f, 0xb0, 0x5, 0xfd, 0x0, 0x0, 0xb, 0xf6,
    0x0, 0x1f, 0xf2, 0x0, 0x1, 0xff, 0xdc, 0xcc,
    0xff, 0x80, 0x0, 0x6f, 0xff, 0xff, 0xff, 0xfd,
    0x0, 0xc, 0xf7, 0x0, 0x0, 0x1f, 0xf3, 0x2,
    0xff, 0x20, 0x0, 0x0, 0xcf, 0x90, 0x7f, 0xd0,
    0x0, 0x0, 0x7, 0xfe, 0xd, 0xf8, 0x0, 0x0,
    0x0, 0x2f, 0xf4,

    /* U+0042 "B" */
    0x1f, 0xff, 0xff, 0xfd, 0x92, 0x0, 0x1f, 0xfd,
    0xcc, 0xdf, 0xff, 0x30, 0x1f, 0xf4, 0x0, 0x2,
    0xef, 0x90, 0x1f, 0xf4, 0x0, 0x0, 0x9f, 0xa0,
    0x1f, 0xf4, 0x0, 0x2, 0xef, 0x50, 0x1f, 0xfc,
    0xbb, 0xcf, 0xf7, 0x0, 0x1f, 0xff, 0xff, 0xff,
    0xfa, 0x10, 0x1f, 0xf4, 0x0, 0x4, 0xcf, 0xd0,
    0x1f, 0xf4, 0x0, 0x0, 0xf, 0xf5, 0x1f, 0xf4,
    0x0, 0x0, 0xc, 0xf7, 0x1f, 0xf4, 0x0, 0x0,
    0xe, 0xf6, 0x1f, 0xf4, 0x0, 0x1, 0xaf, 0xf1,
    0x1f, 0xfd, 0xcc, 0xdf, 0xff, 0x50, 0x1f, 0xff,
    0xff, 0xfd, 0x92, 0x0,

    /* U+0043 "C" */
    0x0, 0x3, 0xae, 0xff, 0xb4, 0x0, 0x0, 0x8f,
    0xff, 0xff, 0xff, 0x90, 0x7, 0xff, 0xa2, 0x0,
    0x5e, 0x50, 0x1f, 0xf9, 0x0, 0x0, 0x0, 0x0,
    0x8f, 0xf0, 0x0, 0x0, 0x0, 0x0, 0xbf, 0xa0,
    0x0, 0x0, 0x0, 0x0, 0xdf, 0x80, 0x0, 0x0,
    0x0, 0x0, 0xdf, 0x80, 0x0, 0x0, 0x0, 0x0,
    0xcf, 0xa0, 0x0, 0x0, 0x0, 0x0, 0x8f, 0xf0,
    0x0, 0x0, 0x0, 0x0, 0x2f, 0xf9, 0x0, 0x0,
    0x1, 0x10, 0x8, 0xff, 0xa2, 0x0, 0x5e, 0xd0,
    0x0, 0x9f, 0xff, 0xff, 0xff, 0xa0, 0x0, 0x4,
    0xae, 0xff, 0xb5, 0x0,

    /* U+0044 "D" */
    0x1f, 0xff, 0xff, 0xda, 0x40, 0x0, 0x1f, 0xfe,
    0xde, 0xff, 0xfa, 0x0, 0x1f, 0xf4, 0x0, 0x18,
    0xff, 0x90, 0x1f, 0xf4, 0x0, 0x0, 0x7f, 0xf3,
    0x1f, 0xf4, 0x0, 0x0, 0xe, 0xf8, 0x1f, 0xf4,
    0x0, 0x0, 0xa, 0xfc, 0x1f, 0xf4, 0x0, 0x0,
    0x9, 0xfd, 0x1f, 0xf4, 0x0, 0x0, 0x9, 0xfd,
    0x1f, 0xf4, 0x0, 0x0, 0xb, 0xfb, 0x1f, 0xf4,
    0x0, 0x0, 0xf, 0xf8, 0x1f, 0xf4, 0x0, 0x0,
    0x8f, 0xf2, 0x1f, 0xf4, 0x0, 0x29, 0xff, 0x90,
    0x1f, 0xfe, 0xde, 0xff, 0xfa, 0x0, 0x1f, 0xff,
    0xff, 0xda, 0x30, 0x0,

    /* U+0045 "E" */
    0x1f, 0xff, 0xff, 0xff, 0xfa, 0x1f, 0xfe, 0xee,
    0xee, 0xe9, 0x1f, 0xf4, 0x0, 0x0, 0x0, 0x1f,
    0xf4, 0x0, 0x0, 0x0, 0x1f, 0xf4, 0x0, 0x0,
    0x0, 0x1f, 0xff, 0xee, 0xee, 0x90, 0x1f, 0xff,
    0xff, 0xff, 0xa0, 0x1f, 0xf4, 0x0, 0x0, 0x0,
    0x1f, 0xf4, 0x0, 0x0, 0x0, 0x1f, 0xf4, 0x0,
    0x0, 0x0, 0x1f, 0xf4, 0x0, 0x0, 0x0, 0x1f,
    0xf4, 0x0, 0x0, 0x0, 0x1f, 0xff, 0xff, 0xff,
    0xfc, 0x1f, 0xff, 0xff, 0xff, 0xfd,

    /* U+0046 "F" */
    0x1f, 0xff, 0xff, 0xff, 0xfa, 0x1f, 0xfe, 0xee,
    0xee, 0xe9, 0x1f, 0xf4, 0x0, 0x0, 0x0, 0x1f,
    0xf4, 0x0, 0x0, 0x0, 0x1f, 0xf4, 0x0, 0x0,
    0x0, 0x1f, 0xf4, 0x0, 0x0, 0x0, 0x1f, 0xff,
    0xff, 0xff, 0xb0, 0x1f, 0xfe, 0xee, 0xee, 0xa0,
    0x1f, 0xf4, 0x0, 0x0, 0x0, 0x1f, 0xf4, 0x0,
    0x0, 0x0, 0x1f, 0xf4, 0x0, 0x0, 0x0, 0x1f,
    0xf4, 0x0, 0x0, 0x0, 0x1f, 0xf4, 0x0, 0x0,
    0x0, 0x1f, 0xf4, 0x0, 0x0, 0x0,

    /* U+0047 "G" */
    0x0, 0x2, 0x9d, 0xff, 0xd7, 0x0, 0x0, 0x7f,
    0xff, 0xff, 0xff, 0xd1, 0x6, 0xff, 0xb3, 0x0,
    0x2a, 0xa0, 0x1f, 0xfa, 0x0, 0x0, 0x0, 0x0,
    0x7f, 0xf0, 0x0, 0x0, 0x0, 0x0, 0xbf, 0xa0,
    0x0, 0x0, 0x0, 0x0, 0xdf, 0x80, 0x0, 0x5e,
    0xee, 0xe8, 0xdf, 0x80, 0x0, 0x6f, 0xff, 0xf9,
    0xcf, 0xa0, 0x0, 0x0, 0x8, 0xf9, 0x8f, 0xf0,
    0x0, 0x0, 0x8, 0xf9, 0x2f, 0xf9, 0x0, 0x0,
    0x8, 0xf9, 0x7, 0xff, 0xb3, 0x0, 0x3c, 0xf9,
    0x0, 0x8f, 0xff, 0xff, 0xff, 0xf5, 0x0, 0x3,
    0x9d, 0xff, 0xd9, 0x20,

    /* U+0048 "H" */
    0x1f, 0xf4, 0x0, 0x0, 0x7, 0xfe, 0x1f, 0xf4,
    0x0, 0x0, 0x7, 0xfe, 0x1f, 0xf4, 0x0, 0x0,
    0x7, 0xfe, 0x1f, 0xf4, 0x0, 0x0, 0x7, 0xfe,
    0x1f, 0xf4, 0x0, 0x0, 0x7, 0xfe, 0x1f, 0xff,
    0xff, 0xff, 0xff, 0xfe, 0x1f, 0xff, 0xff, 0xff,
    0xff, 0xfe, 0x1f, 0xf4, 0x0, 0x0, 0x7, 0xfe,
    0x1f, 0xf4, 0x0, 0x0, 0x7, 0xfe, 0x1f, 0xf4,
    0x0, 0x0, 0x7, 0xfe, 0x1f, 0xf4, 0x0, 0x0,
    0x7, 0xfe, 0x1f, 0xf4, 0x0, 0x0, 0x7, 0xfe,
    0x1f, 0xf4, 0x0, 0x0, 0x7, 0xfe, 0x1f, 0xf4,
    0x0, 0x0, 0x7, 0xfe,

    /* U+0049 "I" */
    0x1f, 0xf4, 0x1f, 0xf4, 0x1f, 0xf4, 0x1f, 0xf4,
    0x1f, 0xf4, 0x1f, 0xf4, 0x1f, 0xf4, 0x1f, 0xf4,
    0x1f, 0xf4, 0x1f, 0xf4, 0x1f, 0xf4, 0x1f, 0xf4,
    0x1f, 0xf4, 0x1f, 0xf4,

    /* U+004A "J" */
    0x0, 0x0, 0x0, 0x3f, 0xf2, 0x0, 0x0, 0x0,
    0x3f, 0xf2, 0x0, 0x0, 0x0, 0x3f, 0xf2, 0x0,
    0x0, 0x0, 0x3f, 0xf2, 0x0, 0x0, 0x0, 0x3f,
    0xf2, 0x0, 0x0, 0x0, 0x3f, 0xf2, 0x0, 0x0,
    0x0, 0x3f, 0xf2, 0x0, 0x0, 0x0, 0x3f, 0xf2,
    0x0, 0x0, 0x0, 0x3f, 0xf2, 0x0, 0x0, 0x0,
    0x3f, 0xf2, 0x1, 0x20, 0x0, 0x5f, 0xf0, 0x2e,
    0xe4, 0x2, 0xdf, 0xc0, 0xb, 0xff, 0xff, 0xff,
    0x40, 0x0, 0x7d, 0xff, 0xc4, 0x0,

    /* U+004B "K" */
    0x1f, 0xf4, 0x0, 0x0, 0x8f, 0xf2, 0x1, 0xff,
    0x40, 0x0, 0x5f, 0xf4, 0x0, 0x1f, 0xf4, 0x0,
    0x3f, 0xf6, 0x0, 0x1, 0xff, 0x40, 0x2e, 0xf8,
    0x0, 0x0, 0x1f, 0xf4, 0x1d, 0xfb, 0x0, 0x0,
    0x1, 0xff, 0x4b, 0xff, 0x20, 0x0, 0x0, 0x1f,
    0xfc, 0xff, 0xf9, 0x0, 0x0, 0x1, 0xff, 0xff,
    0x8f, 0xf3, 0x0, 0x0, 0x1f, 0xff, 0x60, 0xaf,
    0xd0, 0x0, 0x1, 0xff, 0x80, 0x1, 0xff, 0x70,
    0x0, 0x1f, 0xf4, 0x0, 0x6, 0xff, 0x20, 0x1,
    0xff, 0x40, 0x0, 0xd, 0xfb, 0x0, 0x1f, 0xf4,
    0x0, 0x0, 0x3f, 0xf5, 0x1, 0xff, 0x40, 0x0,
    0x0, 0x9f, 0xe0,

    /* U+004C "L" */
    0x1f, 0xf4, 0x0, 0x0, 0x0, 0x1f, 0xf4, 0x0,
    0x0, 0x0, 0x1f, 0xf4, 0x0, 0x0, 0x0, 0x1f,
    0xf4, 0x0, 0x0, 0x0, 0x1f, 0xf4, 0x0, 0x0,
    0x0, 0x1f, 0xf4, 0x0, 0x0, 0x0, 0x1f, 0xf4,
    0x0, 0x0, 0x0, 0x1f, 0xf4, 0x0, 0x0, 0x0,
    0x1f, 0xf4, 0x0, 0x0, 0x0, 0x1f, 0xf4, 0x0,
    0x0, 0x0, 0x1f, 0xf4, 0x0, 0x0, 0x0, 0x1f,
    0xf4, 0x0, 0x0, 0x0, 0x1f, 0xff, 0xff, 0xff,
    0xf7, 0x1f, 0xff, 0xff, 0xff, 0xf8,

    /* U+004D "M" */
    0x1f, 0xfd, 0x0, 0x0, 0x0, 0x3f, 0xfb, 0x1f,
    0xff, 0x30, 0x0, 0x0, 0x9f, 0xfb, 0x1f, 0xff,
    0x90, 0x0, 0x0, 0xef, 0xfb, 0x1f, 0xde, 0xe0,
    0x0, 0x5, 0xfb, 0xfb, 0x1f, 0xe9, 0xf5, 0x0,
    0xb, 0xf7, 0xfb, 0x1f, 0xf3, 0xfb, 0x0, 0x1f,
    0xb6, 0xfb, 0x1f, 0xf0, 0xdf, 0x10, 0x7f, 0x57,
    0xfb, 0x1f, 0xf0, 0x6f, 0x70, 0xcf, 0x7, 0xfb,
    0x1f, 0xf0, 0x1f, 0xc2, 0xf9, 0x7, 0xfb, 0x1f,
    0xf0, 0xa, 0xfa, 0xf3, 0x7, 0xfb, 0x1f, 0xf0,
    0x4, 0xff, 0xd0, 0x7, 0xfb, 0x1f, 0xf0, 0x0,
    0xdf, 0x70, 0x7, 0xfb, 0x1f, 0xf0, 0x0, 0x5a,
    0x10, 0x7, 0xfb, 0x1f, 0xf0, 0x0, 0x0, 0x0,
    0x7, 0xfb,

    /* U+004E "N" */
    0x1f, 0xf9, 0x0, 0x0, 0x7, 0xfb, 0x1f, 0xff,
    0x30, 0x0, 0x7, 0xfb, 0x1f, 0xff, 0xc0, 0x0,
    0x7, 0xfb, 0x1f, 0xeb, 0xf6, 0x0, 0x7, 0xfb,
    0x1f, 0xf3, 0xfe, 0x10, 0x7, 0xfb, 0x1f, 0xf1,
    0xaf, 0x90, 0x7, 0xfb, 0x1f, 0xf1, 0x1f, 0xf2,
    0x7, 0xfb, 0x1f, 0xf2, 0x7, 0xfc, 0x7, 0xfb,
    0x1f, 0xf2, 0x0, 0xdf, 0x56, 0xfb, 0x1f, 0xf2,
    0x0, 0x4f, 0xd5, 0xfb, 0x1f, 0xf2, 0x0, 0xb,
    0xf9, 0xfb, 0x1f, 0xf2, 0x0, 0x2, 0xff, 0xfb,
    0x1f, 0xf2, 0x0, 0x0, 0x8f, 0xfb, 0x1f, 0xf2,
    0x0, 0x0, 0xe, 0xfb,

    /* U+004F "O" */
    0x0, 0x4, 0xbe, 0xfe, 0xb5, 0x0, 0x0, 0xa,
    0xff, 0xff, 0xff, 0xfb, 0x0, 0x9, 0xff, 0x81,
    0x1, 0x7f, 0xfa, 0x2, 0xff, 0x70, 0x0, 0x0,
    0x6f, 0xf4, 0x8f, 0xe0, 0x0, 0x0, 0x0, 0xdf,
    0xac, 0xfa, 0x0, 0x0, 0x0, 0x9, 0xfd, 0xdf,
    0x80, 0x0, 0x0, 0x0, 0x7f, 0xed, 0xf8, 0x0,
    0x0, 0x0, 0x7, 0xfe, 0xbf, 0xa0, 0x0, 0x0,
    0x0, 0x9f, 0xd8, 0xfe, 0x0, 0x0, 0x0, 0xd,
    0xf9, 0x2f, 0xf8, 0x0, 0x0, 0x7, 0xff, 0x30,
    0x8f, 0xf9, 0x20, 0x18, 0xff, 0x90, 0x0, 0x9f,
    0xff, 0xff, 0xff, 0xa0, 0x0, 0x0, 0x4b, 0xef,
    0xeb, 0x50, 0x0,

    /* U+0050 "P" */
    0x1f, 0xff, 0xff, 0xfc, 0x81, 0x0, 0x1f, 0xfe,
    0xdd, 0xff, 0xfe, 0x20, 0x1f, 0xf4, 0x0, 0x3,
    0xef, 0xb0, 0x1f, 0xf4, 0x0, 0x0, 0x6f, 0xf0,
    0x1f, 0xf4, 0x0, 0x0, 0x4f, 0xf0, 0x1f, 0xf4,
    0x0, 0x0, 0x8f, 0xe0, 0x1f, 0xf4, 0x0, 0x17,
    0xff, 0x80, 0x1f, 0xff, 0xff, 0xff, 0xfa, 0x0,
    0x1f, 0xfe, 0xdd, 0xc9, 0x40, 0x0, 0x1f, 0xf4,
    0x0, 0x0, 0x0, 0x0, 0x1f, 0xf4, 0x0, 0x0,
    0x0, 0x0, 0x1f, 0xf4, 0x0, 0x0, 0x0, 0x0,
    0x1f, 0xf4, 0x0, 0x0, 0x0, 0x0, 0x1f, 0xf4,
    0x0, 0x0, 0x0, 0x0,

    /* U+0051 "Q" */
    0x0, 0x4, 0xbe, 0xfe, 0xb5, 0x0, 0x0, 0x0,
    0xaf, 0xff, 0xff, 0xff, 0xb0, 0x0, 0x9, 0xff,
    0x81, 0x1, 0x7f, 0xfa, 0x0, 0x2f, 0xf7, 0x0,
    0x0, 0x6, 0xff, 0x40, 0x8f, 0xe0, 0x0, 0x0,
    0x0, 0xdf, 0xa0, 0xcf, 0xa0, 0x0, 0x0, 0x0,
    0x9f, 0xd0, 0xdf, 0x80, 0x0, 0x0, 0x0, 0x7f,
    0xe0, 0xdf, 0x80, 0x0, 0x0, 0x0, 0x7f, 0xe0,
    0xbf, 0xa0, 0x0, 0x0, 0x0, 0x9f, 0xd0, 0x8f,
    0xe0, 0x0, 0x0, 0x0, 0xdf, 0x90, 0x2f, 0xf7,
    0x0, 0x0, 0x5, 0xff, 0x30, 0x8, 0xff, 0x70,
    0x0, 0x6f, 0xf9, 0x0, 0x0, 0x9f, 0xff, 0xef,
    0xff, 0xa0, 0x0, 0x0, 0x4, 0xbf, 0xff, 0xb5,
    0x0, 0x0, 0x0, 0x0, 0x4, 0xff, 0x40, 0x0,
    0x0, 0x0, 0x0, 0x0, 0xaf, 0xf7, 0x10, 0x20,
    0x0, 0x0, 0x0, 0xa, 0xff, 0xff, 0xf3, 0x0,
    0x0, 0x0, 0x0, 0x4a, 0xdd, 0xb3,

    /* U+0052 "R" */
    0x1f, 0xff, 0xff, 0xfd, 0x92, 0x0, 0x1f, 0xfe,
    0xdd, 0xef, 0xff, 0x40, 0x1f, 0xf4, 0x0, 0x2,
    0xcf, 0xd0, 0x1f, 0xf4, 0x0, 0x0, 0x4f, 0xf0,
    0x1f, 0xf4, 0x0, 0x0, 0x5f, 0xf0, 0x1f, 0xf4,
    0x0, 0x2, 0xdf, 0xc0, 0x1f, 0xfd, 0xdd, 0xef,
    0xfe, 0x20, 0x1f, 0xff, 0xff, 0xff, 0x81, 0x0,
    0x1f, 0xf4, 0x1, 0xff, 0x60, 0x0, 0x1f, 0xf4,
    0x0, 0x8f, 0xe1, 0x0, 0x1f, 0xf4, 0x0, 0xe,
    0xf9, 0x0, 0x1f, 0xf4, 0x0, 0x6, 0xff, 0x20,
    0x1f, 0xf4, 0x0, 0x0, 0xdf, 0xb0, 0x1f, 0xf4,
    0x0, 0x0, 0x4f, 0xf4,

    /* U+0053 "S" */
    0x0, 0x4, 0xbe, 0xfe, 0xa3, 0x0, 0x0, 0x8f,
    0xff, 0xff, 0xff, 0x70, 0x3, 0xff, 0x91, 0x1,
    0x7e, 0x40, 0x6, 0xff, 0x0, 0x0, 0x0, 0x0,
    0x5, 0xff, 0x30, 0x0, 0x0, 0x0, 0x0, 0xdf,
    0xfa, 0x30, 0x0, 0x0, 0x0, 0x1a, 0xff, 0xfd,
    0x60, 0x0, 0x0, 0x0, 0x28, 0xef, 0xfe, 0x30,
    0x0, 0x0, 0x0, 0x6, 0xef, 0xe0, 0x0, 0x0,
    0x0, 0x0, 0x3f, 0xf4, 0x0, 0x40, 0x0, 0x0,
    0x2f, 0xf4, 0xb, 0xfb, 0x40, 0x2, 0xcf, 0xf0,
    0x6, 0xff, 0xff, 0xff, 0xff, 0x50, 0x0, 0x18,
    0xdf, 0xfe, 0x92, 0x0,

    /* U+0054 "T" */
    0x6f, 0xff, 0xff, 0xff, 0xff, 0xf9, 0x5e, 0xee,
    0xef, 0xfe, 0xee, 0xe8, 0x0, 0x0, 0x1f, 0xf4,
    0x0, 0x0, 0x0, 0x0, 0x1f, 0xf4, 0x0, 0x0,
    0x0, 0x0, 0x1f, 0xf4, 0x0, 0x0, 0x0, 0x0,
    0x1f, 0xf4, 0x0, 0x0, 0x0, 0x0, 0x1f, 0xf4,
    0x0, 0x0, 0x0, 0x0, 0x1f, 0xf4, 0x0, 0x0,
    0x0, 0x0, 0x1f, 0xf4, 0x0, 0x0, 0x0, 0x0,
    0x1f, 0xf4, 0x0, 0x0, 0x0, 0x0, 0x1f, 0xf4,
    0x0, 0x0, 0x0, 0x0, 0x1f, 0xf4, 0x0, 0x0,
    0x0, 0x0, 0x1f, 0xf4, 0x0, 0x0, 0x0, 0x0,
    0x1f, 0xf4, 0x0, 0x0,

    /* U+0055 "U" */
    0x2f, 0xf3, 0x0, 0x0, 0x7, 0xfc, 0x2f, 0xf3,
    0x0, 0x0, 0x7, 0xfc, 0x2f, 0xf3, 0x0, 0x0,
    0x7, 0xfc, 0x2f, 0xf3, 0x0, 0x0, 0x7, 0xfc,
    0x2f, 0xf3, 0x0, 0x0, 0x7, 0xfc, 0x2f, 0xf3,
    0x0, 0x0, 0x7, 0xfc, 0x2f, 0xf3, 0x0, 0x0,
    0x7, 0xfc, 0x2f, 0xf3, 0x0, 0x0, 0x7, 0xfc,
    0x1f, 0xf3, 0x0, 0x0, 0x7, 0xfc, 0xf, 0xf5,
    0x0, 0x0, 0x9, 0xfa, 0xc, 0xfa, 0x0, 0x0,
    0xe, 0xf7, 0x6, 0xff, 0x81, 0x2, 0xbf, 0xf1,
    0x0, 0xbf, 0xff, 0xff, 0xff, 0x60, 0x0, 0x6,
    0xcf, 0xfe, 0xa3, 0x0,

    /* U+0056 "V" */
    0xe, 0xf9, 0x0, 0x0, 0x0, 0x9f, 0xc0, 0x8f,
    0xd0, 0x0, 0x0, 0xe, 0xf7, 0x3, 0xff, 0x20,
    0x0, 0x2, 0xff, 0x10, 0xe, 0xf7, 0x0, 0x0,
    0x7f, 0xc0, 0x0, 0x9f, 0xc0, 0x0, 0xc, 0xf7,
    0x0, 0x3, 0xff, 0x10, 0x1, 0xff, 0x10, 0x0,
    0xe, 0xf5, 0x0, 0x5f, 0xc0, 0x0, 0x0, 0x9f,
    0xa0, 0xa, 0xf7, 0x0, 0x0, 0x3, 0xff, 0x0,
    0xff, 0x20, 0x0, 0x0, 0xe, 0xf4, 0x4f, 0xc0,
    0x0, 0x0, 0x0, 0x9f, 0x88, 0xf7, 0x0, 0x0,
    0x0, 0x4, 0xfd, 0xdf, 0x20, 0x0, 0x0, 0x0,
    0xe, 0xff, 0xc0, 0x0, 0x0, 0x0, 0x0, 0x9f,
    0xf7, 0x0, 0x0,

    /* U+0057 "W" */
    0x7f, 0xf0, 0x0, 0x2, 0xff, 0x20, 0x0, 0xe,
    0xf4, 0x3f, 0xf2, 0x0, 0x6, 0xff, 0x70, 0x0,
    0x1f, 0xf1, 0xf, 0xf5, 0x0, 0xa, 0xff, 0xb0,
    0x0, 0x4f, 0xe0, 0xc, 0xf8, 0x0, 0xe, 0xce,
    0xf0, 0x0, 0x7f, 0xa0, 0x9, 0xfb, 0x0, 0x3f,
    0x9b, 0xf3, 0x0, 0xaf, 0x70, 0x6, 0xfe, 0x0,
    0x7f, 0x58, 0xf7, 0x0, 0xef, 0x40, 0x2, 0xff,
    0x10, 0xbf, 0x24, 0xfb, 0x1, 0xff, 0x10, 0x0,
    0xff, 0x40, 0xfe, 0x0, 0xff, 0x4, 0xfd, 0x0,
    0x0, 0xbf, 0x62, 0xfa, 0x0, 0xcf, 0x36, 0xfa,
    0x0, 0x0, 0x8f, 0x96, 0xf6, 0x0, 0x8f, 0x79,
    0xf6, 0x0, 0x0, 0x5f, 0xca, 0xf2, 0x0, 0x4f,
    0xab, 0xf3, 0x0, 0x0, 0x1f, 0xfd, 0xe0, 0x0,
    0xf, 0xee, 0xf0, 0x0, 0x0, 0xe, 0xff, 0xa0,
    0x0, 0xb, 0xff, 0xd0, 0x0, 0x0, 0xa, 0xff,
    0x60, 0x0, 0x7, 0xff, 0x90, 0x0,

    /* U+0058 "X" */
    0x2f, 0xf6, 0x0, 0x0, 0x5f, 0xf1, 0x8, 0xfe,
    0x0, 0x0, 0xdf, 0x70, 0x0, 0xef, 0x80, 0x6,
    0xfe, 0x0, 0x0, 0x6f, 0xf1, 0xe, 0xf5, 0x0,
    0x0, 0xc, 0xf9, 0x6f, 0xc0, 0x0, 0x0, 0x3,
    0xff, 0xef, 0x30, 0x0, 0x0, 0x0, 0xaf, 0xfa,
    0x0, 0x0, 0x0, 0x0, 0xdf, 0xfc, 0x0, 0x0,
    0x0, 0x7, 0xfb, 0xef, 0x50, 0x0, 0x0, 0x1f,
    0xf3, 0x7f, 0xe0, 0x0, 0x0, 0xaf, 0xa0, 0xe,
    0xf8, 0x0, 0x3, 0xff, 0x20, 0x5, 0xff, 0x20,
    0xc, 0xf9, 0x0, 0x0, 0xcf, 0xb0, 0x6f, 0xf1,
    0x0, 0x0, 0x3f, 0xf5,

    /* U+0059 "Y" */
    0xc, 0xfa, 0x0, 0x0, 0x8, 0xfd, 0x0, 0x4f,
    0xf2, 0x0, 0x0, 0xff, 0x50, 0x0, 0xcf, 0x90,
    0x0, 0x7f, 0xd0, 0x0, 0x4, 0xff, 0x10, 0xe,
    0xf5, 0x0, 0x0, 0xc, 0xf7, 0x5, 0xfd, 0x0,
    0x0, 0x0, 0x4f, 0xe0, 0xdf, 0x50, 0x0, 0x0,
    0x0, 0xcf, 0xaf, 0xc0, 0x0, 0x0, 0x0, 0x4,
    0xff, 0xf4, 0x0, 0x0, 0x0, 0x0, 0xc, 0xfd,
    0x0, 0x0, 0x0, 0x0, 0x0, 0xaf, 0xb0, 0x0,
    0x0, 0x0, 0x0, 0xa, 0xfb, 0x0, 0x0, 0x0,
    0x0, 0x0, 0xaf, 0xb0, 0x0, 0x0, 0x0, 0x0,
    0xa, 0xfb, 0x0, 0x0, 0x0, 0x0, 0x0, 0xaf,
    0xb0, 0x0, 0x0,

    /* U+005A "Z" */
    0x6, 0xff, 0xff, 0xff, 0xff, 0xf3, 0x5, 0xee,
    0xee, 0xee, 0xff, 0xf1, 0x0, 0x0, 0x0, 0x2,
    0xff, 0x60, 0x0, 0x0, 0x0, 0xc, 0xfb, 0x0,
    0x0, 0x0, 0x0, 0x7f, 0xe1, 0x0, 0x0, 0x0,
    0x3, 0xff, 0x50, 0x0, 0x0, 0x0, 0xd, 0xfa,
    0x0, 0x0, 0x0, 0x0, 0x8f, 0xe1, 0x0, 0x0,
    0x0, 0x3, 0xff, 0x40, 0x0, 0x0, 0x0, 0xd,
    0xf9, 0x0, 0x0, 0x0, 0x0, 0x9f, 0xd0, 0x0,
    0x0, 0x0, 0x4, 0xff, 0x30, 0x0, 0x0, 0x0,
    0xe, 0xff, 0xff, 0xff, 0xff, 0xf4, 0x1f, 0xff,
    0xff, 0xff, 0xff, 0xf4,

    /* U+005B "[" */
    0xef, 0xff, 0x5e, 0xd4, 0x41, 0xec, 0x0, 0xe,
    0xc0, 0x0, 0xec, 0x0, 0xe, 0xc0, 0x0, 0xec,
    0x0, 0xe, 0xc0, 0x0, 0xec, 0x0, 0xe, 0xc0,
    0x0, 0xec, 0x0, 0xe, 0xc0, 0x0, 0xec, 0x0,
    0xe, 0xc0, 0x0, 0xec, 0x0, 0xe, 0xc0, 0x0,
    0xec, 0x0, 0xe, 0xc0, 0x0, 0xef, 0xff, 0x53,
    0x33, 0x31,

    /* U+005C "\\" */
    0x6f, 0x20, 0x0, 0x0, 0x2f, 0x70, 0x0, 0x0,
    0xd, 0xb0, 0x0, 0x0, 0x9, 0xf0, 0x0, 0x0,
    0x4, 0xf5, 0x0, 0x0, 0x0, 0xf9, 0x0, 0x0,
    0x0, 0xbe, 0x0, 0x0, 0x0, 0x6f, 0x30, 0x0,
    0x0, 0x1f, 0x70, 0x0, 0x0, 0xd, 0xc0, 0x0,
    0x0, 0x8, 0xf1, 0x0, 0x0, 0x3, 0xf5, 0x0,
    0x0, 0x0, 0xea, 0x0, 0x0, 0x0, 0xae, 0x0,
    0x0, 0x0, 0x5f, 0x30, 0x0, 0x0, 0x1f, 0x80,
    0x0, 0x0, 0xc, 0xd0, 0x0, 0x0, 0x7, 0xf1,
    0x0, 0x0, 0x3, 0xf6,

    /* U+005D "]" */
    0x3f, 0xff, 0xf0, 0x4, 0x4c, 0xf0, 0x0, 0xb,
    0xf0, 0x0, 0xb, 0xf0, 0x0, 0xb, 0xf0, 0x0,
    0xb, 0xf0, 0x0, 0xb, 0xf0, 0x0, 0xb, 0xf0,
    0x0, 0xb, 0xf0, 0x0, 0xb, 0xf0, 0x0, 0xb,
    0xf0, 0x0, 0xb, 0xf0, 0x0, 0xb, 0xf0, 0x0,
    0xb, 0xf0, 0x0, 0xb, 0xf0, 0x0, 0xb, 0xf0,
    0x0, 0xb, 0xf0, 0x0, 0xb, 0xf0, 0x3f, 0xff,
    0xf0, 0x3, 0x33, 0x30,

    /* U+005E "^" */
    0x0, 0x3, 0x86, 0x0, 0x0, 0x0, 0xb, 0xff,
    0x10, 0x0, 0x0, 0x1f, 0xef, 0x70, 0x0, 0x0,
    0x7f, 0x5e, 0xe0, 0x0, 0x0, 0xee, 0x8, 0xf4,
    0x0, 0x4, 0xf9, 0x3, 0xfb, 0x0, 0xb, 0xf3,
    0x0, 0xcf, 0x20, 0x1f, 0xd0, 0x0, 0x6f, 0x80,
    0x8f, 0x60, 0x0, 0x1f, 0xe0,

    /* U+005F "_" */
    0x11, 0x11, 0x11, 0x11, 0x11, 0x1b, 0xff, 0xff,
    0xff, 0xff, 0xff, 0x34, 0x44, 0x44, 0x44, 0x44,
    0x40,

    /* U+0060 "`" */
    0x0, 0x20, 0x0, 0xc, 0xe1, 0x0, 0x1d, 0xfd,
    0x0, 0x1, 0xcf, 0xb0, 0x0, 0xb, 0xf3, 0x0,
    0x0, 0x30,

    /* U+0061 "a" */
    0x2, 0x8d, 0xff, 0xc4, 0x3, 0xff, 0xfd, 0xff,
    0xf3, 0xa, 0x50, 0x0, 0xcf, 0xb0, 0x0, 0x0,
    0x6, 0xfe, 0x0, 0x15, 0x9c, 0xef, 0xf0, 0x8f,
    0xfd, 0xaa, 0xff, 0x7f, 0xd3, 0x0, 0x5f, 0xfd,
    0xf6, 0x0, 0x5, 0xff, 0xdf, 0x80, 0x2, 0xcf,
    0xf8, 0xff, 0xdd, 0xfd, 0xff, 0x8, 0xef, 0xd6,
    0xf, 0xf0,

    /* U+0062 "b" */
    0x4f, 0xf0, 0x0, 0x0, 0x0, 0x4, 0xff, 0x0,
    0x0, 0x0, 0x0, 0x4f, 0xf0, 0x0, 0x0, 0x0,
    0x4, 0xff, 0x0, 0x0, 0x0, 0x0, 0x4f, 0xf1,
    0x9e, 0xfd, 0x60, 0x4, 0xff, 0xef, 0xef, 0xff,
    0x70, 0x4f, 0xfb, 0x20, 0xa, 0xff, 0x14, 0xff,
    0x0, 0x0, 0x1f, 0xf6, 0x4f, 0xf0, 0x0, 0x0,
    0xdf, 0x84, 0xff, 0x0, 0x0, 0xc, 0xf9, 0x4f,
    0xf0, 0x0, 0x0, 0xef, 0x84, 0xff, 0x0, 0x0,
    0x3f, 0xf4, 0x4f, 0xf8, 0x10, 0x2d, 0xfd, 0x4,
    0xfe, 0xff, 0xef, 0xff, 0x30, 0x4f, 0xa3, 0xbf,
    0xfa, 0x20, 0x0,

    /* U+0063 "c" */
    0x0, 0x3, 0xae, 0xfe, 0x80, 0x0, 0x6f, 0xff,
    0xef, 0xf5, 0x3, 0xff, 0xa1, 0x1, 0x60, 0xb,
    0xfc, 0x0, 0x0, 0x0, 0xf, 0xf7, 0x0, 0x0,
    0x0, 0xf, 0xf5, 0x0, 0x0, 0x0, 0xf, 0xf7,
    0x0, 0x0, 0x0, 0xb, 0xfc, 0x0, 0x0, 0x0,
    0x4, 0xff, 0x90, 0x1, 0x81, 0x0, 0x8f, 0xff,
    0xef, 0xf9, 0x0, 0x4, 0xbf, 0xfd, 0x70,

    /* U+0064 "d" */
    0x0, 0x0, 0x0, 0x6, 0xfe, 0x0, 0x0, 0x0,
    0x6, 0xfe, 0x0, 0x0, 0x0, 0x6, 0xfe, 0x0,
    0x0, 0x0, 0x6, 0xfe, 0x0, 0x5c, 0xfe, 0x96,
    0xfe, 0x8, 0xff, 0xfe, 0xff, 0xfe, 0x4f, 0xf9,
    0x0, 0x2c, 0xfe, 0xbf, 0xc0, 0x0, 0x6, 0xfe,
    0xef, 0x70, 0x0, 0x6, 0xfe, 0xff, 0x60, 0x0,
    0x6, 0xfe, 0xef, 0x70, 0x0, 0x6, 0xfe, 0xcf,
    0xb0, 0x0, 0x6, 0xfe, 0x6f, 0xf7, 0x0, 0x4e,
    0xfe, 0xc, 0xff, 0xfe, 0xfd, 0xfe, 0x0, 0x8e,
    0xfd, 0x71, 0xfe,

    /* U+0065 "e" */
    0x0, 0x4, 0xbf, 0xfc, 0x50, 0x0, 0x7, 0xff,
    0xdd, 0xff, 0x60, 0x4, 0xff, 0x40, 0x3, 0xff,
    0x10, 0xbf, 0x70, 0x0, 0xa, 0xf5, 0xf, 0xfa,
    0x99, 0x99, 0xcf, 0x70, 0xff, 0xff, 0xff, 0xff,
    0xf6, 0xf, 0xf4, 0x0, 0x0, 0x0, 0x0, 0xbf,
    0xa0, 0x0, 0x0, 0x0, 0x4, 0xff, 0x70, 0x0,
    0x33, 0x0, 0x7, 0xff, 0xec, 0xdf, 0xd0, 0x0,
    0x4, 0xbe, 0xfe, 0x92, 0x0,

    /* U+0066 "f" */
    0x0, 0x7, 0xef, 0xe5, 0x0, 0x6f, 0xfd, 0xd3,
    0x0, 0xcf, 0xa0, 0x0, 0x0, 0xdf, 0x60, 0x0,
    0x5f, 0xff, 0xff, 0xa0, 0x4d, 0xff, 0xed, 0x80,
    0x0, 0xef, 0x60, 0x0, 0x0, 0xef, 0x60, 0x0,
    0x0, 0xef, 0x60, 0x0, 0x0, 0xef, 0x60, 0x0,
    0x0, 0xef, 0x60, 0x0, 0x0, 0xef, 0x60, 0x0,
    0x0, 0xef, 0x60, 0x0, 0x0, 0xef, 0x60, 0x0,
    0x0, 0xef, 0x60, 0x0,

    /* U+0067 "g" */
    0x0, 0x2a, 0xef, 0xff, 0xff, 0xf1, 0x2, 0xff,
    0xd9, 0xcf, 0xfb, 0xb0, 0x9, 0xfb, 0x0, 0x9,
    0xf8, 0x0, 0xa, 0xf8, 0x0, 0x6, 0xfa, 0x0,
    0x3, 0xff, 0x62, 0x5e, 0xf6, 0x0, 0x0, 0x7f,
    0xff, 0xff, 0x80, 0x0, 0x1, 0xfb, 0x25, 0x40,
    0x0, 0x0, 0x6, 0xf7, 0x0, 0x0, 0x0, 0x0,
    0x6, 0xfa, 0x0, 0x0, 0x0, 0x0, 0x1, 0xff,
    0xec, 0xcc, 0xb8, 0x10, 0x0, 0xbf, 0xff, 0xff,
    0xff, 0xe0, 0xb, 0xf2, 0x0, 0x0, 0x4f, 0xf3,
    0xf, 0xf1, 0x0, 0x0, 0x4f, 0xf1, 0xb, 0xfe,
    0x97, 0x8b, 0xff, 0x50, 0x0, 0x7c, 0xff, 0xfd,
    0x82, 0x0,

    /* U+0068 "h" */
    0x4f, 0xf0, 0x0, 0x0, 0x0, 0x4f, 0xf0, 0x0,
    0x0, 0x0, 0x4f, 0xf0, 0x0, 0x0, 0x0, 0x4f,
    0xf0, 0x0, 0x0, 0x0, 0x4f, 0xf0, 0x7e, 0xfe,
    0x60, 0x4f, 0xfc, 0xff, 0xff, 0xf4, 0x4f, 0xfe,
    0x40, 0x1d, 0xfa, 0x4f, 0xf2, 0x0, 0x8, 0xfd,
    0x4f, 0xf0, 0x0, 0x6, 0xfe, 0x4f, 0xf0, 0x0,
    0x6, 0xfe, 0x4f, 0xf0, 0x0, 0x6, 0xfe, 0x4f,
    0xf0, 0x0, 0x6, 0xfe, 0x4f, 0xf0, 0x0, 0x6,
    0xfe, 0x4f, 0xf0, 0x0, 0x6, 0xfe, 0x4f, 0xf0,
    0x0, 0x6, 0xfe,

    /* U+0069 "i" */
    0x3e, 0xd1, 0x8f, 0xf4, 0x19, 0x80, 0x0, 0x0,
    0x4f, 0xf0, 0x4f, 0xf0, 0x4f, 0xf0, 0x4f, 0xf0,
    0x4f, 0xf0, 0x4f, 0xf0, 0x4f, 0xf0, 0x4f, 0xf0,
    0x4f, 0xf0, 0x4f, 0xf0, 0x4f, 0xf0,

    /* U+006A "j" */
    0x0, 0x3e, 0xd1, 0x0, 0x8f, 0xf4, 0x0, 0x19,
    0x80, 0x0, 0x0, 0x0, 0x0, 0x4f, 0xf1, 0x0,
    0x4f, 0xf1, 0x0, 0x4f, 0xf1, 0x0, 0x4f, 0xf1,
    0x0, 0x4f, 0xf1, 0x0, 0x4f, 0xf1, 0x0, 0x4f,
    0xf1, 0x0, 0x4f, 0xf1, 0x0, 0x4f, 0xf1, 0x0,
    0x4f, 0xf1, 0x0, 0x4f, 0xf1, 0x0, 0x4f, 0xf0,
    0x0, 0x7f, 0xe0, 0x9d, 0xff, 0x90, 0xcf, 0xe9,
    0x0,

    /* U+006B "k" */
    0x4f, 0xf0, 0x0, 0x0, 0x0, 0x4, 0xff, 0x0,
    0x0, 0x0, 0x0, 0x4f, 0xf0, 0x0, 0x0, 0x0,
    0x4, 0xff, 0x0, 0x0, 0x0, 0x0, 0x4f, 0xf0,
    0x0, 0x2e, 0xf7, 0x4, 0xff, 0x0, 0xd, 0xfa,
    0x0, 0x4f, 0xf0, 0xa, 0xfc, 0x0, 0x4, 0xff,
    0x7, 0xfe, 0x10, 0x0, 0x4f, 0xf4, 0xff, 0x50,
    0x0, 0x4, 0xff, 0xef, 0xfd, 0x0, 0x0, 0x4f,
    0xff, 0x7d, 0xf7, 0x0, 0x4, 0xff, 0x90, 0x4f,
    0xf2, 0x0, 0x4f, 0xf0, 0x0, 0xaf, 0xb0, 0x4,
    0xff, 0x0, 0x2, 0xff, 0x50, 0x4f, 0xf0, 0x0,
    0x7, 0xfe, 0x10,

    /* U+006C "l" */
    0x4f, 0xf0, 0x4, 0xff, 0x0, 0x4f, 0xf0, 0x4,
    0xff, 0x0, 0x4f, 0xf0, 0x4, 0xff, 0x0, 0x4f,
    0xf0, 0x4, 0xff, 0x0, 0x4f, 0xf0, 0x4, 0xff,
    0x0, 0x4f, 0xf0, 0x4, 0xff, 0x0, 0x4f, 0xf1,
    0x1, 0xff, 0xe0, 0x7, 0xff, 0x20,

    /* U+006D "m" */
    0x4f, 0xa0, 0x8e, 0xfd, 0x40, 0x2b, 0xff, 0xa0,
    0x4, 0xfd, 0xcf, 0xff, 0xff, 0x5f, 0xff, 0xff,
    0xa0, 0x4f, 0xfd, 0x30, 0x4f, 0xff, 0xa1, 0x9,
    0xff, 0x14, 0xff, 0x10, 0x0, 0xcf, 0xb0, 0x0,
    0x2f, 0xf3, 0x4f, 0xf0, 0x0, 0xa, 0xfa, 0x0,
    0x1, 0xff, 0x44, 0xff, 0x0, 0x0, 0xaf, 0xa0,
    0x0, 0x1f, 0xf4, 0x4f, 0xf0, 0x0, 0xa, 0xfa,
    0x0, 0x1, 0xff, 0x44, 0xff, 0x0, 0x0, 0xaf,
    0xa0, 0x0, 0x1f, 0xf4, 0x4f, 0xf0, 0x0, 0xa,
    0xfa, 0x0, 0x1, 0xff, 0x44, 0xff, 0x0, 0x0,
    0xaf, 0xa0, 0x0, 0x1f, 0xf4, 0x4f, 0xf0, 0x0,
    0xa, 0xfa, 0x0, 0x1, 0xff, 0x40,

    /* U+006E "n" */
    0x4f, 0xa0, 0x7d, 0xfe, 0x60, 0x4f, 0xdc, 0xff,
    0xff, 0xf4, 0x4f, 0xfe, 0x40, 0x1d, 0xfa, 0x4f,
    0xf2, 0x0, 0x8, 0xfd, 0x4f, 0xf0, 0x0, 0x6,
    0xfe, 0x4f, 0xf0, 0x0, 0x6, 0xfe, 0x4f, 0xf0,
    0x0, 0x6, 0xfe, 0x4f, 0xf0, 0x0, 0x6, 0xfe,
    0x4f, 0xf0, 0x0, 0x6, 0xfe, 0x4f, 0xf0, 0x0,
    0x6, 0xfe, 0x4f, 0xf0, 0x0, 0x6, 0xfe,

    /* U+006F "o" */
    0x0, 0x4, 0xbf, 0xfc, 0x60, 0x0, 0x0, 0x7f,
    0xff, 0xef, 0xfb, 0x0, 0x4, 0xff, 0x70, 0x4,
    0xff, 0x80, 0xb, 0xfb, 0x0, 0x0, 0x7f, 0xf0,
    0xf, 0xf7, 0x0, 0x0, 0x2f, 0xf3, 0xf, 0xf5,
    0x0, 0x0, 0xf, 0xf4, 0xf, 0xf7, 0x0, 0x0,
    0x2f, 0xf3, 0xb, 0xfb, 0x0, 0x0, 0x7f, 0xf0,
    0x4, 0xff, 0x70, 0x4, 0xff, 0x80, 0x0, 0x7f,
    0xff, 0xef, 0xfb, 0x0, 0x0, 0x4, 0xbf, 0xfd,
    0x60, 0x0,

    /* U+0070 "p" */
    0x4f, 0xb1, 0x9e, 0xfd, 0x60, 0x4, 0xfe, 0xff,
    0xef, 0xff, 0x70, 0x4f, 0xfc, 0x20, 0xa, 0xff,
    0x14, 0xff, 0x0, 0x0, 0x1f, 0xf6, 0x4f, 0xf0,
    0x0, 0x0, 0xdf, 0x84, 0xff, 0x0, 0x0, 0xc,
    0xf9, 0x4f, 0xf0, 0x0, 0x0, 0xef, 0x84, 0xff,
    0x0, 0x0, 0x3f, 0xf4, 0x4f, 0xf8, 0x10, 0x2d,
    0xfd, 0x4, 0xff, 0xff, 0xef, 0xff, 0x30, 0x4f,
    0xf2, 0xbf, 0xfa, 0x20, 0x4, 0xff, 0x0, 0x0,
    0x0, 0x0, 0x4f, 0xf0, 0x0, 0x0, 0x0, 0x4,
    0xff, 0x0, 0x0, 0x0, 0x0, 0x4f, 0xf0, 0x0,
    0x0, 0x0, 0x0,

    /* U+0071 "q" */
    0x0, 0x5c, 0xfe, 0xa2, 0xfe, 0x8, 0xff, 0xfe,
    0xff, 0xfe, 0x4f, 0xf9, 0x0, 0x2c, 0xfe, 0xbf,
    0xc0, 0x0, 0x6, 0xfe, 0xef, 0x70, 0x0, 0x6,
    0xfe, 0xff, 0x60, 0x0, 0x6, 0xfe, 0xef, 0x70,
    0x0, 0x6, 0xfe, 0xcf, 0xb0, 0x0, 0x6, 0xfe,
    0x6f, 0xf7, 0x0, 0x4e, 0xfe, 0xc, 0xff, 0xfe,
    0xfe, 0xfe, 0x0, 0x8e, 0xfd, 0x66, 0xfe, 0x0,
    0x0, 0x0, 0x6, 0xfe, 0x0, 0x0, 0x0, 0x6,
    0xfe, 0x0, 0x0, 0x0, 0x6, 0xfe, 0x0, 0x0,
    0x0, 0x6, 0xfe,

    /* U+0072 "r" */
    0x4f, 0xa0, 0x8e, 0xf2, 0x4f, 0xca, 0xff, 0xf0,
    0x4f, 0xff, 0x60, 0x10, 0x4f, 0xf7, 0x0, 0x0,
    0x4f, 0xf1, 0x0, 0x0, 0x4f, 0xf0, 0x0, 0x0,
    0x4f, 0xf0, 0x0, 0x0, 0x4f, 0xf0, 0x0, 0x0,
    0x4f, 0xf0, 0x0, 0x0, 0x4f, 0xf0, 0x0, 0x0,
    0x4f, 0xf0, 0x0, 0x0,

    /* U+0073 "s" */
    0x0, 0x4c, 0xff, 0xd7, 0x0, 0x5f, 0xfc, 0xcf,
    0xf6, 0xb, 0xf8, 0x0, 0x16, 0x0, 0xbf, 0x90,
    0x0, 0x0, 0x4, 0xff, 0xc6, 0x10, 0x0, 0x3,
    0xcf, 0xff, 0x80, 0x0, 0x0, 0x29, 0xff, 0x80,
    0x0, 0x0, 0x6, 0xfe, 0x9, 0x60, 0x0, 0x8f,
    0xc2, 0xff, 0xeb, 0xcf, 0xf5, 0x2, 0x9d, 0xff,
    0xc4, 0x0,

    /* U+0074 "t" */
    0x0, 0x9f, 0x60, 0x0, 0x0, 0xaf, 0x60, 0x0,
    0x0, 0xbf, 0x60, 0x0, 0x7f, 0xff, 0xff, 0xf4,
    0x6d, 0xff, 0xed, 0xd3, 0x0, 0xef, 0x60, 0x0,
    0x0, 0xef, 0x60, 0x0, 0x0, 0xef, 0x60, 0x0,
    0x0, 0xef, 0x60, 0x0, 0x0, 0xef, 0x60, 0x0,
    0x0, 0xef, 0x60, 0x0, 0x0, 0xcf, 0xb0, 0x0,
    0x0, 0x6f, 0xfe, 0xe5, 0x0, 0x8, 0xef, 0xe5,

    /* U+0075 "u" */
    0x6f, 0xe0, 0x0, 0xa, 0xfb, 0x6f, 0xe0, 0x0,
    0xa, 0xfb, 0x6f, 0xe0, 0x0, 0xa, 0xfb, 0x6f,
    0xe0, 0x0, 0xa, 0xfb, 0x6f, 0xe0, 0x0, 0xa,
    0xfb, 0x6f, 0xe0, 0x0, 0xa, 0xfb, 0x6f, 0xe0,
    0x0, 0xa, 0xfb, 0x6f, 0xf0, 0x0, 0xb, 0xfb,
    0x3f, 0xf7, 0x1, 0xaf, 0xfb, 0xd, 0xff, 0xff,
    0xf9, 0xfb, 0x2, 0xbf, 0xfb, 0x24, 0xfb,

    /* U+0076 "v" */
    0x8f, 0xc0, 0x0, 0x0, 0xcf, 0x73, 0xff, 0x10,
    0x0, 0x1f, 0xf1, 0xd, 0xf6, 0x0, 0x6, 0xfc,
    0x0, 0x7f, 0xb0, 0x0, 0xbf, 0x60, 0x2, 0xff,
    0x10, 0x1f, 0xf1, 0x0, 0xc, 0xf5, 0x5, 0xfb,
    0x0, 0x0, 0x7f, 0xa0, 0xaf, 0x60, 0x0, 0x1,
    0xff, 0xe, 0xf1, 0x0, 0x0, 0xb, 0xf7, 0xfb,
    0x0, 0x0, 0x0, 0x6f, 0xff, 0x50, 0x0, 0x0,
    0x1, 0xff, 0xf0, 0x0, 0x0,

    /* U+0077 "w" */
    0x5f, 0xf0, 0x0, 0xd, 0xf8, 0x0, 0x4, 0xfe,
    0x1, 0xff, 0x30, 0x1, 0xff, 0xc0, 0x0, 0x8f,
    0xa0, 0xc, 0xf7, 0x0, 0x6f, 0xdf, 0x10, 0xb,
    0xf6, 0x0, 0x8f, 0xb0, 0xa, 0xf7, 0xf5, 0x0,
    0xff, 0x20, 0x3, 0xff, 0x0, 0xec, 0x3f, 0x90,
    0x3f, 0xe0, 0x0, 0xf, 0xf3, 0x2f, 0x90, 0xfd,
    0x7, 0xf9, 0x0, 0x0, 0xbf, 0x66, 0xf5, 0xc,
    0xf1, 0xaf, 0x50, 0x0, 0x7, 0xf9, 0xaf, 0x10,
    0x7f, 0x5d, 0xf1, 0x0, 0x0, 0x2f, 0xcd, 0xd0,
    0x3, 0xfa, 0xfd, 0x0, 0x0, 0x0, 0xef, 0xf9,
    0x0, 0xf, 0xff, 0x90, 0x0, 0x0, 0xa, 0xff,
    0x50, 0x0, 0xbf, 0xf5, 0x0, 0x0,

    /* U+0078 "x" */
    0x2f, 0xf5, 0x0, 0xb, 0xfa, 0x0, 0x8f, 0xe0,
    0x3, 0xff, 0x10, 0x0, 0xdf, 0x80, 0xbf, 0x70,
    0x0, 0x4, 0xff, 0x5f, 0xd0, 0x0, 0x0, 0xa,
    0xff, 0xf4, 0x0, 0x0, 0x0, 0x5f, 0xfd, 0x0,
    0x0, 0x0, 0xd, 0xff, 0xf4, 0x0, 0x0, 0x8,
    0xf9, 0x6f, 0xe0, 0x0, 0x2, 0xff, 0x10, 0xdf,
    0x90, 0x0, 0xcf, 0x80, 0x3, 0xff, 0x30, 0x6f,
    0xe1, 0x0, 0x9, 0xfd, 0x0,

    /* U+0079 "y" */
    0x8f, 0xd0, 0x0, 0x0, 0xcf, 0x71, 0xff, 0x20,
    0x0, 0x1f, 0xf1, 0xa, 0xf8, 0x0, 0x6, 0xfb,
    0x0, 0x4f, 0xe0, 0x0, 0xbf, 0x50, 0x0, 0xdf,
    0x40, 0x1f, 0xf0, 0x0, 0x6, 0xfa, 0x6, 0xfa,
    0x0, 0x0, 0xf, 0xf0, 0xbf, 0x40, 0x0, 0x0,
    0x9f, 0x5f, 0xe0, 0x0, 0x0, 0x3, 0xfe, 0xf8,
    0x0, 0x0, 0x0, 0xc, 0xff, 0x30, 0x0, 0x0,
    0x0, 0x7f, 0xd0, 0x0, 0x0, 0x0, 0xb, 0xf7,
    0x0, 0x0, 0x0, 0x6, 0xfe, 0x10, 0x0, 0x0,
    0xbd, 0xff, 0x50, 0x0, 0x0, 0xe, 0xfd, 0x50,
    0x0, 0x0, 0x0,

    /* U+007A "z" */
    0xa, 0xff, 0xff, 0xff, 0xf1, 0x8, 0xdd, 0xdd,
    0xff, 0xd0, 0x0, 0x0, 0x5, 0xff, 0x30, 0x0,
    0x0, 0x1e, 0xf8, 0x0, 0x0, 0x0, 0xaf, 0xc0,
    0x0, 0x0, 0x5, 0xff, 0x20, 0x0, 0x0, 0x1e,
    0xf7, 0x0, 0x0, 0x0, 0xbf, 0xc0, 0x0, 0x0,
    0x6, 0xff, 0x20, 0x0, 0x0, 0x1f, 0xff, 0xcc,
    0xcc, 0xc3, 0x4f, 0xff, 0xff, 0xff, 0xf4,

    /* U+007B "{" */
    0x0, 0x9, 0xff, 0x50, 0x5, 0xfc, 0x41, 0x0,
    0x8f, 0x60, 0x0, 0x8, 0xf5, 0x0, 0x0, 0x7f,
    0x60, 0x0, 0x6, 0xf6, 0x0, 0x0, 0x5f, 0x70,
    0x0, 0x6, 0xf6, 0x0, 0x3, 0xdf, 0x30, 0x3,
    0xff, 0x70, 0x0, 0x16, 0xef, 0x20, 0x0, 0x6,
    0xf6, 0x0, 0x0, 0x5f, 0x70, 0x0, 0x6, 0xf6,
    0x0, 0x0, 0x7f, 0x60, 0x0, 0x8, 0xf5, 0x0,
    0x0, 0x8f, 0x60, 0x0, 0x6, 0xfa, 0x0, 0x0,
    0xc, 0xff, 0x50, 0x0, 0x2, 0x31,

    /* U+007C "|" */
    0xf9, 0xf9, 0xf9, 0xf9, 0xf9, 0xf9, 0xf9, 0xf9,
    0xf9, 0xf9, 0xf9, 0xf9, 0xf9, 0xf9, 0xf9, 0xf9,
    0xf9, 0xf9, 0xf9, 0xf9, 0xf9, 0xf9,

    /* U+007D "}" */
    0x3f, 0xfa, 0x0, 0x0, 0x4b, 0xf6, 0x0, 0x0,
    0x4f, 0x90, 0x0, 0x3, 0xfa, 0x0, 0x0, 0x4f,
    0x90, 0x0, 0x4, 0xf8, 0x0, 0x0, 0x5f, 0x70,
    0x0, 0x5, 0xf7, 0x0, 0x0, 0x1f, 0xe4, 0x0,
    0x0, 0x6f, 0xf5, 0x0, 0x1f, 0xf6, 0x10, 0x4,
    0xf8, 0x0, 0x0, 0x5f, 0x70, 0x0, 0x5, 0xf8,
    0x0, 0x0, 0x4f, 0x90, 0x0, 0x4, 0xfa, 0x0,
    0x0, 0x4f, 0xa0, 0x0, 0x9, 0xf8, 0x0, 0x3f,
    0xfd, 0x10, 0x0, 0x32, 0x0, 0x0,

    /* U+007E "~" */
    0x0, 0x49, 0x81, 0x0, 0x0, 0x0, 0x6f, 0xff,
    0xe3, 0x1, 0xd4, 0x1f, 0xa0, 0x4e, 0xfb, 0xef,
    0x20, 0x21, 0x0, 0x1b, 0xfd, 0x30,

    /* U+3002 "。" */
    0x0, 0x8e, 0xd6, 0x0, 0xae, 0x57, 0xf5, 0x1f,
    0x30, 0x7, 0xd4, 0xf0, 0x0, 0x3f, 0x2f, 0x20,
    0x6, 0xd0, 0xad, 0x45, 0xe6, 0x0, 0x9f, 0xe7,
    0x0,

    /* U+4E00 "一" */
    0x2f, 0xff, 0xff, 0xff, 0xff, 0xff, 0xff, 0xff,
    0xff, 0xf3, 0x2f, 0xff, 0xff, 0xff, 0xff, 0xff,
    0xff, 0xff, 0xff, 0xf3, 0x2, 0x22, 0x22, 0x22,
    0x22, 0x22, 0x22, 0x22, 0x22, 0x20,

    /* U+4E09 "三" */
    0xb, 0xff, 0xff, 0xff, 0xff, 0xff, 0xff, 0xff,
    0x60, 0xc, 0xff, 0xff, 0xff, 0xff, 0xff, 0xff,
    0xff, 0x60, 0x0, 0x0, 0x0, 0x0, 0x0, 0x0,
    0x0, 0x0, 0x0, 0x0, 0x0, 0x0, 0x0, 0x0,
    0x0, 0x0, 0x0, 0x0, 0x0, 0x0, 0x0, 0x0,
    0x0, 0x0, 0x0, 0x0, 0x0, 0x0, 0x0, 0x0,
    0x0, 0x0, 0x0, 0x0, 0x0, 0x0, 0x0, 0x4a,
    0xaa, 0xaa, 0xaa, 0xaa, 0xaa, 0x80, 0x0, 0x0,
    0x7f, 0xff, 0xff, 0xff, 0xff, 0xff, 0xd0, 0x0,
    0x0, 0x13, 0x33, 0x33, 0x33, 0x33, 0x33, 0x30,
    0x0, 0x0, 0x0, 0x0, 0x0, 0x0, 0x0, 0x0,
    0x0, 0x0, 0x0, 0x0, 0x0, 0x0, 0x0, 0x0,
    0x0, 0x0, 0x0, 0x0, 0x0, 0x0, 0x0, 0x0,
    0x0, 0x0, 0x0, 0x0, 0x0, 0x0, 0x0, 0x0,
    0x0, 0x0, 0x0, 0x0, 0x0, 0xbc, 0xcc, 0xcc,
    0xcc, 0xcc, 0xcc, 0xcc, 0xcc, 0xc6, 0xef, 0xff,
    0xff, 0xff, 0xff, 0xff, 0xff, 0xff, 0xf7, 0x12,
    0x22, 0x22, 0x22, 0x22, 0x22, 0x22, 0x22, 0x21,

    /* U+4E0A "上" */
    0x0, 0x0, 0x0, 0x0, 0xbd, 0x10, 0x0, 0x0,
    0x0, 0x0, 0x0, 0x0, 0x0, 0xe, 0xf2, 0x0,
    0x0, 0x0, 0x0, 0x0, 0x0, 0x0, 0x0, 0xef,
    0x20, 0x0, 0x0, 0x0, 0x0, 0x0, 0x0, 0x0,
    0xe, 0xf2, 0x0, 0x0, 0x0, 0x0, 0x0, 0x0,
    0x0, 0x0, 0xef, 0x20, 0x0, 0x0, 0x0, 0x0,
    0x0, 0x0, 0x0, 0xe, 0xf2, 0x0, 0x0, 0x0,
    0x0, 0x0, 0x0, 0x0, 0x0, 0xef, 0xed, 0xdd,
    0xdd, 0xd6, 0x0, 0x0, 0x0, 0x0, 0xe, 0xff,
    0xff, 0xff, 0xff, 0x70, 0x0, 0x0, 0x0, 0x0,
    0xef, 0x31, 0x11, 0x11, 0x10, 0x0, 0x0, 0x0,
    0x0, 0xe, 0xf2, 0x0, 0x0, 0x0, 0x0, 0x0,
    0x0, 0x0, 0x0, 0xef, 0x20, 0x0, 0x0, 0x0,
    0x0, 0x0, 0x0, 0x0, 0xe, 0xf2, 0x0, 0x0,
    0x0, 0x0, 0x0, 0x0, 0x0, 0x0, 0xef, 0x20,
    0x0, 0x0, 0x0, 0x0, 0x0, 0x0, 0x0, 0xe,
    0xf2, 0x0, 0x0, 0x0, 0x0, 0x0, 0x0, 0x0,
    0x0, 0xef, 0x20, 0x0, 0x0, 0x0, 0x0, 0x11,
    0x11, 0x11, 0x1e, 0xf3, 0x11, 0x11, 0x11, 0x11,
    0x4f, 0xff, 0xff, 0xff, 0xff, 0xff, 0xff, 0xff,
    0xff, 0xd3, 0xdd, 0xdd, 0xdd, 0xdd, 0xdd, 0xdd,
    0xdd, 0xdd, 0xdb,

    /* U+4E0B "下" */
    0x46, 0x66, 0x66, 0x66, 0x66, 0x66, 0x66, 0x66,
    0x66, 0x1b, 0xff, 0xff, 0xff, 0xff, 0xff, 0xff,
    0xff, 0xff, 0xf2, 0x58, 0x88, 0x88, 0x89, 0xfe,
    0x88, 0x88, 0x88, 0x88, 0x10, 0x0, 0x0, 0x0,
    0x3f, 0xd0, 0x0, 0x0, 0x0, 0x0, 0x0, 0x0,
    0x0, 0x3, 0xfd, 0x0, 0x0, 0x0, 0x0, 0x0,
    0x0, 0x0, 0x0, 0x3f, 0xd3, 0x0, 0x0, 0x0,
    0x0, 0x0, 0x0, 0x0, 0x3, 0xff, 0xfb, 0x20,
    0x0, 0x0, 0x0, 0x0, 0x0, 0x0, 0x3f, 0xfe,
    0xff, 0x91, 0x0, 0x0, 0x0, 0x0, 0x0, 0x3,
    0xfd, 0x1a, 0xff, 0xe6, 0x0, 0x0, 0x0, 0x0,
    0x0, 0x3f, 0xd0, 0x3, 0xdf, 0xfb, 0x0, 0x0,
    0x0, 0x0, 0x3, 0xfd, 0x0, 0x0, 0x9f, 0xa0,
    0x0, 0x0, 0x0, 0x0, 0x3f, 0xd0, 0x0, 0x0,
    0x40, 0x0, 0x0, 0x0, 0x0, 0x3, 0xfd, 0x0,
    0x0, 0x0, 0x0, 0x0, 0x0, 0x0, 0x0, 0x3f,
    0xd0, 0x0, 0x0, 0x0, 0x0, 0x0, 0x0, 0x0,
    0x3, 0xfd, 0x0, 0x0, 0x0, 0x0, 0x0, 0x0,
    0x0, 0x0, 0x3f, 0xd0, 0x0, 0x0, 0x0, 0x0,
    0x0, 0x0, 0x0, 0x3, 0xfd, 0x0, 0x0, 0x0,
    0x0, 0x0, 0x0, 0x0, 0x0, 0x3f, 0xd0, 0x0,
    0x0, 0x0, 0x0,

    /* U+4E0D "不" */
    0xa, 0xbb, 0xbb, 0xbb, 0xbb, 0xbb, 0xbb, 0xbb,
    0xbb, 0x50, 0xe, 0xff, 0xff, 0xff, 0xff, 0xff,
    0xff, 0xff, 0xff, 0x70, 0x2, 0x33, 0x33, 0x33,
    0x3a, 0xfe, 0x33, 0x33, 0x33, 0x10, 0x0, 0x0,
    0x0, 0x0, 0x2f, 0xf5, 0x0, 0x0, 0x0, 0x0,
    0x0, 0x0, 0x0, 0x0, 0xdf, 0xd0, 0x0, 0x0,
    0x0, 0x0, 0x0, 0x0, 0x0, 0xa, 0xff, 0xc1,
    0x60, 0x0, 0x0, 0x0, 0x0, 0x0, 0x0, 0x9f,
    0xff, 0xdc, 0xfb, 0x10, 0x0, 0x0, 0x0, 0x0,
    0x9, 0xff, 0x9f, 0xc2, 0xdf, 0xe4, 0x0, 0x0,
    0x0, 0x0, 0xbf, 0xf6, 0x4f, 0xc0, 0x1b, 0xff,
    0x60, 0x0, 0x0, 0x3d, 0xff, 0x50, 0x4f, 0xc0,
    0x0, 0x8f, 0xf9, 0x0, 0x19, 0xff, 0xe3, 0x0,
    0x4f, 0xc0, 0x0, 0x7, 0xff, 0xa0, 0x1e, 0xfa,
    0x10, 0x0, 0x4f, 0xc0, 0x0, 0x0, 0x6f, 0x80,
    0x3, 0x40, 0x0, 0x0, 0x4f, 0xc0, 0x0, 0x0,
    0x3, 0x0, 0x0, 0x0, 0x0, 0x0, 0x4f, 0xc0,
    0x0, 0x0, 0x0, 0x0, 0x0, 0x0, 0x0, 0x0,
    0x4f, 0xc0, 0x0, 0x0, 0x0, 0x0, 0x0, 0x0,
    0x0, 0x0, 0x4f, 0xc0, 0x0, 0x0, 0x0, 0x0,
    0x0, 0x0, 0x0, 0x0, 0x4f, 0xc0, 0x0, 0x0,
    0x0, 0x0, 0x0, 0x0, 0x0, 0x0, 0x4f, 0xc0,
    0x0, 0x0, 0x0, 0x0,

    /* U+4E2A "个" */
    0x0, 0x0, 0x0, 0x0, 0x1, 0x50, 0x0, 0x0,
    0x0, 0x0, 0x0, 0x0, 0x0, 0x0, 0xa, 0xf7,
    0x0, 0x0, 0x0, 0x0, 0x0, 0x0, 0x0, 0x0,
    0x6f, 0xf8, 0x0, 0x0, 0x0, 0x0, 0x0, 0x0,
    0x0, 0x6, 0xff, 0xff, 0x80, 0x0, 0x0, 0x0,
    0x0, 0x0, 0x0, 0x7f, 0xf5, 0x3f, 0xf9, 0x0,
    0x0, 0x0, 0x0, 0x0, 0x1a, 0xff, 0x50, 0x3,
    0xef, 0xc2, 0x0, 0x0, 0x0, 0x5, 0xef, 0xf4,
    0x6, 0x50, 0x2d, 0xff, 0x70, 0x0, 0x5, 0xcf,
    0xfc, 0x20, 0xf, 0xf0, 0x1, 0xaf, 0xfd, 0x50,
    0x1e, 0xff, 0x70, 0x0, 0xf, 0xf0, 0x0, 0x5,
    0xef, 0xf2, 0x3, 0x91, 0x0, 0x0, 0xf, 0xf0,
    0x0, 0x0, 0x19, 0x50, 0x0, 0x0, 0x0, 0x0,
    0xf, 0xf0, 0x0, 0x0, 0x0, 0x0, 0x0, 0x0,
    0x0, 0x0, 0xf, 0xf0, 0x0, 0x0, 0x0, 0x0,
    0x0, 0x0, 0x0, 0x0, 0xf, 0xf0, 0x0, 0x0,
    0x0, 0x0, 0x0, 0x0, 0x0, 0x0, 0xf, 0xf0,
    0x0, 0x0, 0x0, 0x0, 0x0, 0x0, 0x0, 0x0,
    0xf, 0xf0, 0x0, 0x0, 0x0, 0x0, 0x0, 0x0,
    0x0, 0x0, 0xf, 0xf0, 0x0, 0x0, 0x0, 0x0,
    0x0, 0x0, 0x0, 0x0, 0xf, 0xf0, 0x0, 0x0,
    0x0, 0x0, 0x0, 0x0, 0x0, 0x0, 0xf, 0xf0,
    0x0, 0x0, 0x0, 0x0, 0x0, 0x0, 0x0, 0x0,
    0xf, 0xf0, 0x0, 0x0, 0x0, 0x0,

    /* U+4E2D "中" */
    0x0, 0x0, 0x0, 0x9, 0xa0, 0x0, 0x0, 0x0,
    0x0, 0x0, 0x0, 0x0, 0xef, 0x10, 0x0, 0x0,
    0x0, 0x0, 0x0, 0x0, 0xe, 0xf1, 0x0, 0x0,
    0x0, 0x2, 0x22, 0x22, 0x22, 0xef, 0x32, 0x22,
    0x22, 0x20, 0xff, 0xff, 0xff, 0xff, 0xff, 0xff,
    0xff, 0xff, 0x1f, 0xfb, 0xbb, 0xbb, 0xff, 0xbb,
    0xbb, 0xbf, 0xf1, 0xfe, 0x0, 0x0, 0xe, 0xf1,
    0x0, 0x0, 0xef, 0x1f, 0xe0, 0x0, 0x0, 0xef,
    0x10, 0x0, 0xe, 0xf1, 0xfe, 0x0, 0x0, 0xe,
    0xf1, 0x0, 0x0, 0xef, 0x1f, 0xe0, 0x0, 0x0,
    0xef, 0x10, 0x0, 0xe, 0xf1, 0xff, 0xdd, 0xdd,
    0xdf, 0xfd, 0xdd, 0xdd, 0xff, 0x1f, 0xff, 0xff,
    0xff, 0xff, 0xff, 0xff, 0xff, 0xf1, 0xfe, 0x0,
    0x0, 0xe, 0xf2, 0x0, 0x0, 0xef, 0x13, 0x30,
    0x0, 0x0, 0xef, 0x10, 0x0, 0x2, 0x20, 0x0,
    0x0, 0x0, 0xe, 0xf1, 0x0, 0x0, 0x0, 0x0,
    0x0, 0x0, 0x0, 0xef, 0x10, 0x0, 0x0, 0x0,
    0x0, 0x0, 0x0, 0xe, 0xf1, 0x0, 0x0, 0x0,
    0x0, 0x0, 0x0, 0x0, 0xef, 0x10, 0x0, 0x0,
    0x0, 0x0, 0x0, 0x0, 0xe, 0xf1, 0x0, 0x0,
    0x0, 0x0,

    /* U+4E50 "乐" */
    0x0, 0x0, 0x0, 0x0, 0x0, 0x0, 0x13, 0x58,
    0x70, 0x0, 0x0, 0x6, 0x88, 0x9a, 0xbc, 0xdf,
    0xff, 0xff, 0xf2, 0x0, 0x0, 0xc, 0xff, 0xff,
    0xff, 0xfd, 0xba, 0x85, 0x20, 0x0, 0x0, 0xd,
    0xf4, 0x21, 0x10, 0x0, 0x0, 0x0, 0x0, 0x0,
    0x0, 0xf, 0xf0, 0x0, 0x9, 0xc1, 0x0, 0x0,
    0x0, 0x0, 0x0, 0x2f, 0xc0, 0x0, 0xc, 0xf2,
    0x0, 0x0, 0x0, 0x0, 0x0, 0x5f, 0x90, 0x0,
    0xc, 0xf2, 0x0, 0x0, 0x0, 0x0, 0x0, 0xaf,
    0x60, 0x0, 0xc, 0xf2, 0x0, 0x0, 0x0, 0x0,
    0x1, 0xff, 0xff, 0xff, 0xff, 0xff, 0xff, 0xff,
    0xff, 0x40, 0x0, 0xdf, 0xee, 0xee, 0xef, 0xff,
    0xee, 0xee, 0xee, 0x40, 0x0, 0x10, 0x0, 0x0,
    0xc, 0xf2, 0x0, 0x0, 0x0, 0x0, 0x0, 0x0,
    0x42, 0x0, 0xc, 0xf2, 0x0, 0x32, 0x0, 0x0,
    0x0, 0x2, 0xff, 0x10, 0xc, 0xf2, 0x3, 0xfe,
    0x10, 0x0, 0x0, 0xc, 0xf7, 0x0, 0xc, 0xf2,
    0x0, 0x8f, 0xb0, 0x0, 0x0, 0x9f, 0xc0, 0x0,
    0xc, 0xf2, 0x0, 0xc, 0xf7, 0x0, 0x7, 0xfe,
    0x10, 0x0, 0xc, 0xf2, 0x0, 0x2, 0xff, 0x30,
    0x3f, 0xf3, 0x0, 0x0, 0xc, 0xf2, 0x0, 0x0,
    0x7f, 0xc0, 0x5, 0x50, 0x0, 0x9e, 0xef, 0xf1,
    0x0, 0x0, 0x9, 0x20, 0x0, 0x0, 0x0, 0x5f,
    0xfd, 0x60, 0x0, 0x0, 0x0, 0x0,

    /* U+4E86 "了" */
    0x3, 0x33, 0x33, 0x33, 0x33, 0x33, 0x33, 0x32,
    0x3, 0xff, 0xff, 0xff, 0xff, 0xff, 0xff, 0xff,
    0xf7, 0x2b, 0xbb, 0xbb, 0xbb, 0xbb, 0xbb, 0xbf,
    0xff, 0x40, 0x0, 0x0, 0x0, 0x0, 0x0, 0xb,
    0xff, 0x40, 0x0, 0x0, 0x0, 0x0, 0x0, 0x2d,
    0xfe, 0x30, 0x0, 0x0, 0x0, 0x0, 0x0, 0x6f,
    0xfc, 0x10, 0x0, 0x0, 0x0, 0x0, 0x0, 0xbf,
    0xf8, 0x0, 0x0, 0x0, 0x0, 0x0, 0x0, 0xe,
    0xf3, 0x0, 0x0, 0x0, 0x0, 0x0, 0x0, 0x0,
    0xef, 0x10, 0x0, 0x0, 0x0, 0x0, 0x0, 0x0,
    0xe, 0xf1, 0x0, 0x0, 0x0, 0x0, 0x0, 0x0,
    0x0, 0xef, 0x10, 0x0, 0x0, 0x0, 0x0, 0x0,
    0x0, 0xe, 0xf1, 0x0, 0x0, 0x0, 0x0, 0x0,
    0x0, 0x0, 0xef, 0x10, 0x0, 0x0, 0x0, 0x0,
    0x0, 0x0, 0xe, 0xf1, 0x0, 0x0, 0x0, 0x0,
    0x0, 0x0, 0x0, 0xef, 0x10, 0x0, 0x0, 0x0,
    0x0, 0x0, 0x0, 0xe, 0xf1, 0x0, 0x0, 0x0,
    0x0, 0x0, 0xcd, 0xdd, 0xff, 0x0, 0x0, 0x0,
    0x0, 0x0, 0x9, 0xff, 0xfd, 0x50, 0x0, 0x0,
    0x0, 0x0, 0x0, 0x0, 0x0, 0x0, 0x0, 0x0,
    0x0, 0x0,

    /* U+4E8C "二" */
    0x0, 0x11, 0x11, 0x11, 0x11, 0x11, 0x11, 0x11,
    0x0, 0x3, 0xff, 0xff, 0xff, 0xff, 0xff, 0xff,
    0xff, 0x30, 0x3, 0xff, 0xff, 0xff, 0xff, 0xff,
    0xff, 0xff, 0x30, 0x0, 0x0, 0x0, 0x0, 0x0,
    0x0, 0x0, 0x0, 0x0, 0x0, 0x0, 0x0, 0x0,
    0x0, 0x0, 0x0, 0x0, 0x0, 0x0, 0x0, 0x0,
    0x0, 0x0, 0x0, 0x0, 0x0, 0x0, 0x0, 0x0,
    0x0, 0x0, 0x0, 0x0, 0x0, 0x0, 0x0, 0x0,
    0x0, 0x0, 0x0, 0x0, 0x0, 0x0, 0x0, 0x0,
    0x0, 0x0, 0x0, 0x0, 0x0, 0x0, 0x0, 0x0,
    0x0, 0x0, 0x0, 0x0, 0x0, 0x0, 0x0, 0x0,
    0x0, 0x0, 0x0, 0x0, 0x0, 0x0, 0x0, 0x0,
    0x0, 0x0, 0x0, 0x0, 0x0, 0x0, 0x0, 0x0,
    0x0, 0x0, 0x0, 0x0, 0x23, 0x33, 0x33, 0x33,
    0x33, 0x33, 0x33, 0x33, 0x33, 0xef, 0xff, 0xff,
    0xff, 0xff, 0xff, 0xff, 0xff, 0xfe, 0xdf, 0xff,
    0xff, 0xff, 0xff, 0xff, 0xff, 0xff, 0xfe,

    /* U+4E94 "五" */
    0xa, 0xee, 0xee, 0xee, 0xee, 0xee, 0xee, 0xee,
    0x80, 0xa, 0xff, 0xff, 0xff, 0xff, 0xff, 0xff,
    0xff, 0x90, 0x0, 0x0, 0x0, 0x2f, 0xe0, 0x0,
    0x0, 0x0, 0x0, 0x0, 0x0, 0x0, 0x4f, 0xc0,
    0x0, 0x0, 0x0, 0x0, 0x0, 0x0, 0x0, 0x7f,
    0x90, 0x0, 0x0, 0x0, 0x0, 0x0, 0x0, 0x0,
    0xaf, 0x70, 0x0, 0x11, 0x0, 0x0, 0x0, 0x9f,
    0xff, 0xff, 0xff, 0xff, 0xff, 0xa0, 0x0, 0x0,
    0x7d, 0xdd, 0xff, 0xdd, 0xdd, 0xef, 0x90, 0x0,
    0x0, 0x0, 0x1, 0xff, 0x0, 0x0, 0x8f, 0x80,
    0x0, 0x0, 0x0, 0x4, 0xfc, 0x0, 0x0, 0x9f,
    0x60, 0x0, 0x0, 0x0, 0x7, 0xf9, 0x0, 0x0,
    0xbf, 0x50, 0x0, 0x0, 0x0, 0xa, 0xf7, 0x0,
    0x0, 0xcf, 0x30, 0x0, 0x0, 0x0, 0xd, 0xf4,
    0x0, 0x0, 0xef, 0x20, 0x0, 0x23, 0x33, 0x3f,
    0xf3, 0x33, 0x33, 0xff, 0x33, 0x32, 0xef, 0xff,
    0xff, 0xff, 0xff, 0xff, 0xff, 0xff, 0xff, 0xab,
    0xbb, 0xbb, 0xbb, 0xbb, 0xbb, 0xbb, 0xbb, 0xba,

    /* U+4E9B "些" */
    0x0, 0x0, 0xb, 0xe1, 0x0, 0x1e, 0xb0, 0x0,
    0x0, 0x0, 0x0, 0x0, 0xc, 0xf1, 0x0, 0x1f,
    0xc0, 0x0, 0x0, 0x0, 0x0, 0xc9, 0xc, 0xf1,
    0x0, 0x1f, 0xc0, 0x4, 0xb5, 0x0, 0x0, 0xfb,
    0xc, 0xfb, 0xa9, 0x1f, 0xd6, 0xcf, 0xfe, 0x10,
    0x0, 0xfb, 0xc, 0xff, 0xff, 0x1f, 0xff, 0xfb,
    0x50, 0x0, 0x0, 0xfb, 0xc, 0xf2, 0x0, 0x1f,
    0xe6, 0x10, 0x0, 0x0, 0x0, 0xfb, 0xc, 0xf1,
    0x0, 0x1f, 0xc0, 0x0, 0x5, 0x40, 0x0, 0xfb,
    0xc, 0xf1, 0x0, 0x1f, 0xc0, 0x0, 0xa, 0xf1,
    0x0, 0xfb, 0xc, 0xf6, 0x68, 0x2f, 0xd1, 0x11,
    0x2d, 0xf0, 0x2b, 0xff, 0xff, 0xff, 0xff, 0x1e,
    0xff, 0xff, 0xff, 0xa0, 0x2f, 0xfe, 0xdb, 0x97,
    0x53, 0x3, 0x9a, 0xaa, 0xa8, 0x10, 0x2, 0x0,
    0x0, 0x0, 0x0, 0x0, 0x0, 0x0, 0x0, 0x0,
    0x0, 0xa, 0xff, 0xff, 0xff, 0xff, 0xff, 0xff,
    0xd0, 0x0, 0x0, 0x9, 0xdd, 0xdd, 0xdd, 0xdd,
    0xdd, 0xdd, 0xc0, 0x0, 0x0, 0x0, 0x0, 0x0,
    0x0, 0x0, 0x0, 0x0, 0x0, 0x0, 0x0, 0x0,
    0x0, 0x0, 0x0, 0x0, 0x0, 0x0, 0x0, 0x0,
    0x0, 0x0, 0x0, 0x0, 0x0, 0x0, 0x0, 0x0,
    0x0, 0x0, 0xd, 0xee, 0xee, 0xee, 0xee, 0xee,
    0xee, 0xee, 0xee, 0xd0, 0xf, 0xff, 0xff, 0xff,
    0xff, 0xff, 0xff, 0xff, 0xff, 0xf0,

    /* U+4EAE "亮" */
    0x0, 0x0, 0x0, 0x3, 0xc9, 0x0, 0x0, 0x0,
    0x0, 0x0, 0x0, 0x0, 0x1, 0xff, 0x30, 0x0,
    0x0, 0x0, 0xef, 0xff, 0xff, 0xff, 0xff, 0xff,
    0xff, 0xff, 0xfd, 0x88, 0x88, 0x88, 0x88, 0x88,
    0x88, 0x88, 0x88, 0x87, 0x0, 0x5, 0x55, 0x55,
    0x55, 0x55, 0x55, 0x51, 0x0, 0x0, 0x1f, 0xff,
    0xff, 0xff, 0xff, 0xff, 0xf2, 0x0, 0x0, 0x1f,
    0xc0, 0x0, 0x0, 0x0, 0xd, 0xf2, 0x0, 0x0,
    0x1f, 0xff, 0xff, 0xff, 0xff, 0xff, 0xf2, 0x0,
    0x0, 0x5, 0x55, 0x55, 0x55, 0x55, 0x55, 0x50,
    0x0, 0x47, 0x77, 0x77, 0x77, 0x77, 0x77, 0x77,
    0x77, 0x73, 0xaf, 0xff, 0xff, 0xff, 0xff, 0xff,
    0xff, 0xff, 0xf9, 0xaf, 0x20, 0x0, 0x0, 0x0,
    0x0, 0x0, 0x5, 0xf9, 0xaf, 0x20, 0x2f, 0xff,
    0xff, 0xff, 0xf1, 0x5, 0xf9, 0x12, 0x0, 0x4f,
    0xea, 0xaa, 0xaf, 0xf1, 0x0, 0x10, 0x0, 0x0,
    0x7f, 0x80, 0x0, 0xe, 0xf1, 0x0, 0x10, 0x0,
    0x0, 0xdf, 0x40, 0x0, 0xe, 0xf1, 0x0, 0xc8,
    0x0, 0x1a, 0xfd, 0x0, 0x0, 0xe, 0xf1, 0x0,
    0xec, 0x5a, 0xff, 0xe2, 0x0, 0x0, 0xd, 0xfb,
    0xab, 0xf9, 0x6f, 0xe8, 0x10, 0x0, 0x0, 0x5,
    0xef, 0xff, 0xd2, 0x3, 0x0, 0x0, 0x0, 0x0,
    0x0, 0x0, 0x0, 0x0,

    /* U+4ECB "介" */
    0x0, 0x0, 0x0, 0x0, 0x4, 0x50, 0x0, 0x0,
    0x0, 0x0, 0x0, 0x0, 0x0, 0x0, 0x1e, 0xf3,
    0x0, 0x0, 0x0, 0x0, 0x0, 0x0, 0x0, 0x1,
    0xdf, 0xf9, 0x0, 0x0, 0x0, 0x0, 0x0, 0x0,
    0x0, 0x2d, 0xfb, 0xdf, 0xa0, 0x0, 0x0, 0x0,
    0x0, 0x0, 0x4, 0xef, 0xa0, 0x1d, 0xfc, 0x20,
    0x0, 0x0, 0x0, 0x1, 0x9f, 0xf9, 0x0, 0x1,
    0xcf, 0xf8, 0x10, 0x0, 0x1, 0x8f, 0xff, 0x50,
    0x0, 0x0, 0x8, 0xff, 0xf9, 0x30, 0x6f, 0xff,
    0xa1, 0x0, 0x0, 0x0, 0x0, 0x2b, 0xff, 0xf4,
    0xe, 0xb3, 0x7, 0x81, 0x0, 0x0, 0x19, 0x70,
    0x3a, 0x80, 0x0, 0x0, 0xd, 0xf2, 0x0, 0x0,
    0x2f, 0xd0, 0x0, 0x0, 0x0, 0x0, 0xd, 0xf2,
    0x0, 0x0, 0x2f, 0xd0, 0x0, 0x0, 0x0, 0x0,
    0xe, 0xf1, 0x0, 0x0, 0x2f, 0xd0, 0x0, 0x0,
    0x0, 0x0, 0xf, 0xf0, 0x0, 0x0, 0x2f, 0xd0,
    0x0, 0x0, 0x0, 0x0, 0x3f, 0xe0, 0x0, 0x0,
    0x2f, 0xd0, 0x0, 0x0, 0x0, 0x0, 0x9f, 0xa0,
    0x0, 0x0, 0x2f, 0xd0, 0x0, 0x0, 0x0, 0x4,
    0xff, 0x30, 0x0, 0x0, 0x2f, 0xd0, 0x0, 0x0,
    0x0, 0x4f, 0xf9, 0x0, 0x0, 0x0, 0x2f, 0xd0,
    0x0, 0x0, 0x7, 0xff, 0xb0, 0x0, 0x0, 0x0,
    0x2f, 0xd0, 0x0, 0x0, 0x0, 0xb7, 0x0, 0x0,
    0x0, 0x0, 0x2f, 0xd0, 0x0, 0x0,

    /* U+4ECD "仍" */
    0x0, 0x0, 0x8a, 0x20, 0x0, 0x0, 0x0, 0x0,
    0x0, 0x0, 0x0, 0xe, 0xf3, 0xaa, 0xaa, 0xaa,
    0xab, 0xa4, 0x0, 0x0, 0x4, 0xfa, 0x5f, 0xff,
    0xff, 0xff, 0xff, 0x40, 0x0, 0x0, 0xbf, 0x30,
    0x14, 0xfc, 0x11, 0x1d, 0xf1, 0x0, 0x0, 0x3f,
    0xd0, 0x0, 0x3f, 0xb0, 0x0, 0xfd, 0x0, 0x0,
    0xc, 0xfb, 0x0, 0x3, 0xfb, 0x0, 0x3f, 0x90,
    0x0, 0x5, 0xff, 0xb0, 0x0, 0x4f, 0xa0, 0x6,
    0xf6, 0x0, 0x2, 0xff, 0xfb, 0x0, 0x5, 0xf9,
    0x0, 0xaf, 0xdc, 0xcb, 0x3f, 0xbf, 0xb0, 0x0,
    0x6f, 0x70, 0xd, 0xff, 0xff, 0xe0, 0xa2, 0xfb,
    0x0, 0x8, 0xf6, 0x0, 0x0, 0x0, 0xfd, 0x0,
    0x1f, 0xb0, 0x0, 0xaf, 0x30, 0x0, 0x0, 0x1f,
    0xc0, 0x1, 0xfb, 0x0, 0xd, 0xf1, 0x0, 0x0,
    0x2, 0xfb, 0x0, 0x1f, 0xb0, 0x1, 0xfd, 0x0,
    0x0, 0x0, 0x3f, 0xa0, 0x1, 0xfb, 0x0, 0x5f,
    0x90, 0x0, 0x0, 0x4, 0xf8, 0x0, 0x1f, 0xb0,
    0xb, 0xf4, 0x0, 0x0, 0x0, 0x6f, 0x70, 0x1,
    0xfb, 0x2, 0xfe, 0x0, 0x0, 0x0, 0x8, 0xf5,
    0x0, 0x1f, 0xb0, 0xbf, 0x70, 0x0, 0x0, 0x0,
    0xdf, 0x20, 0x1, 0xfb, 0x7f, 0xe0, 0x0, 0x6,
    0xcc, 0xdf, 0xd0, 0x0, 0x1f, 0xb2, 0xd4, 0x0,
    0x0, 0x3f, 0xff, 0xd3, 0x0, 0x0, 0x21, 0x0,
    0x0, 0x0, 0x0, 0x0, 0x0, 0x0,

    /* U+4ECE "从" */
    0x0, 0x0, 0x7, 0x70, 0x0, 0x0, 0x27, 0x60,
    0x0, 0x0, 0x0, 0x0, 0x1f, 0xf0, 0x0, 0x0,
    0x4f, 0xc0, 0x0, 0x0, 0x0, 0x0, 0x1f, 0xf0,
    0x0, 0x0, 0x5f, 0xb0, 0x0, 0x0, 0x0, 0x0,
    0x2f, 0xe0, 0x0, 0x0, 0x7f, 0xa0, 0x0, 0x0,
    0x0, 0x0, 0x4f, 0xc0, 0x0, 0x0, 0x8f, 0x80,
    0x0, 0x0, 0x0, 0x0, 0x5f, 0xb0, 0x0, 0x0,
    0xaf, 0x60, 0x0, 0x0, 0x0, 0x0, 0x7f, 0x90,
    0x0, 0x0, 0xcf, 0x40, 0x0, 0x0, 0x0, 0x0,
    0x8f, 0xe1, 0x0, 0x0, 0xff, 0x50, 0x0, 0x0,
    0x0, 0x0, 0xbf, 0xfc, 0x0, 0x1, 0xff, 0x90,
    0x0, 0x0, 0x0, 0x0, 0xef, 0xdf, 0x90, 0x5,
    0xff, 0xd0, 0x0, 0x0, 0x0, 0x1, 0xff, 0x1e,
    0xf4, 0x9, 0xff, 0xf3, 0x0, 0x0, 0x0, 0x5,
    0xfc, 0x5, 0xfe, 0xe, 0xfa, 0xf9, 0x0, 0x0,
    0x0, 0xa, 0xf8, 0x0, 0xbf, 0x7f, 0xf1, 0xff,
    0x10, 0x0, 0x0, 0xf, 0xf3, 0x0, 0x23, 0xbf,
    0x90, 0x8f, 0x90, 0x0, 0x0, 0x6f, 0xd0, 0x0,
    0x3, 0xff, 0x20, 0x1f, 0xf4, 0x0, 0x1, 0xef,
    0x70, 0x0, 0x1d, 0xfa, 0x0, 0x7, 0xfe, 0x20,
    0xa, 0xfe, 0x0, 0x0, 0xcf, 0xe1, 0x0, 0x0,
    0xcf, 0xe1, 0x1c, 0xf5, 0x0, 0x3, 0xef, 0x40,
    0x0, 0x0, 0x1d, 0x90, 0x0, 0x50, 0x0, 0x0,
    0x14, 0x0, 0x0, 0x0, 0x1, 0x0,

    /* U+4EE5 "以" */
    0x0, 0x0, 0x0, 0x0, 0x0, 0x0, 0x0, 0x0,
    0x0, 0x0, 0x6, 0x60, 0x0, 0x0, 0x0, 0x0,
    0xf, 0xf0, 0x0, 0x0, 0xff, 0x10, 0x2a, 0x40,
    0x0, 0x0, 0xff, 0x0, 0x0, 0xf, 0xf1, 0x3,
    0xfe, 0x10, 0x0, 0x1f, 0xe0, 0x0, 0x0, 0xff,
    0x10, 0x8, 0xfb, 0x0, 0x3, 0xfc, 0x0, 0x0,
    0xf, 0xf1, 0x0, 0xd, 0xf5, 0x0, 0x5f, 0xa0,
    0x0, 0x0, 0xff, 0x10, 0x0, 0x5f, 0xc0, 0x7,
    0xf8, 0x0, 0x0, 0xf, 0xf1, 0x0, 0x0, 0x71,
    0x0, 0xaf, 0x50, 0x0, 0x0, 0xff, 0x10, 0x0,
    0x0, 0x0, 0xd, 0xf2, 0x0, 0x0, 0xf, 0xf1,
    0x0, 0x0, 0x0, 0x1, 0xfe, 0x0, 0x0, 0x0,
    0xff, 0x10, 0x0, 0x0, 0x0, 0x7f, 0xa0, 0x0,
    0x0, 0xf, 0xf1, 0x0, 0x66, 0x0, 0xd, 0xf4,
    0x0, 0x0, 0x0, 0xff, 0x27, 0xef, 0xb0, 0x5,
    0xff, 0x30, 0x0, 0x0, 0xf, 0xff, 0xff, 0xa2,
    0x1, 0xef, 0xfe, 0x30, 0x0, 0x7, 0xff, 0xfa,
    0x20, 0x1, 0xdf, 0xb8, 0xfe, 0x20, 0x1, 0xff,
    0xb2, 0x0, 0x3, 0xdf, 0xd1, 0xa, 0xfe, 0x10,
    0x6, 0x40, 0x0, 0x19, 0xff, 0xd1, 0x0, 0xc,
    0xfc, 0x0, 0x0, 0x0, 0x9, 0xff, 0x90, 0x0,
    0x0, 0x1e, 0xf3, 0x0, 0x0, 0x0, 0x9, 0x30,
    0x0, 0x0, 0x0, 0x32, 0x0,

    /* U+4F1A "会" */
    0x0, 0x0, 0x0, 0x0, 0x3, 0xc5, 0x0, 0x0,
    0x0, 0x0, 0x0, 0x0, 0x0, 0x0, 0x2e, 0xf8,
    0x0, 0x0, 0x0, 0x0, 0x0, 0x0, 0x0, 0x3,
    0xef, 0xfe, 0x40, 0x0, 0x0, 0x0, 0x0, 0x0,
    0x0, 0x5f, 0xf9, 0x4f, 0xf8, 0x0, 0x0, 0x0,
    0x0, 0x0, 0x1a, 0xff, 0x80, 0x2, 0xdf, 0xd4,
    0x0, 0x0, 0x0, 0x7, 0xff, 0xe5, 0x0, 0x0,
    0xa, 0xff, 0xb4, 0x0, 0x8, 0xef, 0xff, 0xdc,
    0xcc, 0xcc, 0xcc, 0xed, 0xff, 0xd3, 0x7, 0xfc,
    0x48, 0xff, 0xff, 0xff, 0xff, 0xf0, 0x6e, 0xb0,
    0x0, 0x40, 0x0, 0x0, 0x0, 0x0, 0x0, 0x0,
    0x0, 0x0, 0x0, 0x0, 0x0, 0x0, 0x0, 0x0,
    0x0, 0x0, 0x0, 0x0, 0x1, 0xee, 0xee, 0xee,
    0xee, 0xee, 0xee, 0xee, 0xee, 0x70, 0x1, 0xff,
    0xff, 0xff, 0xff, 0xff, 0xff, 0xff, 0xff, 0x70,
    0x0, 0x0, 0x0, 0x3f, 0xf6, 0x0, 0x5, 0x20,
    0x0, 0x0, 0x0, 0x0, 0x1, 0xef, 0x90, 0x0,
    0x5f, 0xe2, 0x0, 0x0, 0x0, 0x0, 0x1d, 0xfa,
    0x0, 0x0, 0x6, 0xfe, 0x20, 0x0, 0x0, 0x2,
    0xdf, 0xb2, 0x34, 0x56, 0x78, 0xef, 0xd1, 0x0,
    0x0, 0x2f, 0xff, 0xff, 0xff, 0xff, 0xff, 0xff,
    0xfb, 0x0, 0x0, 0xe, 0xfe, 0xdb, 0xa9, 0x76,
    0x53, 0x22, 0xef, 0x30, 0x0, 0x2, 0x0, 0x0,
    0x0, 0x0, 0x0, 0x0, 0x43, 0x0,

    /* U+4F20 "传" */
    0x0, 0x0, 0x1b, 0x60, 0x0, 0x9, 0x90, 0x0,
    0x0, 0x0, 0x0, 0x0, 0x6f, 0x80, 0x0, 0xf,
    0xd0, 0x0, 0x0, 0x0, 0x0, 0x0, 0xef, 0x2b,
    0xbb, 0xcf, 0xeb, 0xbb, 0xbb, 0x20, 0x0, 0x6,
    0xfa, 0xf, 0xff, 0xff, 0xff, 0xff, 0xff, 0x30,
    0x0, 0x1e, 0xf2, 0x0, 0x0, 0xdf, 0x20, 0x0,
    0x0, 0x0, 0x0, 0xaf, 0xd0, 0x0, 0x1, 0xfd,
    0x0, 0x0, 0x0, 0x0, 0x5, 0xff, 0xd2, 0xcc,
    0xcd, 0xfe, 0xcc, 0xcc, 0xcc, 0xc2, 0x3f, 0xff,
    0xd2, 0xff, 0xff, 0xff, 0xff, 0xff, 0xff, 0xf2,
    0x6f, 0x8f, 0xd0, 0x0, 0xf, 0xf0, 0x0, 0x0,
    0x0, 0x0, 0x8, 0xf, 0xd0, 0x0, 0x4f, 0xb0,
    0x0, 0x0, 0x10, 0x0, 0x0, 0xf, 0xd0, 0x0,
    0x9f, 0xff, 0xff, 0xff, 0xfd, 0x10, 0x0, 0xf,
    0xd0, 0x0, 0xab, 0xbb, 0xbb, 0xbf, 0xf9, 0x0,
    0x0, 0xf, 0xd0, 0x0, 0x0, 0x0, 0x0, 0x9f,
    0xb0, 0x0, 0x0, 0xf, 0xd0, 0x0, 0x0, 0x40,
    0x8, 0xfd, 0x0, 0x0, 0x0, 0xf, 0xd0, 0x0,
    0x7, 0xfd, 0x8f, 0xe1, 0x0, 0x0, 0x0, 0xf,
    0xd0, 0x0, 0x0, 0xaf, 0xff, 0x20, 0x0, 0x0,
    0x0, 0xf, 0xd0, 0x0, 0x0, 0x6, 0xff, 0xb0,
    0x0, 0x0, 0x0, 0xf, 0xd0, 0x0, 0x0, 0x0,
    0x3e, 0xfa, 0x0, 0x0, 0x0, 0xf, 0xd0, 0x0,
    0x0, 0x0, 0x1, 0xc2, 0x0, 0x0, 0x0, 0x0,
    0x0, 0x0, 0x0, 0x0, 0x0, 0x0, 0x0, 0x0,

    /* U+4F46 "但" */
    0x0, 0x0, 0xd, 0x80, 0x0, 0x0, 0x0, 0x0,
    0x0, 0x0, 0x0, 0x0, 0x6f, 0xa3, 0xbb, 0xbb,
    0xbb, 0xbb, 0xb7, 0x0, 0x0, 0x0, 0xdf, 0x35,
    0xff, 0xff, 0xff, 0xff, 0xfa, 0x0, 0x0, 0x5,
    0xfb, 0x5, 0xfa, 0x0, 0x0, 0x6, 0xfa, 0x0,
    0x0, 0xd, 0xf4, 0x5, 0xfa, 0x0, 0x0, 0x6,
    0xfa, 0x0, 0x0, 0x8f, 0xf1, 0x5, 0xfa, 0x0,
    0x0, 0x6, 0xfa, 0x0, 0x3, 0xff, 0xf1, 0x5,
    0xfa, 0x0, 0x0, 0x6, 0xfa, 0x0, 0x1e, 0xff,
    0xf1, 0x5, 0xff, 0xff, 0xff, 0xff, 0xfa, 0x0,
    0x5f, 0xcc, 0xf1, 0x5, 0xfe, 0xbb, 0xbb, 0xbd,
    0xfa, 0x0, 0xa, 0x1c, 0xf1, 0x5, 0xfa, 0x0,
    0x0, 0x6, 0xfa, 0x0, 0x0, 0xc, 0xf1, 0x5,
    0xfa, 0x0, 0x0, 0x6, 0xfa, 0x0, 0x0, 0xc,
    0xf1, 0x5, 0xfa, 0x0, 0x0, 0x6, 0xfa, 0x0,
    0x0, 0xc, 0xf1, 0x5, 0xff, 0xff, 0xff, 0xff,
    0xfa, 0x0, 0x0, 0xc, 0xf1, 0x4, 0xcc, 0xcc,
    0xcc, 0xcc, 0xc8, 0x0, 0x0, 0xc, 0xf1, 0x0,
    0x0, 0x0, 0x0, 0x0, 0x0, 0x0, 0x0, 0xc,
    0xf1, 0x0, 0x0, 0x0, 0x0, 0x0, 0x0, 0x0,
    0x0, 0xc, 0xf1, 0xcd, 0xdd, 0xdd, 0xdd, 0xdd,
    0xdd, 0xd2, 0x0, 0xc, 0xf1, 0xef, 0xff, 0xff,
    0xff, 0xff, 0xff, 0xf3, 0x0, 0xc, 0xf1, 0x0,
    0x0, 0x0, 0x0, 0x0, 0x0, 0x0,

    /* U+4F4D "位" */
    0x0, 0x0, 0x6, 0x30, 0x0, 0x7, 0xc0, 0x0,
    0x0, 0x0, 0x0, 0x2, 0xfd, 0x0, 0x0, 0xaf,
    0x50, 0x0, 0x0, 0x0, 0x0, 0xaf, 0x60, 0x0,
    0x5, 0xfa, 0x0, 0x0, 0x0, 0x0, 0x2f, 0xe0,
    0x12, 0x22, 0x3c, 0x72, 0x22, 0x20, 0x0, 0xb,
    0xf7, 0xd, 0xff, 0xff, 0xff, 0xff, 0xff, 0x20,
    0x5, 0xff, 0x10, 0x9b, 0xbb, 0xbb, 0xbb, 0xbb,
    0xb1, 0x2, 0xff, 0xf1, 0x0, 0x3, 0x0, 0x0,
    0x5, 0x40, 0x1, 0xdf, 0xff, 0x10, 0x8, 0xf5,
    0x0, 0x0, 0xff, 0x0, 0x4f, 0xcd, 0xf1, 0x0,
    0x4f, 0x80, 0x0, 0x1f, 0xd0, 0x0, 0xa1, 0xdf,
    0x10, 0x2, 0xfb, 0x0, 0x4, 0xfa, 0x0, 0x0,
    0xd, 0xf1, 0x0, 0xf, 0xe0, 0x0, 0x7f, 0x70,
    0x0, 0x0, 0xdf, 0x10, 0x0, 0xcf, 0x10, 0x9,
    0xf3, 0x0, 0x0, 0xd, 0xf1, 0x0, 0xa, 0xf4,
    0x0, 0xdf, 0x0, 0x0, 0x0, 0xdf, 0x10, 0x0,
    0x8f, 0x60, 0xf, 0xc0, 0x0, 0x0, 0xd, 0xf1,
    0x0, 0x6, 0xf7, 0x4, 0xf8, 0x0, 0x0, 0x0,
    0xdf, 0x10, 0x0, 0x11, 0x0, 0x8f, 0x40, 0x0,
    0x0, 0xd, 0xf1, 0xaf, 0xff, 0xff, 0xff, 0xff,
    0xff, 0xe0, 0x0, 0xdf, 0x19, 0xdd, 0xdd, 0xdd,
    0xdd, 0xdd, 0xdc, 0x0, 0xd, 0xf1, 0x0, 0x0,
    0x0, 0x0, 0x0, 0x0, 0x0,

    /* U+4F4E "低" */
    0x0, 0x0, 0x7, 0x20, 0x0, 0x0, 0x0, 0x1,
    0x64, 0x0, 0x0, 0x0, 0x5f, 0xa0, 0x0, 0x2,
    0x69, 0xdf, 0xff, 0x40, 0x0, 0x0, 0xcf, 0x32,
    0xac, 0xff, 0xff, 0xfc, 0x83, 0x0, 0x0, 0x3,
    0xfc, 0x5, 0xfe, 0xc9, 0x6f, 0xe0, 0x0, 0x0,
    0x0, 0xb, 0xf5, 0x5, 0xf7, 0x0, 0xe, 0xe0,
    0x0, 0x0, 0x0, 0x5f, 0xf1, 0x5, 0xf7, 0x0,
    0xd, 0xf0, 0x0, 0x0, 0x1, 0xef, 0xf1, 0x5,
    0xf7, 0x0, 0xc, 0xf0, 0x0, 0x0, 0xb, 0xff,
    0xf1, 0x5, 0xf8, 0x11, 0x1b, 0xf2, 0x11, 0x10,
    0x5f, 0xed, 0xf1, 0x5, 0xff, 0xff, 0xff, 0xff,
    0xff, 0xf4, 0x1e, 0x4c, 0xf1, 0x5, 0xfd, 0xaa,
    0xad, 0xfc, 0xaa, 0xa3, 0x2, 0xc, 0xf1, 0x5,
    0xf7, 0x0, 0x6, 0xf6, 0x0, 0x0, 0x0, 0xc,
    0xf1, 0x5, 0xf7, 0x0, 0x4, 0xf9, 0x0, 0x0,
    0x0, 0xc, 0xf1, 0x5, 0xf7, 0x0, 0x1, 0xfb,
    0x0, 0x0, 0x0, 0xc, 0xf1, 0x5, 0xf7, 0x0,
    0x0, 0xef, 0x0, 0x0, 0x0, 0xc, 0xf1, 0x5,
    0xf7, 0x3, 0xa1, 0xaf, 0x30, 0xa3, 0x0, 0xc,
    0xf1, 0x5, 0xf7, 0x1, 0xf7, 0x6f, 0x90, 0xe9,
    0x0, 0xc, 0xf1, 0x5, 0xfb, 0xac, 0xae, 0x1f,
    0xf8, 0xf6, 0x0, 0xc, 0xf1, 0x2e, 0xff, 0xfc,
    0x3f, 0x57, 0xff, 0xf1, 0x0, 0xc, 0xf1, 0xd,
    0xa5, 0x0, 0x8, 0x30, 0x8d, 0x50, 0x0, 0x0,
    0x0, 0x0, 0x0, 0x0, 0x0, 0x0, 0x0, 0x0,

    /* U+4F4F "住" */
    0x0, 0x0, 0x6, 0x40, 0x0, 0x6, 0x90, 0x0,
    0x0, 0x0, 0x0, 0x0, 0x2f, 0xe0, 0x0, 0xb,
    0xf6, 0x0, 0x0, 0x0, 0x0, 0x0, 0x9f, 0x70,
    0x0, 0x3, 0xfe, 0x0, 0x0, 0x0, 0x0, 0x2,
    0xff, 0x10, 0x0, 0x0, 0xcb, 0x10, 0x0, 0x0,
    0x0, 0xb, 0xf8, 0x2d, 0xdd, 0xdd, 0xed, 0xdd,
    0xdd, 0xd0, 0x0, 0x5f, 0xf2, 0x3f, 0xff, 0xff,
    0xff, 0xff, 0xff, 0xf0, 0x2, 0xff, 0xf1, 0x0,
    0x0, 0x1, 0xfd, 0x0, 0x0, 0x0, 0x1d, 0xff,
    0xf1, 0x0, 0x0, 0x1, 0xfd, 0x0, 0x0, 0x0,
    0x4f, 0xde, 0xf1, 0x0, 0x0, 0x1, 0xfd, 0x0,
    0x0, 0x0, 0xa, 0x2d, 0xf1, 0x0, 0x0, 0x2,
    0xfd, 0x0, 0x0, 0x0, 0x0, 0xd, 0xf1, 0x8,
    0xff, 0xff, 0xff, 0xff, 0xff, 0x60, 0x0, 0xd,
    0xf1, 0x6, 0xbb, 0xbc, 0xff, 0xbb, 0xbb, 0x40,
    0x0, 0xd, 0xf1, 0x0, 0x0, 0x1, 0xfd, 0x0,
    0x0, 0x0, 0x0, 0xd, 0xf1, 0x0, 0x0, 0x1,
    0xfd, 0x0, 0x0, 0x0, 0x0, 0xd, 0xf1, 0x0,
    0x0, 0x1, 0xfd, 0x0, 0x0, 0x0, 0x0, 0xd,
    0xf1, 0x0, 0x0, 0x1, 0xfd, 0x0, 0x0, 0x0,
    0x0, 0xd, 0xf1, 0xaf, 0xff, 0xff, 0xff, 0xff,
    0xff, 0xf4, 0x0, 0xd, 0xf1, 0x9d, 0xdd, 0xdd,
    0xdd, 0xdd, 0xdd, 0xd3, 0x0, 0xd, 0xf1, 0x0,
    0x0, 0x0, 0x0, 0x0, 0x0, 0x0,

    /* U+4F53 "体" */
    0x0, 0x0, 0x68, 0x10, 0x0, 0x9, 0xc1, 0x0,
    0x0, 0x0, 0x0, 0x0, 0xdf, 0x10, 0x0, 0xb,
    0xf2, 0x0, 0x0, 0x0, 0x0, 0x4, 0xfa, 0x0,
    0x0, 0xb, 0xf2, 0x0, 0x0, 0x0, 0x0, 0xb,
    0xf4, 0x0, 0x0, 0xc, 0xf2, 0x0, 0x0, 0x0,
    0x0, 0x3f, 0xe2, 0xff, 0xff, 0xff, 0xff, 0xff,
    0xff, 0xe0, 0x0, 0xcf, 0xd1, 0xcc, 0xcc, 0xff,
    0xff, 0xdc, 0xcc, 0xb0, 0x6, 0xff, 0xd0, 0x0,
    0x0, 0xff, 0xff, 0x70, 0x0, 0x0, 0x3f, 0xff,
    0xd0, 0x0, 0x6, 0xfe, 0xfe, 0xd0, 0x0, 0x0,
    0x3f, 0x8f, 0xd0, 0x0, 0xd, 0xcb, 0xf8, 0xf5,
    0x0, 0x0, 0x7, 0xf, 0xd0, 0x0, 0x6f, 0x5b,
    0xf2, 0xed, 0x0, 0x0, 0x0, 0xf, 0xd0, 0x1,
    0xed, 0xb, 0xf2, 0x7f, 0x70, 0x0, 0x0, 0xf,
    0xd0, 0xa, 0xf5, 0xb, 0xf2, 0xe, 0xf2, 0x0,
    0x0, 0xf, 0xd0, 0x6f, 0xb0, 0xb, 0xf2, 0x5,
    0xfd, 0x10, 0x0, 0xf, 0xd5, 0xff, 0xaa, 0xae,
    0xfb, 0xaa, 0xcf, 0xc1, 0x0, 0xf, 0xd7, 0xf5,
    0xbf, 0xff, 0xff, 0xff, 0x2d, 0xc0, 0x0, 0xf,
    0xd0, 0x40, 0x0, 0xc, 0xf2, 0x0, 0x2, 0x10,
    0x0, 0xf, 0xd0, 0x0, 0x0, 0xb, 0xf2, 0x0,
    0x0, 0x0, 0x0, 0xf, 0xd0, 0x0, 0x0, 0xb,
    0xf2, 0x0, 0x0, 0x0, 0x0, 0xf, 0xd0, 0x0,
    0x0, 0xa, 0xe1, 0x0, 0x0, 0x0,

    /* U+4F59 "余" */
    0x0, 0x0, 0x0, 0x0, 0x0, 0x0, 0x0, 0x0,
    0x0, 0x0, 0x0, 0x0, 0x0, 0x0, 0x7, 0xc2,
    0x0, 0x0, 0x0, 0x0, 0x0, 0x0, 0x0, 0x0,
    0x6f, 0xf7, 0x0, 0x0, 0x0, 0x0, 0x0, 0x0,
    0x0, 0x8, 0xfd, 0xdf, 0x80, 0x0, 0x0, 0x0,
    0x0, 0x0, 0x1, 0xbf, 0xd1, 0x1d, 0xfb, 0x10,
    0x0, 0x0, 0x0, 0x0, 0x5e, 0xfa, 0x0, 0x1,
    0xbf, 0xf6, 0x0, 0x0, 0x0, 0x2b, 0xff, 0x70,
    0x0, 0x0, 0x7, 0xff, 0xd6, 0x0, 0x2a, 0xff,
    0xee, 0xcc, 0xcc, 0xcc, 0xcc, 0xec, 0xff, 0xe4,
    0x1e, 0xe6, 0x3f, 0xff, 0xff, 0xff, 0xff, 0xf2,
    0x4c, 0xc0, 0x2, 0x0, 0x0, 0x0, 0xf, 0xf1,
    0x0, 0x0, 0x0, 0x0, 0x0, 0x0, 0x0, 0x0,
    0xf, 0xf1, 0x0, 0x0, 0x0, 0x0, 0x0, 0xdd,
    0xdd, 0xdd, 0xdf, 0xfd, 0xdd, 0xdd, 0xdd, 0x20,
    0x0, 0xff, 0xff, 0xff, 0xff, 0xff, 0xff, 0xff,
    0xff, 0x30, 0x0, 0x0, 0x0, 0x0, 0xf, 0xf1,
    0x0, 0x0, 0x0, 0x0, 0x0, 0x0, 0x2d, 0x70,
    0xf, 0xf1, 0x8, 0xd2, 0x0, 0x0, 0x0, 0x1,
    0xef, 0x60, 0xf, 0xf1, 0x9, 0xfe, 0x20, 0x0,
    0x0, 0x2e, 0xf8, 0x0, 0xf, 0xf1, 0x0, 0x8f,
    0xe2, 0x0, 0x5, 0xff, 0x80, 0x0, 0xf, 0xf1,
    0x0, 0x8, 0xfe, 0x20, 0x6, 0xf7, 0x0, 0x9c,
    0xdf, 0xf0, 0x0, 0x0, 0xad, 0x30, 0x0, 0x10,
    0x0, 0x5f, 0xfd, 0x50, 0x0, 0x0, 0x0, 0x0,

    /* U+4F60 "你" */
    0x0, 0x0, 0x7, 0x20, 0x7, 0x40, 0x0, 0x0,
    0x0, 0x0, 0x0, 0x0, 0x6f, 0x90, 0x1f, 0xd0,
    0x0, 0x0, 0x0, 0x0, 0x0, 0x0, 0xdf, 0x20,
    0x6f, 0x90, 0x0, 0x0, 0x0, 0x0, 0x0, 0x5,
    0xfb, 0x0, 0xcf, 0x30, 0x0, 0x0, 0x0, 0x0,
    0x0, 0xe, 0xf3, 0x2, 0xff, 0xee, 0xee, 0xee,
    0xef, 0xe2, 0x0, 0x8f, 0xd0, 0xa, 0xfe, 0xdd,
    0xff, 0xdd, 0xdf, 0xf1, 0x4, 0xff, 0xd0, 0x3f,
    0xe0, 0x0, 0xfe, 0x0, 0xe, 0xe0, 0x2e, 0xff,
    0xd0, 0xdf, 0x70, 0x0, 0xfe, 0x0, 0xf, 0xb0,
    0x8f, 0xaf, 0xd0, 0x6c, 0x0, 0x0, 0xfe, 0x0,
    0x19, 0x50, 0x1c, 0xf, 0xd0, 0x0, 0x4b, 0x50,
    0xfe, 0x9, 0xe1, 0x0, 0x0, 0xf, 0xd0, 0x0,
    0x9f, 0x50, 0xfe, 0x7, 0xf7, 0x0, 0x0, 0xf,
    0xd0, 0x0, 0xef, 0x0, 0xfe, 0x1, 0xfe, 0x0,
    0x0, 0xf, 0xd0, 0x5, 0xfa, 0x0, 0xfe, 0x0,
    0xbf, 0x40, 0x0, 0xf, 0xd0, 0xc, 0xf4, 0x0,
    0xfe, 0x0, 0x6f, 0x90, 0x0, 0xf, 0xd0, 0x5f,
    0xc0, 0x0, 0xfe, 0x0, 0x1f, 0xd0, 0x0, 0xf,
    0xd0, 0x6f, 0x40, 0x0, 0xfe, 0x0, 0xd, 0xc0,
    0x0, 0xf, 0xd0, 0x1, 0x0, 0x0, 0xfe, 0x0,
    0x1, 0x0, 0x0, 0xf, 0xd0, 0x0, 0x2, 0xee,
    0xfd, 0x0, 0x0, 0x0, 0x0, 0xe, 0xc0, 0x0,
    0x0, 0xdf, 0xc4, 0x0, 0x0, 0x0,

    /* U+4F9B "供" */
    0x0, 0x0, 0xb, 0x60, 0x9, 0xb0, 0x0, 0x8b,
    0x10, 0x0, 0x0, 0x0, 0x6f, 0x90, 0xd, 0xf0,
    0x0, 0xbf, 0x10, 0x0, 0x0, 0x0, 0xdf, 0x30,
    0xd, 0xf0, 0x0, 0xbf, 0x10, 0x0, 0x0, 0x6,
    0xfb, 0x0, 0xd, 0xf0, 0x0, 0xbf, 0x10, 0x0,
    0x0, 0x1e, 0xf3, 0x3c, 0xcf, 0xfc, 0xcc, 0xff,
    0xcc, 0xa0, 0x0, 0x9f, 0xf0, 0x4f, 0xff, 0xff,
    0xff, 0xff, 0xff, 0xd0, 0x5, 0xff, 0xf0, 0x0,
    0xd, 0xf1, 0x0, 0xcf, 0x20, 0x0, 0x3f, 0xff,
    0xf0, 0x0, 0xd, 0xf0, 0x0, 0xbf, 0x10, 0x0,
    0x5f, 0xbf, 0xf0, 0x0, 0xd, 0xf0, 0x0, 0xbf,
    0x10, 0x0, 0xa, 0x1f, 0xf0, 0x0, 0xd, 0xf0,
    0x0, 0xbf, 0x10, 0x0, 0x0, 0xf, 0xf0, 0x23,
    0x3e, 0xf3, 0x33, 0xcf, 0x43, 0x30, 0x0, 0xf,
    0xf0, 0xbf, 0xff, 0xff, 0xff, 0xff, 0xff, 0xf1,
    0x0, 0xf, 0xf0, 0x7a, 0xaa, 0xaa, 0xaa, 0xaa,
    0xaa, 0xa0, 0x0, 0xf, 0xf0, 0x0, 0x2, 0x10,
    0x0, 0x2, 0x0, 0x0, 0x0, 0xf, 0xf0, 0x0,
    0xd, 0xf2, 0x0, 0xcf, 0x30, 0x0, 0x0, 0xf,
    0xf0, 0x0, 0xaf, 0x90, 0x0, 0x4f, 0xe2, 0x0,
    0x0, 0xf, 0xf0, 0x9, 0xfc, 0x0, 0x0, 0x6,
    0xfd, 0x0, 0x0, 0xf, 0xf0, 0x9f, 0xe1, 0x0,
    0x0, 0x0, 0xaf, 0x90, 0x0, 0xf, 0xf0, 0x2b,
    0x20, 0x0, 0x0, 0x0, 0x1c, 0x30, 0x0, 0x0,
    0x0, 0x0, 0x0, 0x0, 0x0, 0x0, 0x0, 0x0,

    /* U+4FA7 "侧" */
    0x0, 0x6, 0xa1, 0x0, 0x0, 0x0, 0x0, 0x0,
    0xb, 0x50, 0x0, 0xcf, 0x3a, 0xaa, 0xaa, 0xa6,
    0x0, 0x1, 0xf8, 0x0, 0x1f, 0xa5, 0xfc, 0xbb,
    0xbf, 0xa0, 0xf8, 0x1f, 0x80, 0x6, 0xf5, 0x5f,
    0x20, 0x10, 0xea, 0xf, 0x81, 0xf8, 0x0, 0xbf,
    0x25, 0xf2, 0x7e, 0xe, 0xa0, 0xf8, 0x1f, 0x80,
    0x2f, 0xf1, 0x5f, 0x27, 0xe0, 0xea, 0xf, 0x81,
    0xf8, 0xa, 0xff, 0x15, 0xf2, 0x7e, 0xe, 0xa0,
    0xf8, 0x1f, 0x83, 0xff, 0xf1, 0x5f, 0x27, 0xe0,
    0xea, 0xf, 0x81, 0xf8, 0x5f, 0xaf, 0x15, 0xf2,
    0x7e, 0xe, 0xa0, 0xf8, 0x1f, 0x80, 0x77, 0xf1,
    0x5f, 0x27, 0xe0, 0xea, 0xf, 0x81, 0xf8, 0x0,
    0x7f, 0x15, 0xf2, 0x7e, 0xe, 0xa0, 0xf8, 0x1f,
    0x80, 0x7, 0xf1, 0x5f, 0x27, 0xe0, 0xea, 0xf,
    0x81, 0xf8, 0x0, 0x7f, 0x15, 0xf2, 0x8d, 0xe,
    0xa0, 0xf8, 0x1f, 0x80, 0x7, 0xf1, 0x5f, 0x2a,
    0xc0, 0xea, 0xf, 0x81, 0xf8, 0x0, 0x7f, 0x10,
    0x10, 0xe9, 0x50, 0x0, 0x21, 0x1f, 0x80, 0x7,
    0xf1, 0x0, 0x6f, 0x8f, 0x60, 0x0, 0x1, 0xf8,
    0x0, 0x7f, 0x10, 0x2e, 0xb0, 0x9f, 0x20, 0x0,
    0x1f, 0x80, 0x7, 0xf1, 0x4e, 0xe1, 0x0, 0xdc,
    0x2, 0x9a, 0xf7, 0x0, 0x7f, 0x16, 0xc1, 0x0,
    0x4, 0x70, 0xf, 0xfc, 0x10, 0x0, 0x0, 0x0,
    0x0, 0x0, 0x0, 0x0, 0x0, 0x0,

    /* U+4FDD "保" */
    0x0, 0x0, 0x9, 0x81, 0x0, 0x0, 0x0, 0x0,
    0x0, 0x0, 0x0, 0x0, 0x2f, 0xe2, 0xff, 0xff,
    0xff, 0xff, 0xff, 0x0, 0x0, 0x0, 0xaf, 0x72,
    0xfe, 0xbb, 0xbb, 0xbb, 0xff, 0x0, 0x0, 0x3,
    0xfe, 0x2, 0xf9, 0x0, 0x0, 0x0, 0xdf, 0x0,
    0x0, 0xc, 0xf7, 0x2, 0xf9, 0x0, 0x0, 0x0,
    0xdf, 0x0, 0x0, 0x8f, 0xf1, 0x2, 0xfa, 0x11,
    0x11, 0x11, 0xdf, 0x0, 0x4, 0xff, 0xf1, 0x2,
    0xff, 0xff, 0xff, 0xff, 0xff, 0x0, 0x3f, 0xff,
    0xf1, 0x1, 0xaa, 0xaa, 0xff, 0xaa, 0xaa, 0x0,
    0x4f, 0xbb, 0xf1, 0x0, 0x0, 0x1, 0xfd, 0x0,
    0x0, 0x0, 0x9, 0xb, 0xf1, 0x0, 0x0, 0x2,
    0xfd, 0x0, 0x0, 0x0, 0x0, 0xb, 0xf1, 0xaf,
    0xff, 0xff, 0xff, 0xff, 0xff, 0xf4, 0x0, 0xb,
    0xf1, 0x7b, 0xbb, 0xcf, 0xff, 0xfb, 0xbb, 0xb2,
    0x0, 0xb, 0xf1, 0x0, 0x0, 0xaf, 0xff, 0xf6,
    0x0, 0x0, 0x0, 0xb, 0xf1, 0x0, 0x8, 0xfb,
    0xfd, 0xdf, 0x30, 0x0, 0x0, 0xb, 0xf1, 0x0,
    0x7f, 0xd2, 0xfd, 0x3f, 0xe3, 0x0, 0x0, 0xb,
    0xf1, 0x9, 0xfe, 0x21, 0xfd, 0x6, 0xff, 0x40,
    0x0, 0xb, 0xf3, 0xdf, 0xe3, 0x1, 0xfd, 0x0,
    0x8f, 0xf7, 0x0, 0xb, 0xf1, 0x7c, 0x20, 0x1,
    0xfd, 0x0, 0x8, 0xd1, 0x0, 0xb, 0xf1, 0x0,
    0x0, 0x1, 0xfd, 0x0, 0x0, 0x0,

    /* U+5019 "候" */
    0x0, 0x0, 0x68, 0x10, 0x0, 0x0, 0x0, 0x0,
    0x0, 0x0, 0x0, 0x0, 0xcf, 0x10, 0xa, 0xff,
    0xff, 0xff, 0xf9, 0x0, 0x0, 0x2, 0xfc, 0x0,
    0x6, 0x99, 0x99, 0x9b, 0xf8, 0x0, 0x0, 0x8,
    0xf6, 0x0, 0x0, 0x0, 0x0, 0x6, 0xf6, 0x0,
    0x0, 0x1f, 0xe0, 0x75, 0x12, 0x22, 0x22, 0x29,
    0xf6, 0x20, 0x0, 0x8f, 0xb0, 0xeb, 0xaf, 0xff,
    0xff, 0xff, 0xff, 0xf4, 0x1, 0xff, 0xb0, 0xeb,
    0x35, 0xac, 0x65, 0x55, 0x55, 0x51, 0xb, 0xff,
    0xb0, 0xeb, 0x0, 0xdf, 0x10, 0x0, 0x0, 0x0,
    0x1f, 0xef, 0xb0, 0xeb, 0x4, 0xff, 0xff, 0xff,
    0xff, 0xa0, 0x9, 0x5f, 0xb0, 0xeb, 0xd, 0xfb,
    0xaf, 0xfa, 0xaa, 0x70, 0x0, 0x1f, 0xb0, 0xeb,
    0x9f, 0x80, 0xf, 0xd0, 0x0, 0x0, 0x0, 0x1f,
    0xb0, 0xeb, 0x18, 0x0, 0xf, 0xd0, 0x0, 0x0,
    0x0, 0x1f, 0xb0, 0xeb, 0x9f, 0xff, 0xff, 0xff,
    0xff, 0xf4, 0x0, 0x1f, 0xb0, 0xeb, 0x7b, 0xbb,
    0xdf, 0xfc, 0xbb, 0xb3, 0x0, 0x1f, 0xb0, 0xeb,
    0x0, 0x0, 0xaf, 0xf7, 0x0, 0x0, 0x0, 0x1f,
    0xb0, 0x0, 0x0, 0x7, 0xfc, 0xdf, 0x40, 0x0,
    0x0, 0x1f, 0xb0, 0x0, 0x1, 0xaf, 0xd1, 0x3f,
    0xf9, 0x10, 0x0, 0x1f, 0xb0, 0x1, 0xaf, 0xfa,
    0x10, 0x3, 0xef, 0xf5, 0x0, 0x1f, 0xb0, 0x0,
    0x8b, 0x40, 0x0, 0x0, 0x7, 0xa0,

    /* U+503E "倾" */
    0x0, 0x0, 0x96, 0x0, 0x0, 0x0, 0x0, 0x0,
    0x0, 0x0, 0x0, 0x2, 0xfb, 0x0, 0x0, 0x9a,
    0xaa, 0xaa, 0xaa, 0xa4, 0x0, 0x7, 0xf5, 0x79,
    0x0, 0xef, 0xff, 0xff, 0xff, 0xf5, 0x0, 0xe,
    0xf0, 0xbe, 0x0, 0x0, 0x4, 0xf9, 0x0, 0x0,
    0x0, 0x5f, 0xb0, 0xbe, 0x0, 0x4, 0x4a, 0xf6,
    0x44, 0x20, 0x0, 0xdf, 0xa0, 0xbe, 0x0, 0xf,
    0xff, 0xff, 0xff, 0x80, 0x7, 0xff, 0xa0, 0xbf,
    0xff, 0x4f, 0xc5, 0x55, 0x7f, 0x80, 0x2f, 0xff,
    0xa0, 0xbf, 0xaa, 0x2f, 0x91, 0xc5, 0x2f, 0x80,
    0x4f, 0x8f, 0xa0, 0xbe, 0x0, 0xf, 0x91, 0xf6,
    0x2f, 0x80, 0x9, 0x1f, 0xa0, 0xbe, 0x0, 0xf,
    0x91, 0xf6, 0x2f, 0x80, 0x0, 0x1f, 0xa0, 0xbe,
    0x0, 0xf, 0x91, 0xf6, 0x2f, 0x80, 0x0, 0x1f,
    0xa0, 0xbe, 0x0, 0xf, 0x91, 0xf6, 0x2f, 0x80,
    0x0, 0x1f, 0xa0, 0xbf, 0x8f, 0x1f, 0x92, 0xf5,
    0x2f, 0x80, 0x0, 0x1f, 0xa0, 0xef, 0xfc, 0xf,
    0x95, 0xf4, 0x2f, 0x80, 0x0, 0x1f, 0xa1, 0xfd,
    0x50, 0x3, 0x1b, 0xf3, 0x12, 0x10, 0x0, 0x1f,
    0xa0, 0x60, 0x0, 0x0, 0x4f, 0xae, 0xe3, 0x0,
    0x0, 0x1f, 0xa0, 0x0, 0x0, 0x4, 0xfe, 0x14,
    0xff, 0x50, 0x0, 0x1f, 0xa0, 0x0, 0x1, 0x9f,
    0xe3, 0x0, 0x2e, 0xf3, 0x0, 0x1f, 0xa0, 0x0,
    0x0, 0xc9, 0x10, 0x0, 0x1, 0xa0, 0x0, 0x0,
    0x0, 0x0, 0x0, 0x0, 0x0, 0x0, 0x0, 0x0,

    /* U+505C "停" */
    0x0, 0x0, 0x0, 0x0, 0x0, 0x0, 0x10, 0x0,
    0x0, 0x0, 0x0, 0x0, 0x3e, 0x50, 0x0, 0x5,
    0xf8, 0x0, 0x0, 0x0, 0x0, 0x0, 0x9f, 0x86,
    0x66, 0x67, 0xff, 0x76, 0x66, 0x61, 0x0, 0x1,
    0xfe, 0x9f, 0xff, 0xff, 0xff, 0xff, 0xff, 0xf4,
    0x0, 0x8, 0xf7, 0x12, 0x22, 0x22, 0x22, 0x22,
    0x22, 0x20, 0x0, 0x1f, 0xe0, 0x1, 0xee, 0xee,
    0xee, 0xee, 0xea, 0x0, 0x0, 0xaf, 0xb0, 0x1,
    0xfd, 0x66, 0x66, 0x67, 0xfc, 0x0, 0x5, 0xff,
    0xb0, 0x1, 0xfc, 0x0, 0x0, 0x1, 0xfc, 0x0,
    0x2f, 0xff, 0xb0, 0x1, 0xff, 0xff, 0xff, 0xff,
    0xfc, 0x0, 0x2f, 0xaf, 0xb0, 0x0, 0x55, 0x55,
    0x55, 0x55, 0x54, 0x0, 0x6, 0x1f, 0xb0, 0x89,
    0x99, 0x99, 0x99, 0x99, 0x99, 0x93, 0x0, 0xf,
    0xb0, 0xef, 0xff, 0xff, 0xff, 0xff, 0xff, 0xf5,
    0x0, 0xf, 0xb0, 0xeb, 0x0, 0x0, 0x0, 0x0,
    0x5, 0xf5, 0x0, 0xf, 0xb0, 0xc9, 0x8b, 0xbb,
    0xbb, 0xbb, 0xb8, 0xd4, 0x0, 0xf, 0xb0, 0x0,
    0xad, 0xdd, 0xff, 0xdd, 0xd4, 0x0, 0x0, 0xf,
    0xb0, 0x0, 0x0, 0x1, 0xfd, 0x0, 0x0, 0x0,
    0x0, 0xf, 0xb0, 0x0, 0x0, 0x1, 0xfd, 0x0,
    0x0, 0x0, 0x0, 0xf, 0xb0, 0x0, 0x0, 0x1,
    0xfd, 0x0, 0x0, 0x0, 0x0, 0xf, 0xb0, 0x0,
    0x8, 0x9a, 0xfc, 0x0, 0x0, 0x0, 0x0, 0xf,
    0xb0, 0x0, 0x9, 0xff, 0xe5, 0x0, 0x0, 0x0,
    0x0, 0x1, 0x0, 0x0, 0x0, 0x0, 0x0, 0x0,
    0x0, 0x0,

    /* U+5145 "充" */
    0x0, 0x0, 0x0, 0x0, 0x0, 0x0, 0x0, 0x0,
    0x0, 0x0, 0x0, 0x0, 0x0, 0x4c, 0xa0, 0x0,
    0x0, 0x0, 0x0, 0x0, 0x0, 0x0, 0x1, 0xef,
    0x50, 0x0, 0x0, 0x0, 0x0, 0x0, 0x0, 0x0,
    0x7, 0xfa, 0x0, 0x0, 0x0, 0x0, 0x6c, 0xcc,
    0xcc, 0xcc, 0xde, 0xcc, 0xcc, 0xcc, 0xcb, 0x8,
    0xff, 0xff, 0xff, 0xff, 0xff, 0xff, 0xff, 0xff,
    0xe0, 0x0, 0x0, 0x1d, 0xfb, 0x0, 0x1, 0x71,
    0x0, 0x0, 0x0, 0x0, 0xa, 0xfc, 0x0, 0x0,
    0xaf, 0xc1, 0x0, 0x0, 0x0, 0x9, 0xfd, 0x10,
    0x0, 0x0, 0xaf, 0xe2, 0x0, 0x0, 0x9, 0xff,
    0x87, 0x89, 0x9a, 0xbb, 0xff, 0xe3, 0x0, 0x7,
    0xff, 0xff, 0xff, 0xff, 0xff, 0xff, 0xff, 0xe2,
    0x0, 0x1c, 0x87, 0xaf, 0xc3, 0x2b, 0xf7, 0x0,
    0xcf, 0x50, 0x0, 0x0, 0x8, 0xf9, 0x0, 0xaf,
    0x70, 0x1, 0x20, 0x0, 0x0, 0x0, 0xaf, 0x60,
    0xa, 0xf7, 0x0, 0x0, 0x0, 0x0, 0x0, 0xe,
    0xf3, 0x0, 0xaf, 0x70, 0x0, 0x10, 0x0, 0x0,
    0x5, 0xfe, 0x0, 0xa, 0xf7, 0x0, 0x5, 0xe4,
    0x0, 0x2, 0xef, 0x70, 0x0, 0xaf, 0x70, 0x0,
    0x6f, 0x60, 0x4, 0xef, 0xc0, 0x0, 0xa, 0xf7,
    0x0, 0x9, 0xf4, 0x4c, 0xff, 0xc1, 0x0, 0x0,
    0x7f, 0xfd, 0xdd, 0xff, 0x14, 0xfe, 0x70, 0x0,
    0x0, 0x1, 0xbf, 0xff, 0xfe, 0x60, 0x4, 0x0,
    0x0, 0x0, 0x0, 0x0, 0x0, 0x0, 0x0, 0x0,

    /* U+5148 "先" */
    0x0, 0x0, 0x25, 0x10, 0xd, 0xe0, 0x0, 0x0,
    0x0, 0x0, 0x0, 0x0, 0x9f, 0x60, 0xf, 0xf0,
    0x0, 0x0, 0x0, 0x0, 0x0, 0x0, 0xef, 0x10,
    0xf, 0xf0, 0x0, 0x0, 0x0, 0x0, 0x0, 0x4,
    0xff, 0xff, 0xff, 0xff, 0xff, 0xff, 0xf5, 0x0,
    0x0, 0xa, 0xfe, 0xdd, 0xdf, 0xfd, 0xdd, 0xdd,
    0xd5, 0x0, 0x0, 0x3f, 0xe0, 0x0, 0xf, 0xf0,
    0x0, 0x0, 0x0, 0x0, 0x0, 0xcf, 0x60, 0x0,
    0xf, 0xf0, 0x0, 0x0, 0x0, 0x0, 0x0, 0x39,
    0x0, 0x0, 0xf, 0xf0, 0x0, 0x0, 0x0, 0x0,
    0x5, 0x66, 0x66, 0x66, 0x6f, 0xf6, 0x66, 0x66,
    0x66, 0x50, 0xd, 0xff, 0xff, 0xff, 0xff, 0xff,
    0xff, 0xff, 0xff, 0xe0, 0x6, 0x77, 0x77, 0xef,
    0x87, 0x7b, 0xfb, 0x77, 0x77, 0x60, 0x0, 0x0,
    0x0, 0xff, 0x0, 0x6, 0xf7, 0x0, 0x0, 0x0,
    0x0, 0x0, 0x2, 0xfd, 0x0, 0x6, 0xf7, 0x0,
    0x0, 0x0, 0x0, 0x0, 0x7, 0xf9, 0x0, 0x6,
    0xf7, 0x0, 0x0, 0x0, 0x0, 0x0, 0xd, 0xf4,
    0x0, 0x6, 0xf7, 0x0, 0x7, 0x50, 0x0, 0x0,
    0x8f, 0xd0, 0x0, 0x6, 0xf7, 0x0, 0xa, 0xf0,
    0x0, 0x9, 0xff, 0x30, 0x0, 0x6, 0xf8, 0x0,
    0xd, 0xf0, 0x7, 0xef, 0xf5, 0x0, 0x0, 0x4,
    0xff, 0xcc, 0xdf, 0xb0, 0x8, 0xfb, 0x20, 0x0,
    0x0, 0x0, 0xbf, 0xff, 0xfd, 0x30, 0x0, 0x30,
    0x0, 0x0, 0x0, 0x0, 0x0, 0x0, 0x0, 0x0,

    /* U+5165 "入" */
    0x0, 0x0, 0x0, 0x32, 0x0, 0x0, 0x0, 0x0,
    0x0, 0x0, 0x0, 0x0, 0x0, 0xdf, 0x40, 0x0,
    0x0, 0x0, 0x0, 0x0, 0x0, 0x0, 0x0, 0xaf,
    0xf3, 0x0, 0x0, 0x0, 0x0, 0x0, 0x0, 0x0,
    0x0, 0x8, 0xfe, 0x10, 0x0, 0x0, 0x0, 0x0,
    0x0, 0x0, 0x0, 0x0, 0xbf, 0xb0, 0x0, 0x0,
    0x0, 0x0, 0x0, 0x0, 0x0, 0x0, 0x3f, 0xf6,
    0x0, 0x0, 0x0, 0x0, 0x0, 0x0, 0x0, 0x0,
    0x7f, 0xfe, 0x0, 0x0, 0x0, 0x0, 0x0, 0x0,
    0x0, 0x0, 0xbf, 0xff, 0x70, 0x0, 0x0, 0x0,
    0x0, 0x0, 0x0, 0x1, 0xff, 0x5f, 0xf1, 0x0,
    0x0, 0x0, 0x0, 0x0, 0x0, 0x7, 0xfc, 0xa,
    0xf8, 0x0, 0x0, 0x0, 0x0, 0x0, 0x0, 0xe,
    0xf5, 0x2, 0xff, 0x10, 0x0, 0x0, 0x0, 0x0,
    0x0, 0x7f, 0xe0, 0x0, 0xaf, 0xb0, 0x0, 0x0,
    0x0, 0x0, 0x2, 0xff, 0x50, 0x0, 0x1f, 0xf5,
    0x0, 0x0, 0x0, 0x0, 0xd, 0xfb, 0x0, 0x0,
    0x8, 0xff, 0x20, 0x0, 0x0, 0x0, 0xbf, 0xe1,
    0x0, 0x0, 0x0, 0xdf, 0xe2, 0x0, 0x0, 0x2c,
    0xff, 0x30, 0x0, 0x0, 0x0, 0x2e, 0xfe, 0x40,
    0x7, 0xff, 0xf4, 0x0, 0x0, 0x0, 0x0, 0x3,
    0xff, 0xf3, 0x9, 0xfd, 0x20, 0x0, 0x0, 0x0,
    0x0, 0x0, 0x2d, 0xd0, 0x0, 0x40, 0x0, 0x0,
    0x0, 0x0, 0x0, 0x0, 0x0, 0x30,

    /* U+5168 "全" */
    0x0, 0x0, 0x0, 0x0, 0x0, 0x0, 0x0, 0x0,
    0x0, 0x0, 0x0, 0x0, 0x0, 0x0, 0xb, 0xc2,
    0x0, 0x0, 0x0, 0x0, 0x0, 0x0, 0x0, 0x0,
    0x8f, 0xf6, 0x0, 0x0, 0x0, 0x0, 0x0, 0x0,
    0x0, 0x6, 0xfe, 0xef, 0x60, 0x0, 0x0, 0x0,
    0x0, 0x0, 0x0, 0x7f, 0xe2, 0x2e, 0xf7, 0x0,
    0x0, 0x0, 0x0, 0x0, 0xa, 0xfe, 0x30, 0x2,
    0xef, 0xb1, 0x0, 0x0, 0x0, 0x4, 0xdf, 0xd2,
    0x0, 0x0, 0x1c, 0xfe, 0x50, 0x0, 0x2, 0xaf,
    0xfa, 0x0, 0x0, 0x0, 0x0, 0x9f, 0xfb, 0x20,
    0x3f, 0xfe, 0xea, 0xaa, 0xaa, 0xaa, 0xaa, 0xae,
    0xff, 0xf4, 0x8, 0x82, 0xff, 0xff, 0xff, 0xff,
    0xff, 0xff, 0x48, 0xa0, 0x0, 0x0, 0x0, 0x0,
    0xf, 0xf0, 0x0, 0x0, 0x0, 0x0, 0x0, 0x0,
    0x0, 0x0, 0xf, 0xf0, 0x0, 0x0, 0x0, 0x0,
    0x0, 0x0, 0x0, 0x0, 0xf, 0xf0, 0x0, 0x0,
    0x0, 0x0, 0x0, 0x0, 0xef, 0xff, 0xff, 0xff,
    0xff, 0xff, 0x20, 0x0, 0x0, 0x0, 0x9a, 0xaa,
    0xaf, 0xfa, 0xaa, 0xaa, 0x10, 0x0, 0x0, 0x0,
    0x0, 0x0, 0xf, 0xf0, 0x0, 0x0, 0x0, 0x0,
    0x0, 0x0, 0x0, 0x0, 0xf, 0xf0, 0x0, 0x0,
    0x0, 0x0, 0x5, 0xcc, 0xcc, 0xcc, 0xcf, 0xfc,
    0xcc, 0xcc, 0xcc, 0x70, 0x7, 0xff, 0xff, 0xff,
    0xff, 0xff, 0xff, 0xff, 0xff, 0x90, 0x7, 0xff,
    0xff, 0xff, 0xff, 0xff, 0xff, 0xff, 0xff, 0x90,

    /* U+516B "八" */
    0x0, 0x0, 0x0, 0x0, 0x0, 0x1, 0x63, 0x0,
    0x0, 0x0, 0x0, 0x0, 0x2, 0xec, 0x0, 0x4,
    0xf9, 0x0, 0x0, 0x0, 0x0, 0x0, 0x4, 0xfc,
    0x0, 0x3, 0xfa, 0x0, 0x0, 0x0, 0x0, 0x0,
    0x5, 0xfb, 0x0, 0x1, 0xfc, 0x0, 0x0, 0x0,
    0x0, 0x0, 0x7, 0xf8, 0x0, 0x0, 0xfe, 0x0,
    0x0, 0x0, 0x0, 0x0, 0x9, 0xf6, 0x0, 0x0,
    0xdf, 0x10, 0x0, 0x0, 0x0, 0x0, 0xc, 0xf3,
    0x0, 0x0, 0xaf, 0x40, 0x0, 0x0, 0x0, 0x0,
    0xf, 0xf0, 0x0, 0x0, 0x6f, 0x80, 0x0, 0x0,
    0x0, 0x0, 0x3f, 0xd0, 0x0, 0x0, 0x2f, 0xd0,
    0x0, 0x0, 0x0, 0x0, 0x7f, 0x90, 0x0, 0x0,
    0xe, 0xf2, 0x0, 0x0, 0x0, 0x0, 0xcf, 0x40,
    0x0, 0x0, 0x8, 0xf8, 0x0, 0x0, 0x0, 0x2,
    0xfe, 0x0, 0x0, 0x0, 0x2, 0xfe, 0x0, 0x0,
    0x0, 0x9, 0xf8, 0x0, 0x0, 0x0, 0x0, 0xcf,
    0x80, 0x0, 0x0, 0x2f, 0xf1, 0x0, 0x0, 0x0,
    0x0, 0x4f, 0xf2, 0x0, 0x0, 0xcf, 0x80, 0x0,
    0x0, 0x0, 0x0, 0xa, 0xfc, 0x0, 0xb, 0xfd,
    0x0, 0x0, 0x0, 0x0, 0x0, 0x1, 0xef, 0xb0,
    0x2e, 0xe2, 0x0, 0x0, 0x0, 0x0, 0x0, 0x0,
    0x3f, 0xd2, 0x3, 0x20, 0x0, 0x0, 0x0, 0x0,
    0x0, 0x0, 0x3, 0x10,

    /* U+5173 "关" */
    0x0, 0x0, 0x18, 0x20, 0x0, 0x0, 0x1, 0xb5,
    0x0, 0x0, 0x0, 0x0, 0x5f, 0xd0, 0x0, 0x0,
    0x8, 0xfb, 0x0, 0x0, 0x0, 0x0, 0xb, 0xf7,
    0x0, 0x0, 0x1f, 0xf2, 0x0, 0x0, 0x0, 0x0,
    0x2, 0xfc, 0x0, 0x0, 0x9f, 0x80, 0x0, 0x0,
    0x0, 0x5b, 0xbb, 0xfb, 0xbb, 0xbb, 0xff, 0xcb,
    0xb8, 0x0, 0x0, 0x7f, 0xff, 0xff, 0xff, 0xff,
    0xff, 0xff, 0xfb, 0x0, 0x0, 0x12, 0x22, 0x22,
    0x2f, 0xf5, 0x22, 0x22, 0x21, 0x0, 0x0, 0x0,
    0x0, 0x0, 0xf, 0xf3, 0x0, 0x0, 0x0, 0x0,
    0x0, 0x0, 0x0, 0x0, 0xf, 0xf3, 0x0, 0x0,
    0x0, 0x0, 0x9, 0xdd, 0xdd, 0xdd, 0xdf, 0xfd,
    0xdd, 0xdd, 0xdd, 0xa0, 0xb, 0xff, 0xff, 0xff,
    0xff, 0xff, 0xff, 0xff, 0xff, 0xc0, 0x0, 0x0,
    0x0, 0x0, 0x9f, 0xfe, 0x10, 0x0, 0x0, 0x0,
    0x0, 0x0, 0x0, 0x2, 0xff, 0xef, 0xa0, 0x0,
    0x0, 0x0, 0x0, 0x0, 0x0, 0x1d, 0xfd, 0x1e,
    0xf8, 0x0, 0x0, 0x0, 0x0, 0x0, 0x4, 0xef,
    0xe2, 0x3, 0xff, 0xb1, 0x0, 0x0, 0x0, 0x3,
    0xaf, 0xfd, 0x20, 0x0, 0x4f, 0xfe, 0x71, 0x0,
    0x6, 0xcf, 0xff, 0x90, 0x0, 0x0, 0x2, 0xcf,
    0xff, 0xb1, 0x8, 0xff, 0x92, 0x0, 0x0, 0x0,
    0x0, 0x6, 0xdf, 0x90, 0x0, 0x51, 0x0, 0x0,
    0x0, 0x0, 0x0, 0x0, 0x3, 0x0,

    /* U+5178 "典" */
    0x0, 0x0, 0x0, 0x1, 0x10, 0x1, 0x20, 0x0,
    0x0, 0x0, 0x0, 0x0, 0x0, 0xd, 0xf0, 0xc,
    0xf1, 0x0, 0x0, 0x0, 0x0, 0x0, 0x0, 0xd,
    0xf0, 0xc, 0xf1, 0x0, 0x0, 0x0, 0x0, 0xb,
    0xbb, 0xbf, 0xfb, 0xbe, 0xfb, 0xbb, 0xb9, 0x0,
    0x0, 0x1f, 0xff, 0xff, 0xff, 0xff, 0xff, 0xff,
    0xfe, 0x0, 0x0, 0x1f, 0xc0, 0xd, 0xf0, 0xc,
    0xf2, 0x1, 0xfe, 0x0, 0x0, 0x1f, 0xc0, 0xd,
    0xf0, 0xc, 0xf1, 0x0, 0xfe, 0x0, 0x0, 0x1f,
    0xc0, 0xd, 0xf0, 0xc, 0xf1, 0x0, 0xfe, 0x0,
    0x0, 0x1f, 0xfc, 0xcf, 0xfc, 0xcf, 0xfc, 0xcc,
    0xfe, 0x0, 0x0, 0x1f, 0xff, 0xff, 0xff, 0xff,
    0xff, 0xff, 0xfe, 0x0, 0x0, 0x1f, 0xc0, 0xd,
    0xf0, 0xc, 0xf1, 0x0, 0xfe, 0x0, 0x0, 0x1f,
    0xc0, 0xd, 0xf0, 0xc, 0xf1, 0x0, 0xfe, 0x0,
    0x0, 0x1f, 0xc0, 0xd, 0xf0, 0xc, 0xf1, 0x0,
    0xfe, 0x0, 0xd, 0xdf, 0xfd, 0xdf, 0xfd, 0xdf,
    0xfd, 0xdd, 0xff, 0xd9, 0x1f, 0xff, 0xff, 0xff,
    0xff, 0xff, 0xff, 0xff, 0xff, 0xfb, 0x0, 0x0,
    0x0, 0x98, 0x0, 0x0, 0x7c, 0x40, 0x0, 0x0,
    0x0, 0x0, 0x5d, 0xfe, 0x40, 0x1, 0xaf, 0xfc,
    0x40, 0x0, 0x0, 0x5c, 0xff, 0xa1, 0x0, 0x0,
    0x3, 0xbf, 0xfc, 0x30, 0x8, 0xff, 0xb3, 0x0,
    0x0, 0x0, 0x0, 0x4, 0xdf, 0xd1, 0x0, 0x73,
    0x0, 0x0, 0x0, 0x0, 0x0, 0x0, 0x6, 0x0,

    /* U+518D "再" */
    0x6, 0xbb, 0xbb, 0xbb, 0xbb, 0xbb, 0xbb, 0xbb,
    0xbb, 0x60, 0x8, 0xff, 0xff, 0xff, 0xff, 0xff,
    0xff, 0xff, 0xff, 0x80, 0x0, 0x0, 0x0, 0x0,
    0xf, 0xd0, 0x0, 0x0, 0x0, 0x0, 0x0, 0x1,
    0x11, 0x11, 0x1f, 0xe1, 0x11, 0x12, 0x10, 0x0,
    0x0, 0xf, 0xff, 0xff, 0xff, 0xff, 0xff, 0xff,
    0xf0, 0x0, 0x0, 0xf, 0xfa, 0xaa, 0xaf, 0xfa,
    0xaa, 0xaf, 0xf0, 0x0, 0x0, 0xf, 0xe0, 0x0,
    0xf, 0xd0, 0x0, 0xf, 0xf0, 0x0, 0x0, 0xf,
    0xf9, 0x99, 0x9f, 0xf9, 0x99, 0x9f, 0xf0, 0x0,
    0x0, 0xf, 0xff, 0xff, 0xff, 0xff, 0xff, 0xff,
    0xf0, 0x0, 0x0, 0xf, 0xe0, 0x0, 0x1f, 0xd0,
    0x0, 0xf, 0xf0, 0x0, 0x0, 0xf, 0xe0, 0x0,
    0xf, 0xd0, 0x0, 0xf, 0xf0, 0x0, 0x3c, 0xcf,
    0xfc, 0xcc, 0xcf, 0xfc, 0xcc, 0xcf, 0xfc, 0xc4,
    0x4f, 0xff, 0xff, 0xff, 0xff, 0xff, 0xff, 0xff,
    0xff, 0xf4, 0x0, 0xf, 0xe0, 0x0, 0x0, 0x0,
    0x0, 0xf, 0xf0, 0x0, 0x0, 0xf, 0xe0, 0x0,
    0x0, 0x0, 0x0, 0xf, 0xf0, 0x0, 0x0, 0xf,
    0xe0, 0x0, 0x0, 0x0, 0x0, 0xf, 0xf0, 0x0,
    0x0, 0xf, 0xe0, 0x0, 0x0, 0x1, 0xbb, 0xbf,
    0xe0, 0x0, 0x0, 0xf, 0xe0, 0x0, 0x0, 0x0,
    0xcf, 0xfd, 0x50, 0x0, 0x0, 0x0, 0x0, 0x0,
    0x0, 0x0, 0x0, 0x0, 0x0, 0x0,

    /* U+51C6 "准" */
    0x0, 0x10, 0x0, 0x0, 0x5c, 0x40, 0x6d, 0x20,
    0x0, 0x0, 0xc, 0xe1, 0x0, 0x0, 0xbf, 0x20,
    0x6f, 0xb0, 0x0, 0x0, 0x8, 0xfa, 0x0, 0x2,
    0xfc, 0x0, 0xd, 0xf3, 0x0, 0x0, 0x0, 0xef,
    0x40, 0xa, 0xfc, 0x99, 0x9c, 0xd9, 0x99, 0x80,
    0x0, 0x6f, 0xd0, 0x2f, 0xff, 0xff, 0xff, 0xff,
    0xff, 0xe0, 0x0, 0xd, 0xb1, 0xcf, 0xe1, 0x11,
    0x2f, 0xc1, 0x11, 0x0, 0x0, 0x1, 0x7, 0xff,
    0xe0, 0x0, 0x1f, 0xc0, 0x0, 0x0, 0x0, 0x0,
    0x5f, 0xee, 0xf9, 0x99, 0xaf, 0xe9, 0x99, 0x40,
    0x0, 0x0, 0x7f, 0x4d, 0xff, 0xff, 0xff, 0xff,
    0xff, 0x80, 0x0, 0x0, 0x3, 0xd, 0xe1, 0x11,
    0x2f, 0xc1, 0x11, 0x0, 0x0, 0x5, 0xc3, 0xd,
    0xe0, 0x0, 0x1f, 0xc0, 0x0, 0x0, 0x0, 0xb,
    0xf5, 0xd, 0xf9, 0x99, 0xaf, 0xe9, 0x99, 0x40,
    0x0, 0x2f, 0xf0, 0xd, 0xff, 0xff, 0xff, 0xff,
    0xff, 0x70, 0x0, 0x8f, 0x90, 0xd, 0xe0, 0x0,
    0x2f, 0xc0, 0x0, 0x0, 0x0, 0xef, 0x30, 0xd,
    0xe0, 0x0, 0x1f, 0xc0, 0x0, 0x0, 0x6, 0xfd,
    0x0, 0xd, 0xe2, 0x22, 0x3f, 0xc2, 0x22, 0x20,
    0xd, 0xf7, 0x0, 0xd, 0xff, 0xff, 0xff, 0xff,
    0xff, 0xf4, 0x6, 0xc0, 0x0, 0xd, 0xf8, 0x88,
    0x88, 0x88, 0x88, 0x82, 0x0, 0x0, 0x0, 0xd,
    0xe0, 0x0, 0x0, 0x0, 0x0, 0x0,

    /* U+51FA "出" */
    0x0, 0x0, 0x0, 0x1, 0xdd, 0x0, 0x0, 0x0,
    0x0, 0x2, 0x10, 0x0, 0x1f, 0xf0, 0x0, 0x1,
    0x20, 0x2, 0xfe, 0x0, 0x1, 0xff, 0x0, 0x0,
    0xef, 0x20, 0x2f, 0xe0, 0x0, 0x1f, 0xf0, 0x0,
    0xe, 0xf2, 0x2, 0xfe, 0x0, 0x1, 0xff, 0x0,
    0x0, 0xef, 0x20, 0x2f, 0xe0, 0x0, 0x1f, 0xf0,
    0x0, 0xe, 0xf2, 0x2, 0xfe, 0x0, 0x1, 0xff,
    0x0, 0x0, 0xef, 0x20, 0x2f, 0xfe, 0xee, 0xef,
    0xfe, 0xee, 0xef, 0xf2, 0x1, 0xff, 0xff, 0xff,
    0xff, 0xff, 0xff, 0xff, 0x20, 0x0, 0x0, 0x0,
    0x1f, 0xf0, 0x0, 0x0, 0x0, 0xa, 0xa0, 0x0,
    0x1, 0xff, 0x0, 0x0, 0x1a, 0xa1, 0xff, 0x0,
    0x0, 0x1f, 0xf0, 0x0, 0x2, 0xff, 0x1f, 0xf0,
    0x0, 0x1, 0xff, 0x0, 0x0, 0x2f, 0xf1, 0xff,
    0x0, 0x0, 0x1f, 0xf0, 0x0, 0x2, 0xff, 0x1f,
    0xf0, 0x0, 0x1, 0xff, 0x0, 0x0, 0x2f, 0xf1,
    0xff, 0x22, 0x22, 0x3f, 0xf2, 0x22, 0x24, 0xff,
    0x1f, 0xff, 0xff, 0xff, 0xff, 0xff, 0xff, 0xff,
    0xf0, 0xcc, 0xcc, 0xcc, 0xcc, 0xcc, 0xcc, 0xcc,
    0xff, 0x0, 0x0, 0x0, 0x0, 0x0, 0x0, 0x0,
    0x2f, 0xf0,

    /* U+51FB "击" */
    0x0, 0x0, 0x0, 0x0, 0xcd, 0x10, 0x0, 0x0,
    0x0, 0x0, 0x0, 0x0, 0x0, 0xef, 0x10, 0x0,
    0x0, 0x0, 0x0, 0x0, 0x0, 0x0, 0xef, 0x10,
    0x0, 0x0, 0x0, 0x5, 0xee, 0xee, 0xee, 0xff,
    0xfe, 0xee, 0xee, 0x70, 0x5, 0xff, 0xff, 0xff,
    0xff, 0xff, 0xff, 0xff, 0x70, 0x0, 0x0, 0x0,
    0x0, 0xef, 0x10, 0x0, 0x0, 0x0, 0x0, 0x0,
    0x0, 0x0, 0xef, 0x10, 0x0, 0x0, 0x0, 0x0,
    0x0, 0x0, 0x0, 0xef, 0x20, 0x0, 0x0, 0x0,
    0xdf, 0xff, 0xff, 0xff, 0xff, 0xff, 0xff, 0xff,
    0xfe, 0xbd, 0xdd, 0xdd, 0xdd, 0xff, 0xdd, 0xdd,
    0xdd, 0xdb, 0x0, 0x0, 0x0, 0x0, 0xef, 0x10,
    0x0, 0x0, 0x0, 0x1, 0xfe, 0x0, 0x0, 0xef,
    0x10, 0x0, 0xef, 0x0, 0x1, 0xfe, 0x0, 0x0,
    0xef, 0x10, 0x0, 0xef, 0x0, 0x1, 0xfe, 0x0,
    0x0, 0xef, 0x10, 0x0, 0xef, 0x0, 0x1, 0xfe,
    0x0, 0x0, 0xef, 0x10, 0x0, 0xef, 0x0, 0x1,
    0xff, 0x33, 0x33, 0xff, 0x43, 0x33, 0xef, 0x0,
    0x1, 0xff, 0xff, 0xff, 0xff, 0xff, 0xff, 0xff,
    0x0, 0x1, 0xaa, 0xaa, 0xaa, 0xaa, 0xaa, 0xaa,
    0xff, 0x0, 0x0, 0x0, 0x0, 0x0, 0x0, 0x0,
    0x0, 0xef, 0x0,

    /* U+5206 "分" */
    0x0, 0x0, 0x0, 0x64, 0x0, 0x0, 0x37, 0x0,
    0x0, 0x0, 0x0, 0x0, 0x2, 0xff, 0x20, 0x0,
    0xef, 0x30, 0x0, 0x0, 0x0, 0x0, 0xa, 0xfa,
    0x0, 0x0, 0x6f, 0xc0, 0x0, 0x0, 0x0, 0x0,
    0x3f, 0xf2, 0x0, 0x0, 0xc, 0xf8, 0x0, 0x0,
    0x0, 0x0, 0xdf, 0x80, 0x0, 0x0, 0x2, 0xff,
    0x40, 0x0, 0x0, 0xa, 0xfd, 0x0, 0x0, 0x0,
    0x0, 0x7f, 0xe2, 0x0, 0x0, 0x9f, 0xf2, 0x0,
    0x0, 0x0, 0x0, 0xb, 0xfe, 0x20, 0xa, 0xff,
    0xc8, 0x88, 0x88, 0x88, 0x88, 0x88, 0xff, 0xe1,
    0x8, 0xf9, 0xff, 0xff, 0xff, 0xff, 0xff, 0xff,
    0x6d, 0x60, 0x0, 0x21, 0x66, 0x6c, 0xf9, 0x66,
    0x66, 0xdf, 0x40, 0x0, 0x0, 0x0, 0x0, 0xd,
    0xf3, 0x0, 0x0, 0xcf, 0x30, 0x0, 0x0, 0x0,
    0x0, 0xf, 0xf0, 0x0, 0x0, 0xdf, 0x20, 0x0,
    0x0, 0x0, 0x0, 0x5f, 0xc0, 0x0, 0x0, 0xdf,
    0x10, 0x0, 0x0, 0x0, 0x0, 0xbf, 0x60, 0x0,
    0x0, 0xff, 0x0, 0x0, 0x0, 0x0, 0x5, 0xfe,
    0x0, 0x0, 0x0, 0xff, 0x0, 0x0, 0x0, 0x0,
    0x3f, 0xf6, 0x0, 0x0, 0x2, 0xfd, 0x0, 0x0,
    0x0, 0x7, 0xff, 0xa0, 0x0, 0x0, 0x6, 0xfa,
    0x0, 0x0, 0x5, 0xef, 0xf9, 0x0, 0x1, 0xdd,
    0xdf, 0xf6, 0x0, 0x0, 0x2, 0xfc, 0x40, 0x0,
    0x0, 0xcf, 0xff, 0x90, 0x0, 0x0, 0x0, 0x10,
    0x0, 0x0, 0x0, 0x0, 0x0, 0x0, 0x0, 0x0,

    /* U+5207 "切" */
    0x0, 0xd, 0xb0, 0x0, 0x0, 0x0, 0x0, 0x0,
    0x0, 0x0, 0x0, 0xfd, 0x0, 0xb, 0xff, 0xff,
    0xff, 0xff, 0xff, 0x0, 0xf, 0xd0, 0x0, 0x8c,
    0xce, 0xfd, 0xcc, 0xcf, 0xf0, 0x0, 0xfd, 0x0,
    0x0, 0x0, 0xaf, 0x30, 0x0, 0xfe, 0x0, 0xf,
    0xe6, 0xad, 0x70, 0xa, 0xf3, 0x0, 0xf, 0xe3,
    0x9c, 0xff, 0xff, 0xf8, 0x0, 0xbf, 0x20, 0x0,
    0xfe, 0x5f, 0xff, 0xe6, 0x30, 0x0, 0xc, 0xf1,
    0x0, 0x1f, 0xd1, 0x41, 0xfd, 0x0, 0x0, 0x0,
    0xdf, 0x0, 0x1, 0xfd, 0x0, 0xf, 0xd0, 0x0,
    0x0, 0xf, 0xe0, 0x0, 0x2f, 0xc0, 0x0, 0xfd,
    0x0, 0x0, 0x2, 0xfc, 0x0, 0x2, 0xfb, 0x0,
    0xf, 0xd0, 0x0, 0x10, 0x5f, 0x90, 0x0, 0x3f,
    0xa0, 0x0, 0xfd, 0x7, 0xd9, 0xa, 0xf5, 0x0,
    0x4, 0xfa, 0x0, 0xf, 0xff, 0xff, 0x71, 0xff,
    0x0, 0x0, 0x6f, 0x90, 0xa, 0xff, 0xe7, 0x0,
    0x8f, 0xa0, 0x0, 0x7, 0xf7, 0x0, 0x7e, 0x70,
    0x0, 0x3f, 0xf2, 0x0, 0x0, 0xaf, 0x50, 0x1,
    0x10, 0x0, 0x3e, 0xf8, 0x0, 0x0, 0xe, 0xf2,
    0x0, 0x0, 0x0, 0x5f, 0xfa, 0x0, 0x4e, 0xde,
    0xfd, 0x0, 0x0, 0x0, 0x1, 0xe9, 0x0, 0x0,
    0xff, 0xfc, 0x30, 0x0, 0x0, 0x0, 0x1, 0x0,
    0x0, 0x0, 0x0, 0x0, 0x0,

    /* U+5224 "判" */
    0x0, 0x0, 0x7, 0xc3, 0x0, 0x0, 0x0, 0x0,
    0x17, 0x40, 0x17, 0x10, 0x9f, 0x40, 0x37, 0x10,
    0x0, 0x3, 0xfa, 0x5, 0xf9, 0x9, 0xf4, 0xb,
    0xf3, 0x13, 0x10, 0x3f, 0xa0, 0xd, 0xf1, 0x9f,
    0x42, 0xfc, 0x8, 0xf6, 0x3, 0xfa, 0x0, 0x5f,
    0x99, 0xf4, 0xaf, 0x40, 0x8f, 0x60, 0x3f, 0xa0,
    0x0, 0xc6, 0x9f, 0x5b, 0xb0, 0x8, 0xf6, 0x3,
    0xfa, 0x4, 0xbb, 0xbe, 0xfd, 0xbc, 0x90, 0x8f,
    0x60, 0x3f, 0xa0, 0x6f, 0xff, 0xff, 0xff, 0xfd,
    0x8, 0xf6, 0x3, 0xfa, 0x0, 0x11, 0x19, 0xf5,
    0x11, 0x0, 0x8f, 0x60, 0x3f, 0xa0, 0x0, 0x0,
    0x9f, 0x40, 0x0, 0x8, 0xf6, 0x3, 0xfa, 0x0,
    0x0, 0xa, 0xf3, 0x0, 0x0, 0x8f, 0x60, 0x3f,
    0xa1, 0xee, 0xee, 0xff, 0xfe, 0xee, 0x68, 0xf6,
    0x3, 0xfa, 0x1d, 0xdd, 0xdf, 0xfd, 0xdd, 0xd5,
    0x8f, 0x60, 0x3f, 0xa0, 0x0, 0x4, 0xfc, 0x0,
    0x0, 0x7, 0xf6, 0x3, 0xfa, 0x0, 0x0, 0xbf,
    0x70, 0x0, 0x0, 0x0, 0x0, 0x3f, 0xa0, 0x0,
    0x4f, 0xf1, 0x0, 0x0, 0x0, 0x0, 0x3, 0xfa,
    0x0, 0x2e, 0xf7, 0x0, 0x0, 0x0, 0x0, 0x0,
    0x3f, 0xa0, 0x4f, 0xfa, 0x0, 0x0, 0x0, 0x0,
    0xae, 0xef, 0xf9, 0x0, 0xb9, 0x0, 0x0, 0x0,
    0x0, 0x6, 0xff, 0xea, 0x10, 0x0, 0x0, 0x0,
    0x0, 0x0, 0x0, 0x0, 0x0, 0x0,

    /* U+5230 "到" */
    0x0, 0x0, 0x0, 0x0, 0x0, 0x0, 0x0, 0x0,
    0x97, 0x4a, 0xaa, 0xaa, 0xaa, 0xaa, 0x90, 0x11,
    0x1, 0xfc, 0x7f, 0xff, 0xff, 0xff, 0xff, 0xe1,
    0xfb, 0x1, 0xfc, 0x0, 0x1f, 0xf2, 0x7, 0x10,
    0x1, 0xfb, 0x1, 0xfc, 0x0, 0x8f, 0x70, 0x5f,
    0xa0, 0x1, 0xfb, 0x1, 0xfc, 0x2, 0xfd, 0x0,
    0xa, 0xf7, 0x1, 0xfb, 0x1, 0xfc, 0xd, 0xfc,
    0xbc, 0xdf, 0xff, 0x31, 0xfb, 0x1, 0xfc, 0xe,
    0xff, 0xed, 0xba, 0xaf, 0xa1, 0xfb, 0x1, 0xfc,
    0x3, 0x10, 0x27, 0x30, 0x6, 0x1, 0xfb, 0x1,
    0xfc, 0x0, 0x0, 0x5f, 0x70, 0x0, 0x1, 0xfb,
    0x1, 0xfc, 0x17, 0x77, 0xaf, 0xb7, 0x77, 0x21,
    0xfb, 0x1, 0xfc, 0x2f, 0xff, 0xff, 0xff, 0xff,
    0x41, 0xfb, 0x1, 0xfc, 0x3, 0x33, 0x7f, 0x83,
    0x33, 0x1, 0xfb, 0x1, 0xfc, 0x0, 0x0, 0x5f,
    0x70, 0x0, 0x1, 0xfb, 0x1, 0xfc, 0x0, 0x0,
    0x5f, 0x71, 0x48, 0x60, 0x0, 0x1, 0xfc, 0x0,
    0x3, 0x9f, 0xff, 0xff, 0xb0, 0x0, 0x1, 0xfc,
    0x7d, 0xff, 0xff, 0xfb, 0x73, 0x0, 0x0, 0x1,
    0xfc, 0x8f, 0xfc, 0x84, 0x0, 0x0, 0x0, 0xc,
    0xcd, 0xfa, 0x24, 0x0, 0x0, 0x0, 0x0, 0x0,
    0x9, 0xfe, 0xb2,

    /* U+524D "前" */
    0x0, 0x6, 0xb2, 0x0, 0x0, 0x0, 0xc, 0x81,
    0x0, 0x0, 0x0, 0x7f, 0xc0, 0x0, 0x0, 0x7,
    0xfb, 0x0, 0x0, 0x0, 0x0, 0xcf, 0x70, 0x0,
    0x1, 0xff, 0x20, 0x0, 0xc, 0xcc, 0xcd, 0xfc,
    0xcc, 0xcc, 0xef, 0xec, 0xcc, 0xc0, 0xff, 0xff,
    0xff, 0xff, 0xff, 0xff, 0xff, 0xff, 0xff, 0x0,
    0x0, 0x0, 0x0, 0x0, 0x0, 0x0, 0x0, 0x0,
    0x0, 0x6, 0x77, 0x77, 0x77, 0x50, 0x4, 0x20,
    0x1d, 0xa0, 0x0, 0xdf, 0xff, 0xff, 0xfc, 0x1,
    0xfa, 0x1, 0xfc, 0x0, 0xd, 0xf2, 0x22, 0x3f,
    0xc0, 0x1f, 0xa0, 0x1f, 0xc0, 0x0, 0xdf, 0x33,
    0x34, 0xfc, 0x1, 0xfa, 0x1, 0xfc, 0x0, 0xd,
    0xff, 0xff, 0xff, 0xc0, 0x1f, 0xa0, 0x1f, 0xc0,
    0x0, 0xdf, 0x33, 0x34, 0xfc, 0x1, 0xfa, 0x1,
    0xfc, 0x0, 0xd, 0xf0, 0x0, 0x1f, 0xc0, 0x1f,
    0xa0, 0x1f, 0xc0, 0x0, 0xdf, 0xff, 0xff, 0xfc,
    0x1, 0xfa, 0x1, 0xfc, 0x0, 0xd, 0xf6, 0x66,
    0x6f, 0xc0, 0x1f, 0x90, 0x1f, 0xc0, 0x0, 0xdf,
    0x0, 0x1, 0xfc, 0x0, 0x0, 0x1, 0xfc, 0x0,
    0xd, 0xf0, 0x0, 0x1f, 0xc0, 0x0, 0x0, 0x1f,
    0xc0, 0x0, 0xdf, 0x2, 0x9a, 0xfb, 0x0, 0xa,
    0xcd, 0xfb, 0x0, 0xc, 0xf0, 0xe, 0xfd, 0x40,
    0x0, 0x7f, 0xfc, 0x30, 0x0,

    /* U+529B "力" */
    0x0, 0x0, 0x0, 0x0, 0x10, 0x0, 0x0, 0x0,
    0x0, 0x0, 0x0, 0x0, 0x0, 0xf, 0xf0, 0x0,
    0x0, 0x0, 0x0, 0x0, 0x0, 0x0, 0x0, 0xff,
    0x0, 0x0, 0x0, 0x0, 0x0, 0x0, 0x0, 0x0,
    0xf, 0xf0, 0x0, 0x0, 0x0, 0x0, 0x0, 0x0,
    0x0, 0x0, 0xff, 0x0, 0x0, 0x0, 0x0, 0x0,
    0x5d, 0xdd, 0xdd, 0xdf, 0xfd, 0xdd, 0xdd, 0xdd,
    0xd2, 0x6, 0xff, 0xff, 0xff, 0xff, 0xff, 0xff,
    0xff, 0xff, 0x20, 0x2, 0x22, 0x22, 0x4f, 0xe2,
    0x22, 0x22, 0x2e, 0xf1, 0x0, 0x0, 0x0, 0x4,
    0xfc, 0x0, 0x0, 0x0, 0xef, 0x0, 0x0, 0x0,
    0x0, 0x7f, 0xa0, 0x0, 0x0, 0xf, 0xf0, 0x0,
    0x0, 0x0, 0xa, 0xf7, 0x0, 0x0, 0x0, 0xfe,
    0x0, 0x0, 0x0, 0x0, 0xff, 0x30, 0x0, 0x0,
    0x1f, 0xd0, 0x0, 0x0, 0x0, 0x5f, 0xe0, 0x0,
    0x0, 0x2, 0xfc, 0x0, 0x0, 0x0, 0xd, 0xf7,
    0x0, 0x0, 0x0, 0x4f, 0xb0, 0x0, 0x0, 0x7,
    0xff, 0x10, 0x0, 0x0, 0x6, 0xf9, 0x0, 0x0,
    0x3, 0xff, 0x60, 0x0, 0x0, 0x0, 0x8f, 0x70,
    0x0, 0x2, 0xef, 0xb0, 0x0, 0x0, 0x0, 0xb,
    0xf4, 0x0, 0x4, 0xff, 0xc0, 0x0, 0x0, 0x0,
    0x2, 0xff, 0x10, 0x8, 0xff, 0xc1, 0x0, 0x0,
    0x1e, 0xee, 0xff, 0xb0, 0x0, 0x3f, 0x90, 0x0,
    0x0, 0x0, 0xbf, 0xff, 0xb1, 0x0, 0x0, 0x10,
    0x0, 0x0, 0x0, 0x0, 0x0, 0x0, 0x0, 0x0,

    /* U+529F "功" */
    0x0, 0x0, 0x0, 0x0, 0x0, 0x1, 0xca, 0x0,
    0x0, 0x0, 0x0, 0x0, 0x0, 0x0, 0x0, 0x1f,
    0xd0, 0x0, 0x0, 0x8, 0xaa, 0xaa, 0xaa, 0x50,
    0x1, 0xfc, 0x0, 0x0, 0x0, 0xef, 0xff, 0xff,
    0xf8, 0x0, 0x2f, 0xc0, 0x0, 0x0, 0x0, 0x1,
    0xfc, 0x0, 0x2a, 0xab, 0xfe, 0xaa, 0xab, 0xa0,
    0x0, 0x1f, 0xc0, 0x3, 0xff, 0xff, 0xff, 0xff,
    0xff, 0x0, 0x1, 0xfc, 0x0, 0x2, 0x25, 0xfb,
    0x22, 0x2e, 0xf0, 0x0, 0x1f, 0xc0, 0x0, 0x0,
    0x4f, 0x90, 0x0, 0xee, 0x0, 0x1, 0xfc, 0x0,
    0x0, 0x6, 0xf8, 0x0, 0xf, 0xe0, 0x0, 0x1f,
    0xc0, 0x0, 0x0, 0x8f, 0x60, 0x0, 0xfd, 0x0,
    0x1, 0xfc, 0x0, 0x0, 0xb, 0xf3, 0x0, 0x1f,
    0xc0, 0x0, 0x1f, 0xc1, 0x58, 0x0, 0xff, 0x0,
    0x2, 0xfc, 0x0, 0x4, 0xff, 0xff, 0xf0, 0x4f,
    0xb0, 0x0, 0x3f, 0xb0, 0xbf, 0xff, 0xff, 0xa5,
    0xb, 0xf6, 0x0, 0x4, 0xfa, 0xe, 0xfe, 0x94,
    0x0, 0x3, 0xff, 0x0, 0x0, 0x5f, 0x80, 0x53,
    0x0, 0x0, 0x1, 0xef, 0x70, 0x0, 0x7, 0xf6,
    0x0, 0x0, 0x0, 0x1, 0xdf, 0xc0, 0x0, 0x0,
    0xcf, 0x40, 0x0, 0x0, 0x4, 0xef, 0xd1, 0x2,
    0xdc, 0xdf, 0xf0, 0x0, 0x0, 0x0, 0x1d, 0xb1,
    0x0, 0xe, 0xff, 0xd4, 0x0, 0x0, 0x0, 0x0,
    0x10, 0x0, 0x0, 0x0, 0x0, 0x0,

    /* U+52A0 "加" */
    0x0, 0x1, 0x74, 0x0, 0x0, 0x0, 0x0, 0x0,
    0x0, 0x0, 0x0, 0x3f, 0xa0, 0x0, 0x0, 0x0,
    0x0, 0x0, 0x0, 0x0, 0x3, 0xfa, 0x0, 0x0,
    0x4, 0x55, 0x55, 0x55, 0x30, 0x0, 0x4f, 0xa0,
    0x1, 0x0, 0xcf, 0xff, 0xff, 0xfb, 0xd, 0xff,
    0xff, 0xff, 0xff, 0xc, 0xf8, 0x77, 0x9f, 0xb0,
    0xac, 0xdf, 0xec, 0xcf, 0xf0, 0xcf, 0x10, 0x3,
    0xfb, 0x0, 0x4, 0xf8, 0x0, 0xdf, 0xc, 0xf1,
    0x0, 0x3f, 0xb0, 0x0, 0x5f, 0x80, 0xd, 0xf0,
    0xcf, 0x10, 0x3, 0xfb, 0x0, 0x6, 0xf7, 0x0,
    0xef, 0xc, 0xf1, 0x0, 0x3f, 0xb0, 0x0, 0x7f,
    0x50, 0xe, 0xf0, 0xcf, 0x10, 0x3, 0xfb, 0x0,
    0x9, 0xf4, 0x0, 0xee, 0xc, 0xf1, 0x0, 0x3f,
    0xb0, 0x0, 0xcf, 0x20, 0xf, 0xe0, 0xcf, 0x10,
    0x3, 0xfb, 0x0, 0xe, 0xf0, 0x0, 0xfd, 0xc,
    0xf1, 0x0, 0x3f, 0xb0, 0x3, 0xfc, 0x0, 0xf,
    0xc0, 0xcf, 0x10, 0x3, 0xfb, 0x0, 0x8f, 0x80,
    0x1, 0xfb, 0xc, 0xf1, 0x0, 0x3f, 0xb0, 0xe,
    0xf3, 0x0, 0x3f, 0xa0, 0xcf, 0xff, 0xff, 0xfb,
    0x8, 0xfd, 0x0, 0x6, 0xf8, 0xc, 0xfe, 0xee,
    0xef, 0xb2, 0xff, 0x62, 0xbb, 0xef, 0x50, 0xcf,
    0x10, 0x3, 0xfb, 0x9, 0xc0, 0xf, 0xff, 0xb0,
    0xc, 0xf1, 0x0, 0x3f, 0xb0, 0x2, 0x0, 0x12,
    0x10, 0x0, 0x12, 0x0, 0x0, 0x0,

    /* U+52A8 "动" */
    0x0, 0x0, 0x0, 0x0, 0x0, 0x1, 0x86, 0x0,
    0x0, 0x1, 0x11, 0x11, 0x11, 0x0, 0x3, 0xfa,
    0x0, 0x0, 0x4f, 0xff, 0xff, 0xff, 0x80, 0x3,
    0xfa, 0x0, 0x0, 0x2a, 0xaa, 0xaa, 0xaa, 0x50,
    0x3, 0xfa, 0x0, 0x0, 0x0, 0x0, 0x0, 0x0,
    0x3, 0x47, 0xfb, 0x44, 0x54, 0x0, 0x0, 0x0,
    0x0, 0xd, 0xff, 0xff, 0xff, 0xff, 0xab, 0xbb,
    0xbb, 0xbb, 0x94, 0x58, 0xfb, 0x55, 0xfe, 0xff,
    0xff, 0xff, 0xff, 0xd0, 0x5, 0xf7, 0x0, 0xfe,
    0x0, 0x7f, 0x80, 0x0, 0x0, 0x6, 0xf6, 0x0,
    0xfd, 0x0, 0xaf, 0x30, 0x11, 0x0, 0x8, 0xf5,
    0x0, 0xfd, 0x0, 0xfe, 0x0, 0xfb, 0x0, 0xa,
    0xf3, 0x1, 0xfc, 0x4, 0xf9, 0x0, 0xaf, 0x10,
    0xd, 0xf0, 0x1, 0xfb, 0x9, 0xf3, 0x0, 0x5f,
    0x70, 0x1f, 0xd0, 0x2, 0xfa, 0x1f, 0xd0, 0x37,
    0xbf, 0xd0, 0x5f, 0x90, 0x3, 0xf9, 0x9f, 0xef,
    0xff, 0xff, 0xf2, 0xbf, 0x50, 0x5, 0xf8, 0x7f,
    0xfe, 0xa6, 0x27, 0xe7, 0xfe, 0x0, 0x7, 0xf7,
    0x38, 0x30, 0x0, 0x0, 0xd, 0xf8, 0x0, 0xa,
    0xf4, 0x0, 0x0, 0x0, 0x0, 0x9f, 0xe0, 0xad,
    0xdf, 0xf1, 0x0, 0x0, 0x0, 0x0, 0x3e, 0x30,
    0x7f, 0xfe, 0x50, 0x0, 0x0, 0x0, 0x0, 0x0,
    0x0, 0x0, 0x0, 0x0,

    /* U+5341 "十" */
    0x0, 0x0, 0x0, 0x0, 0x11, 0x0, 0x0, 0x0,
    0x0, 0x0, 0x0, 0x0, 0x0, 0xf, 0xf1, 0x0,
    0x0, 0x0, 0x0, 0x0, 0x0, 0x0, 0x0, 0xff,
    0x10, 0x0, 0x0, 0x0, 0x0, 0x0, 0x0, 0x0,
    0xf, 0xf1, 0x0, 0x0, 0x0, 0x0, 0x0, 0x0,
    0x0, 0x0, 0xff, 0x10, 0x0, 0x0, 0x0, 0x0,
    0x0, 0x0, 0x0, 0xf, 0xf1, 0x0, 0x0, 0x0,
    0x0, 0x0, 0x0, 0x0, 0x0, 0xff, 0x10, 0x0,
    0x0, 0x0, 0x0, 0x0, 0x0, 0x0, 0xf, 0xf1,
    0x0, 0x0, 0x0, 0x0, 0xbb, 0xbb, 0xbb, 0xbb,
    0xff, 0xcb, 0xbb, 0xbb, 0xbb, 0x1f, 0xff, 0xff,
    0xff, 0xff, 0xff, 0xff, 0xff, 0xff, 0xf2, 0x33,
    0x33, 0x33, 0x33, 0xff, 0x43, 0x33, 0x33, 0x33,
    0x0, 0x0, 0x0, 0x0, 0xf, 0xf1, 0x0, 0x0,
    0x0, 0x0, 0x0, 0x0, 0x0, 0x0, 0xff, 0x10,
    0x0, 0x0, 0x0, 0x0, 0x0, 0x0, 0x0, 0xf,
    0xf1, 0x0, 0x0, 0x0, 0x0, 0x0, 0x0, 0x0,
    0x0, 0xff, 0x10, 0x0, 0x0, 0x0, 0x0, 0x0,
    0x0, 0x0, 0xf, 0xf1, 0x0, 0x0, 0x0, 0x0,
    0x0, 0x0, 0x0, 0x0, 0xff, 0x10, 0x0, 0x0,
    0x0, 0x0, 0x0, 0x0, 0x0, 0xf, 0xf1, 0x0,
    0x0, 0x0, 0x0, 0x0, 0x0, 0x0, 0x0, 0xff,
    0x10, 0x0, 0x0, 0x0, 0x0, 0x0, 0x0, 0x0,
    0xf, 0xf1, 0x0, 0x0, 0x0, 0x0,

    /* U+5361 "卡" */
    0x0, 0x0, 0x0, 0x2, 0xa7, 0x0, 0x0, 0x0,
    0x0, 0x0, 0x0, 0x0, 0x0, 0x4f, 0xb0, 0x0,
    0x0, 0x0, 0x0, 0x0, 0x0, 0x0, 0x4, 0xfb,
    0x0, 0x0, 0x0, 0x0, 0x0, 0x0, 0x0, 0x0,
    0x4f, 0xff, 0xff, 0xff, 0xf4, 0x0, 0x0, 0x0,
    0x0, 0x4, 0xff, 0xcc, 0xcc, 0xcc, 0x30, 0x0,
    0x0, 0x0, 0x0, 0x4f, 0xb0, 0x0, 0x0, 0x0,
    0x0, 0x0, 0x0, 0x0, 0x4, 0xfb, 0x0, 0x0,
    0x0, 0x0, 0x9, 0xbb, 0xbb, 0xbb, 0xcf, 0xeb,
    0xbb, 0xbb, 0xbb, 0xb3, 0xcf, 0xff, 0xff, 0xff,
    0xff, 0xff, 0xff, 0xff, 0xff, 0x40, 0x0, 0x0,
    0x0, 0x3f, 0xc0, 0x0, 0x0, 0x0, 0x0, 0x0,
    0x0, 0x0, 0x3, 0xfc, 0x0, 0x0, 0x0, 0x0,
    0x0, 0x0, 0x0, 0x0, 0x3f, 0xc8, 0xa4, 0x0,
    0x0, 0x0, 0x0, 0x0, 0x0, 0x3, 0xfd, 0xdf,
    0xfd, 0x60, 0x0, 0x0, 0x0, 0x0, 0x0, 0x3f,
    0xc0, 0x5c, 0xff, 0xf8, 0x10, 0x0, 0x0, 0x0,
    0x3, 0xfc, 0x0, 0x4, 0xcf, 0xf2, 0x0, 0x0,
    0x0, 0x0, 0x3f, 0xc0, 0x0, 0x0, 0x46, 0x0,
    0x0, 0x0, 0x0, 0x3, 0xfc, 0x0, 0x0, 0x0,
    0x0, 0x0, 0x0, 0x0, 0x0, 0x3f, 0xc0, 0x0,
    0x0, 0x0, 0x0, 0x0, 0x0, 0x0, 0x3, 0xfc,
    0x0, 0x0, 0x0, 0x0, 0x0,

    /* U+5373 "即" */
    0xe, 0xed, 0xdd, 0xdd, 0xd0, 0x2b, 0xbb, 0xbb,
    0xb7, 0xf, 0xfd, 0xdd, 0xdf, 0xf0, 0x3f, 0xff,
    0xff, 0xfa, 0xf, 0xf0, 0x0, 0xd, 0xf0, 0x3f,
    0xa0, 0x3, 0xfa, 0xf, 0xf0, 0x0, 0xd, 0xf0,
    0x3f, 0xa0, 0x3, 0xfa, 0xf, 0xff, 0xff, 0xff,
    0xf0, 0x3f, 0xa0, 0x3, 0xfa, 0xf, 0xfc, 0xcc,
    0xcf, 0xf0, 0x3f, 0xa0, 0x3, 0xfa, 0xf, 0xf0,
    0x0, 0xd, 0xf0, 0x3f, 0xa0, 0x3, 0xfa, 0xf,
    0xf0, 0x0, 0xd, 0xf0, 0x3f, 0xa0, 0x3, 0xfa,
    0xf, 0xff, 0xff, 0xff, 0xf0, 0x3f, 0xa0, 0x3,
    0xfa, 0xf, 0xfb, 0xbb, 0xbb, 0xb0, 0x3f, 0xa0,
    0x3, 0xfa, 0xf, 0xf0, 0x0, 0x40, 0x0, 0x3f,
    0xa0, 0x3, 0xfa, 0xf, 0xf0, 0x9, 0xf5, 0x0,
    0x3f, 0xa0, 0x3, 0xfa, 0xf, 0xf0, 0x3, 0xfe,
    0x0, 0x3f, 0xa5, 0xde, 0xf9, 0xf, 0xf0, 0x27,
    0xff, 0x70, 0x3f, 0xa1, 0xee, 0xb2, 0x2f, 0xfc,
    0xff, 0xff, 0xf1, 0x3f, 0xa0, 0x0, 0x0, 0xaf,
    0xff, 0xd7, 0x1b, 0xf7, 0x3f, 0xa0, 0x0, 0x0,
    0x6e, 0x93, 0x0, 0x5, 0x91, 0x3f, 0xa0, 0x0,
    0x0, 0x10, 0x0, 0x0, 0x0, 0x0, 0x3f, 0xa0,
    0x0, 0x0,

    /* U+5385 "厅" */
    0x0, 0x9c, 0xcc, 0xcc, 0xcc, 0xcc, 0xcc, 0xcc,
    0xcc, 0xa0, 0xc, 0xff, 0xff, 0xff, 0xff, 0xff,
    0xff, 0xff, 0xfe, 0x0, 0xcf, 0x30, 0x0, 0x0,
    0x0, 0x0, 0x0, 0x0, 0x0, 0xc, 0xf2, 0x0,
    0x0, 0x0, 0x0, 0x0, 0x0, 0x0, 0x0, 0xcf,
    0x20, 0x0, 0x0, 0x0, 0x0, 0x0, 0x0, 0x0,
    0xc, 0xf3, 0xdd, 0xdd, 0xdd, 0xdd, 0xdd, 0xdd,
    0xd4, 0x0, 0xcf, 0x3e, 0xee, 0xee, 0xef, 0xff,
    0xee, 0xee, 0x40, 0xc, 0xf2, 0x0, 0x0, 0x0,
    0xdf, 0x10, 0x0, 0x0, 0x0, 0xcf, 0x20, 0x0,
    0x0, 0xd, 0xf1, 0x0, 0x0, 0x0, 0xc, 0xf1,
    0x0, 0x0, 0x0, 0xdf, 0x10, 0x0, 0x0, 0x0,
    0xdf, 0x0, 0x0, 0x0, 0xd, 0xf1, 0x0, 0x0,
    0x0, 0xe, 0xf0, 0x0, 0x0, 0x0, 0xdf, 0x10,
    0x0, 0x0, 0x0, 0xfd, 0x0, 0x0, 0x0, 0xd,
    0xf1, 0x0, 0x0, 0x0, 0x3f, 0xa0, 0x0, 0x0,
    0x0, 0xdf, 0x10, 0x0, 0x0, 0x8, 0xf7, 0x0,
    0x0, 0x0, 0xd, 0xf1, 0x0, 0x0, 0x0, 0xdf,
    0x20, 0x0, 0x0, 0x0, 0xdf, 0x10, 0x0, 0x0,
    0x5f, 0xc0, 0x0, 0x6, 0xdd, 0xdf, 0xf0, 0x0,
    0x0, 0x1, 0xb5, 0x0, 0x0, 0x1f, 0xff, 0xd6,
    0x0, 0x0, 0x0, 0x0, 0x0, 0x0, 0x0, 0x0,
    0x0, 0x0, 0x0, 0x0, 0x0,

    /* U+53CA "及" */
    0x3, 0xdd, 0xdd, 0xdd, 0xdd, 0xdd, 0xed, 0x20,
    0x0, 0x0, 0x3, 0xff, 0xff, 0xff, 0xff, 0xff,
    0xff, 0x0, 0x0, 0x0, 0x0, 0x11, 0x1e, 0xf3,
    0x11, 0x13, 0xfd, 0x0, 0x0, 0x0, 0x0, 0x0,
    0xd, 0xf4, 0x0, 0x5, 0xf9, 0x0, 0x0, 0x0,
    0x0, 0x0, 0xe, 0xf8, 0x0, 0x9, 0xf6, 0x0,
    0x0, 0x0, 0x0, 0x0, 0xe, 0xfe, 0x0, 0xe,
    0xff, 0xff, 0xfe, 0x20, 0x0, 0x0, 0xf, 0xff,
    0x40, 0x1c, 0xcc, 0xcd, 0xff, 0x0, 0x0, 0x0,
    0x2f, 0xff, 0xc0, 0x0, 0x0, 0x6, 0xfa, 0x0,
    0x0, 0x0, 0x4f, 0xbb, 0xf4, 0x0, 0x0, 0xd,
    0xf4, 0x0, 0x0, 0x0, 0x8f, 0x83, 0xfd, 0x0,
    0x0, 0x6f, 0xd0, 0x0, 0x0, 0x0, 0xdf, 0x40,
    0xaf, 0xa0, 0x1, 0xef, 0x40, 0x0, 0x0, 0x3,
    0xfe, 0x0, 0x1e, 0xf8, 0xc, 0xfa, 0x0, 0x0,
    0x0, 0xb, 0xf8, 0x0, 0x4, 0xff, 0xef, 0xd0,
    0x0, 0x0, 0x0, 0x5f, 0xf1, 0x0, 0x0, 0x7f,
    0xff, 0x40, 0x0, 0x0, 0x2, 0xff, 0x80, 0x0,
    0x19, 0xff, 0xff, 0xf9, 0x20, 0x0, 0x1e, 0xfc,
    0x0, 0x4a, 0xff, 0xf7, 0x1a, 0xff, 0xfc, 0x71,
    0xb, 0xd1, 0x1, 0xef, 0xf8, 0x10, 0x0, 0x3a,
    0xff, 0xc0, 0x1, 0x10, 0x0, 0x56, 0x0, 0x0,
    0x0, 0x0, 0x5, 0x20,

    /* U+53CD "反" */
    0x0, 0x0, 0x0, 0x0, 0x0, 0x0, 0x1, 0x48,
    0x40, 0x0, 0x0, 0x34, 0x45, 0x68, 0x9b, 0xdf,
    0xff, 0xff, 0x30, 0x0, 0xd, 0xff, 0xff, 0xff,
    0xff, 0xdb, 0x85, 0x20, 0x0, 0x0, 0xdf, 0x86,
    0x54, 0x31, 0x0, 0x0, 0x0, 0x0, 0x0, 0xd,
    0xf1, 0x0, 0x0, 0x0, 0x0, 0x0, 0x0, 0x0,
    0x0, 0xdf, 0x10, 0x0, 0x0, 0x0, 0x0, 0x0,
    0x0, 0x0, 0xd, 0xff, 0xff, 0xff, 0xff, 0xff,
    0xff, 0xd2, 0x0, 0x0, 0xdf, 0xef, 0xfe, 0xee,
    0xee, 0xee, 0xff, 0x0, 0x0, 0xd, 0xf1, 0x8f,
    0x60, 0x0, 0x0, 0x6f, 0xa0, 0x0, 0x0, 0xef,
    0x1, 0xfd, 0x0, 0x0, 0xd, 0xf4, 0x0, 0x0,
    0xf, 0xf0, 0x9, 0xf6, 0x0, 0x7, 0xfc, 0x0,
    0x0, 0x1, 0xfd, 0x0, 0x1f, 0xf2, 0x3, 0xff,
    0x30, 0x0, 0x0, 0x3f, 0xb0, 0x0, 0x6f, 0xd3,
    0xef, 0x80, 0x0, 0x0, 0x6, 0xf8, 0x0, 0x0,
    0x9f, 0xff, 0xb0, 0x0, 0x0, 0x0, 0xbf, 0x50,
    0x0, 0x7, 0xff, 0xf6, 0x0, 0x0, 0x0, 0xf,
    0xf1, 0x0, 0x5d, 0xff, 0xbf, 0xfc, 0x40, 0x0,
    0x7, 0xfb, 0x28, 0xdf, 0xfd, 0x40, 0x4d, 0xff,
    0xe9, 0x40, 0xcf, 0x42, 0xff, 0xc5, 0x0, 0x0,
    0x5, 0xcf, 0xf4, 0x0, 0x60, 0x5, 0x20, 0x0,
    0x0, 0x0, 0x0, 0x14, 0x0,

    /* U+53D1 "发" */
    0x0, 0x0, 0x0, 0x0, 0x2, 0x0, 0x0, 0x0,
    0x0, 0x0, 0x0, 0x0, 0x56, 0x20, 0xf, 0xf1,
    0x1, 0x96, 0x0, 0x0, 0x0, 0x0, 0xdf, 0x30,
    0x3f, 0xf0, 0x1, 0xef, 0x50, 0x0, 0x0, 0x3,
    0xfd, 0x0, 0x5f, 0xc0, 0x0, 0x2f, 0xf3, 0x0,
    0x0, 0xb, 0xf6, 0x0, 0x9f, 0x90, 0x0, 0x5,
    0x90, 0x0, 0x0, 0x5f, 0xfb, 0xaa, 0xef, 0xda,
    0xaa, 0xaa, 0xaa, 0x90, 0x0, 0x6f, 0xff, 0xff,
    0xff, 0xff, 0xff, 0xff, 0xff, 0xd0, 0x0, 0x14,
    0x22, 0x27, 0xfd, 0x22, 0x22, 0x22, 0x22, 0x10,
    0x0, 0x0, 0x0, 0xb, 0xf8, 0x0, 0x0, 0x0,
    0x0, 0x0, 0x0, 0x0, 0x0, 0x2f, 0xfd, 0xcc,
    0xcc, 0xcc, 0xa1, 0x0, 0x0, 0x0, 0x0, 0xaf,
    0xff, 0xff, 0xff, 0xff, 0xf1, 0x0, 0x0, 0x0,
    0x3, 0xff, 0xf4, 0x0, 0x0, 0x9f, 0xa0, 0x0,
    0x0, 0x0, 0xd, 0xfc, 0xfd, 0x0, 0x3, 0xff,
    0x20, 0x0, 0x0, 0x0, 0xaf, 0xe1, 0x7f, 0xb0,
    0x1d, 0xf8, 0x0, 0x0, 0x0, 0x9, 0xff, 0x40,
    0xb, 0xfb, 0xdf, 0xb0, 0x0, 0x0, 0x1, 0xbf,
    0xf5, 0x0, 0x0, 0xdf, 0xfd, 0x0, 0x0, 0x0,
    0x1e, 0xff, 0x40, 0x0, 0x3b, 0xff, 0xff, 0xa3,
    0x0, 0x0, 0x6, 0xc2, 0x2, 0x6c, 0xff, 0xd4,
    0x5e, 0xff, 0xc7, 0x30, 0x0, 0x0, 0xb, 0xff,
    0xc6, 0x0, 0x0, 0x6d, 0xff, 0xf2, 0x0, 0x0,
    0x2, 0x82, 0x0, 0x0, 0x0, 0x0, 0x27, 0x50,

    /* U+53D6 "取" */
    0xf, 0xff, 0xff, 0xff, 0xff, 0x0, 0x0, 0x0,
    0x0, 0x0, 0xc, 0xff, 0xcc, 0xcf, 0xec, 0x8a,
    0xaa, 0xaa, 0xab, 0x60, 0x0, 0xdf, 0x0, 0x2f,
    0xb0, 0xcf, 0xff, 0xff, 0xff, 0xa0, 0x0, 0xdf,
    0x0, 0x2f, 0xb0, 0xe, 0xc0, 0x0, 0x4f, 0x80,
    0x0, 0xdf, 0xff, 0xff, 0xb0, 0xb, 0xf0, 0x0,
    0x7f, 0x50, 0x0, 0xdf, 0xbb, 0xbf, 0xb0, 0x8,
    0xf3, 0x0, 0xaf, 0x20, 0x0, 0xdf, 0x0, 0x2f,
    0xb0, 0x4, 0xf7, 0x0, 0xee, 0x0, 0x0, 0xdf,
    0x0, 0x2f, 0xb0, 0x1, 0xfb, 0x3, 0xfa, 0x0,
    0x0, 0xdf, 0xaa, 0xbf, 0xb0, 0x0, 0xcf, 0x8,
    0xf5, 0x0, 0x0, 0xdf, 0xff, 0xff, 0xb0, 0x0,
    0x7f, 0x6e, 0xf0, 0x0, 0x0, 0xdf, 0x0, 0x2f,
    0xb0, 0x0, 0x2f, 0xff, 0x90, 0x0, 0x0, 0xdf,
    0x0, 0x2f, 0xb0, 0x0, 0xb, 0xff, 0x20, 0x0,
    0x0, 0xdf, 0x25, 0x8f, 0xff, 0x60, 0x8, 0xfe,
    0x0, 0x0, 0x2b, 0xff, 0xff, 0xff, 0xfb, 0x40,
    0x3f, 0xff, 0x70, 0x0, 0xf, 0xfd, 0xb8, 0x6f,
    0xb0, 0x1, 0xef, 0x8f, 0xf5, 0x0, 0x3, 0x0,
    0x0, 0x2f, 0xb0, 0x2d, 0xf9, 0x5, 0xff, 0x60,
    0x0, 0x0, 0x0, 0x2f, 0xb2, 0xef, 0xa0, 0x0,
    0x7f, 0xf3, 0x0, 0x0, 0x0, 0x2f, 0xb0, 0x98,
    0x0, 0x0, 0x5, 0x70, 0x0, 0x0, 0x0, 0x0,
    0x0, 0x0, 0x0, 0x0, 0x0, 0x0,

    /* U+53D8 "变" */
    0x0, 0x0, 0x0, 0x0, 0x0, 0x0, 0x0, 0x0,
    0x0, 0x0, 0x0, 0x0, 0x0, 0xc, 0xe1, 0x0,
    0x0, 0x0, 0x0, 0x0, 0x0, 0x0, 0x0, 0x9f,
    0xa0, 0x0, 0x0, 0x0, 0x6, 0xee, 0xee, 0xee,
    0xef, 0xff, 0xee, 0xee, 0xee, 0xe1, 0x5c, 0xcc,
    0xcc, 0xff, 0xcc, 0xdf, 0xfc, 0xcc, 0xcc, 0x10,
    0x0, 0x53, 0x1f, 0xd0, 0x3, 0xfb, 0x3, 0x0,
    0x0, 0x0, 0x2f, 0xd1, 0xfd, 0x0, 0x3f, 0xbb,
    0xf7, 0x0, 0x0, 0xc, 0xf4, 0x1f, 0xd0, 0x3,
    0xfb, 0x1d, 0xf8, 0x0, 0xa, 0xf9, 0x1, 0xfd,
    0x0, 0x3f, 0xb0, 0x1d, 0xf7, 0x0, 0x9c, 0x0,
    0x1f, 0xd0, 0x3, 0xfb, 0x0, 0x2d, 0x60, 0x0,
    0x0, 0x0, 0xa8, 0x0, 0x2a, 0x70, 0x0, 0x0,
    0x0, 0x2f, 0xff, 0xff, 0xff, 0xff, 0xff, 0xff,
    0x80, 0x0, 0x2, 0xbd, 0xfe, 0xbb, 0xbb, 0xbb,
    0xbf, 0xf9, 0x0, 0x0, 0x0, 0x1e, 0xf5, 0x0,
    0x0, 0xa, 0xfc, 0x0, 0x0, 0x0, 0x0, 0x2e,
    0xf8, 0x0, 0x2c, 0xfc, 0x10, 0x0, 0x0, 0x0,
    0x0, 0x1c, 0xfd, 0x9f, 0xf9, 0x0, 0x0, 0x0,
    0x0, 0x0, 0x1, 0x5f, 0xff, 0xfc, 0x30, 0x0,
    0x0, 0x1, 0x36, 0x9c, 0xff, 0xfb, 0x9e, 0xff,
    0xea, 0x74, 0x20, 0x8f, 0xff, 0xfb, 0x61, 0x0,
    0x4, 0x9e, 0xff, 0xff, 0x30, 0x86, 0x30, 0x0,
    0x0, 0x0, 0x0, 0x1, 0x47, 0x60,

    /* U+53E0 "叠" */
    0x0, 0x0, 0x23, 0x33, 0x33, 0x33, 0x33, 0x30,
    0x0, 0x0, 0x0, 0xa, 0xff, 0xff, 0xff, 0xff,
    0xff, 0x40, 0x0, 0x0, 0x0, 0x2d, 0xfd, 0xa7,
    0x48, 0xed, 0x40, 0x0, 0x0, 0x0, 0x1, 0x35,
    0xbf, 0xff, 0xfe, 0x72, 0x0, 0x0, 0x0, 0x4,
    0xfe, 0xca, 0x73, 0x2, 0x6c, 0xe2, 0x0, 0x0,
    0x2f, 0xff, 0xff, 0xff, 0x2c, 0xff, 0xff, 0xff,
    0x90, 0x0, 0x8c, 0x84, 0x9f, 0x70, 0x6e, 0xa5,
    0x7e, 0xd1, 0x0, 0x2, 0xaf, 0xff, 0xa0, 0x1,
    0x8f, 0xff, 0xe3, 0x0, 0x9, 0xfe, 0xa5, 0x7e,
    0xd2, 0xee, 0xa5, 0x5b, 0xf8, 0x0, 0x9f, 0xdd,
    0xdd, 0xde, 0xde, 0xdd, 0xdd, 0xdf, 0xd1, 0xa,
    0xf6, 0x66, 0x66, 0x66, 0x66, 0x66, 0x66, 0xdf,
    0x10, 0xaf, 0x1a, 0xdd, 0xdd, 0xdd, 0xdd, 0xdd,
    0xc, 0xf1, 0x0, 0x0, 0xcf, 0x44, 0x44, 0x44,
    0x4e, 0xf0, 0x0, 0x0, 0x0, 0xc, 0xfe, 0xee,
    0xee, 0xee, 0xff, 0x0, 0x0, 0x0, 0x0, 0xcf,
    0x22, 0x22, 0x22, 0x2e, 0xf0, 0x0, 0x0, 0x0,
    0xc, 0xff, 0xff, 0xff, 0xff, 0xff, 0x0, 0x0,
    0x0, 0x0, 0xcf, 0x11, 0x11, 0x11, 0x1d, 0xf0,
    0x0, 0x1, 0xff, 0xff, 0xff, 0xff, 0xff, 0xff,
    0xff, 0xff, 0xf7, 0x1f, 0xff, 0xff, 0xff, 0xff,
    0xff, 0xff, 0xff, 0xff, 0x70,

    /* U+53EF "可" */
    0x58, 0x88, 0x88, 0x88, 0x88, 0x88, 0x88, 0x88,
    0x88, 0x2a, 0xff, 0xff, 0xff, 0xff, 0xff, 0xff,
    0xff, 0xff, 0xf4, 0x46, 0x66, 0x66, 0x66, 0x66,
    0x66, 0x67, 0xff, 0x66, 0x10, 0x0, 0x0, 0x0,
    0x0, 0x0, 0x0, 0x1f, 0xe0, 0x0, 0x0, 0x0,
    0x0, 0x0, 0x0, 0x0, 0x1, 0xfe, 0x0, 0x0,
    0xe, 0xff, 0xff, 0xff, 0xf3, 0x0, 0x1f, 0xe0,
    0x0, 0x0, 0xef, 0xdd, 0xdd, 0xff, 0x30, 0x1,
    0xfe, 0x0, 0x0, 0xe, 0xe0, 0x0, 0xa, 0xf3,
    0x0, 0x1f, 0xe0, 0x0, 0x0, 0xee, 0x0, 0x0,
    0xaf, 0x30, 0x1, 0xfe, 0x0, 0x0, 0xe, 0xe0,
    0x0, 0xa, 0xf3, 0x0, 0x1f, 0xe0, 0x0, 0x0,
    0xee, 0x0, 0x0, 0xbf, 0x30, 0x1, 0xfe, 0x0,
    0x0, 0xe, 0xff, 0xff, 0xff, 0xf3, 0x0, 0x1f,
    0xe0, 0x0, 0x0, 0xef, 0xcc, 0xcc, 0xcc, 0x20,
    0x1, 0xfe, 0x0, 0x0, 0xe, 0xe0, 0x0, 0x0,
    0x0, 0x0, 0x1f, 0xe0, 0x0, 0x0, 0x44, 0x0,
    0x0, 0x0, 0x0, 0x1, 0xfe, 0x0, 0x0, 0x0,
    0x0, 0x0, 0x0, 0x0, 0x0, 0x1f, 0xe0, 0x0,
    0x0, 0x0, 0x0, 0x0, 0x8, 0xff, 0xff, 0xfc,
    0x0, 0x0, 0x0, 0x0, 0x0, 0x0, 0x2f, 0xff,
    0xeb, 0x20, 0x0, 0x0, 0x0, 0x0, 0x0, 0x0,
    0x0, 0x0, 0x0, 0x0, 0x0,

    /* U+53F3 "右" */
    0x0, 0x0, 0x0, 0x0, 0x95, 0x0, 0x0, 0x0,
    0x0, 0x0, 0x0, 0x0, 0x0, 0x4f, 0xc0, 0x0,
    0x0, 0x0, 0x0, 0x0, 0x0, 0x0, 0x8, 0xf8,
    0x0, 0x0, 0x0, 0x0, 0x0, 0x1, 0x11, 0x11,
    0xdf, 0x41, 0x11, 0x11, 0x11, 0x10, 0xa, 0xff,
    0xff, 0xff, 0xff, 0xff, 0xff, 0xff, 0xff, 0xe0,
    0x8c, 0xcc, 0xce, 0xfe, 0xcc, 0xcc, 0xcc, 0xcc,
    0xcb, 0x0, 0x0, 0x0, 0xef, 0x20, 0x0, 0x0,
    0x0, 0x0, 0x0, 0x0, 0x0, 0x6f, 0xb0, 0x0,
    0x0, 0x0, 0x0, 0x0, 0x0, 0x0, 0xe, 0xf3,
    0x0, 0x0, 0x0, 0x0, 0x0, 0x0, 0x0, 0x8,
    0xff, 0xdd, 0xdd, 0xdd, 0xdd, 0xdd, 0x50, 0x0,
    0x4, 0xff, 0xff, 0xff, 0xff, 0xff, 0xff, 0xf6,
    0x0, 0x2, 0xef, 0xff, 0x20, 0x0, 0x0, 0x0,
    0x9f, 0x60, 0x3, 0xef, 0x9b, 0xf2, 0x0, 0x0,
    0x0, 0x9, 0xf6, 0x1, 0xff, 0xa0, 0xbf, 0x20,
    0x0, 0x0, 0x0, 0x9f, 0x60, 0x6, 0x70, 0xb,
    0xf2, 0x0, 0x0, 0x0, 0x9, 0xf6, 0x0, 0x0,
    0x0, 0xbf, 0x30, 0x0, 0x0, 0x0, 0x9f, 0x60,
    0x0, 0x0, 0xb, 0xff, 0xff, 0xff, 0xff, 0xff,
    0xf6, 0x0, 0x0, 0x0, 0xbf, 0xcc, 0xcc, 0xcc,
    0xcc, 0xef, 0x60, 0x0, 0x0, 0xb, 0xf2, 0x0,
    0x0, 0x0, 0x9, 0xf6, 0x0, 0x0, 0x0, 0x11,
    0x0, 0x0, 0x0, 0x0, 0x0, 0x0,

    /* U+5403 "吃" */
    0x0, 0x0, 0x0, 0x0, 0xa, 0xa1, 0x0, 0x0,
    0x0, 0x1, 0x32, 0x22, 0x10, 0x1, 0xfe, 0x0,
    0x0, 0x0, 0x0, 0xbf, 0xff, 0xfd, 0x0, 0x8f,
    0x80, 0x0, 0x0, 0x0, 0xb, 0xfb, 0xbf, 0xd0,
    0xe, 0xff, 0xff, 0xff, 0xff, 0xc0, 0xbf, 0x0,
    0xed, 0x8, 0xfe, 0xdd, 0xdd, 0xdd, 0xda, 0xb,
    0xf0, 0xe, 0xd4, 0xff, 0x10, 0x0, 0x0, 0x0,
    0x0, 0xbf, 0x0, 0xed, 0xef, 0x70, 0x0, 0x0,
    0x0, 0x0, 0xb, 0xf0, 0xe, 0xd2, 0x99, 0xbb,
    0xbb, 0xbb, 0xb5, 0x0, 0xbf, 0x0, 0xed, 0x0,
    0xcf, 0xff, 0xff, 0xff, 0x70, 0xb, 0xf0, 0xe,
    0xd0, 0x0, 0x0, 0x9, 0xff, 0x50, 0x0, 0xbf,
    0x0, 0xed, 0x0, 0x0, 0xa, 0xfe, 0x30, 0x0,
    0xb, 0xf0, 0xe, 0xd0, 0x0, 0xa, 0xfe, 0x20,
    0x0, 0x0, 0xbf, 0xff, 0xfd, 0x0, 0xa, 0xfd,
    0x10, 0x0, 0x0, 0xb, 0xfc, 0xcc, 0xa0, 0x9,
    0xfd, 0x10, 0x0, 0x1, 0x0, 0xbf, 0x0, 0x0,
    0x5, 0xfd, 0x10, 0x0, 0x0, 0x7e, 0x34, 0x60,
    0x0, 0x0, 0xef, 0x30, 0x0, 0x0, 0x8, 0xf2,
    0x0, 0x0, 0x0, 0x1f, 0xe0, 0x0, 0x0, 0x0,
    0xcf, 0x0, 0x0, 0x0, 0x0, 0xdf, 0xfd, 0xdd,
    0xdd, 0xef, 0xc0, 0x0, 0x0, 0x0, 0x2, 0xbf,
    0xff, 0xff, 0xff, 0xd3, 0x0,

    /* U+5408 "合" */
    0x0, 0x0, 0x0, 0x0, 0x0, 0x0, 0x0, 0x0,
    0x0, 0x0, 0x0, 0x0, 0x0, 0x0, 0x1, 0xdb,
    0x0, 0x0, 0x0, 0x0, 0x0, 0x0, 0x0, 0x0,
    0xc, 0xfc, 0x0, 0x0, 0x0, 0x0, 0x0, 0x0,
    0x0, 0x0, 0xbf, 0xff, 0x80, 0x0, 0x0, 0x0,
    0x0, 0x0, 0x0, 0x2d, 0xfc, 0x3d, 0xfb, 0x10,
    0x0, 0x0, 0x0, 0x0, 0x6, 0xff, 0xc1, 0x1,
    0xcf, 0xe5, 0x0, 0x0, 0x0, 0x3, 0xcf, 0xf9,
    0x0, 0x0, 0x9, 0xff, 0xc4, 0x0, 0x4, 0xbf,
    0xff, 0xd9, 0x99, 0x99, 0x99, 0xdf, 0xff, 0xd5,
    0xa, 0xff, 0x9e, 0xff, 0xff, 0xff, 0xff, 0xf7,
    0x6e, 0xf3, 0x0, 0x82, 0x1, 0x22, 0x22, 0x22,
    0x22, 0x21, 0x0, 0x30, 0x0, 0x0, 0x0, 0x0,
    0x0, 0x0, 0x0, 0x0, 0x0, 0x0, 0x0, 0x0,
    0xaa, 0xaa, 0xaa, 0xaa, 0xaa, 0xaa, 0x90, 0x0,
    0x0, 0x0, 0xff, 0xff, 0xff, 0xff, 0xff, 0xff,
    0xe0, 0x0, 0x0, 0x0, 0xfe, 0x0, 0x0, 0x0,
    0x0, 0x2f, 0xe0, 0x0, 0x0, 0x0, 0xfe, 0x0,
    0x0, 0x0, 0x0, 0x2f, 0xe0, 0x0, 0x0, 0x0,
    0xfe, 0x0, 0x0, 0x0, 0x0, 0x2f, 0xe0, 0x0,
    0x0, 0x0, 0xfe, 0x0, 0x0, 0x0, 0x0, 0x3f,
    0xe0, 0x0, 0x0, 0x0, 0xff, 0xff, 0xff, 0xff,
    0xff, 0xff, 0xe0, 0x0, 0x0, 0x0, 0xff, 0xbb,
    0xbb, 0xbb, 0xbb, 0xcf, 0xe0, 0x0, 0x0, 0x0,
    0xfe, 0x0, 0x0, 0x0, 0x0, 0x2f, 0xe0, 0x0,
    0x0, 0x0, 0x11, 0x0, 0x0, 0x0, 0x0, 0x0,
    0x0, 0x0,

    /* U+540C "同" */
    0x1d, 0xdd, 0xdd, 0xdd, 0xdd, 0xdd, 0xdd, 0xdd,
    0xe9, 0x2f, 0xff, 0xff, 0xff, 0xff, 0xff, 0xff,
    0xff, 0xfb, 0x2f, 0xb0, 0x0, 0x0, 0x0, 0x0,
    0x0, 0x2, 0xfb, 0x2f, 0xb0, 0x11, 0x11, 0x11,
    0x11, 0x11, 0x2, 0xfb, 0x2f, 0xb0, 0xef, 0xff,
    0xff, 0xff, 0xff, 0x32, 0xfb, 0x2f, 0xb0, 0x78,
    0x88, 0x88, 0x88, 0x88, 0x12, 0xfb, 0x2f, 0xb0,
    0x0, 0x0, 0x0, 0x0, 0x0, 0x2, 0xfb, 0x2f,
    0xb0, 0xf, 0xff, 0xff, 0xff, 0xf2, 0x2, 0xfb,
    0x2f, 0xb0, 0xf, 0xea, 0xaa, 0xad, 0xf2, 0x2,
    0xfb, 0x2f, 0xb0, 0xf, 0xb0, 0x0, 0x9, 0xf2,
    0x2, 0xfb, 0x2f, 0xb0, 0xf, 0xb0, 0x0, 0x9,
    0xf2, 0x2, 0xfb, 0x2f, 0xb0, 0xf, 0xb0, 0x0,
    0x9, 0xf2, 0x2, 0xfb, 0x2f, 0xb0, 0xf, 0xff,
    0xff, 0xff, 0xf2, 0x2, 0xfb, 0x2f, 0xb0, 0xf,
    0xea, 0xaa, 0xaa, 0xa1, 0x2, 0xfb, 0x2f, 0xb0,
    0xf, 0xb0, 0x0, 0x0, 0x0, 0x2, 0xfb, 0x2f,
    0xb0, 0x0, 0x0, 0x0, 0x0, 0x0, 0x2, 0xfb,
    0x2f, 0xb0, 0x0, 0x0, 0x0, 0x0, 0x4d, 0xde,
    0xf9, 0x2f, 0xb0, 0x0, 0x0, 0x0, 0x0, 0xf,
    0xfe, 0xb2,

    /* U+540E "后" */
    0x0, 0x0, 0x0, 0x0, 0x0, 0x0, 0x2, 0x58,
    0x90, 0x0, 0x0, 0x3, 0x44, 0x57, 0x8a, 0xce,
    0xff, 0xff, 0xfa, 0x0, 0x0, 0xf, 0xff, 0xff,
    0xff, 0xfe, 0xca, 0x75, 0x20, 0x0, 0x0, 0xf,
    0xf6, 0x54, 0x31, 0x0, 0x0, 0x0, 0x0, 0x0,
    0x0, 0xf, 0xf0, 0x0, 0x0, 0x0, 0x0, 0x0,
    0x0, 0x0, 0x0, 0xf, 0xf2, 0x22, 0x22, 0x22,
    0x22, 0x22, 0x22, 0x20, 0x0, 0xf, 0xff, 0xff,
    0xff, 0xff, 0xff, 0xff, 0xff, 0xf5, 0x0, 0xf,
    0xfa, 0xaa, 0xaa, 0xaa, 0xaa, 0xaa, 0xaa, 0xa3,
    0x0, 0xf, 0xf0, 0x0, 0x0, 0x0, 0x0, 0x0,
    0x0, 0x0, 0x0, 0xf, 0xe0, 0x0, 0x0, 0x0,
    0x0, 0x0, 0x0, 0x0, 0x0, 0x1f, 0xd0, 0xcf,
    0xff, 0xff, 0xff, 0xff, 0xff, 0x0, 0x0, 0x3f,
    0xc0, 0xcf, 0xdc, 0xcc, 0xcc, 0xcc, 0xff, 0x0,
    0x0, 0x5f, 0xa0, 0xcf, 0x10, 0x0, 0x0, 0x0,
    0xff, 0x0, 0x0, 0x9f, 0x70, 0xcf, 0x10, 0x0,
    0x0, 0x0, 0xff, 0x0, 0x0, 0xdf, 0x40, 0xcf,
    0x10, 0x0, 0x0, 0x0, 0xff, 0x0, 0x3, 0xff,
    0x0, 0xcf, 0x20, 0x0, 0x0, 0x0, 0xff, 0x0,
    0xb, 0xf9, 0x0, 0xcf, 0xff, 0xff, 0xff, 0xff,
    0xff, 0x0, 0x1f, 0xf3, 0x0, 0xcf, 0xcb, 0xbb,
    0xbb, 0xbb, 0xff, 0x0, 0x3, 0x90, 0x0, 0xcf,
    0x10, 0x0, 0x0, 0x0, 0xff, 0x0, 0x0, 0x0,
    0x0, 0x0, 0x0, 0x0, 0x0, 0x0, 0x0, 0x0,

    /* U+5411 "向" */
    0x0, 0x0, 0x0, 0x0, 0x0, 0x0, 0x0, 0x0,
    0x0, 0x0, 0x0, 0x0, 0x8, 0xfb, 0x0, 0x0,
    0x0, 0x0, 0x0, 0x0, 0x0, 0xd, 0xf7, 0x0,
    0x0, 0x0, 0x0, 0x0, 0x0, 0x0, 0x3f, 0xf0,
    0x0, 0x0, 0x0, 0x0, 0xb, 0xbb, 0xbb, 0xdf,
    0xeb, 0xbb, 0xbb, 0xbb, 0xb2, 0x1f, 0xff, 0xff,
    0xff, 0xff, 0xff, 0xff, 0xff, 0xf3, 0x1f, 0xd2,
    0x22, 0x22, 0x22, 0x22, 0x22, 0x2b, 0xf3, 0x1f,
    0xc0, 0x0, 0x0, 0x0, 0x0, 0x0, 0xa, 0xf3,
    0x1f, 0xc0, 0x0, 0x11, 0x11, 0x11, 0x10, 0xa,
    0xf3, 0x1f, 0xc0, 0xd, 0xff, 0xff, 0xff, 0xf0,
    0xa, 0xf3, 0x1f, 0xc0, 0xd, 0xfa, 0xaa, 0xae,
    0xf0, 0xa, 0xf3, 0x1f, 0xc0, 0xd, 0xe0, 0x0,
    0xc, 0xf0, 0xa, 0xf3, 0x1f, 0xc0, 0xd, 0xe0,
    0x0, 0xc, 0xf0, 0xa, 0xf3, 0x1f, 0xc0, 0xd,
    0xe0, 0x0, 0xc, 0xf0, 0xa, 0xf3, 0x1f, 0xc0,
    0xd, 0xff, 0xff, 0xff, 0xf0, 0xa, 0xf3, 0x1f,
    0xc0, 0xd, 0xf9, 0x99, 0x99, 0x90, 0xa, 0xf3,
    0x1f, 0xc0, 0xd, 0xe0, 0x0, 0x0, 0x0, 0xa,
    0xf3, 0x1f, 0xc0, 0x0, 0x0, 0x0, 0x0, 0x0,
    0xa, 0xf3, 0x1f, 0xc0, 0x0, 0x0, 0x0, 0x0,
    0xde, 0xef, 0xf1, 0x1f, 0xc0, 0x0, 0x0, 0x0,
    0x0, 0xbf, 0xfd, 0x70, 0x0, 0x0, 0x0, 0x0,
    0x0, 0x0, 0x0, 0x0, 0x0,

    /* U+5427 "吧" */
    0x1, 0x0, 0x0, 0x7, 0xba, 0xaa, 0xaa, 0xaa,
    0xa2, 0xb, 0xff, 0xff, 0xe0, 0xcf, 0xff, 0xff,
    0xff, 0xff, 0x30, 0xbf, 0xbb, 0xfe, 0xc, 0xf3,
    0x2b, 0xf3, 0x2a, 0xf3, 0xb, 0xf0, 0xd, 0xe0,
    0xcf, 0x10, 0xaf, 0x10, 0xaf, 0x30, 0xbf, 0x0,
    0xde, 0xc, 0xf1, 0xa, 0xf1, 0xa, 0xf3, 0xb,
    0xf0, 0xd, 0xe0, 0xcf, 0x10, 0xaf, 0x10, 0xaf,
    0x30, 0xbf, 0x0, 0xde, 0xc, 0xf1, 0xa, 0xf1,
    0xa, 0xf3, 0xb, 0xf0, 0xd, 0xe0, 0xcf, 0x10,
    0xaf, 0x10, 0xaf, 0x30, 0xbf, 0x0, 0xde, 0xc,
    0xfd, 0xdf, 0xfd, 0xdf, 0xf3, 0xb, 0xf0, 0xd,
    0xe0, 0xcf, 0xee, 0xee, 0xee, 0xff, 0x30, 0xbf,
    0x22, 0xde, 0xc, 0xf1, 0x0, 0x0, 0xa, 0xf3,
    0xb, 0xff, 0xff, 0xe0, 0xcf, 0x10, 0x0, 0x0,
    0x12, 0x0, 0xbf, 0xaa, 0xa9, 0xc, 0xf1, 0x0,
    0x0, 0x0, 0x0, 0xb, 0xf0, 0x0, 0x0, 0xcf,
    0x10, 0x0, 0x0, 0x8, 0x50, 0x57, 0x0, 0x0,
    0xc, 0xf1, 0x0, 0x0, 0x0, 0xdf, 0x0, 0x0,
    0x0, 0x0, 0xbf, 0x20, 0x0, 0x0, 0x1f, 0xc0,
    0x0, 0x0, 0x0, 0x9, 0xfe, 0xbb, 0xbb, 0xbe,
    0xf8, 0x0, 0x0, 0x0, 0x0, 0x1b, 0xff, 0xff,
    0xff, 0xfb, 0x0,

    /* U+547D "命" */
    0x0, 0x0, 0x0, 0x0, 0x0, 0x0, 0x0, 0x0,
    0x0, 0x0, 0x0, 0x0, 0x0, 0x0, 0x9, 0xc2,
    0x0, 0x0, 0x0, 0x0, 0x0, 0x0, 0x0, 0x0,
    0x8f, 0xf6, 0x0, 0x0, 0x0, 0x0, 0x0, 0x0,
    0x0, 0x1b, 0xfe, 0xef, 0x70, 0x0, 0x0, 0x0,
    0x0, 0x0, 0x5, 0xef, 0xc1, 0x2e, 0xfc, 0x30,
    0x0, 0x0, 0x0, 0x4, 0xcf, 0xf9, 0x0, 0x1,
    0xbf, 0xfb, 0x40, 0x0, 0x28, 0xef, 0xff, 0xda,
    0xaa, 0xaa, 0xaf, 0xef, 0xfd, 0x82, 0x2f, 0xfd,
    0x55, 0xff, 0xff, 0xff, 0xfe, 0x18, 0xef, 0xc0,
    0x5, 0x30, 0x0, 0x0, 0x0, 0x0, 0x0, 0x0,
    0x4, 0x20, 0x0, 0x7a, 0x99, 0x99, 0x60, 0x49,
    0x99, 0x99, 0xa7, 0x0, 0x0, 0xcf, 0xff, 0xff,
    0xa0, 0x8f, 0xff, 0xff, 0xfc, 0x0, 0x0, 0xcf,
    0x0, 0x2f, 0xa0, 0x8f, 0x61, 0x12, 0xfc, 0x0,
    0x0, 0xcf, 0x0, 0x2f, 0xa0, 0x8f, 0x50, 0x1,
    0xfc, 0x0, 0x0, 0xcf, 0x0, 0x2f, 0xa0, 0x8f,
    0x50, 0x1, 0xfc, 0x0, 0x0, 0xcf, 0x22, 0x4f,
    0xa0, 0x8f, 0x50, 0x1, 0xfc, 0x0, 0x0, 0xcf,
    0xff, 0xff, 0xa0, 0x8f, 0x55, 0x9a, 0xfb, 0x0,
    0x0, 0xcf, 0x88, 0x88, 0x50, 0x8f, 0x55, 0xff,
    0xe5, 0x0, 0x0, 0xcf, 0x0, 0x0, 0x0, 0x8f,
    0x50, 0x11, 0x0, 0x0, 0x0, 0x23, 0x0, 0x0,
    0x0, 0x8f, 0x50, 0x0, 0x0, 0x0, 0x0, 0x0,
    0x0, 0x0, 0x0, 0x8f, 0x50, 0x0, 0x0, 0x0,

    /* U+548C "和" */
    0x0, 0x0, 0x0, 0x4, 0x91, 0x0, 0x0, 0x0,
    0x0, 0x0, 0x3, 0x58, 0xcf, 0xff, 0xb0, 0x0,
    0x0, 0x0, 0x0, 0x7, 0xff, 0xff, 0xf8, 0x40,
    0x8f, 0xff, 0xff, 0xff, 0x30, 0x16, 0x42, 0xfd,
    0x0, 0x8, 0xfd, 0xcc, 0xcf, 0xf3, 0x0, 0x0,
    0x1f, 0xd0, 0x0, 0x8f, 0x50, 0x0, 0xcf, 0x30,
    0x0, 0x1, 0xfd, 0x0, 0x8, 0xf5, 0x0, 0xc,
    0xf3, 0xd, 0xff, 0xff, 0xff, 0xff, 0x9f, 0x50,
    0x0, 0xcf, 0x30, 0xac, 0xce, 0xff, 0xcc, 0xc9,
    0xf5, 0x0, 0xc, 0xf3, 0x0, 0x0, 0xcf, 0xf2,
    0x0, 0x8f, 0x50, 0x0, 0xcf, 0x30, 0x0, 0x3f,
    0xff, 0xe1, 0x8, 0xf5, 0x0, 0xc, 0xf3, 0x0,
    0xc, 0xff, 0xef, 0xd0, 0x8f, 0x50, 0x0, 0xcf,
    0x30, 0x5, 0xf8, 0xfd, 0x5f, 0xb8, 0xf5, 0x0,
    0xc, 0xf3, 0x1, 0xee, 0x2f, 0xd0, 0xa9, 0x8f,
    0x50, 0x0, 0xcf, 0x30, 0xbf, 0x61, 0xfd, 0x1,
    0x8, 0xf5, 0x0, 0xc, 0xf3, 0x1f, 0xc0, 0x1f,
    0xd0, 0x0, 0x8f, 0xdc, 0xcc, 0xff, 0x30, 0x72,
    0x1, 0xfd, 0x0, 0x8, 0xff, 0xff, 0xff, 0xf3,
    0x0, 0x0, 0x1f, 0xd0, 0x0, 0x8f, 0x50, 0x0,
    0xcf, 0x30, 0x0, 0x1, 0xfd, 0x0, 0x5, 0xb3,
    0x0, 0x6, 0x81, 0x0, 0x0, 0x1f, 0xd0, 0x0,
    0x0, 0x0, 0x0, 0x0, 0x0,

    /* U+5668 "器" */
    0x0, 0x0, 0x0, 0x0, 0x0, 0x0, 0x0, 0x0,
    0x0, 0x0, 0x0, 0x8f, 0xff, 0xff, 0xe0, 0xf,
    0xff, 0xff, 0xf9, 0x0, 0x0, 0x8f, 0xa9, 0x9f,
    0xe0, 0xf, 0xd9, 0x9a, 0xf9, 0x0, 0x0, 0x8f,
    0x30, 0xe, 0xe0, 0xf, 0xb0, 0x3, 0xf9, 0x0,
    0x0, 0x8f, 0x30, 0xe, 0xe0, 0xf, 0xb0, 0x4,
    0xf9, 0x0, 0x0, 0x8f, 0xff, 0xff, 0xe0, 0xf,
    0xff, 0xff, 0xf9, 0x0, 0x0, 0x49, 0x99, 0x99,
    0xd7, 0x29, 0xaf, 0xb9, 0x95, 0x0, 0x0, 0x0,
    0x0, 0x2, 0xfe, 0x0, 0x4d, 0xf9, 0x0, 0x0,
    0xa, 0xaa, 0xaa, 0xae, 0xfd, 0xaa, 0xaa, 0xfe,
    0xaa, 0xa0, 0xf, 0xff, 0xff, 0xff, 0xff, 0xff,
    0xff, 0xff, 0xff, 0xf0, 0x0, 0x0, 0x3d, 0xfb,
    0x10, 0x2, 0xef, 0x81, 0x0, 0x0, 0x0, 0x7,
    0xff, 0xa0, 0x0, 0x0, 0x2d, 0xfd, 0x50, 0x0,
    0x17, 0xef, 0xfe, 0x99, 0x80, 0x9, 0x9a, 0xff,
    0xfd, 0x72, 0x1f, 0xff, 0xff, 0xff, 0xe0, 0xf,
    0xff, 0xff, 0xff, 0xe1, 0x4, 0x9f, 0x40, 0xf,
    0xe0, 0xf, 0xb0, 0x4, 0xfb, 0x30, 0x0, 0x8f,
    0x40, 0xf, 0xe0, 0xf, 0xb0, 0x3, 0xf9, 0x0,
    0x0, 0x8f, 0x40, 0xf, 0xe0, 0xf, 0xb0, 0x3,
    0xf9, 0x0, 0x0, 0x8f, 0xba, 0xaf, 0xe0, 0xf,
    0xea, 0xab, 0xf9, 0x0, 0x0, 0x8f, 0xff, 0xff,
    0xe0, 0xf, 0xff, 0xff, 0xf9, 0x0, 0x0, 0x12,
    0x0, 0x0, 0x0, 0x2, 0x10, 0x0, 0x0, 0x0,

    /* U+56DB "四" */
    0x2, 0x22, 0x22, 0x22, 0x22, 0x22, 0x22, 0x22,
    0x21, 0x2f, 0xff, 0xff, 0xff, 0xff, 0xff, 0xff,
    0xff, 0xfb, 0x2f, 0xea, 0xaa, 0xff, 0xaa, 0xef,
    0xba, 0xab, 0xfb, 0x2f, 0xc0, 0x0, 0xfe, 0x0,
    0xbf, 0x10, 0x4, 0xfb, 0x2f, 0xc0, 0x0, 0xfd,
    0x0, 0xbf, 0x10, 0x4, 0xfb, 0x2f, 0xc0, 0x1,
    0xfc, 0x0, 0xbf, 0x10, 0x4, 0xfb, 0x2f, 0xc0,
    0x2, 0xfa, 0x0, 0xbf, 0x10, 0x4, 0xfb, 0x2f,
    0xc0, 0x5, 0xf8, 0x0, 0xbf, 0x10, 0x4, 0xfb,
    0x2f, 0xc0, 0xa, 0xf4, 0x0, 0xbf, 0x10, 0x4,
    0xfb, 0x2f, 0xc0, 0x4f, 0xe0, 0x0, 0x9f, 0xa8,
    0x8a, 0xfb, 0x2f, 0xc5, 0xff, 0x60, 0x0, 0x3e,
    0xff, 0xff, 0xfb, 0x2f, 0xcb, 0xf9, 0x0, 0x0,
    0x0, 0x0, 0x4, 0xfb, 0x2f, 0xc1, 0x50, 0x0,
    0x0, 0x0, 0x0, 0x4, 0xfb, 0x2f, 0xc0, 0x0,
    0x0, 0x0, 0x0, 0x0, 0x4, 0xfb, 0x2f, 0xff,
    0xff, 0xff, 0xff, 0xff, 0xff, 0xff, 0xfb, 0x2f,
    0xfc, 0xcc, 0xcc, 0xcc, 0xcc, 0xcc, 0xcd, 0xfb,
    0x2f, 0xc0, 0x0, 0x0, 0x0, 0x0, 0x0, 0x4,
    0xfb, 0x3, 0x20, 0x0, 0x0, 0x0, 0x0, 0x0,
    0x0, 0x0,

    /* U+56DE "回" */
    0x0, 0x0, 0x0, 0x0, 0x0, 0x0, 0x0, 0x0,
    0x0, 0x3f, 0xff, 0xff, 0xff, 0xff, 0xff, 0xff,
    0xff, 0xfd, 0x3f, 0xfe, 0xee, 0xee, 0xee, 0xee,
    0xee, 0xee, 0xfd, 0x3f, 0xb0, 0x0, 0x0, 0x0,
    0x0, 0x0, 0x4, 0xfd, 0x3f, 0xb0, 0x0, 0x0,
    0x0, 0x0, 0x0, 0x4, 0xfd, 0x3f, 0xb0, 0x8,
    0xaa, 0xaa, 0xaa, 0xa0, 0x4, 0xfd, 0x3f, 0xb0,
    0xd, 0xff, 0xff, 0xff, 0xf1, 0x4, 0xfd, 0x3f,
    0xb0, 0xd, 0xf0, 0x0, 0xc, 0xf1, 0x4, 0xfd,
    0x3f, 0xb0, 0xd, 0xf0, 0x0, 0xc, 0xf1, 0x4,
    0xfd, 0x3f, 0xb0, 0xd, 0xf0, 0x0, 0xc, 0xf1,
    0x4, 0xfd, 0x3f, 0xb0, 0xd, 0xf0, 0x0, 0xc,
    0xf1, 0x4, 0xfd, 0x3f, 0xb0, 0xd, 0xfa, 0xaa,
    0xae, 0xf1, 0x4, 0xfd, 0x3f, 0xb0, 0xd, 0xff,
    0xff, 0xff, 0xf1, 0x4, 0xfd, 0x3f, 0xb0, 0x0,
    0x0, 0x0, 0x0, 0x0, 0x4, 0xfd, 0x3f, 0xb0,
    0x0, 0x0, 0x0, 0x0, 0x0, 0x4, 0xfd, 0x3f,
    0xb0, 0x0, 0x0, 0x0, 0x0, 0x0, 0x4, 0xfd,
    0x3f, 0xff, 0xff, 0xff, 0xff, 0xff, 0xff, 0xff,
    0xfd, 0x3f, 0xeb, 0xbb, 0xbb, 0xbb, 0xbb, 0xbb,
    0xbc, 0xfd, 0x3f, 0xb0, 0x0, 0x0, 0x0, 0x0,
    0x0, 0x4, 0xfd,

    /* U+56ED "园" */
    0x3f, 0xff, 0xff, 0xff, 0xff, 0xff, 0xff, 0xff,
    0xfe, 0x3f, 0xec, 0xcc, 0xcc, 0xcc, 0xcc, 0xcc,
    0xcc, 0xff, 0x3f, 0xa0, 0x0, 0x0, 0x0, 0x0,
    0x0, 0x0, 0xff, 0x3f, 0xa0, 0x48, 0x88, 0x88,
    0x88, 0x87, 0x0, 0xff, 0x3f, 0xa0, 0x7f, 0xff,
    0xff, 0xff, 0xff, 0x0, 0xff, 0x3f, 0xa0, 0x0,
    0x0, 0x0, 0x0, 0x0, 0x0, 0xff, 0x3f, 0xa4,
    0x55, 0x55, 0x55, 0x55, 0x55, 0x40, 0xff, 0x3f,
    0xad, 0xff, 0xff, 0xff, 0xff, 0xff, 0xc0, 0xff,
    0x3f, 0xa2, 0x33, 0xdf, 0x34, 0xf9, 0x33, 0x20,
    0xff, 0x3f, 0xa0, 0x0, 0xed, 0x2, 0xf8, 0x0,
    0x0, 0xff, 0x3f, 0xa0, 0x2, 0xfa, 0x2, 0xf8,
    0x1, 0x20, 0xff, 0x3f, 0xa0, 0xa, 0xf4, 0x2,
    0xf8, 0x4, 0xf1, 0xff, 0x3f, 0xa2, 0xaf, 0xc0,
    0x1, 0xfd, 0x8b, 0xe0, 0xff, 0x3f, 0xac, 0xfb,
    0x10, 0x0, 0xbf, 0xff, 0x80, 0xff, 0x3f, 0xa2,
    0x50, 0x0, 0x0, 0x0, 0x0, 0x0, 0xff, 0x3f,
    0xff, 0xff, 0xff, 0xff, 0xff, 0xff, 0xff, 0xff,
    0x3f, 0xec, 0xcc, 0xcc, 0xcc, 0xcc, 0xcc, 0xcc,
    0xff, 0x3f, 0xa0, 0x0, 0x0, 0x0, 0x0, 0x0,
    0x0, 0xff,

    /* U+5708 "圈" */
    0x0, 0x0, 0x0, 0x0, 0x0, 0x0, 0x0, 0x0,
    0x0, 0x3f, 0xff, 0xff, 0xff, 0xff, 0xff, 0xff,
    0xff, 0xfc, 0x3f, 0xc9, 0x99, 0x99, 0x99, 0x99,
    0x99, 0x9a, 0xfc, 0x3f, 0x80, 0x17, 0x0, 0xbb,
    0x0, 0x82, 0x1, 0xfc, 0x3f, 0x80, 0x1f, 0x60,
    0xf9, 0x6, 0xf2, 0x1, 0xfc, 0x3f, 0x80, 0x4b,
    0x88, 0xf8, 0x5e, 0xc5, 0x21, 0xfc, 0x3f, 0x80,
    0xcd, 0xdf, 0xfd, 0xdd, 0xdd, 0x61, 0xfc, 0x3f,
    0x83, 0x44, 0x7f, 0x94, 0x44, 0x44, 0x42, 0xfc,
    0x3f, 0x8b, 0xff, 0xff, 0xff, 0xff, 0xff, 0xf4,
    0xfc, 0x3f, 0x80, 0x3e, 0xe1, 0x0, 0xb, 0xf4,
    0x1, 0xfc, 0x3f, 0x98, 0xff, 0xff, 0xff, 0xfa,
    0xbf, 0xa4, 0xfc, 0x3f, 0x8b, 0x97, 0xf3, 0x11,
    0xc9, 0x6, 0xc3, 0xfc, 0x3f, 0x80, 0x6, 0xf1,
    0x6c, 0xf5, 0x0, 0x1, 0xfc, 0x3f, 0x80, 0x6,
    0xf1, 0x13, 0x20, 0xa9, 0x1, 0xfc, 0x3f, 0x80,
    0x5, 0xfb, 0xaa, 0xaa, 0xf8, 0x1, 0xfc, 0x3f,
    0x80, 0x0, 0x7a, 0xaa, 0xaa, 0x81, 0x1, 0xfc,
    0x3f, 0xda, 0xaa, 0xaa, 0xaa, 0xaa, 0xaa, 0xaa,
    0xfc, 0x3f, 0xff, 0xff, 0xff, 0xff, 0xff, 0xff,
    0xff, 0xfc, 0x3f, 0x80, 0x0, 0x0, 0x0, 0x0,
    0x0, 0x1, 0xfc,

    /* U+5728 "在" */
    0x0, 0x0, 0x0, 0x7, 0xb4, 0x0, 0x0, 0x0,
    0x0, 0x0, 0x0, 0x0, 0x0, 0xcf, 0x40, 0x0,
    0x0, 0x0, 0x0, 0x0, 0x0, 0x0, 0x2f, 0xe0,
    0x0, 0x0, 0x0, 0x0, 0x0, 0xbf, 0xff, 0xff,
    0xff, 0xff, 0xff, 0xff, 0xff, 0xfe, 0xa, 0xee,
    0xee, 0xff, 0xee, 0xee, 0xee, 0xee, 0xee, 0xc0,
    0x0, 0x0, 0x8f, 0xa0, 0x0, 0x5, 0x40, 0x0,
    0x0, 0x0, 0x0, 0x2f, 0xf2, 0x0, 0x2, 0xfc,
    0x0, 0x0, 0x0, 0x0, 0xc, 0xf8, 0x0, 0x0,
    0x2f, 0xc0, 0x0, 0x0, 0x0, 0x9, 0xfd, 0x0,
    0x0, 0x2, 0xfc, 0x0, 0x0, 0x0, 0x8, 0xff,
    0x90, 0x5b, 0xbb, 0xbf, 0xeb, 0xbb, 0xb0, 0xa,
    0xff, 0xf9, 0x7, 0xff, 0xff, 0xff, 0xff, 0xff,
    0x0, 0xee, 0x8f, 0x90, 0x0, 0x0, 0x3f, 0xc0,
    0x0, 0x0, 0x5, 0x24, 0xf9, 0x0, 0x0, 0x2,
    0xfc, 0x0, 0x0, 0x0, 0x0, 0x4f, 0x90, 0x0,
    0x0, 0x2f, 0xc0, 0x0, 0x0, 0x0, 0x4, 0xf9,
    0x0, 0x0, 0x2, 0xfc, 0x0, 0x0, 0x0, 0x0,
    0x4f, 0x90, 0x0, 0x0, 0x2f, 0xc0, 0x0, 0x0,
    0x0, 0x4, 0xf9, 0x3c, 0xcc, 0xcd, 0xff, 0xcc,
    0xcc, 0xb0, 0x0, 0x4f, 0x94, 0xff, 0xff, 0xff,
    0xff, 0xff, 0xfe, 0x0, 0x4, 0xf9, 0x4f, 0xff,
    0xff, 0xff, 0xff, 0xff, 0xe0,

    /* U+5730 "地" */
    0x0, 0x7, 0xa0, 0x0, 0x0, 0x0, 0xaf, 0x10,
    0x0, 0x0, 0x0, 0xc, 0xf0, 0x0, 0x0, 0x0,
    0xaf, 0x20, 0x0, 0x0, 0x0, 0xc, 0xf0, 0x0,
    0xbf, 0x10, 0xaf, 0x20, 0x0, 0x0, 0x0, 0xc,
    0xf0, 0x0, 0xbf, 0x10, 0xaf, 0x20, 0x16, 0x20,
    0x2, 0x2c, 0xf2, 0x20, 0xbf, 0x10, 0xaf, 0x38,
    0xef, 0xa0, 0x3f, 0xff, 0xff, 0xf3, 0xbf, 0x10,
    0xbf, 0xff, 0xff, 0xa0, 0x2a, 0xae, 0xfa, 0xa2,
    0xbf, 0x7d, 0xff, 0xd6, 0x4f, 0x90, 0x0, 0xc,
    0xf0, 0x2, 0xdf, 0xff, 0xff, 0x20, 0x3f, 0x90,
    0x0, 0xc, 0xf0, 0x5f, 0xff, 0x92, 0xaf, 0x20,
    0x3f, 0x90, 0x0, 0xc, 0xf0, 0x1c, 0xdf, 0x10,
    0xaf, 0x20, 0x3f, 0x90, 0x0, 0xc, 0xf0, 0x0,
    0xbf, 0x10, 0xaf, 0x20, 0x3f, 0x80, 0x0, 0xc,
    0xf2, 0x92, 0xbf, 0x10, 0xaf, 0x34, 0x9f, 0x70,
    0x0, 0xc, 0xff, 0xf6, 0xbf, 0x10, 0xaf, 0x2f,
    0xfe, 0x20, 0x6, 0xcf, 0xfd, 0x50, 0xbf, 0x10,
    0xaf, 0x23, 0x31, 0x0, 0x4f, 0xfe, 0x60, 0x0,
    0xbf, 0x10, 0x0, 0x0, 0x2, 0xc3, 0xd, 0x70,
    0x0, 0x0, 0xbf, 0x10, 0x0, 0x0, 0x4, 0xf7,
    0x0, 0x0, 0x0, 0x0, 0xaf, 0x20, 0x0, 0x0,
    0x8, 0xf4, 0x0, 0x0, 0x0, 0x0, 0x7f, 0xeb,
    0xbb, 0xbb, 0xbf, 0xf0, 0x0, 0x0, 0x0, 0x0,
    0xa, 0xef, 0xff, 0xff, 0xfd, 0x40,

    /* U+5747 "均" */
    0x0, 0x7, 0x80, 0x0, 0x0, 0x8, 0x70, 0x0,
    0x0, 0x0, 0x0, 0xdf, 0x0, 0x0, 0x2, 0xfd,
    0x0, 0x0, 0x0, 0x0, 0xd, 0xf0, 0x0, 0x0,
    0xaf, 0x60, 0x0, 0x0, 0x0, 0x0, 0xdf, 0x0,
    0x0, 0x3f, 0xfb, 0xaa, 0xaa, 0xb9, 0x0, 0xd,
    0xf0, 0x0, 0xd, 0xff, 0xff, 0xff, 0xff, 0xd3,
    0xff, 0xff, 0xff, 0x4a, 0xfb, 0x11, 0x11, 0x11,
    0xfd, 0x2b, 0xbf, 0xfb, 0xbc, 0xfe, 0x10, 0x0,
    0x0, 0xf, 0xc0, 0x0, 0xdf, 0x0, 0x5f, 0x38,
    0x90, 0x0, 0x0, 0xfc, 0x0, 0xd, 0xf0, 0x0,
    0x10, 0x9f, 0xb1, 0x0, 0xf, 0xb0, 0x0, 0xdf,
    0x0, 0x0, 0x0, 0x8f, 0xd1, 0x0, 0xfb, 0x0,
    0xd, 0xf0, 0x0, 0x0, 0x0, 0x7e, 0x21, 0x1f,
    0xa0, 0x0, 0xdf, 0x5, 0x80, 0x0, 0x0, 0x39,
    0xf3, 0xfa, 0x0, 0xd, 0xfd, 0xfe, 0x0, 0x1,
    0x8f, 0xfa, 0x3f, 0x90, 0x6, 0xff, 0xf9, 0x10,
    0x18, 0xff, 0xc3, 0x4, 0xf8, 0x2e, 0xff, 0xb2,
    0x0, 0x7f, 0xfe, 0x50, 0x0, 0x5f, 0x60, 0xfc,
    0x40, 0x0, 0x8, 0xf8, 0x0, 0x0, 0x8, 0xf5,
    0x3, 0x0, 0x0, 0x0, 0x11, 0x0, 0x0, 0x0,
    0xcf, 0x20, 0x0, 0x0, 0x0, 0x0, 0x0, 0xa,
    0xcb, 0xcf, 0xd0, 0x0, 0x0, 0x0, 0x0, 0x0,
    0x0, 0x7f, 0xff, 0xc3, 0x0, 0x0, 0x0, 0x0,
    0x0, 0x0, 0x0, 0x0, 0x0, 0x0,

    /* U+5757 "块" */
    0x0, 0x7, 0xa0, 0x0, 0x0, 0x7, 0xa0, 0x0,
    0x0, 0x0, 0x0, 0xb, 0xf0, 0x0, 0x0, 0xc,
    0xf1, 0x0, 0x0, 0x0, 0x0, 0xb, 0xf0, 0x0,
    0x0, 0xc, 0xf1, 0x0, 0x0, 0x0, 0x0, 0xb,
    0xf0, 0x0, 0x88, 0x8e, 0xf9, 0x88, 0x85, 0x0,
    0x0, 0xc, 0xf1, 0x1, 0xff, 0xff, 0xff, 0xff,
    0xfa, 0x0, 0xf, 0xff, 0xff, 0xf2, 0x44, 0x4d,
    0xf5, 0x45, 0xfa, 0x0, 0xb, 0xbe, 0xfc, 0xb1,
    0x0, 0xc, 0xf1, 0x1, 0xfa, 0x0, 0x0, 0xb,
    0xf0, 0x0, 0x0, 0xc, 0xf1, 0x1, 0xfa, 0x0,
    0x0, 0xb, 0xf0, 0x0, 0x0, 0xc, 0xf0, 0x1,
    0xfa, 0x0, 0x0, 0xb, 0xf0, 0x7, 0xff, 0xff,
    0xff, 0xff, 0xff, 0xf0, 0x0, 0xb, 0xf0, 0x17,
    0xdd, 0xef, 0xff, 0xed, 0xdd, 0xd0, 0x0, 0xb,
    0xf9, 0xf4, 0x0, 0x3f, 0xff, 0x50, 0x0, 0x0,
    0x0, 0x4e, 0xff, 0xf5, 0x0, 0x8f, 0x9f, 0xc0,
    0x0, 0x0, 0x2d, 0xff, 0xf8, 0x10, 0x1, 0xef,
    0x1b, 0xf5, 0x0, 0x0, 0xf, 0xf8, 0x10, 0x0,
    0xa, 0xfa, 0x3, 0xfe, 0x10, 0x0, 0x4, 0x0,
    0x0, 0x0, 0x8f, 0xe1, 0x0, 0x9f, 0xd1, 0x0,
    0x0, 0x0, 0x0, 0x2b, 0xff, 0x30, 0x0, 0xc,
    0xfe, 0x50, 0x0, 0x0, 0x1, 0xef, 0xd2, 0x0,
    0x0, 0x1, 0xcf, 0xe1, 0x0, 0x0, 0x0, 0x57,
    0x0, 0x0, 0x0, 0x0, 0x7, 0x40,

    /* U+5806 "堆" */
    0x0, 0x8, 0xa0, 0x0, 0x0, 0x88, 0x15, 0x70,
    0x0, 0x0, 0x0, 0xcf, 0x0, 0x0, 0x1f, 0xe0,
    0xcf, 0x30, 0x0, 0x0, 0xc, 0xf0, 0x0, 0x7,
    0xf8, 0x4, 0xfb, 0x0, 0x0, 0x0, 0xcf, 0x0,
    0x0, 0xef, 0x98, 0x8e, 0xa8, 0x85, 0x15, 0x5d,
    0xf6, 0x51, 0x7f, 0xff, 0xff, 0xff, 0xff, 0xb3,
    0xff, 0xff, 0xff, 0x6f, 0xfd, 0x33, 0xbf, 0x53,
    0x32, 0x16, 0x6e, 0xf7, 0x7e, 0xff, 0xd0, 0xa,
    0xf2, 0x0, 0x0, 0x0, 0xcf, 0x1, 0xeb, 0xff,
    0x99, 0xdf, 0xa9, 0x91, 0x0, 0xc, 0xf0, 0x2,
    0x1f, 0xff, 0xff, 0xff, 0xff, 0x30, 0x0, 0xcf,
    0x0, 0x0, 0xfd, 0x11, 0xbf, 0x31, 0x10, 0x0,
    0xc, 0xf0, 0x0, 0xf, 0xd0, 0xa, 0xf2, 0x0,
    0x0, 0x0, 0xcf, 0x6d, 0x70, 0xff, 0xaa, 0xef,
    0xba, 0xa2, 0x0, 0x1d, 0xff, 0xf7, 0xf, 0xff,
    0xff, 0xff, 0xff, 0x31, 0x9f, 0xff, 0xb2, 0x0,
    0xfd, 0x0, 0xaf, 0x30, 0x0, 0x2f, 0xfb, 0x30,
    0x0, 0xf, 0xd0, 0xa, 0xf2, 0x0, 0x0, 0x94,
    0x0, 0x0, 0x0, 0xfd, 0x33, 0xbf, 0x53, 0x33,
    0x0, 0x0, 0x0, 0x0, 0xf, 0xff, 0xff, 0xff,
    0xff, 0xf0, 0x0, 0x0, 0x0, 0x0, 0xfe, 0x88,
    0x88, 0x88, 0x88, 0x0, 0x0, 0x0, 0x0, 0xf,
    0xd0, 0x0, 0x0, 0x0, 0x0,

    /* U+586B "填" */
    0x0, 0x8, 0x60, 0x0, 0x0, 0x0, 0xaa, 0x0,
    0x0, 0x0, 0x0, 0x1f, 0xb0, 0x0, 0x0, 0x1,
    0xfe, 0x0, 0x0, 0x0, 0x0, 0x1f, 0xb0, 0x5,
    0xff, 0xff, 0xff, 0xff, 0xff, 0xe0, 0x0, 0x1f,
    0xb0, 0x2, 0x77, 0x7a, 0xfb, 0x77, 0x77, 0x70,
    0x0, 0x1f, 0xb0, 0x0, 0x24, 0x4a, 0xf7, 0x44,
    0x42, 0x0, 0x3f, 0xff, 0xff, 0xe0, 0x7f, 0xff,
    0xff, 0xff, 0xf9, 0x0, 0x2a, 0xbf, 0xea, 0x90,
    0x7f, 0x41, 0x11, 0x13, 0xf9, 0x0, 0x0, 0x1f,
    0xb0, 0x0, 0x7f, 0xff, 0xff, 0xff, 0xf9, 0x0,
    0x0, 0x1f, 0xb0, 0x0, 0x7f, 0x30, 0x0, 0x2,
    0xf9, 0x0, 0x0, 0x1f, 0xb0, 0x0, 0x7f, 0xff,
    0xff, 0xff, 0xf9, 0x0, 0x0, 0x1f, 0xb0, 0x0,
    0x7f, 0x30, 0x0, 0x2, 0xf9, 0x0, 0x0, 0x1f,
    0xb0, 0x0, 0x7f, 0xff, 0xff, 0xff, 0xf9, 0x0,
    0x0, 0x1f, 0xda, 0xc0, 0x7f, 0x42, 0x22, 0x24,
    0xf9, 0x0, 0x3, 0x9f, 0xff, 0xea, 0xdf, 0xba,
    0xaa, 0xab, 0xfe, 0xa3, 0x4f, 0xff, 0xb4, 0x3f,
    0xff, 0xff, 0xff, 0xff, 0xff, 0xf4, 0xd, 0x82,
    0x0, 0x0, 0x4, 0xea, 0x10, 0xae, 0x60, 0x0,
    0x0, 0x0, 0x0, 0x2, 0xaf, 0xf8, 0x0, 0x5e,
    0xfc, 0x20, 0x0, 0x0, 0x0, 0x4f, 0xfb, 0x20,
    0x0, 0x1, 0xaf, 0xe0, 0x0, 0x0, 0x0, 0x6,
    0x40, 0x0, 0x0, 0x0, 0x5, 0x30,

    /* U+5907 "备" */
    0x0, 0x0, 0x0, 0xa, 0x81, 0x0, 0x0, 0x0,
    0x0, 0x0, 0x0, 0x0, 0x0, 0xaf, 0xb0, 0x0,
    0x0, 0x10, 0x0, 0x0, 0x0, 0x0, 0x9, 0xff,
    0xff, 0xff, 0xff, 0xfd, 0x20, 0x0, 0x0, 0x1,
    0xbf, 0xf9, 0x99, 0x99, 0x9f, 0xfc, 0x0, 0x0,
    0x0, 0x6e, 0xff, 0xf9, 0x0, 0x1, 0xbf, 0xd1,
    0x0, 0x0, 0x3, 0xff, 0x72, 0xdf, 0xd5, 0x6e,
    0xfb, 0x10, 0x0, 0x0, 0x0, 0x42, 0x0, 0x9,
    0xff, 0xff, 0x80, 0x0, 0x0, 0x0, 0x0, 0x0,
    0x26, 0xbf, 0xff, 0xff, 0xfc, 0x74, 0x10, 0x0,
    0x28, 0xbe, 0xff, 0xfd, 0x81, 0x18, 0xdf, 0xff,
    0xfe, 0xc3, 0xf, 0xff, 0xc7, 0x30, 0x0, 0x0,
    0x2, 0x6a, 0xdf, 0xc0, 0x4, 0x2b, 0xee, 0xee,
    0xee, 0xee, 0xee, 0xee, 0x90, 0x0, 0x0, 0xc,
    0xfc, 0xbb, 0xcf, 0xfb, 0xbb, 0xdf, 0xa0, 0x0,
    0x0, 0xc, 0xf3, 0x0, 0xf, 0xe0, 0x0, 0x7f,
    0xa0, 0x0, 0x0, 0xc, 0xff, 0xff, 0xff, 0xff,
    0xff, 0xff, 0xa0, 0x0, 0x0, 0xc, 0xfa, 0x88,
    0x9f, 0xf8, 0x88, 0xcf, 0xa0, 0x0, 0x0, 0xc,
    0xf3, 0x0, 0xf, 0xe0, 0x0, 0x7f, 0xa0, 0x0,
    0x0, 0xc, 0xfd, 0xcc, 0xcf, 0xfc, 0xcc, 0xef,
    0xa0, 0x0, 0x0, 0xc, 0xfe, 0xdd, 0xdd, 0xdd,
    0xdd, 0xef, 0xa0, 0x0, 0x0, 0xc, 0xf3, 0x0,
    0x0, 0x0, 0x0, 0x7f, 0xa0, 0x0, 0x0, 0x0,
    0x0, 0x0, 0x0, 0x0, 0x0, 0x0, 0x0, 0x0,

    /* U+590D "复" */
    0x0, 0x0, 0x1b, 0x60, 0x0, 0x0, 0x0, 0x0,
    0x0, 0x0, 0x0, 0x0, 0x9f, 0x70, 0x0, 0x0,
    0x0, 0x0, 0x0, 0x0, 0x0, 0x6, 0xff, 0xff,
    0xff, 0xff, 0xff, 0xff, 0xff, 0x70, 0x0, 0x5f,
    0xe8, 0x88, 0x88, 0x88, 0x88, 0x88, 0x88, 0x30,
    0x7, 0xff, 0x85, 0x55, 0x55, 0x55, 0x55, 0x55,
    0x50, 0x0, 0xa, 0xf4, 0xdf, 0xff, 0xff, 0xff,
    0xff, 0xff, 0xf1, 0x0, 0x0, 0x20, 0xdf, 0x0,
    0x0, 0x0, 0x0, 0xe, 0xf1, 0x0, 0x0, 0x0,
    0xdf, 0xff, 0xff, 0xff, 0xff, 0xff, 0xf1, 0x0,
    0x0, 0x0, 0xdf, 0x44, 0x44, 0x44, 0x44, 0x4f,
    0xf1, 0x0, 0x0, 0x0, 0xdf, 0x66, 0x66, 0x66,
    0x66, 0x6f, 0xf1, 0x0, 0x0, 0x0, 0xcf, 0xff,
    0xff, 0xff, 0xff, 0xff, 0xf0, 0x0, 0x0, 0x0,
    0x3, 0xff, 0x43, 0x33, 0x33, 0x33, 0x0, 0x0,
    0x0, 0x0, 0x5f, 0xff, 0xff, 0xff, 0xff, 0xff,
    0x90, 0x0, 0x0, 0x2a, 0xff, 0xf6, 0x33, 0x33,
    0x3b, 0xfd, 0x10, 0x0, 0x0, 0xcf, 0x92, 0xcf,
    0x91, 0x5, 0xdf, 0xc1, 0x0, 0x0, 0x0, 0x13,
    0x0, 0x8, 0xff, 0xef, 0xe6, 0x0, 0x0, 0x0,
    0x1, 0x24, 0x69, 0xcf, 0xff, 0xff, 0xfd, 0xa8,
    0x64, 0x31, 0x2f, 0xff, 0xff, 0xeb, 0x62, 0x4,
    0x8c, 0xff, 0xff, 0xf2, 0x8, 0x86, 0x41, 0x0,
    0x0, 0x0, 0x0, 0x2, 0x46, 0x50,

    /* U+5927 "大" */
    0x0, 0x0, 0x0, 0x0, 0xa, 0xa0, 0x0, 0x0,
    0x0, 0x0, 0x0, 0x0, 0x0, 0x0, 0xf, 0xf0,
    0x0, 0x0, 0x0, 0x0, 0x0, 0x0, 0x0, 0x0,
    0xf, 0xf0, 0x0, 0x0, 0x0, 0x0, 0x0, 0x0,
    0x0, 0x0, 0xf, 0xf0, 0x0, 0x0, 0x0, 0x0,
    0x0, 0x0, 0x0, 0x0, 0x1f, 0xe0, 0x0, 0x0,
    0x0, 0x0, 0x0, 0x11, 0x11, 0x11, 0x4f, 0xd1,
    0x11, 0x11, 0x11, 0x10, 0xc, 0xff, 0xff, 0xff,
    0xff, 0xff, 0xff, 0xff, 0xff, 0xe0, 0xa, 0xee,
    0xee, 0xee, 0xff, 0xff, 0xee, 0xee, 0xee, 0xc0,
    0x0, 0x0, 0x0, 0x0, 0xbf, 0xfc, 0x0, 0x0,
    0x0, 0x0, 0x0, 0x0, 0x0, 0x0, 0xff, 0xef,
    0x20, 0x0, 0x0, 0x0, 0x0, 0x0, 0x0, 0x6,
    0xfc, 0x8f, 0xa0, 0x0, 0x0, 0x0, 0x0, 0x0,
    0x0, 0xd, 0xf6, 0x1f, 0xf2, 0x0, 0x0, 0x0,
    0x0, 0x0, 0x0, 0x6f, 0xe0, 0x9, 0xfc, 0x0,
    0x0, 0x0, 0x0, 0x0, 0x2, 0xff, 0x60, 0x1,
    0xef, 0x80, 0x0, 0x0, 0x0, 0x0, 0x2e, 0xfb,
    0x0, 0x0, 0x5f, 0xf7, 0x0, 0x0, 0x0, 0x4,
    0xef, 0xd1, 0x0, 0x0, 0x8, 0xff, 0x90, 0x0,
    0x1, 0x9f, 0xfc, 0x10, 0x0, 0x0, 0x0, 0x8f,
    0xfd, 0x40, 0xc, 0xff, 0x90, 0x0, 0x0, 0x0,
    0x0, 0x6, 0xff, 0xd1, 0x1, 0xa3, 0x0, 0x0,
    0x0, 0x0, 0x0, 0x0, 0x2a, 0x20,

    /* U+5931 "失" */
    0x0, 0x0, 0x0, 0x0, 0x1, 0x10, 0x0, 0x0,
    0x0, 0x0, 0x0, 0x0, 0x89, 0x20, 0x1f, 0xe0,
    0x0, 0x0, 0x0, 0x0, 0x0, 0x0, 0xef, 0x20,
    0x1f, 0xe0, 0x0, 0x0, 0x0, 0x0, 0x0, 0x4,
    0xfd, 0x0, 0x1f, 0xe0, 0x0, 0x0, 0x0, 0x0,
    0x0, 0xb, 0xfe, 0xbb, 0xcf, 0xfb, 0xbb, 0xbb,
    0xb3, 0x0, 0x0, 0x3f, 0xff, 0xff, 0xff, 0xff,
    0xff, 0xff, 0xf4, 0x0, 0x0, 0xbf, 0x93, 0x33,
    0x4f, 0xe3, 0x33, 0x33, 0x30, 0x0, 0x6, 0xff,
    0x10, 0x0, 0x1f, 0xe0, 0x0, 0x0, 0x0, 0x0,
    0x6, 0xe6, 0x0, 0x0, 0x2f, 0xd0, 0x0, 0x0,
    0x0, 0x0, 0x0, 0x10, 0x0, 0x0, 0x3f, 0xc0,
    0x0, 0x0, 0x0, 0x0, 0xf, 0xff, 0xff, 0xff,
    0xff, 0xff, 0xff, 0xff, 0xff, 0xf0, 0xe, 0xee,
    0xee, 0xee, 0xff, 0xff, 0xee, 0xee, 0xee, 0xe0,
    0x0, 0x0, 0x0, 0x1, 0xff, 0xfe, 0x0, 0x0,
    0x0, 0x0, 0x0, 0x0, 0x0, 0x9, 0xfc, 0xaf,
    0x80, 0x0, 0x0, 0x0, 0x0, 0x0, 0x0, 0x5f,
    0xf3, 0x1f, 0xf5, 0x0, 0x0, 0x0, 0x0, 0x0,
    0x6, 0xff, 0x80, 0x6, 0xff, 0x50, 0x0, 0x0,
    0x0, 0x2, 0xbf, 0xf9, 0x0, 0x0, 0x8f, 0xfa,
    0x10, 0x0, 0x4, 0xaf, 0xff, 0x60, 0x0, 0x0,
    0x6, 0xff, 0xfa, 0x51, 0xd, 0xff, 0xa2, 0x0,
    0x0, 0x0, 0x0, 0x2a, 0xff, 0xe1, 0x2, 0x71,
    0x0, 0x0, 0x0, 0x0, 0x0, 0x0, 0x17, 0x40,

    /* U+597D "好" */
    0x0, 0x7, 0xc3, 0x0, 0x0, 0x0, 0x0, 0x0,
    0x0, 0x0, 0x0, 0xb, 0xf2, 0x0, 0x1, 0x77,
    0x77, 0x77, 0x78, 0x10, 0x0, 0xd, 0xf0, 0x0,
    0x3, 0xff, 0xff, 0xff, 0xff, 0xb0, 0x0, 0xf,
    0xd0, 0x0, 0x0, 0x33, 0x33, 0x37, 0xfe, 0x10,
    0x1d, 0xdf, 0xfd, 0xdd, 0x80, 0x0, 0x0, 0x2e,
    0xf3, 0x0, 0x1f, 0xff, 0xff, 0xff, 0xa0, 0x0,
    0x3, 0xef, 0x40, 0x0, 0x0, 0x9f, 0x30, 0x3f,
    0x80, 0x0, 0xe, 0xf4, 0x0, 0x0, 0x0, 0xdf,
    0x0, 0x6f, 0x60, 0x0, 0xe, 0xf1, 0x0, 0x0,
    0x1, 0xfc, 0x0, 0x9f, 0x7b, 0xbb, 0xbf, 0xfb,
    0xbb, 0xb3, 0x5, 0xf8, 0x0, 0xdf, 0x6f, 0xff,
    0xff, 0xff, 0xff, 0xf5, 0xa, 0xfb, 0x2, 0xfb,
    0x1, 0x11, 0x1e, 0xf2, 0x11, 0x10, 0x3, 0xef,
    0xd9, 0xf6, 0x0, 0x0, 0xe, 0xf1, 0x0, 0x0,
    0x0, 0x1c, 0xff, 0xf1, 0x0, 0x0, 0xe, 0xf1,
    0x0, 0x0, 0x0, 0x0, 0xcf, 0xf4, 0x0, 0x0,
    0xe, 0xf1, 0x0, 0x0, 0x0, 0x2, 0xff, 0xff,
    0x30, 0x0, 0xe, 0xf1, 0x0, 0x0, 0x0, 0x1d,
    0xf8, 0xbf, 0xe0, 0x0, 0xe, 0xf1, 0x0, 0x0,
    0x2, 0xdf, 0xb0, 0xd, 0x60, 0x0, 0xe, 0xf1,
    0x0, 0x0, 0x2f, 0xfb, 0x0, 0x1, 0x0, 0x5b,
    0xbf, 0xf0, 0x0, 0x0, 0x9, 0x80, 0x0, 0x0,
    0x0, 0x2f, 0xfe, 0x70, 0x0, 0x0, 0x0, 0x0,
    0x0, 0x0, 0x0, 0x0, 0x0, 0x0, 0x0, 0x0,

    /* U+59CB "始" */
    0x0, 0x8, 0xb0, 0x0, 0x0, 0x0, 0xb8, 0x0,
    0x0, 0x0, 0x0, 0xd, 0xe0, 0x0, 0x0, 0x5,
    0xfb, 0x0, 0x0, 0x0, 0x0, 0xf, 0xc0, 0x0,
    0x0, 0xc, 0xf4, 0x0, 0x0, 0x0, 0x0, 0x2f,
    0x90, 0x0, 0x0, 0x5f, 0xc0, 0x2c, 0x50, 0x0,
    0x2d, 0xdf, 0xed, 0xd9, 0x0, 0xdf, 0x30, 0x1e,
    0xf1, 0x0, 0x2f, 0xff, 0xff, 0xfb, 0x7, 0xf9,
    0x0, 0x5, 0xfb, 0x0, 0x0, 0xbf, 0x1, 0xfa,
    0x3f, 0xf6, 0x67, 0x89, 0xff, 0x40, 0x0, 0xec,
    0x3, 0xf8, 0xef, 0xff, 0xff, 0xff, 0xff, 0xd0,
    0x2, 0xf8, 0x5, 0xf6, 0x9b, 0x98, 0x65, 0x32,
    0x1a, 0xe2, 0x6, 0xf5, 0x9, 0xf3, 0x0, 0x0,
    0x0, 0x0, 0x2, 0x0, 0xb, 0xf6, 0xd, 0xf0,
    0x9, 0xaa, 0xaa, 0xaa, 0xaa, 0x0, 0x4, 0xef,
    0xaf, 0xc0, 0xd, 0xff, 0xff, 0xff, 0xff, 0x0,
    0x0, 0x1d, 0xff, 0x70, 0xd, 0xe0, 0x0, 0x0,
    0xcf, 0x0, 0x0, 0x1, 0xff, 0xc0, 0xd, 0xe0,
    0x0, 0x0, 0xcf, 0x0, 0x0, 0x9, 0xff, 0xfb,
    0xd, 0xe0, 0x0, 0x0, 0xcf, 0x0, 0x0, 0x5f,
    0xf3, 0xcd, 0xd, 0xe0, 0x0, 0x0, 0xcf, 0x0,
    0x7, 0xff, 0x70, 0x12, 0xd, 0xff, 0xff, 0xff,
    0xff, 0x0, 0x1e, 0xfa, 0x0, 0x0, 0xd, 0xfb,
    0xbb, 0xbb, 0xff, 0x0, 0x6, 0x80, 0x0, 0x0,
    0xd, 0xe0, 0x0, 0x0, 0xcf, 0x0, 0x0, 0x0,
    0x0, 0x0, 0x0, 0x0, 0x0, 0x0, 0x0, 0x0,

    /* U+5B57 "字" */
    0x0, 0x0, 0x0, 0x0, 0x0, 0x0, 0x0, 0x0,
    0x0, 0x0, 0x0, 0x0, 0x5, 0xd7, 0x0, 0x0,
    0x0, 0x0, 0x0, 0x0, 0x0, 0x3, 0xff, 0x10,
    0x0, 0x0, 0x0, 0x9d, 0xdd, 0xdd, 0xdd, 0xff,
    0xed, 0xdd, 0xdd, 0xd1, 0xbf, 0xff, 0xff, 0xff,
    0xff, 0xff, 0xff, 0xff, 0xf1, 0xbf, 0x20, 0x0,
    0x0, 0x0, 0x0, 0x0, 0xe, 0xf1, 0xbf, 0x20,
    0x0, 0x0, 0x0, 0x0, 0x10, 0xe, 0xf1, 0x57,
    0x18, 0xff, 0xff, 0xff, 0xff, 0xfc, 0x16, 0x70,
    0x0, 0x6, 0xbb, 0xbb, 0xbb, 0xcf, 0xf9, 0x0,
    0x0, 0x0, 0x0, 0x0, 0x0, 0x3, 0xef, 0x70,
    0x0, 0x0, 0x0, 0x0, 0x0, 0x0, 0x9f, 0xe4,
    0x0, 0x0, 0x0, 0x0, 0x0, 0x0, 0x2, 0xff,
    0x10, 0x0, 0x0, 0x0, 0xcf, 0xff, 0xff, 0xff,
    0xff, 0xff, 0xff, 0xff, 0xf9, 0x9c, 0xcc, 0xcc,
    0xcc, 0xff, 0xcc, 0xcc, 0xcc, 0xc6, 0x0, 0x0,
    0x0, 0x1, 0xfe, 0x0, 0x0, 0x0, 0x0, 0x0,
    0x0, 0x0, 0x1, 0xfe, 0x0, 0x0, 0x0, 0x0,
    0x0, 0x0, 0x0, 0x1, 0xfe, 0x0, 0x0, 0x0,
    0x0, 0x0, 0x0, 0x0, 0x1, 0xfe, 0x0, 0x0,
    0x0, 0x0, 0x0, 0x0, 0x6d, 0xde, 0xfd, 0x0,
    0x0, 0x0, 0x0, 0x0, 0x0, 0x1f, 0xff, 0xc4,
    0x0, 0x0, 0x0, 0x0, 0x0, 0x0, 0x0, 0x0,
    0x0, 0x0, 0x0, 0x0, 0x0,

    /* U+5B58 "存" */
    0x0, 0x0, 0x0, 0x5, 0x72, 0x0, 0x0, 0x0,
    0x0, 0x0, 0x0, 0x0, 0x0, 0xc, 0xf4, 0x0,
    0x0, 0x0, 0x0, 0x0, 0x0, 0x11, 0x11, 0x3f,
    0xe1, 0x11, 0x11, 0x11, 0x11, 0x0, 0xb, 0xff,
    0xff, 0xff, 0xff, 0xff, 0xff, 0xff, 0xff, 0xe0,
    0x9, 0xcc, 0xcd, 0xff, 0xcc, 0xcc, 0xcc, 0xcc,
    0xcc, 0xb0, 0x0, 0x0, 0x8, 0xf9, 0x0, 0x0,
    0x0, 0x0, 0x0, 0x0, 0x0, 0x0, 0x2f, 0xf1,
    0x5a, 0xaa, 0xaa, 0xaa, 0xb4, 0x0, 0x0, 0x0,
    0xcf, 0x70, 0x8f, 0xff, 0xff, 0xff, 0xfb, 0x0,
    0x0, 0xa, 0xfc, 0x0, 0x0, 0x0, 0x2, 0xcf,
    0xa0, 0x0, 0x0, 0x8f, 0xf8, 0x0, 0x0, 0x0,
    0x5e, 0xf7, 0x0, 0x0, 0x1a, 0xff, 0xf8, 0x0,
    0x0, 0x0, 0xcf, 0x40, 0x0, 0x0, 0x2f, 0xe8,
    0xf8, 0x1a, 0xaa, 0xaa, 0xef, 0xba, 0xaa, 0xa1,
    0x5, 0x15, 0xf8, 0x3f, 0xff, 0xff, 0xff, 0xff,
    0xff, 0xf3, 0x0, 0x5, 0xf8, 0x2, 0x22, 0x22,
    0xdf, 0x42, 0x22, 0x20, 0x0, 0x5, 0xf8, 0x0,
    0x0, 0x0, 0xcf, 0x20, 0x0, 0x0, 0x0, 0x5,
    0xf8, 0x0, 0x0, 0x0, 0xcf, 0x20, 0x0, 0x0,
    0x0, 0x5, 0xf8, 0x0, 0x0, 0x0, 0xcf, 0x20,
    0x0, 0x0, 0x0, 0x5, 0xf8, 0x0, 0x9, 0xbb,
    0xff, 0x10, 0x0, 0x0, 0x0, 0x5, 0xf8, 0x0,
    0x8, 0xff, 0xe8, 0x0, 0x0, 0x0, 0x0, 0x0,
    0x0, 0x0, 0x0, 0x0, 0x0, 0x0, 0x0, 0x0,

    /* U+5B89 "安" */
    0x0, 0x0, 0x0, 0x0, 0x0, 0x0, 0x0, 0x0,
    0x0, 0x0, 0x0, 0x0, 0x7, 0xd6, 0x0, 0x0,
    0x0, 0x0, 0x0, 0x0, 0x0, 0x4, 0xfe, 0x0,
    0x0, 0x0, 0x0, 0x1b, 0xbb, 0xbb, 0xbb, 0xff,
    0xcb, 0xbb, 0xbb, 0xb5, 0x2f, 0xff, 0xff, 0xff,
    0xff, 0xff, 0xff, 0xff, 0xf7, 0x2f, 0xc0, 0x0,
    0x3, 0x10, 0x0, 0x0, 0x9, 0xf7, 0x2f, 0xc0,
    0x0, 0xe, 0xf4, 0x0, 0x0, 0x9, 0xf7, 0x18,
    0x60, 0x0, 0x6f, 0xd0, 0x0, 0x0, 0x4, 0x83,
    0x0, 0x0, 0x1, 0xef, 0x60, 0x0, 0x0, 0x0,
    0x0, 0x9f, 0xff, 0xff, 0xff, 0xff, 0xff, 0xff,
    0xff, 0xfe, 0x6b, 0xbb, 0xcf, 0xfc, 0xbb, 0xbc,
    0xff, 0xcb, 0xba, 0x0, 0x0, 0xaf, 0xa0, 0x0,
    0x5, 0xfd, 0x0, 0x0, 0x0, 0x5, 0xff, 0x10,
    0x0, 0xe, 0xf5, 0x0, 0x0, 0x0, 0xd, 0xff,
    0xe8, 0x20, 0xaf, 0xb0, 0x0, 0x0, 0x0, 0x0,
    0x4a, 0xff, 0xfe, 0xfe, 0x10, 0x0, 0x0, 0x0,
    0x0, 0x0, 0x1a, 0xff, 0xff, 0x82, 0x0, 0x0,
    0x0, 0x0, 0x5, 0xbf, 0xfb, 0xbf, 0xff, 0xa2,
    0x0, 0x3, 0x7a, 0xff, 0xfd, 0x50, 0x2, 0xaf,
    0xff, 0xa1, 0x1e, 0xff, 0xfa, 0x40, 0x0, 0x0,
    0x2, 0xbf, 0xf3, 0x4, 0x84, 0x0, 0x0, 0x0,
    0x0, 0x0, 0x4, 0x40,

    /* U+5B8C "完" */
    0x0, 0x0, 0x0, 0x0, 0x0, 0x0, 0x0, 0x0,
    0x0, 0x0, 0x0, 0x0, 0x0, 0x0, 0x9f, 0x50,
    0x0, 0x0, 0x0, 0x0, 0x0, 0x0, 0x0, 0x0,
    0x6f, 0xd0, 0x0, 0x0, 0x0, 0x0, 0x8, 0xcc,
    0xcc, 0xcc, 0xdf, 0xfc, 0xcc, 0xcc, 0xcc, 0x10,
    0xa, 0xff, 0xff, 0xff, 0xff, 0xff, 0xff, 0xff,
    0xff, 0x10, 0xa, 0xf3, 0x0, 0x0, 0x0, 0x0,
    0x0, 0x0, 0xef, 0x10, 0xa, 0xf3, 0x0, 0x0,
    0x0, 0x0, 0x0, 0x0, 0xef, 0x10, 0x9, 0xe3,
    0x9f, 0xff, 0xff, 0xff, 0xff, 0xf1, 0xde, 0x10,
    0x0, 0x0, 0x6b, 0xbb, 0xbb, 0xbb, 0xbb, 0xb0,
    0x0, 0x0, 0x0, 0x0, 0x0, 0x0, 0x0, 0x0,
    0x0, 0x0, 0x0, 0x0, 0x3, 0x33, 0x33, 0x33,
    0x33, 0x33, 0x33, 0x33, 0x33, 0x30, 0xe, 0xff,
    0xff, 0xff, 0xff, 0xff, 0xff, 0xff, 0xff, 0xe0,
    0x8, 0x99, 0x99, 0xff, 0x99, 0x9f, 0xf9, 0x99,
    0x99, 0x80, 0x0, 0x0, 0x0, 0xfe, 0x0, 0xd,
    0xf1, 0x0, 0x0, 0x0, 0x0, 0x0, 0x2, 0xfc,
    0x0, 0xd, 0xf1, 0x0, 0x0, 0x0, 0x0, 0x0,
    0x6, 0xf9, 0x0, 0xd, 0xf1, 0x0, 0x4, 0x0,
    0x0, 0x0, 0xd, 0xf3, 0x0, 0xd, 0xf1, 0x0,
    0xe, 0xe2, 0x0, 0x2, 0xcf, 0xb0, 0x0, 0xd,
    0xf1, 0x0, 0xf, 0xf1, 0x7, 0xbf, 0xfb, 0x0,
    0x0, 0xb, 0xfd, 0xbb, 0xdf, 0xe0, 0xc, 0xfc,
    0x50, 0x0, 0x0, 0x4, 0xdf, 0xff, 0xfe, 0x40,
    0x2, 0x10, 0x0, 0x0, 0x0, 0x0, 0x0, 0x0,
    0x0, 0x0,

    /* U+5BAB "宫" */
    0x0, 0x0, 0x0, 0x0, 0x0, 0x0, 0x0, 0x0,
    0x0, 0x0, 0x0, 0x0, 0x4, 0xdb, 0x0, 0x0,
    0x0, 0x0, 0x0, 0x0, 0x0, 0x0, 0xff, 0x30,
    0x0, 0x0, 0x0, 0x2c, 0xcc, 0xcc, 0xcc, 0xff,
    0xec, 0xcc, 0xcc, 0xc6, 0x3f, 0xff, 0xff, 0xff,
    0xff, 0xff, 0xff, 0xff, 0xf7, 0x3f, 0xb0, 0x0,
    0x0, 0x0, 0x0, 0x0, 0x6, 0xf7, 0x3f, 0xa4,
    0x77, 0x77, 0x77, 0x77, 0x77, 0x76, 0xf7, 0x29,
    0x68, 0xff, 0xff, 0xff, 0xff, 0xff, 0xf3, 0x94,
    0x0, 0x8, 0xf4, 0x0, 0x0, 0x0, 0xd, 0xf0,
    0x0, 0x0, 0x8, 0xf3, 0x0, 0x0, 0x0, 0xd,
    0xf0, 0x0, 0x0, 0x8, 0xff, 0xff, 0xff, 0xff,
    0xff, 0xf0, 0x0, 0x0, 0x5, 0x99, 0x99, 0x99,
    0x99, 0x99, 0x90, 0x0, 0x0, 0x0, 0x0, 0x0,
    0x0, 0x0, 0x0, 0x0, 0x0, 0x0, 0xab, 0xbb,
    0xbb, 0xbb, 0xbb, 0xbb, 0xbb, 0x10, 0x0, 0xff,
    0xff, 0xff, 0xff, 0xff, 0xff, 0xff, 0x20, 0x0,
    0xff, 0x10, 0x0, 0x0, 0x0, 0x0, 0x8f, 0x20,
    0x0, 0xff, 0x10, 0x0, 0x0, 0x0, 0x0, 0x8f,
    0x20, 0x0, 0xff, 0xba, 0xaa, 0xaa, 0xaa, 0xaa,
    0xdf, 0x20, 0x0, 0xff, 0xff, 0xff, 0xff, 0xff,
    0xff, 0xff, 0x20, 0x0, 0xff, 0x10, 0x0, 0x0,
    0x0, 0x0, 0x8f, 0x20, 0x0, 0x0, 0x0, 0x0,
    0x0, 0x0, 0x0, 0x0, 0x0,

    /* U+5BF9 "对" */
    0x0, 0x0, 0x0, 0x0, 0x0, 0x0, 0x0, 0xa,
    0xa0, 0x0, 0x0, 0x0, 0x0, 0x0, 0x0, 0x0,
    0x0, 0xf, 0xe0, 0x0, 0x1, 0x22, 0x22, 0x23,
    0x10, 0x0, 0x0, 0xf, 0xe0, 0x0, 0xb, 0xff,
    0xff, 0xff, 0xf3, 0x0, 0x0, 0xf, 0xe0, 0x0,
    0x7, 0xaa, 0xaa, 0xaf, 0xf1, 0x0, 0x0, 0xf,
    0xe0, 0x0, 0x0, 0x0, 0x0, 0xf, 0xf5, 0xff,
    0xff, 0xff, 0xff, 0xf3, 0x0, 0x0, 0x0, 0x1f,
    0xc4, 0xcc, 0xcc, 0xcf, 0xfc, 0xc2, 0x0, 0xa6,
    0x0, 0x5f, 0x90, 0x0, 0x0, 0xf, 0xe0, 0x0,
    0x2, 0xff, 0x70, 0x9f, 0x50, 0x1, 0x0, 0xf,
    0xe0, 0x0, 0x0, 0x3e, 0xf7, 0xef, 0x10, 0xed,
    0x0, 0xf, 0xe0, 0x0, 0x0, 0x3, 0xff, 0xfc,
    0x0, 0x9f, 0x70, 0xf, 0xe0, 0x0, 0x0, 0x0,
    0x3f, 0xf9, 0x0, 0x1f, 0xe0, 0xf, 0xe0, 0x0,
    0x0, 0x0, 0x2f, 0xff, 0x30, 0x9, 0xf5, 0xf,
    0xe0, 0x0, 0x0, 0x0, 0xbf, 0xdf, 0xe1, 0x3,
    0xa2, 0xf, 0xe0, 0x0, 0x0, 0x5, 0xfe, 0x1b,
    0xfa, 0x0, 0x0, 0xf, 0xe0, 0x0, 0x0, 0x3f,
    0xf5, 0x1, 0xf9, 0x0, 0x0, 0xf, 0xe0, 0x0,
    0x3, 0xef, 0x90, 0x0, 0x20, 0x0, 0x0, 0xf,
    0xe0, 0x0, 0xe, 0xfb, 0x0, 0x0, 0x0, 0x0,
    0xdf, 0xff, 0xc0, 0x0, 0x4, 0xa0, 0x0, 0x0,
    0x0, 0x0, 0x9f, 0xfc, 0x30, 0x0,

    /* U+5C06 "将" */
    0x0, 0x0, 0x69, 0x0, 0x0, 0x0, 0x96, 0x0,
    0x0, 0x0, 0x0, 0x0, 0xcf, 0x10, 0x0, 0xb,
    0xfe, 0x77, 0x77, 0x10, 0x1, 0x0, 0xcf, 0x10,
    0x3, 0xdf, 0xff, 0xff, 0xff, 0xa0, 0x2e, 0xa0,
    0xcf, 0x12, 0x9f, 0xf7, 0x0, 0x3, 0xff, 0x20,
    0xb, 0xf8, 0xcf, 0x1a, 0xfb, 0x9c, 0x10, 0x2e,
    0xf6, 0x0, 0x1, 0xdf, 0xff, 0x10, 0x30, 0x6f,
    0xc5, 0xef, 0x70, 0x0, 0x0, 0x3d, 0xdf, 0x10,
    0x0, 0xa, 0xff, 0xf5, 0x0, 0x0, 0x0, 0x0,
    0xcf, 0x10, 0x16, 0xcf, 0xfb, 0x24, 0x30, 0x0,
    0x0, 0x0, 0xcf, 0x18, 0xff, 0xfa, 0x30, 0x1f,
    0xc0, 0x0, 0x0, 0x0, 0xcf, 0x12, 0xa6, 0x10,
    0x0, 0x2f, 0xc0, 0x0, 0x0, 0x8, 0xff, 0x1f,
    0xff, 0xff, 0xff, 0xff, 0xff, 0xf1, 0x0, 0xaf,
    0xff, 0x1b, 0xbb, 0xbb, 0xbb, 0xbf, 0xfb, 0xb1,
    0x1c, 0xfb, 0xcf, 0x10, 0x3c, 0x40, 0x0, 0x1f,
    0xc0, 0x0, 0x1f, 0xb0, 0xcf, 0x10, 0x3f, 0xf2,
    0x0, 0x1f, 0xc0, 0x0, 0x4, 0x0, 0xcf, 0x10,
    0x7, 0xfc, 0x0, 0x1f, 0xc0, 0x0, 0x0, 0x0,
    0xcf, 0x10, 0x0, 0xdf, 0x40, 0x1f, 0xc0, 0x0,
    0x0, 0x0, 0xcf, 0x10, 0x0, 0x34, 0x0, 0x1f,
    0xc0, 0x0, 0x0, 0x0, 0xcf, 0x10, 0x0, 0x0,
    0xaa, 0xbf, 0xb0, 0x0, 0x0, 0x0, 0xcf, 0x10,
    0x0, 0x0, 0xaf, 0xfd, 0x40, 0x0, 0x0, 0x0,
    0x0, 0x0, 0x0, 0x0, 0x0, 0x0, 0x0, 0x0,

    /* U+5C0F "小" */
    0x0, 0x0, 0x0, 0x0, 0x3, 0x30, 0x0, 0x0,
    0x0, 0x0, 0x0, 0x0, 0x0, 0x0, 0xf, 0xf1,
    0x0, 0x0, 0x0, 0x0, 0x0, 0x0, 0x0, 0x0,
    0xf, 0xf1, 0x0, 0x0, 0x0, 0x0, 0x0, 0x0,
    0x0, 0x0, 0xf, 0xf1, 0x0, 0x0, 0x0, 0x0,
    0x0, 0x0, 0x0, 0x0, 0xf, 0xf1, 0x0, 0x0,
    0x0, 0x0, 0x0, 0x2, 0x74, 0x0, 0xf, 0xf1,
    0x0, 0x49, 0x0, 0x0, 0x0, 0x6, 0xfc, 0x0,
    0xf, 0xf1, 0x0, 0xdf, 0x60, 0x0, 0x0, 0xa,
    0xf8, 0x0, 0xf, 0xf1, 0x0, 0x4f, 0xe0, 0x0,
    0x0, 0xe, 0xf3, 0x0, 0xf, 0xf1, 0x0, 0xc,
    0xf7, 0x0, 0x0, 0x4f, 0xe0, 0x0, 0xf, 0xf1,
    0x0, 0x5, 0xfe, 0x0, 0x0, 0xaf, 0x90, 0x0,
    0xf, 0xf1, 0x0, 0x0, 0xef, 0x50, 0x2, 0xff,
    0x20, 0x0, 0xf, 0xf1, 0x0, 0x0, 0x8f, 0xc0,
    0xa, 0xfb, 0x0, 0x0, 0xf, 0xf1, 0x0, 0x0,
    0x2f, 0xf2, 0x2f, 0xf2, 0x0, 0x0, 0xf, 0xf1,
    0x0, 0x0, 0xd, 0xf7, 0x1, 0x50, 0x0, 0x0,
    0xf, 0xf1, 0x0, 0x0, 0x8, 0x92, 0x0, 0x0,
    0x0, 0x0, 0xf, 0xf1, 0x0, 0x0, 0x0, 0x0,
    0x0, 0x0, 0x0, 0x0, 0xf, 0xf1, 0x0, 0x0,
    0x0, 0x0, 0x0, 0x0, 0x8, 0xee, 0xef, 0xf0,
    0x0, 0x0, 0x0, 0x0, 0x0, 0x0, 0x3, 0xff,
    0xfd, 0x50, 0x0, 0x0, 0x0, 0x0, 0x0, 0x0,
    0x0, 0x0, 0x0, 0x0, 0x0, 0x0, 0x0, 0x0,

    /* U+5C11 "少" */
    0x0, 0x0, 0x0, 0x0, 0x1f, 0xc0, 0x0, 0x0,
    0x0, 0x0, 0x0, 0x0, 0x0, 0x0, 0x1f, 0xd0,
    0x0, 0x0, 0x0, 0x0, 0x0, 0x0, 0x0, 0x0,
    0x1f, 0xd0, 0x0, 0x0, 0x0, 0x0, 0x0, 0x0,
    0x8a, 0x20, 0x1f, 0xd0, 0x0, 0x6b, 0x0, 0x0,
    0x0, 0x0, 0xff, 0x0, 0x1f, 0xd0, 0x0, 0x9f,
    0x70, 0x0, 0x0, 0x7, 0xf8, 0x0, 0x1f, 0xd0,
    0x0, 0xe, 0xf2, 0x0, 0x0, 0xe, 0xf1, 0x0,
    0x1f, 0xd0, 0x0, 0x5, 0xfb, 0x0, 0x0, 0x8f,
    0x80, 0x0, 0x1f, 0xd0, 0x0, 0x0, 0xcf, 0x50,
    0x2, 0xfe, 0x10, 0x0, 0x1f, 0xd0, 0x0, 0x0,
    0x3f, 0xd0, 0x9, 0xf5, 0x0, 0x0, 0x1f, 0xd0,
    0x0, 0x0, 0xb, 0xc1, 0x0, 0x30, 0x0, 0x0,
    0x1f, 0xd0, 0x0, 0x6, 0x1, 0x0, 0x0, 0x0,
    0x0, 0x0, 0x1f, 0xd0, 0x0, 0xaf, 0x90, 0x0,
    0x0, 0x0, 0x0, 0x0, 0x7, 0x50, 0xa, 0xfd,
    0x10, 0x0, 0x0, 0x0, 0x0, 0x0, 0x0, 0x2,
    0xcf, 0xd1, 0x0, 0x0, 0x0, 0x0, 0x0, 0x0,
    0x2, 0xaf, 0xfb, 0x10, 0x0, 0x0, 0x0, 0x0,
    0x0, 0x37, 0xcf, 0xfe, 0x50, 0x0, 0x0, 0x0,
    0x5, 0x79, 0xcf, 0xff, 0xfc, 0x60, 0x0, 0x0,
    0x0, 0x0, 0xd, 0xff, 0xfe, 0xa6, 0x20, 0x0,
    0x0, 0x0, 0x0, 0x0, 0x4, 0x74, 0x10, 0x0,
    0x0, 0x0, 0x0, 0x0, 0x0, 0x0,

    /* U+5C40 "局" */
    0x0, 0xf, 0xff, 0xff, 0xff, 0xff, 0xff, 0xff,
    0xe0, 0x0, 0x1, 0xff, 0xaa, 0xaa, 0xaa, 0xaa,
    0xaa, 0xff, 0x0, 0x0, 0x1f, 0xd0, 0x0, 0x0,
    0x0, 0x0, 0xe, 0xf0, 0x0, 0x1, 0xfd, 0x0,
    0x0, 0x0, 0x0, 0x0, 0xef, 0x0, 0x0, 0x1f,
    0xff, 0xff, 0xff, 0xff, 0xff, 0xff, 0xf0, 0x0,
    0x1, 0xfe, 0x88, 0x88, 0x88, 0x88, 0x88, 0x88,
    0x0, 0x0, 0x1f, 0xc0, 0x0, 0x0, 0x0, 0x0,
    0x0, 0x0, 0x0, 0x2, 0xff, 0xff, 0xff, 0xff,
    0xff, 0xff, 0xff, 0xf5, 0x0, 0x3f, 0xeb, 0xbb,
    0xbb, 0xbb, 0xbb, 0xbb, 0xef, 0x50, 0x4, 0xf9,
    0x0, 0x0, 0x0, 0x0, 0x0, 0x9, 0xf5, 0x0,
    0x6f, 0x60, 0xdf, 0xff, 0xff, 0xfd, 0x0, 0xaf,
    0x40, 0x9, 0xf4, 0xe, 0xf9, 0x99, 0x9f, 0xd0,
    0xa, 0xf3, 0x0, 0xdf, 0x0, 0xed, 0x0, 0x0,
    0xed, 0x0, 0xbf, 0x20, 0x2f, 0xc0, 0xe, 0xd0,
    0x0, 0xe, 0xd0, 0xd, 0xf1, 0x8, 0xf7, 0x0,
    0xef, 0xff, 0xff, 0xfd, 0x0, 0xff, 0x1, 0xff,
    0x10, 0xe, 0xe7, 0x77, 0x77, 0x60, 0x2f, 0xd0,
    0x2d, 0x80, 0x0, 0x99, 0x0, 0x0, 0x1c, 0xce,
    0xf9, 0x0, 0x0, 0x0, 0x0, 0x0, 0x0, 0x0,
    0xcf, 0xfb, 0x10,

    /* U+5C42 "层" */
    0x0, 0x5f, 0xff, 0xff, 0xff, 0xff, 0xff, 0xff,
    0xfc, 0x0, 0x5, 0xfd, 0xaa, 0xaa, 0xaa, 0xaa,
    0xaa, 0xaf, 0xd0, 0x0, 0x5f, 0x80, 0x0, 0x0,
    0x0, 0x0, 0x1, 0xfd, 0x0, 0x5, 0xf9, 0x0,
    0x0, 0x0, 0x0, 0x0, 0x2f, 0xd0, 0x0, 0x5f,
    0xff, 0xff, 0xff, 0xff, 0xff, 0xff, 0xfd, 0x0,
    0x5, 0xfd, 0x99, 0x99, 0x99, 0x99, 0x99, 0x99,
    0x70, 0x0, 0x5f, 0x80, 0x0, 0x0, 0x0, 0x0,
    0x0, 0x0, 0x0, 0x6, 0xf8, 0xe, 0xff, 0xff,
    0xff, 0xff, 0xff, 0x70, 0x0, 0x6f, 0x70, 0x99,
    0x99, 0x99, 0x99, 0x99, 0x94, 0x0, 0x7, 0xf6,
    0x0, 0x0, 0x0, 0x0, 0x0, 0x0, 0x0, 0x0,
    0x9f, 0x5b, 0xbb, 0xbb, 0xbb, 0xbb, 0xbb, 0xbb,
    0x90, 0xb, 0xf3, 0xff, 0xff, 0xff, 0xff, 0xff,
    0xff, 0xfd, 0x0, 0xef, 0x0, 0x0, 0xef, 0x60,
    0x0, 0x55, 0x0, 0x0, 0x1f, 0xd0, 0x0, 0x8f,
    0xb0, 0x0, 0x1f, 0xf2, 0x0, 0x6, 0xf9, 0x0,
    0x4f, 0xe1, 0x0, 0x0, 0x6f, 0xb0, 0x0, 0xbf,
    0x50, 0x4f, 0xfb, 0x9a, 0xbc, 0xef, 0xff, 0x60,
    0x2f, 0xe0, 0x5, 0xff, 0xff, 0xed, 0xcb, 0xa9,
    0xfe, 0x10, 0x14, 0x0, 0x15, 0x31, 0x0, 0x0,
    0x0, 0x8, 0x60,

    /* U+5C4F "屏" */
    0x0, 0x4f, 0xff, 0xff, 0xff, 0xff, 0xff, 0xff,
    0xff, 0x60, 0x0, 0x4f, 0xea, 0xaa, 0xaa, 0xaa,
    0xaa, 0xaa, 0xdf, 0x70, 0x0, 0x4f, 0xa0, 0x0,
    0x0, 0x0, 0x0, 0x0, 0x9f, 0x70, 0x0, 0x4f,
    0xea, 0xaa, 0xaa, 0xaa, 0xaa, 0xaa, 0xdf, 0x70,
    0x0, 0x4f, 0xff, 0xff, 0xff, 0xff, 0xff, 0xff,
    0xff, 0x70, 0x0, 0x4f, 0xa0, 0x6, 0xc2, 0x0,
    0x0, 0x4c, 0x60, 0x0, 0x0, 0x4f, 0xa0, 0x5,
    0xfb, 0x0, 0x0, 0xcf, 0x40, 0x0, 0x0, 0x4f,
    0x95, 0x88, 0xd9, 0x88, 0x89, 0xfe, 0x88, 0x70,
    0x0, 0x5f, 0x9a, 0xff, 0xff, 0xff, 0xff, 0xff,
    0xff, 0xd0, 0x0, 0x5f, 0x80, 0x0, 0xcf, 0x20,
    0x3, 0xfc, 0x0, 0x0, 0x0, 0x6f, 0x70, 0x0,
    0xcf, 0x10, 0x2, 0xfb, 0x0, 0x0, 0x0, 0x8f,
    0x79, 0x99, 0xef, 0x99, 0x9a, 0xfe, 0x99, 0x93,
    0x0, 0xaf, 0x6f, 0xff, 0xff, 0xff, 0xff, 0xff,
    0xff, 0xf6, 0x0, 0xef, 0x10, 0x3, 0xfd, 0x0,
    0x3, 0xfc, 0x0, 0x0, 0x2, 0xfd, 0x0, 0xb,
    0xf8, 0x0, 0x2, 0xfb, 0x0, 0x0, 0x8, 0xf8,
    0x0, 0xaf, 0xe1, 0x0, 0x2, 0xfb, 0x0, 0x0,
    0x1f, 0xf3, 0x1e, 0xff, 0x30, 0x0, 0x2, 0xfb,
    0x0, 0x0, 0x6, 0xa0, 0x7, 0xb2, 0x0, 0x0,
    0x2, 0xfb, 0x0, 0x0, 0x0, 0x0, 0x0, 0x0,
    0x0, 0x0, 0x0, 0x0, 0x0, 0x0,

    /* U+5DE6 "左" */
    0x0, 0x0, 0x0, 0x8, 0x70, 0x0, 0x0, 0x0,
    0x0, 0x0, 0x0, 0x0, 0x0, 0xf, 0xf0, 0x0,
    0x0, 0x0, 0x0, 0x0, 0x0, 0x0, 0x0, 0x3f,
    0xc0, 0x0, 0x0, 0x0, 0x0, 0x0, 0x2, 0x22,
    0x22, 0x7f, 0xa2, 0x22, 0x22, 0x22, 0x22, 0x10,
    0xe, 0xff, 0xff, 0xff, 0xff, 0xff, 0xff, 0xff,
    0xff, 0x80, 0x9, 0xaa, 0xaa, 0xff, 0xaa, 0xaa,
    0xaa, 0xaa, 0xaa, 0x50, 0x0, 0x0, 0x2, 0xfd,
    0x0, 0x0, 0x0, 0x0, 0x0, 0x0, 0x0, 0x0,
    0x7, 0xf8, 0x0, 0x0, 0x0, 0x0, 0x0, 0x0,
    0x0, 0x0, 0xd, 0xf3, 0x0, 0x0, 0x0, 0x0,
    0x0, 0x0, 0x0, 0x0, 0x3f, 0xfe, 0xee, 0xee,
    0xee, 0xee, 0xee, 0x30, 0x0, 0x0, 0xaf, 0x9f,
    0xff, 0xff, 0xff, 0xff, 0xff, 0x30, 0x0, 0x2,
    0xff, 0x10, 0x0, 0xe, 0xf0, 0x0, 0x0, 0x0,
    0x0, 0xb, 0xf8, 0x0, 0x0, 0xe, 0xf0, 0x0,
    0x0, 0x0, 0x0, 0x5f, 0xe0, 0x0, 0x0, 0xe,
    0xf0, 0x0, 0x0, 0x0, 0x2, 0xff, 0x40, 0x0,
    0x0, 0xe, 0xf0, 0x0, 0x0, 0x0, 0x2e, 0xf8,
    0x0, 0x0, 0x0, 0xe, 0xf0, 0x0, 0x0, 0x0,
    0x5f, 0xa0, 0x3e, 0xee, 0xee, 0xef, 0xfe, 0xee,
    0xee, 0xe0, 0x5, 0x0, 0x3f, 0xff, 0xff, 0xff,
    0xff, 0xff, 0xff, 0xf1, 0x0, 0x0, 0x3f, 0xff,
    0xff, 0xff, 0xff, 0xff, 0xff, 0xf1,

    /* U+5DF1 "己" */
    0x3e, 0xee, 0xee, 0xee, 0xee, 0xee, 0xee, 0xd0,
    0x0, 0x4f, 0xff, 0xff, 0xff, 0xff, 0xff, 0xff,
    0xf0, 0x0, 0x0, 0x0, 0x0, 0x0, 0x0, 0x0,
    0x1f, 0xf0, 0x0, 0x0, 0x0, 0x0, 0x0, 0x0,
    0x0, 0x1f, 0xf0, 0x0, 0x0, 0x0, 0x0, 0x0,
    0x0, 0x0, 0x1f, 0xf0, 0x0, 0x0, 0x0, 0x0,
    0x0, 0x0, 0x0, 0x1f, 0xf0, 0x0, 0x0, 0x10,
    0x0, 0x0, 0x0, 0x0, 0x1f, 0xf0, 0x0, 0xf,
    0xff, 0xff, 0xff, 0xff, 0xff, 0xff, 0xf0, 0x0,
    0xf, 0xfd, 0xdd, 0xdd, 0xdd, 0xdd, 0xdf, 0xf0,
    0x0, 0xf, 0xf0, 0x0, 0x0, 0x0, 0x0, 0x1f,
    0xf0, 0x0, 0xf, 0xf0, 0x0, 0x0, 0x0, 0x0,
    0x0, 0x0, 0x0, 0xf, 0xf0, 0x0, 0x0, 0x0,
    0x0, 0x0, 0x0, 0x0, 0xf, 0xf0, 0x0, 0x0,
    0x0, 0x0, 0x0, 0x5, 0x40, 0xf, 0xf0, 0x0,
    0x0, 0x0, 0x0, 0x0, 0x9, 0xf6, 0xf, 0xf0,
    0x0, 0x0, 0x0, 0x0, 0x0, 0xc, 0xf3, 0xf,
    0xf2, 0x0, 0x0, 0x0, 0x0, 0x0, 0x4f, 0xf0,
    0xa, 0xff, 0xee, 0xee, 0xee, 0xee, 0xee, 0xff,
    0x90, 0x1, 0x9d, 0xff, 0xff, 0xff, 0xff, 0xff,
    0xd8, 0x0,

    /* U+5DF2 "已" */
    0xd, 0xdd, 0xdd, 0xdd, 0xdd, 0xdd, 0xdd, 0xdc,
    0x0, 0x0, 0xff, 0xff, 0xff, 0xff, 0xff, 0xff,
    0xff, 0xf0, 0x0, 0x0, 0x0, 0x0, 0x0, 0x0,
    0x0, 0x1, 0xff, 0x0, 0x0, 0x0, 0x0, 0x0,
    0x0, 0x0, 0x0, 0xf, 0xf0, 0x0, 0x1, 0xfd,
    0x0, 0x0, 0x0, 0x0, 0x0, 0xff, 0x0, 0x0,
    0x1f, 0xd0, 0x0, 0x0, 0x0, 0x0, 0xf, 0xf0,
    0x0, 0x1, 0xfd, 0x0, 0x0, 0x0, 0x0, 0x0,
    0xff, 0x0, 0x0, 0x1f, 0xff, 0xff, 0xff, 0xff,
    0xff, 0xff, 0xf0, 0x0, 0x1, 0xff, 0xee, 0xee,
    0xee, 0xee, 0xee, 0xff, 0x0, 0x0, 0x1f, 0xd0,
    0x0, 0x0, 0x0, 0x0, 0xd, 0xc0, 0x0, 0x1,
    0xfd, 0x0, 0x0, 0x0, 0x0, 0x0, 0x0, 0x0,
    0x0, 0x1f, 0xd0, 0x0, 0x0, 0x0, 0x0, 0x0,
    0x0, 0x0, 0x1, 0xfd, 0x0, 0x0, 0x0, 0x0,
    0x0, 0x0, 0x7b, 0x30, 0x1f, 0xd0, 0x0, 0x0,
    0x0, 0x0, 0x0, 0x9, 0xf6, 0x1, 0xfd, 0x0,
    0x0, 0x0, 0x0, 0x0, 0x0, 0xcf, 0x40, 0xf,
    0xf2, 0x0, 0x0, 0x0, 0x0, 0x0, 0x5f, 0xf0,
    0x0, 0xaf, 0xfe, 0xee, 0xee, 0xee, 0xee, 0xff,
    0xf9, 0x0, 0x1, 0x9d, 0xff, 0xff, 0xff, 0xff,
    0xff, 0xd8, 0x0,

    /* U+5E55 "幕" */
    0x0, 0x0, 0x3, 0xb6, 0x0, 0x0, 0x9b, 0x0,
    0x0, 0x0, 0x6, 0x99, 0x9b, 0xfd, 0x99, 0x99,
    0xef, 0x99, 0x99, 0x50, 0xa, 0xff, 0xff, 0xff,
    0xff, 0xff, 0xff, 0xff, 0xff, 0x90, 0x0, 0x0,
    0x3, 0xc7, 0x0, 0x0, 0x9c, 0x0, 0x0, 0x0,
    0x0, 0xb, 0xee, 0xee, 0xee, 0xee, 0xee, 0xee,
    0xd0, 0x0, 0x0, 0xc, 0xf2, 0x22, 0x22, 0x22,
    0x22, 0x2f, 0xe0, 0x0, 0x0, 0xc, 0xff, 0xff,
    0xff, 0xff, 0xff, 0xff, 0xe0, 0x0, 0x0, 0xc,
    0xf3, 0x33, 0x33, 0x33, 0x33, 0x3f, 0xe0, 0x0,
    0x0, 0xc, 0xf6, 0x55, 0x55, 0x55, 0x55, 0x5f,
    0xe0, 0x0, 0x0, 0xa, 0xdd, 0xef, 0xfd, 0xdd,
    0xdd, 0xdd, 0xc0, 0x0, 0x7, 0x88, 0x88, 0xbf,
    0xc8, 0x88, 0x88, 0x88, 0x88, 0x70, 0xf, 0xff,
    0xff, 0xff, 0xff, 0xff, 0xff, 0xff, 0xff, 0xf0,
    0x0, 0x0, 0x9f, 0xc0, 0xf, 0xd0, 0xa, 0xf8,
    0x0, 0x0, 0x0, 0x4d, 0xff, 0x98, 0x8f, 0xe8,
    0x89, 0xff, 0xd6, 0x0, 0x2c, 0xfe, 0xff, 0xff,
    0xff, 0xff, 0xff, 0xff, 0xef, 0xe2, 0x8, 0x70,
    0xdf, 0x0, 0xf, 0xd0, 0x0, 0xef, 0x16, 0x50,
    0x0, 0x0, 0xdf, 0x0, 0xf, 0xd0, 0x56, 0xff,
    0x0, 0x0, 0x0, 0x0, 0xdf, 0x0, 0xf, 0xd0,
    0x7e, 0xe9, 0x0, 0x0, 0x0, 0x0, 0x0, 0x0,
    0xf, 0xd0, 0x0, 0x0, 0x0, 0x0,

    /* U+5E73 "平" */
    0x0, 0xab, 0xbb, 0xbb, 0xbb, 0xbb, 0xbb, 0xbb,
    0xba, 0x0, 0x0, 0xff, 0xff, 0xff, 0xff, 0xff,
    0xff, 0xff, 0xfe, 0x0, 0x0, 0x22, 0x22, 0x22,
    0x2f, 0xf2, 0x22, 0x22, 0x22, 0x0, 0x0, 0x5,
    0xd5, 0x0, 0xf, 0xf0, 0x0, 0x5e, 0x80, 0x0,
    0x0, 0x2, 0xfc, 0x0, 0xf, 0xf0, 0x0, 0xbf,
    0x60, 0x0, 0x0, 0x0, 0xcf, 0x30, 0xf, 0xf0,
    0x2, 0xfe, 0x0, 0x0, 0x0, 0x0, 0x6f, 0x90,
    0xf, 0xf0, 0x9, 0xf6, 0x0, 0x0, 0x0, 0x0,
    0x1e, 0x80, 0xf, 0xf0, 0xb, 0xd0, 0x0, 0x0,
    0x0, 0x0, 0x0, 0x0, 0xf, 0xf0, 0x0, 0x10,
    0x0, 0x0, 0xf, 0xff, 0xff, 0xff, 0xff, 0xff,
    0xff, 0xff, 0xff, 0xf1, 0xd, 0xdd, 0xdd, 0xdd,
    0xdf, 0xfd, 0xdd, 0xdd, 0xdd, 0xd0, 0x0, 0x0,
    0x0, 0x0, 0xf, 0xf0, 0x0, 0x0, 0x0, 0x0,
    0x0, 0x0, 0x0, 0x0, 0xf, 0xf0, 0x0, 0x0,
    0x0, 0x0, 0x0, 0x0, 0x0, 0x0, 0xf, 0xf0,
    0x0, 0x0, 0x0, 0x0, 0x0, 0x0, 0x0, 0x0,
    0xf, 0xf0, 0x0, 0x0, 0x0, 0x0, 0x0, 0x0,
    0x0, 0x0, 0xf, 0xf0, 0x0, 0x0, 0x0, 0x0,
    0x0, 0x0, 0x0, 0x0, 0xf, 0xf0, 0x0, 0x0,
    0x0, 0x0, 0x0, 0x0, 0x0, 0x0, 0xf, 0xf0,
    0x0, 0x0, 0x0, 0x0,

    /* U+5E76 "并" */
    0x0, 0x2, 0xa8, 0x0, 0x0, 0x0, 0xd, 0x92,
    0x0, 0x0, 0x0, 0x1e, 0xf4, 0x0, 0x0, 0x6,
    0xfe, 0x0, 0x0, 0x0, 0x0, 0x6f, 0xd0, 0x0,
    0x0, 0xcf, 0x70, 0x0, 0x0, 0x0, 0x0, 0xed,
    0x20, 0x0, 0x3f, 0xe0, 0x0, 0x0, 0x1d, 0xdd,
    0xde, 0xdd, 0xdd, 0xde, 0xfe, 0xdd, 0xda, 0x1,
    0xff, 0xff, 0xff, 0xff, 0xff, 0xff, 0xff, 0xff,
    0xc0, 0x0, 0x0, 0x4f, 0xb0, 0x0, 0x1, 0xfe,
    0x0, 0x0, 0x0, 0x0, 0x4, 0xfb, 0x0, 0x0,
    0x1f, 0xe0, 0x0, 0x0, 0x0, 0x0, 0x4f, 0xb0,
    0x0, 0x1, 0xfe, 0x0, 0x0, 0x0, 0x0, 0x4,
    0xfb, 0x0, 0x0, 0x1f, 0xe0, 0x0, 0x0, 0xcf,
    0xff, 0xff, 0xff, 0xff, 0xff, 0xff, 0xff, 0xff,
    0x6a, 0xcc, 0xce, 0xfe, 0xcc, 0xcc, 0xdf, 0xfc,
    0xcc, 0xc5, 0x0, 0x0, 0x8f, 0x80, 0x0, 0x1,
    0xfe, 0x0, 0x0, 0x0, 0x0, 0xd, 0xf5, 0x0,
    0x0, 0x1f, 0xe0, 0x0, 0x0, 0x0, 0x5, 0xff,
    0x0, 0x0, 0x1, 0xfe, 0x0, 0x0, 0x0, 0x1,
    0xef, 0x80, 0x0, 0x0, 0x1f, 0xe0, 0x0, 0x0,
    0x3, 0xef, 0xd0, 0x0, 0x0, 0x1, 0xfe, 0x0,
    0x0, 0x5, 0xff, 0xd1, 0x0, 0x0, 0x0, 0x1f,
    0xe0, 0x0, 0x0, 0xc, 0xa1, 0x0, 0x0, 0x0,
    0x1, 0xfe, 0x0, 0x0, 0x0, 0x0, 0x0, 0x0,
    0x0, 0x0, 0x0, 0x0, 0x0, 0x0,

    /* U+5E94 "应" */
    0x0, 0x0, 0x0, 0x0, 0x0, 0x20, 0x0, 0x0,
    0x0, 0x0, 0x0, 0x0, 0x0, 0x0, 0xa, 0xf5,
    0x0, 0x0, 0x0, 0x0, 0x0, 0x0, 0x0, 0x0,
    0x4, 0xfd, 0x0, 0x0, 0x0, 0x0, 0x0, 0x8b,
    0xaa, 0xaa, 0xaa, 0xff, 0xaa, 0xaa, 0xaa, 0x80,
    0x0, 0xdf, 0xff, 0xff, 0xff, 0xff, 0xff, 0xff,
    0xff, 0xc0, 0x0, 0xdf, 0x32, 0x22, 0x22, 0x22,
    0x22, 0x22, 0x22, 0x20, 0x0, 0xdf, 0x10, 0x0,
    0x3, 0x80, 0x0, 0x0, 0x93, 0x0, 0x0, 0xdf,
    0x12, 0x70, 0x9, 0xf5, 0x0, 0x4, 0xfd, 0x0,
    0x0, 0xdf, 0x1b, 0xf2, 0x4, 0xf9, 0x0, 0x8,
    0xf8, 0x0, 0x0, 0xdf, 0x16, 0xf8, 0x0, 0xfe,
    0x0, 0xd, 0xf3, 0x0, 0x0, 0xdf, 0x1, 0xfe,
    0x0, 0xcf, 0x20, 0x2f, 0xd0, 0x0, 0x0, 0xef,
    0x0, 0xbf, 0x30, 0x8f, 0x50, 0x8f, 0x70, 0x0,
    0x0, 0xfe, 0x0, 0x6f, 0x80, 0x5f, 0x90, 0xef,
    0x10, 0x0, 0x1, 0xfd, 0x0, 0x2f, 0xc0, 0x2b,
    0x55, 0xf9, 0x0, 0x0, 0x3, 0xfb, 0x0, 0xd,
    0x80, 0x0, 0xc, 0xf2, 0x0, 0x0, 0x6, 0xf8,
    0x0, 0x0, 0x0, 0x0, 0x4f, 0x90, 0x0, 0x0,
    0xa, 0xf5, 0x0, 0x0, 0x0, 0x0, 0xdf, 0x10,
    0x0, 0x0, 0xe, 0xf1, 0xef, 0xff, 0xff, 0xff,
    0xff, 0xff, 0xff, 0xf0, 0x4f, 0xc0, 0xbd, 0xdd,
    0xdd, 0xdd, 0xdd, 0xdd, 0xdd, 0xd0, 0x5, 0x40,
    0x0, 0x0, 0x0, 0x0, 0x0, 0x0, 0x0, 0x0,

    /* U+5EA6 "度" */
    0x0, 0x0, 0x0, 0x0, 0x9, 0xe4, 0x0, 0x0,
    0x0, 0x0, 0x0, 0x0, 0x0, 0x0, 0x8, 0xfc,
    0x0, 0x0, 0x0, 0x0, 0x0, 0xcf, 0xff, 0xff,
    0xff, 0xff, 0xff, 0xff, 0xff, 0xd0, 0x0, 0xcf,
    0xcc, 0xcc, 0xcc, 0xcc, 0xcc, 0xcc, 0xcc, 0x90,
    0x0, 0xcf, 0x10, 0x6, 0x90, 0x0, 0x1, 0x97,
    0x0, 0x0, 0x0, 0xcf, 0x10, 0xb, 0xf2, 0x0,
    0x2, 0xfc, 0x0, 0x0, 0x0, 0xcf, 0xcf, 0xff,
    0xff, 0xff, 0xff, 0xff, 0xff, 0xd0, 0x0, 0xcf,
    0x67, 0x7d, 0xf8, 0x77, 0x78, 0xfd, 0x77, 0x60,
    0x0, 0xdf, 0x0, 0xb, 0xf1, 0x0, 0x2, 0xfb,
    0x0, 0x0, 0x0, 0xdf, 0x0, 0xb, 0xfd, 0xdd,
    0xdd, 0xfb, 0x0, 0x0, 0x0, 0xef, 0x0, 0x6,
    0x88, 0x88, 0x88, 0x86, 0x0, 0x0, 0x0, 0xfe,
    0x7, 0x77, 0x77, 0x77, 0x77, 0x77, 0x71, 0x0,
    0x1, 0xfc, 0x1f, 0xff, 0xff, 0xff, 0xff, 0xff,
    0xf5, 0x0, 0x3, 0xfa, 0x0, 0x5f, 0xc1, 0x0,
    0x1, 0xbf, 0x90, 0x0, 0x7, 0xf7, 0x0, 0x8,
    0xfd, 0x40, 0x4d, 0xf9, 0x0, 0x0, 0xb, 0xf4,
    0x0, 0x0, 0x5f, 0xfe, 0xfe, 0x50, 0x0, 0x0,
    0x1f, 0xf1, 0x35, 0x7a, 0xdf, 0xff, 0xff, 0xc9,
    0x63, 0x10, 0x5f, 0xa0, 0xef, 0xff, 0xc8, 0x30,
    0x5a, 0xef, 0xff, 0xc0, 0x3, 0x20, 0x44, 0x20,
    0x0, 0x0, 0x0, 0x2, 0x57, 0x30,

    /* U+5F00 "开" */
    0x1c, 0xcc, 0xcc, 0xcc, 0xcc, 0xcc, 0xcc, 0xcc,
    0xc8, 0x1, 0xff, 0xff, 0xff, 0xff, 0xff, 0xff,
    0xff, 0xff, 0xa0, 0x0, 0x0, 0x1f, 0xd0, 0x0,
    0x0, 0xff, 0x0, 0x0, 0x0, 0x0, 0x1, 0xfd,
    0x0, 0x0, 0xf, 0xf0, 0x0, 0x0, 0x0, 0x0,
    0x1f, 0xd0, 0x0, 0x0, 0xff, 0x0, 0x0, 0x0,
    0x0, 0x1, 0xfd, 0x0, 0x0, 0xf, 0xf0, 0x0,
    0x0, 0x0, 0x0, 0x1f, 0xd0, 0x0, 0x0, 0xff,
    0x0, 0x0, 0x8, 0xbb, 0xbb, 0xff, 0xbb, 0xbb,
    0xbf, 0xfb, 0xbb, 0xb3, 0xcf, 0xff, 0xff, 0xff,
    0xff, 0xff, 0xff, 0xff, 0xff, 0x41, 0x11, 0x15,
    0xfb, 0x11, 0x11, 0x1f, 0xf1, 0x11, 0x10, 0x0,
    0x0, 0x7f, 0x90, 0x0, 0x0, 0xff, 0x0, 0x0,
    0x0, 0x0, 0xb, 0xf6, 0x0, 0x0, 0xf, 0xf0,
    0x0, 0x0, 0x0, 0x1, 0xff, 0x10, 0x0, 0x0,
    0xff, 0x0, 0x0, 0x0, 0x0, 0xaf, 0xb0, 0x0,
    0x0, 0xf, 0xf0, 0x0, 0x0, 0x0, 0x5f, 0xf3,
    0x0, 0x0, 0x0, 0xff, 0x0, 0x0, 0x0, 0x6f,
    0xf8, 0x0, 0x0, 0x0, 0xf, 0xf0, 0x0, 0x0,
    0x6f, 0xfa, 0x0, 0x0, 0x0, 0x0, 0xff, 0x0,
    0x0, 0x0, 0xb8, 0x0, 0x0, 0x0, 0x0, 0xf,
    0xf0, 0x0, 0x0, 0x0, 0x0, 0x0, 0x0, 0x0,
    0x0, 0x0, 0x0, 0x0, 0x0,

    /* U+5F20 "张" */
    0x0, 0x0, 0x0, 0x0, 0x68, 0x0, 0x0, 0x0,
    0x0, 0x7, 0xff, 0xff, 0xf2, 0xc, 0xf1, 0x0,
    0x0, 0xa8, 0x0, 0x5b, 0xbb, 0xef, 0x20, 0xcf,
    0x10, 0x0, 0x8f, 0xb0, 0x0, 0x0, 0xb, 0xf2,
    0xc, 0xf1, 0x0, 0x6f, 0xe1, 0x0, 0x0, 0x0,
    0xbf, 0x20, 0xcf, 0x10, 0x6f, 0xf3, 0x0, 0x0,
    0xbc, 0xbe, 0xf2, 0xc, 0xf2, 0xaf, 0xf3, 0x0,
    0x0, 0xf, 0xff, 0xff, 0x20, 0xcf, 0x19, 0xd3,
    0x0, 0x0, 0x1, 0xfa, 0x0, 0x4, 0x5d, 0xf6,
    0x55, 0x55, 0x55, 0x40, 0x3f, 0x80, 0x0, 0xdf,
    0xff, 0xff, 0xff, 0xff, 0xfd, 0x4, 0xf7, 0x0,
    0x6, 0x7e, 0xf8, 0x8f, 0xd7, 0x77, 0x50, 0x6f,
    0xff, 0xff, 0x30, 0xcf, 0x10, 0xed, 0x0, 0x0,
    0x6, 0xbc, 0xce, 0xf2, 0xc, 0xf1, 0xa, 0xf2,
    0x0, 0x0, 0x0, 0x0, 0xbf, 0x10, 0xcf, 0x10,
    0x5f, 0x80, 0x0, 0x0, 0x0, 0xc, 0xf0, 0xc,
    0xf1, 0x0, 0xef, 0x10, 0x0, 0x0, 0x0, 0xef,
    0x0, 0xcf, 0x10, 0x8, 0xf9, 0x0, 0x0, 0x0,
    0xf, 0xe0, 0xc, 0xf2, 0x6a, 0x1e, 0xf4, 0x0,
    0x0, 0x3, 0xfb, 0x0, 0xdf, 0xff, 0xe0, 0x6f,
    0xe3, 0x3, 0x99, 0xcf, 0x80, 0x6f, 0xfe, 0x81,
    0x0, 0x9f, 0xd0, 0xf, 0xff, 0xb1, 0x4, 0xe6,
    0x0, 0x0, 0x0, 0x82, 0x0, 0x0, 0x0, 0x0,
    0x1, 0x0, 0x0, 0x0, 0x0, 0x0,

    /* U+5F53 "当" */
    0x0, 0x0, 0x0, 0xf, 0xf0, 0x0, 0x1, 0x0,
    0x5e, 0x70, 0x0, 0xf, 0xf0, 0x0, 0xb, 0xf5,
    0x2f, 0xf2, 0x0, 0xf, 0xf0, 0x0, 0x2f, 0xf1,
    0x7, 0xfb, 0x0, 0xf, 0xf0, 0x0, 0x9f, 0x70,
    0x0, 0xef, 0x30, 0xf, 0xf0, 0x2, 0xfe, 0x0,
    0x0, 0x8d, 0x40, 0xf, 0xf0, 0x8, 0xf5, 0x0,
    0x0, 0x0, 0x0, 0xf, 0xf0, 0x0, 0x20, 0x0,
    0x5f, 0xff, 0xff, 0xff, 0xff, 0xff, 0xff, 0xf5,
    0x5f, 0xff, 0xff, 0xff, 0xff, 0xff, 0xff, 0xf5,
    0x0, 0x0, 0x0, 0x0, 0x0, 0x0, 0xb, 0xf5,
    0x0, 0x0, 0x0, 0x0, 0x0, 0x0, 0xb, 0xf5,
    0x8, 0xcc, 0xcc, 0xcc, 0xcc, 0xcc, 0xce, 0xf5,
    0xb, 0xff, 0xff, 0xff, 0xff, 0xff, 0xff, 0xf5,
    0x0, 0x11, 0x11, 0x11, 0x11, 0x11, 0x1b, 0xf5,
    0x0, 0x0, 0x0, 0x0, 0x0, 0x0, 0xb, 0xf5,
    0x0, 0x0, 0x0, 0x0, 0x0, 0x0, 0xb, 0xf5,
    0xcf, 0xff, 0xff, 0xff, 0xff, 0xff, 0xff, 0xf5,
    0xad, 0xdd, 0xdd, 0xdd, 0xdd, 0xdd, 0xdf, 0xf5,
    0x0, 0x0, 0x0, 0x0, 0x0, 0x0, 0xb, 0xf5,

    /* U+5F85 "待" */
    0x0, 0x0, 0x0, 0x0, 0x0, 0x0, 0x0, 0x0,
    0x0, 0x0, 0x0, 0x0, 0x8c, 0x40, 0x0, 0x1,
    0xfc, 0x0, 0x0, 0x0, 0x0, 0x6, 0xfe, 0x10,
    0x0, 0x1, 0xfc, 0x0, 0x0, 0x0, 0x0, 0x7f,
    0xf3, 0x3, 0xaa, 0xaa, 0xfe, 0xaa, 0xaa, 0x20,
    0x1b, 0xff, 0x30, 0x5, 0xff, 0xff, 0xff, 0xff,
    0xff, 0x40, 0x2f, 0xd2, 0x6, 0x10, 0x11, 0x12,
    0xfd, 0x11, 0x11, 0x0, 0x6, 0x10, 0x6f, 0xb0,
    0x0, 0x1, 0xfc, 0x0, 0x0, 0x0, 0x0, 0x3,
    0xff, 0x68, 0x88, 0x89, 0xfe, 0x88, 0x88, 0x82,
    0x0, 0x2e, 0xf6, 0x8f, 0xff, 0xff, 0xff, 0xff,
    0xff, 0xf5, 0x2, 0xef, 0xf2, 0x25, 0x55, 0x55,
    0x55, 0x8f, 0xb5, 0x51, 0x4e, 0xff, 0xf2, 0x0,
    0x0, 0x0, 0x0, 0x4f, 0x90, 0x0, 0x6f, 0xbb,
    0xf2, 0x3c, 0xcc, 0xcc, 0xcc, 0xdf, 0xec, 0xc2,
    0x8, 0xa, 0xf2, 0x3f, 0xff, 0xff, 0xff, 0xff,
    0xff, 0xf2, 0x0, 0xa, 0xf2, 0x0, 0x17, 0x0,
    0x0, 0x4f, 0x90, 0x0, 0x0, 0xa, 0xf2, 0x0,
    0xaf, 0x80, 0x0, 0x4f, 0x90, 0x0, 0x0, 0xa,
    0xf2, 0x0, 0x1f, 0xf3, 0x0, 0x4f, 0x90, 0x0,
    0x0, 0xa, 0xf2, 0x0, 0x6, 0xfb, 0x0, 0x4f,
    0x90, 0x0, 0x0, 0xa, 0xf2, 0x0, 0x0, 0xb4,
    0x0, 0x4f, 0x90, 0x0, 0x0, 0xa, 0xf2, 0x0,
    0x0, 0x1, 0xbb, 0xdf, 0x80, 0x0, 0x0, 0xa,
    0xf2, 0x0, 0x0, 0x0, 0xcf, 0xfc, 0x20, 0x0,
    0x0, 0x0, 0x10, 0x0, 0x0, 0x0, 0x0, 0x0,
    0x0, 0x0,

    /* U+5F97 "得" */
    0x0, 0x0, 0x78, 0x10, 0x44, 0x44, 0x44, 0x44,
    0x43, 0x0, 0x0, 0x4f, 0xe1, 0xf, 0xff, 0xff,
    0xff, 0xff, 0xc0, 0x0, 0x4f, 0xf3, 0x0, 0xfd,
    0x11, 0x11, 0x13, 0xfc, 0x0, 0x5f, 0xf4, 0x0,
    0xf, 0xe5, 0x55, 0x55, 0x7f, 0xc0, 0x4f, 0xe3,
    0x2, 0x0, 0xff, 0xff, 0xff, 0xff, 0xfc, 0x0,
    0x81, 0x6, 0xf8, 0xf, 0xd0, 0x0, 0x0, 0x2f,
    0xc0, 0x0, 0x3, 0xfe, 0x10, 0xff, 0xff, 0xff,
    0xff, 0xfc, 0x0, 0x2, 0xef, 0x50, 0x7, 0x77,
    0x77, 0x77, 0x77, 0x50, 0x2, 0xef, 0xf2, 0x5,
    0x55, 0x55, 0x55, 0x55, 0x55, 0x35, 0xff, 0xff,
    0x22, 0xff, 0xff, 0xff, 0xff, 0xff, 0xf9, 0x6f,
    0x7b, 0xf2, 0x3, 0x33, 0x33, 0x33, 0xef, 0x43,
    0x20, 0x40, 0xbf, 0x25, 0x88, 0x88, 0x88, 0x8e,
    0xf9, 0x88, 0x0, 0xb, 0xf2, 0xaf, 0xff, 0xff,
    0xff, 0xff, 0xff, 0xf0, 0x0, 0xbf, 0x20, 0x14,
    0x81, 0x11, 0x1d, 0xf2, 0x11, 0x0, 0xb, 0xf2,
    0x0, 0xcf, 0x60, 0x0, 0xdf, 0x10, 0x0, 0x0,
    0xbf, 0x20, 0x1, 0xef, 0x20, 0xd, 0xf1, 0x0,
    0x0, 0xb, 0xf2, 0x0, 0x5, 0xf7, 0x0, 0xdf,
    0x10, 0x0, 0x0, 0xbf, 0x20, 0x0, 0x4, 0x3a,
    0xaf, 0xf0, 0x0, 0x0, 0xb, 0xf2, 0x0, 0x0,
    0x0, 0xff, 0xe8, 0x0, 0x0, 0x0, 0x0, 0x0,
    0x0, 0x0, 0x0, 0x0, 0x0, 0x0,

    /* U+5FC6 "忆" */
    0x0, 0x6, 0x80, 0x0, 0x0, 0x0, 0x0, 0x0,
    0x0, 0x0, 0x0, 0xbf, 0x10, 0x0, 0x0, 0x0,
    0x0, 0x1, 0x0, 0x0, 0xb, 0xf1, 0x6, 0xff,
    0xff, 0xff, 0xff, 0xfe, 0x20, 0x0, 0xbf, 0x43,
    0x4b, 0xbb, 0xbb, 0xbc, 0xff, 0x90, 0xa, 0x8b,
    0xfd, 0xd0, 0x0, 0x0, 0x0, 0xbf, 0xb0, 0x0,
    0xea, 0xbf, 0x6f, 0x40, 0x0, 0x0, 0x9f, 0xc0,
    0x0, 0xf, 0x8b, 0xf1, 0xea, 0x0, 0x0, 0x6f,
    0xe1, 0x0, 0x3, 0xf5, 0xbf, 0x17, 0x40, 0x0,
    0x4f, 0xf2, 0x0, 0x0, 0x7f, 0x2b, 0xf1, 0x0,
    0x0, 0x2e, 0xf4, 0x0, 0x0, 0x4, 0x90, 0xbf,
    0x10, 0x0, 0xd, 0xf6, 0x0, 0x0, 0x0, 0x0,
    0xb, 0xf1, 0x0, 0x9, 0xfa, 0x0, 0x0, 0x0,
    0x0, 0x0, 0xbf, 0x10, 0x5, 0xfd, 0x0, 0x0,
    0x0, 0x0, 0x0, 0xb, 0xf1, 0x1, 0xef, 0x20,
    0x0, 0x0, 0x6, 0x20, 0x0, 0xbf, 0x10, 0x8f,
    0x70, 0x0, 0x0, 0x0, 0xec, 0x0, 0xb, 0xf1,
    0xe, 0xf0, 0x0, 0x0, 0x0, 0xf, 0xb0, 0x0,
    0xbf, 0x10, 0xff, 0x10, 0x0, 0x0, 0x3, 0xf8,
    0x0, 0xb, 0xf1, 0xb, 0xff, 0xcc, 0xcc, 0xcc,
    0xff, 0x40, 0x0, 0xbf, 0x10, 0x1a, 0xff, 0xff,
    0xff, 0xff, 0x80, 0x0, 0xb, 0xf1, 0x0, 0x0,
    0x0, 0x0, 0x0, 0x0, 0x0,

    /* U+5FEB "快" */
    0x0, 0x6, 0x80, 0x0, 0x0, 0x7, 0x80, 0x0,
    0x0, 0x0, 0x0, 0xd, 0xf1, 0x0, 0x0, 0xd,
    0xf1, 0x0, 0x0, 0x0, 0x0, 0xd, 0xf1, 0x0,
    0x0, 0xd, 0xf1, 0x0, 0x0, 0x0, 0x0, 0xd,
    0xf6, 0x36, 0xcc, 0xcf, 0xfc, 0xcc, 0xc9, 0x0,
    0x9, 0xad, 0xfd, 0xb9, 0xff, 0xff, 0xff, 0xff,
    0xfc, 0x0, 0xb, 0xbd, 0xf7, 0xf1, 0x0, 0xd,
    0xf1, 0x1, 0xfc, 0x0, 0xe, 0x8d, 0xf1, 0xf5,
    0x0, 0xd, 0xf1, 0x1, 0xfc, 0x0, 0x1f, 0x6d,
    0xf1, 0x61, 0x0, 0xd, 0xf1, 0x1, 0xfc, 0x0,
    0x6f, 0x3d, 0xf1, 0x0, 0x0, 0xd, 0xf0, 0x1,
    0xfc, 0x0, 0x16, 0xd, 0xf1, 0x4f, 0xff, 0xff,
    0xff, 0xff, 0xff, 0xf4, 0x0, 0xd, 0xf1, 0x3d,
    0xdd, 0xef, 0xff, 0xdd, 0xdd, 0xd4, 0x0, 0xd,
    0xf1, 0x0, 0x0, 0x3f, 0xff, 0x10, 0x0, 0x0,
    0x0, 0xd, 0xf1, 0x0, 0x0, 0x8f, 0xef, 0x90,
    0x0, 0x0, 0x0, 0xd, 0xf1, 0x0, 0x0, 0xef,
    0x3f, 0xf2, 0x0, 0x0, 0x0, 0xd, 0xf1, 0x0,
    0x8, 0xfa, 0x8, 0xfd, 0x0, 0x0, 0x0, 0xd,
    0xf1, 0x0, 0x5f, 0xf2, 0x0, 0xef, 0xc1, 0x0,
    0x0, 0xd, 0xf1, 0x7, 0xff, 0x50, 0x0, 0x3f,
    0xfe, 0x40, 0x0, 0xd, 0xf1, 0xbf, 0xf6, 0x0,
    0x0, 0x4, 0xff, 0xf4, 0x0, 0xd, 0xf1, 0x4d,
    0x30, 0x0, 0x0, 0x0, 0x2b, 0x90, 0x0, 0x0,
    0x0, 0x0, 0x0, 0x0, 0x0, 0x0, 0x0, 0x0,

    /* U+601D "思" */
    0x0, 0x1c, 0xcc, 0xcc, 0xcc, 0xcc, 0xcc, 0xcc,
    0xc1, 0x0, 0x0, 0x1f, 0xfd, 0xdd, 0xdf, 0xfd,
    0xdd, 0xdf, 0xf1, 0x0, 0x0, 0x1f, 0xb0, 0x0,
    0xe, 0xf0, 0x0, 0xc, 0xf1, 0x0, 0x0, 0x1f,
    0xb0, 0x0, 0xe, 0xf0, 0x0, 0xc, 0xf1, 0x0,
    0x0, 0x1f, 0xff, 0xff, 0xff, 0xff, 0xff, 0xff,
    0xf1, 0x0, 0x0, 0x1f, 0xd8, 0x88, 0x8f, 0xf8,
    0x88, 0x8e, 0xf1, 0x0, 0x0, 0x1f, 0xb0, 0x0,
    0xe, 0xf0, 0x0, 0xc, 0xf1, 0x0, 0x0, 0x1f,
    0xc3, 0x33, 0x3e, 0xf3, 0x33, 0x3d, 0xf1, 0x0,
    0x0, 0x1f, 0xff, 0xff, 0xff, 0xff, 0xff, 0xff,
    0xf1, 0x0, 0x0, 0x7, 0x77, 0x77, 0x88, 0x77,
    0x77, 0x77, 0x70, 0x0, 0x0, 0x0, 0x0, 0x0,
    0xcf, 0x60, 0x0, 0x0, 0x0, 0x0, 0x0, 0x2,
    0x0, 0x0, 0x6f, 0xfa, 0x0, 0x3, 0x60, 0x0,
    0x0, 0x2f, 0xa3, 0xfb, 0x2, 0xdf, 0xb0, 0xe,
    0xf4, 0x0, 0x0, 0x7f, 0x73, 0xfb, 0x0, 0x1c,
    0x70, 0x5, 0xfd, 0x0, 0x0, 0xef, 0x13, 0xfb,
    0x0, 0x0, 0x8, 0xb1, 0xcf, 0x60, 0x6, 0xfb,
    0x2, 0xfb, 0x0, 0x0, 0xa, 0xf1, 0x4f, 0xe0,
    0xa, 0xf3, 0x1, 0xff, 0xbb, 0xbb, 0xcf, 0xe0,
    0xd, 0xb1, 0x0, 0x20, 0x0, 0x7e, 0xff, 0xff,
    0xfe, 0x40, 0x0, 0x0,

    /* U+6062 "恢" */
    0x0, 0x6, 0x80, 0x0, 0x1, 0x84, 0x0, 0x0,
    0x0, 0x0, 0x0, 0xc, 0xf0, 0x0, 0x3, 0xf8,
    0x0, 0x0, 0x0, 0x0, 0x0, 0xc, 0xf0, 0x0,
    0x5, 0xf6, 0x0, 0x0, 0x0, 0x0, 0x0, 0xc,
    0xf6, 0x3f, 0xff, 0xff, 0xff, 0xff, 0xff, 0xe0,
    0x7, 0xdc, 0xfd, 0xab, 0xbe, 0xfc, 0xbb, 0xbb,
    0xbb, 0xa0, 0x8, 0xec, 0xf8, 0xf0, 0xc, 0xf0,
    0x0, 0x94, 0x0, 0x0, 0xa, 0xcc, 0xf3, 0xf4,
    0xf, 0xc0, 0x0, 0xf8, 0x0, 0x0, 0xd, 0xac,
    0xf0, 0xb2, 0x2f, 0x94, 0x81, 0xf7, 0x9, 0x50,
    0x1f, 0x7c, 0xf0, 0x0, 0x6f, 0x68, 0xe3, 0xf6,
    0x1f, 0x70, 0x19, 0x2c, 0xf0, 0x0, 0xbf, 0x1c,
    0xa5, 0xf4, 0x5f, 0x30, 0x0, 0xc, 0xf0, 0x1,
    0xfc, 0xf, 0x67, 0xf2, 0x9e, 0x0, 0x0, 0xc,
    0xf0, 0x7, 0xf7, 0x6f, 0x1a, 0xf1, 0xf9, 0x0,
    0x0, 0xc, 0xf0, 0xe, 0xf1, 0x27, 0xe, 0xf4,
    0x63, 0x0, 0x0, 0xc, 0xf0, 0x8f, 0x90, 0x0,
    0x4f, 0xfa, 0x0, 0x0, 0x0, 0xc, 0xf3, 0xfe,
    0x10, 0x0, 0xcf, 0xbf, 0x30, 0x0, 0x0, 0xc,
    0xf0, 0x95, 0x0, 0x8, 0xfa, 0x1f, 0xd0, 0x0,
    0x0, 0xc, 0xf0, 0x0, 0x0, 0x9f, 0xe1, 0x7,
    0xfc, 0x10, 0x0, 0xc, 0xf0, 0x0, 0x4e, 0xfe,
    0x20, 0x0, 0xaf, 0xe1, 0x0, 0xc, 0xf0, 0x0,
    0xc, 0x91, 0x0, 0x0, 0x8, 0x60, 0x0, 0x0,
    0x0, 0x0, 0x0, 0x0, 0x0, 0x0, 0x0, 0x0,

    /* U+60C5 "情" */
    0x0, 0x8, 0x60, 0x0, 0x0, 0x1, 0x86, 0x0,
    0x0, 0x0, 0x0, 0x1f, 0xc0, 0x6, 0x66, 0x68,
    0xfd, 0x66, 0x66, 0x50, 0x0, 0x1f, 0xc0, 0x2f,
    0xff, 0xff, 0xff, 0xff, 0xff, 0xc0, 0x0, 0x1f,
    0xdd, 0x30, 0x0, 0x2, 0xfb, 0x0, 0x0, 0x0,
    0xc, 0x9f, 0xcc, 0xa9, 0xff, 0xff, 0xff, 0xff,
    0xff, 0x40, 0xe, 0xaf, 0xc6, 0xf4, 0x55, 0x57,
    0xfd, 0x55, 0x55, 0x10, 0xf, 0x8f, 0xc1, 0x77,
    0x77, 0x78, 0xfd, 0x77, 0x77, 0x72, 0x3f, 0x5f,
    0xc0, 0xaf, 0xff, 0xff, 0xff, 0xff, 0xff, 0xf5,
    0x6f, 0x2f, 0xc0, 0x0, 0x11, 0x11, 0x11, 0x11,
    0x10, 0x0, 0x38, 0x1f, 0xc0, 0x5, 0xff, 0xff,
    0xff, 0xff, 0xfd, 0x0, 0x0, 0x1f, 0xc0, 0x5,
    0xfa, 0x55, 0x55, 0x55, 0xfd, 0x0, 0x0, 0x1f,
    0xc0, 0x5, 0xfa, 0x66, 0x66, 0x66, 0xfd, 0x0,
    0x0, 0x1f, 0xc0, 0x5, 0xff, 0xff, 0xff, 0xff,
    0xfd, 0x0, 0x0, 0x1f, 0xc0, 0x5, 0xf6, 0x0,
    0x0, 0x0, 0xfd, 0x0, 0x0, 0x1f, 0xc0, 0x5,
    0xff, 0xff, 0xff, 0xff, 0xfd, 0x0, 0x0, 0x1f,
    0xc0, 0x5, 0xfa, 0x66, 0x66, 0x66, 0xfd, 0x0,
    0x0, 0x1f, 0xc0, 0x5, 0xf6, 0x0, 0x0, 0x0,
    0xfd, 0x0, 0x0, 0x1f, 0xc0, 0x5, 0xf6, 0x0,
    0x2, 0xaa, 0xfc, 0x0, 0x0, 0x1f, 0xc0, 0x5,
    0xf6, 0x0, 0x0, 0xee, 0xc4, 0x0,

    /* U+611F "感" */
    0x0, 0x0, 0x0, 0x0, 0x0, 0xa, 0xe1, 0x7c,
    0x30, 0x0, 0x0, 0x0, 0x0, 0x0, 0x0, 0xb,
    0xf2, 0x2c, 0xf3, 0x0, 0x0, 0xbf, 0xff, 0xff,
    0xff, 0xff, 0xff, 0xff, 0xff, 0xf0, 0x0, 0xbf,
    0x99, 0x99, 0x99, 0x9c, 0xfb, 0x99, 0x99, 0x90,
    0x0, 0xbf, 0x14, 0x44, 0x44, 0x46, 0xf6, 0x0,
    0x76, 0x0, 0x0, 0xbf, 0x5f, 0xff, 0xff, 0xd3,
    0xf9, 0x2, 0xfb, 0x0, 0x0, 0xcf, 0x0, 0x0,
    0x0, 0x0, 0xfd, 0xb, 0xf4, 0x0, 0x0, 0xed,
    0x2f, 0xff, 0xff, 0x80, 0xcf, 0x7f, 0xb0, 0x0,
    0x0, 0xfb, 0x3f, 0x96, 0x6f, 0x90, 0x7f, 0xfe,
    0x11, 0x0, 0x4, 0xf8, 0x3f, 0x50, 0xe, 0x90,
    0x5f, 0xf5, 0x4, 0xe2, 0x9, 0xf4, 0x3f, 0xdc,
    0xcf, 0x96, 0xff, 0xfb, 0x18, 0xf1, 0x2f, 0xe0,
    0x19, 0x99, 0x99, 0x8f, 0xe5, 0xcf, 0xff, 0xd0,
    0xa, 0x60, 0x0, 0x0, 0x38, 0x4, 0x10, 0x7,
    0xbb, 0x30, 0x0, 0x10, 0xc, 0xa0, 0x8f, 0xa0,
    0x0, 0x4, 0x90, 0x0, 0x0, 0xae, 0x2f, 0xd0,
    0xb, 0xf7, 0x0, 0x9, 0xf8, 0x0, 0x1, 0xfd,
    0xf, 0xd0, 0x1, 0xed, 0x6, 0xb4, 0xff, 0x10,
    0x9, 0xf6, 0xf, 0xd0, 0x0, 0x20, 0x8, 0xf5,
    0x8f, 0x80, 0x1f, 0xe0, 0xe, 0xf8, 0x88, 0x88,
    0x8e, 0xf1, 0x1f, 0xa0, 0x2, 0x40, 0x5, 0xdf,
    0xff, 0xff, 0xfe, 0x70, 0x1, 0x0,

    /* U+620F "戏" */
    0x0, 0x0, 0x0, 0x0, 0x0, 0x3c, 0x80, 0x28,
    0x0, 0x0, 0x0, 0x0, 0x0, 0x0, 0x0, 0x3f,
    0xb0, 0xaf, 0xb0, 0x0, 0x2a, 0xaa, 0xaa, 0xb9,
    0x20, 0x3f, 0xb0, 0xb, 0xfb, 0x0, 0x3f, 0xff,
    0xff, 0xff, 0x50, 0x2f, 0xc0, 0x0, 0xc7, 0x0,
    0x0, 0x0, 0x0, 0xbf, 0x30, 0x1f, 0xd0, 0x0,
    0x13, 0x30, 0x5, 0x60, 0x0, 0xef, 0x24, 0x6f,
    0xfc, 0xef, 0xff, 0xd0, 0xe, 0xf3, 0x2, 0xfc,
    0x8f, 0xff, 0xff, 0xec, 0xa8, 0x60, 0x3, 0xfe,
    0x17, 0xf8, 0x38, 0x6e, 0xf2, 0x0, 0x42, 0x0,
    0x0, 0x8f, 0xac, 0xf4, 0x0, 0xb, 0xf3, 0x0,
    0xde, 0x0, 0x0, 0xc, 0xff, 0xe0, 0x0, 0x9,
    0xf5, 0x5, 0xfa, 0x0, 0x0, 0x2, 0xff, 0x90,
    0x0, 0x7, 0xf8, 0x1e, 0xf2, 0x0, 0x0, 0x1,
    0xff, 0xc0, 0x0, 0x4, 0xfb, 0xaf, 0x80, 0x0,
    0x0, 0xa, 0xff, 0xf8, 0x0, 0x1, 0xff, 0xfd,
    0x0, 0x0, 0x0, 0x5f, 0xf4, 0xff, 0x20, 0x0,
    0xdf, 0xf3, 0x3, 0x0, 0x3, 0xff, 0x60, 0x8f,
    0x90, 0x4, 0xff, 0xb0, 0x8, 0xd1, 0x4f, 0xfa,
    0x0, 0x1b, 0x10, 0x7f, 0xff, 0xf4, 0xa, 0xf0,
    0x2f, 0xb0, 0x0, 0x0, 0x3c, 0xff, 0x6a, 0xff,
    0x8f, 0xd0, 0x3, 0x0, 0x0, 0x0, 0x2e, 0xe3,
    0x1, 0xdf, 0xff, 0x70, 0x0, 0x0, 0x0, 0x0,
    0x2, 0x0, 0x0, 0x1a, 0xfb, 0x0,

    /* U+6210 "成" */
    0x0, 0x0, 0x0, 0x0, 0x0, 0x0, 0x0, 0x0,
    0x0, 0x0, 0x0, 0x0, 0x0, 0x0, 0xb, 0xf4,
    0x6e, 0x50, 0x0, 0x0, 0x0, 0x0, 0x0, 0x0,
    0xbf, 0x45, 0xef, 0xb1, 0x0, 0x0, 0x0, 0x0,
    0x0, 0xa, 0xf4, 0x1, 0xaf, 0x50, 0x0, 0xbd,
    0xdd, 0xdd, 0xdd, 0xff, 0xed, 0xdd, 0xfd, 0x90,
    0xd, 0xff, 0xff, 0xff, 0xff, 0xff, 0xff, 0xff,
    0xfc, 0x0, 0xdf, 0x30, 0x0, 0x0, 0x8f, 0x80,
    0x0, 0x0, 0x0, 0xd, 0xf2, 0x0, 0x0, 0x6,
    0xf8, 0x0, 0x47, 0x20, 0x0, 0xdf, 0xa9, 0x9a,
    0x91, 0x4f, 0xa0, 0xa, 0xf5, 0x0, 0xd, 0xff,
    0xff, 0xff, 0x12, 0xfc, 0x1, 0xff, 0x0, 0x0,
    0xdf, 0x42, 0x2c, 0xf1, 0xf, 0xf0, 0x7f, 0xa0,
    0x0, 0xd, 0xf1, 0x0, 0xcf, 0x0, 0xdf, 0x2e,
    0xf3, 0x0, 0x0, 0xef, 0x10, 0xc, 0xf0, 0xa,
    0xfc, 0xfa, 0x0, 0x0, 0xf, 0xf0, 0x0, 0xdf,
    0x0, 0x6f, 0xff, 0x20, 0x0, 0x1, 0xfe, 0x0,
    0xf, 0xe0, 0x3, 0xff, 0x80, 0x9, 0x20, 0x4f,
    0xb6, 0xff, 0xfb, 0x0, 0xbf, 0xf3, 0x0, 0xce,
    0x7, 0xf8, 0x2c, 0xca, 0x20, 0xbf, 0xff, 0xb0,
    0xe, 0xc0, 0xdf, 0x40, 0x0, 0x2, 0xdf, 0xe3,
    0xef, 0x62, 0xf9, 0x4f, 0xe0, 0x0, 0x2, 0xff,
    0xd2, 0x5, 0xff, 0xff, 0x52, 0xc7, 0x0, 0x0,
    0x7, 0xa1, 0x0, 0x5, 0xdf, 0xa0, 0x0, 0x0,
    0x0, 0x0, 0x0, 0x0, 0x0, 0x0, 0x0, 0x0,

    /* U+6216 "或" */
    0x0, 0x0, 0x0, 0x0, 0x2, 0xdb, 0x5, 0xa2,
    0x0, 0x0, 0x0, 0x0, 0x0, 0x0, 0x2f, 0xe0,
    0x9f, 0xf8, 0x0, 0x0, 0x0, 0x0, 0x0, 0x1,
    0xfe, 0x0, 0x3d, 0xd1, 0x9, 0xdd, 0xdd, 0xdd,
    0xdd, 0xdf, 0xfd, 0xdd, 0xde, 0xb0, 0xcf, 0xff,
    0xff, 0xff, 0xff, 0xff, 0xff, 0xff, 0xfd, 0x0,
    0x0, 0x0, 0x0, 0x0, 0xf, 0xf1, 0x0, 0x0,
    0x0, 0x6, 0x99, 0x99, 0x99, 0x60, 0xdf, 0x20,
    0xb, 0x90, 0x0, 0xbf, 0xff, 0xff, 0xfb, 0xc,
    0xf4, 0x2, 0xfd, 0x0, 0xb, 0xf1, 0x0, 0x2f,
    0xb0, 0xaf, 0x60, 0x8f, 0x70, 0x0, 0xbf, 0x0,
    0x2, 0xfb, 0x7, 0xf8, 0xe, 0xf1, 0x0, 0xb,
    0xf0, 0x0, 0x2f, 0xb0, 0x5f, 0xb7, 0xfa, 0x0,
    0x0, 0xbf, 0xaa, 0xab, 0xfb, 0x1, 0xfe, 0xef,
    0x20, 0x0, 0xa, 0xff, 0xff, 0xff, 0xa0, 0xe,
    0xff, 0x90, 0x0, 0x0, 0x0, 0x0, 0x0, 0x0,
    0x0, 0xaf, 0xe1, 0x3, 0x20, 0x0, 0x0, 0x25,
    0x8c, 0xf3, 0x2f, 0xfd, 0x0, 0x6f, 0x34, 0x8b,
    0xef, 0xff, 0xff, 0x6e, 0xff, 0xf3, 0x8, 0xf3,
    0xbf, 0xff, 0xda, 0x63, 0x5f, 0xfa, 0x7f, 0xd1,
    0xbf, 0x6, 0x84, 0x10, 0x0, 0x6f, 0xfa, 0x0,
    0xcf, 0xff, 0xb0, 0x0, 0x0, 0x0, 0x0, 0xc7,
    0x0, 0x1, 0xbf, 0xd2, 0x0, 0x0, 0x0, 0x0,
    0x0, 0x0, 0x0, 0x0, 0x0, 0x0,

    /* U+6218 "战" */
    0x0, 0x5, 0x91, 0x0, 0x0, 0x6, 0xa0, 0x0,
    0x0, 0x0, 0x0, 0xaf, 0x20, 0x0, 0x0, 0xaf,
    0x17, 0xa0, 0x0, 0x0, 0xa, 0xf2, 0x0, 0x0,
    0xa, 0xf1, 0x6f, 0x70, 0x0, 0x0, 0xaf, 0x30,
    0x0, 0x0, 0x9f, 0x20, 0xbf, 0x20, 0x0, 0xa,
    0xff, 0xff, 0xf3, 0x8, 0xf3, 0x2, 0x60, 0x0,
    0x0, 0xaf, 0xba, 0xaa, 0x20, 0x7f, 0x53, 0x57,
    0x70, 0x0, 0xa, 0xf2, 0x0, 0x7, 0xae, 0xff,
    0xff, 0xfd, 0x0, 0x0, 0xaf, 0x20, 0x0, 0xce,
    0xdf, 0xb5, 0x33, 0x0, 0x0, 0xa, 0xf2, 0x0,
    0x0, 0x3, 0xf8, 0x1, 0xf6, 0x7, 0xff, 0xff,
    0xff, 0xfd, 0x0, 0x1f, 0xa0, 0x7f, 0x30, 0x8f,
    0xcc, 0xcc, 0xcf, 0xe0, 0x0, 0xfc, 0xe, 0xd0,
    0x8, 0xf3, 0x0, 0x0, 0xee, 0x0, 0xd, 0xf8,
    0xf6, 0x0, 0x8f, 0x30, 0x0, 0xe, 0xe0, 0x0,
    0xaf, 0xfd, 0x0, 0x8, 0xf3, 0x0, 0x0, 0xee,
    0x0, 0x7, 0xff, 0x50, 0x10, 0x8f, 0x30, 0x0,
    0xe, 0xe0, 0x0, 0xcf, 0xc0, 0x2e, 0x28, 0xfc,
    0xbb, 0xbb, 0xfe, 0x1, 0xcf, 0xfe, 0x4, 0xf2,
    0x8f, 0xff, 0xff, 0xff, 0xe5, 0xef, 0xea, 0xf9,
    0x9e, 0x8, 0xf3, 0x0, 0x0, 0xee, 0xbf, 0xe3,
    0x1e, 0xff, 0xa0, 0x8f, 0x30, 0x0, 0xe, 0xe1,
    0xb1, 0x0, 0x3d, 0xe2, 0x0, 0x10, 0x0, 0x0,
    0x0, 0x0, 0x0, 0x0, 0x0, 0x0,

    /* U+6240 "所" */
    0x0, 0x0, 0x0, 0x2, 0x61, 0x0, 0x0, 0x0,
    0x49, 0x0, 0x0, 0x34, 0x7a, 0xef, 0xfb, 0x2,
    0x58, 0xbf, 0xff, 0x90, 0x0, 0xff, 0xff, 0xeb,
    0x73, 0xf, 0xff, 0xfd, 0xa5, 0x0, 0x0, 0xfe,
    0x31, 0x0, 0x0, 0xf, 0xf4, 0x10, 0x0, 0x0,
    0x0, 0xfd, 0x0, 0x0, 0x0, 0xf, 0xe0, 0x0,
    0x0, 0x0, 0x0, 0xff, 0xff, 0xff, 0xf1, 0xf,
    0xe0, 0x0, 0x0, 0x0, 0x0, 0xff, 0xcc, 0xcf,
    0xf1, 0xf, 0xe2, 0x22, 0x22, 0x20, 0x0, 0xfd,
    0x0, 0xc, 0xf1, 0xf, 0xff, 0xff, 0xff, 0xf3,
    0x0, 0xfd, 0x0, 0xc, 0xf1, 0xf, 0xfb, 0xbf,
    0xfb, 0xb2, 0x0, 0xfd, 0x11, 0x1c, 0xf1, 0xf,
    0xe0, 0xc, 0xf1, 0x0, 0x1, 0xff, 0xff, 0xff,
    0xf1, 0x1f, 0xd0, 0xc, 0xf1, 0x0, 0x1, 0xfe,
    0xaa, 0xaa, 0xa0, 0x2f, 0xc0, 0xc, 0xf1, 0x0,
    0x2, 0xfb, 0x0, 0x0, 0x0, 0x5f, 0x90, 0xc,
    0xf1, 0x0, 0x3, 0xf9, 0x0, 0x0, 0x0, 0x8f,
    0x60, 0xc, 0xf1, 0x0, 0x6, 0xf7, 0x0, 0x0,
    0x0, 0xdf, 0x30, 0xc, 0xf1, 0x0, 0x9, 0xf5,
    0x0, 0x0, 0x4, 0xfd, 0x0, 0xc, 0xf1, 0x0,
    0xd, 0xf1, 0x0, 0x0, 0xd, 0xf6, 0x0, 0xc,
    0xf1, 0x0, 0x3f, 0xc0, 0x0, 0x0, 0xaf, 0xd0,
    0x0, 0xc, 0xf1, 0x0, 0x9, 0x60, 0x0, 0x0,
    0x4d, 0x20, 0x0, 0xc, 0xf1, 0x0, 0x0, 0x0,
    0x0, 0x0, 0x0, 0x0, 0x0, 0x0, 0x0, 0x0,

    /* U+624B "手" */
    0x0, 0x0, 0x0, 0x0, 0x0, 0x0, 0x13, 0x6a,
    0x20, 0x0, 0x0, 0x12, 0x34, 0x57, 0x8a, 0xce,
    0xff, 0xff, 0xd0, 0x0, 0x0, 0x9f, 0xff, 0xff,
    0xff, 0xfe, 0xb9, 0x63, 0x0, 0x0, 0x0, 0x38,
    0x76, 0x54, 0x3f, 0xf0, 0x0, 0x0, 0x0, 0x0,
    0x0, 0x0, 0x0, 0x0, 0xf, 0xf0, 0x0, 0x0,
    0x0, 0x0, 0x0, 0x0, 0x0, 0x0, 0xf, 0xf1,
    0x0, 0x0, 0x0, 0x0, 0x0, 0xbf, 0xff, 0xff,
    0xff, 0xff, 0xff, 0xff, 0xff, 0x0, 0x0, 0x8c,
    0xcc, 0xcc, 0xcf, 0xfc, 0xcc, 0xcc, 0xcb, 0x0,
    0x0, 0x0, 0x0, 0x0, 0xf, 0xf0, 0x0, 0x0,
    0x0, 0x0, 0x0, 0x0, 0x0, 0x0, 0xf, 0xf0,
    0x0, 0x0, 0x0, 0x0, 0xc, 0xcc, 0xcc, 0xcc,
    0xcf, 0xfc, 0xcc, 0xcc, 0xcc, 0xc1, 0x1f, 0xff,
    0xff, 0xff, 0xff, 0xff, 0xff, 0xff, 0xff, 0xf2,
    0x1, 0x11, 0x11, 0x11, 0x1f, 0xf1, 0x11, 0x11,
    0x11, 0x10, 0x0, 0x0, 0x0, 0x0, 0xf, 0xf0,
    0x0, 0x0, 0x0, 0x0, 0x0, 0x0, 0x0, 0x0,
    0xf, 0xf0, 0x0, 0x0, 0x0, 0x0, 0x0, 0x0,
    0x0, 0x0, 0xf, 0xf0, 0x0, 0x0, 0x0, 0x0,
    0x0, 0x0, 0x0, 0x0, 0xf, 0xf0, 0x0, 0x0,
    0x0, 0x0, 0x0, 0x0, 0xc, 0xcc, 0xdf, 0xe0,
    0x0, 0x0, 0x0, 0x0, 0x0, 0x0, 0xa, 0xff,
    0xfc, 0x40, 0x0, 0x0, 0x0, 0x0, 0x0, 0x0,
    0x0, 0x0, 0x0, 0x0, 0x0, 0x0, 0x0, 0x0,

    /* U+6253 "打" */
    0x0, 0x1, 0xeb, 0x0, 0x0, 0x0, 0x0, 0x0,
    0x0, 0x0, 0x0, 0x1, 0xfd, 0x0, 0x14, 0x44,
    0x44, 0x44, 0x44, 0x42, 0x0, 0x1, 0xfd, 0x0,
    0x6f, 0xff, 0xff, 0xff, 0xff, 0xf7, 0x0, 0x1,
    0xfd, 0x0, 0x49, 0x99, 0x99, 0xff, 0xa9, 0x94,
    0xe, 0xff, 0xff, 0xff, 0x50, 0x0, 0x0, 0xff,
    0x0, 0x0, 0xc, 0xdd, 0xff, 0xdd, 0x40, 0x0,
    0x0, 0xff, 0x0, 0x0, 0x0, 0x1, 0xfd, 0x0,
    0x0, 0x0, 0x0, 0xff, 0x0, 0x0, 0x0, 0x1,
    0xfd, 0x0, 0x0, 0x0, 0x0, 0xff, 0x0, 0x0,
    0x0, 0x1, 0xfd, 0x1, 0x10, 0x0, 0x0, 0xff,
    0x0, 0x0, 0x0, 0x1, 0xfe, 0xcf, 0x70, 0x0,
    0x0, 0xff, 0x0, 0x0, 0x6, 0xaf, 0xff, 0xfe,
    0x60, 0x0, 0x0, 0xff, 0x0, 0x0, 0xe, 0xff,
    0xfe, 0x30, 0x0, 0x0, 0x0, 0xff, 0x0, 0x0,
    0x6, 0x62, 0xfd, 0x0, 0x0, 0x0, 0x0, 0xff,
    0x0, 0x0, 0x0, 0x1, 0xfd, 0x0, 0x0, 0x0,
    0x0, 0xff, 0x0, 0x0, 0x0, 0x1, 0xfd, 0x0,
    0x0, 0x0, 0x0, 0xff, 0x0, 0x0, 0x0, 0x1,
    0xfd, 0x0, 0x0, 0x0, 0x0, 0xff, 0x0, 0x0,
    0x0, 0x1, 0xfd, 0x0, 0x0, 0x0, 0x0, 0xff,
    0x0, 0x0, 0x3, 0xcd, 0xfb, 0x0, 0x0, 0x8f,
    0xff, 0xfe, 0x0, 0x0, 0x0, 0xff, 0xc3, 0x0,
    0x0, 0x3f, 0xff, 0xd4, 0x0, 0x0, 0x0, 0x0,
    0x0, 0x0, 0x0, 0x1, 0x0, 0x0, 0x0, 0x0,

    /* U+626B "扫" */
    0x0, 0x1, 0xc9, 0x0, 0x0, 0x0, 0x0, 0x0,
    0x0, 0x0, 0x0, 0x1f, 0xc0, 0x0, 0x0, 0x0,
    0x0, 0x0, 0x0, 0x0, 0x1, 0xfc, 0x0, 0x7f,
    0xff, 0xff, 0xff, 0xff, 0x20, 0x0, 0x2f, 0xc0,
    0x5, 0xbb, 0xbb, 0xbb, 0xbe, 0xf2, 0xe, 0xff,
    0xff, 0xff, 0x30, 0x0, 0x0, 0x0, 0xaf, 0x20,
    0xab, 0xbf, 0xeb, 0xb2, 0x0, 0x0, 0x0, 0xa,
    0xf2, 0x0, 0x1, 0xfc, 0x0, 0x0, 0x0, 0x0,
    0x0, 0xaf, 0x20, 0x0, 0x1f, 0xc0, 0x0, 0x0,
    0x0, 0x0, 0xa, 0xf2, 0x0, 0x1, 0xfc, 0x3,
    0x3d, 0xdd, 0xdd, 0xdd, 0xff, 0x20, 0x0, 0x5f,
    0xff, 0xf7, 0xff, 0xff, 0xff, 0xff, 0xf2, 0xd,
    0xff, 0xff, 0xd8, 0x20, 0x0, 0x0, 0x0, 0xaf,
    0x20, 0xdd, 0xaf, 0xc0, 0x0, 0x0, 0x0, 0x0,
    0xa, 0xf2, 0x0, 0x1, 0xfc, 0x0, 0x0, 0x0,
    0x0, 0x0, 0xaf, 0x20, 0x0, 0x1f, 0xc0, 0x0,
    0x0, 0x0, 0x0, 0xa, 0xf2, 0x0, 0x1, 0xfc,
    0x0, 0x0, 0x0, 0x0, 0x0, 0xaf, 0x20, 0x0,
    0x1f, 0xc0, 0x7, 0xbb, 0xbb, 0xbb, 0xbe, 0xf2,
    0x0, 0x1, 0xfc, 0x0, 0xaf, 0xff, 0xff, 0xff,
    0xff, 0x20, 0x3b, 0xbf, 0xb0, 0x0, 0x0, 0x0,
    0x0, 0xa, 0xf2, 0x0, 0xff, 0xd3, 0x0, 0x0,
    0x0, 0x0, 0x0, 0xaf, 0x20,

    /* U+627E "找" */
    0x0, 0x9, 0xe2, 0x0, 0x0, 0x9d, 0x20, 0x50,
    0x0, 0x0, 0x0, 0xa, 0xf3, 0x0, 0x0, 0xbf,
    0x36, 0xfb, 0x0, 0x0, 0x0, 0xa, 0xf3, 0x0,
    0x0, 0xaf, 0x40, 0xaf, 0xb0, 0x0, 0x0, 0xa,
    0xf3, 0x0, 0x0, 0x9f, 0x50, 0xb, 0xe2, 0x0,
    0x5f, 0xff, 0xff, 0xf7, 0x0, 0x8f, 0x60, 0x3,
    0x55, 0x40, 0x4c, 0xcf, 0xfd, 0xc8, 0x78, 0xcf,
    0xff, 0xff, 0xff, 0xa0, 0x0, 0xa, 0xf3, 0x3,
    0xff, 0xff, 0xfe, 0xca, 0x87, 0x40, 0x0, 0xa,
    0xf3, 0x0, 0x65, 0x6f, 0xb0, 0x0, 0x20, 0x0,
    0x0, 0xa, 0xf3, 0x1, 0x0, 0x1f, 0xd0, 0x2,
    0xf7, 0x0, 0x0, 0xa, 0xfc, 0xe9, 0x0, 0xf,
    0xf0, 0xb, 0xf5, 0x0, 0x39, 0xdf, 0xff, 0xf7,
    0x0, 0xc, 0xf3, 0x5f, 0xd0, 0x0, 0x6f, 0xff,
    0xf6, 0x0, 0x0, 0x9, 0xf8, 0xff, 0x30, 0x0,
    0x17, 0x2a, 0xf3, 0x0, 0x0, 0x5, 0xff, 0xf8,
    0x0, 0x0, 0x0, 0xa, 0xf3, 0x0, 0x0, 0x2,
    0xff, 0xb0, 0x2, 0x0, 0x0, 0xa, 0xf3, 0x0,
    0x0, 0x1d, 0xff, 0x60, 0x7, 0xd1, 0x0, 0xa,
    0xf3, 0x0, 0x5, 0xef, 0xdf, 0xe1, 0x9, 0xf1,
    0x0, 0xa, 0xf3, 0x3, 0xbf, 0xf9, 0xc, 0xfc,
    0x5e, 0xd0, 0xa, 0xbe, 0xf2, 0x6, 0xfe, 0x50,
    0x1, 0xef, 0xff, 0x80, 0x9, 0xfe, 0x80, 0x0,
    0x40, 0x0, 0x0, 0x19, 0xdb, 0x0,

    /* U+62A2 "抢" */
    0x0, 0x0, 0x0, 0x0, 0x0, 0x0, 0x0, 0x0,
    0x0, 0x0, 0x0, 0xa, 0xe2, 0x0, 0x0, 0x0,
    0xbc, 0x20, 0x0, 0x0, 0x0, 0xb, 0xf2, 0x0,
    0x0, 0x3, 0xff, 0x20, 0x0, 0x0, 0x0, 0xb,
    0xf2, 0x0, 0x0, 0xd, 0xff, 0xc0, 0x0, 0x0,
    0x0, 0xb, 0xf2, 0x0, 0x0, 0xaf, 0xa7, 0xf9,
    0x0, 0x0, 0x5f, 0xff, 0xff, 0xf4, 0x8, 0xfe,
    0x10, 0xbf, 0x80, 0x0, 0x4d, 0xdf, 0xfe, 0xd4,
    0x7f, 0xf3, 0x0, 0x1d, 0xf9, 0x0, 0x0, 0xb,
    0xf2, 0xa, 0xff, 0x40, 0x0, 0x2, 0xef, 0xc2,
    0x0, 0xb, 0xf2, 0xd, 0xff, 0xff, 0xff, 0xff,
    0xde, 0xe2, 0x0, 0xb, 0xf2, 0x15, 0x2f, 0xfd,
    0xdd, 0xdf, 0xc1, 0x20, 0x0, 0xc, 0xfd, 0xf6,
    0xf, 0xe0, 0x0, 0xf, 0xb0, 0x0, 0x5c, 0xff,
    0xff, 0xd4, 0xf, 0xe0, 0x0, 0x1f, 0xa0, 0x0,
    0x5f, 0xff, 0xf4, 0x0, 0xf, 0xe0, 0x0, 0x3f,
    0x90, 0x0, 0x15, 0xb, 0xf2, 0x0, 0xf, 0xe0,
    0xaa, 0xdf, 0x60, 0x0, 0x0, 0xb, 0xf2, 0x0,
    0xf, 0xe0, 0x9d, 0xda, 0x0, 0x0, 0x0, 0xb,
    0xf2, 0x0, 0xf, 0xe0, 0x0, 0x0, 0xd, 0x50,
    0x0, 0xb, 0xf2, 0x0, 0xf, 0xe0, 0x0, 0x0,
    0xf, 0xb0, 0x0, 0xb, 0xf2, 0x0, 0xe, 0xf0,
    0x0, 0x0, 0x3f, 0x80, 0xb, 0xcf, 0xf1, 0x0,
    0xc, 0xfd, 0xcc, 0xcc, 0xef, 0x40, 0xa, 0xfe,
    0x80, 0x0, 0x3, 0xdf, 0xff, 0xff, 0xf9, 0x0,

    /* U+62D6 "拖" */
    0x0, 0xc, 0xd0, 0x0, 0x5, 0xb4, 0x0, 0x0,
    0x0, 0x0, 0x0, 0xe, 0xf0, 0x0, 0xb, 0xf3,
    0x0, 0x0, 0x0, 0x0, 0x0, 0xe, 0xf0, 0x0,
    0x1f, 0xe3, 0x33, 0x33, 0x33, 0x30, 0x0, 0xe,
    0xf0, 0x0, 0x9f, 0xff, 0xff, 0xff, 0xff, 0xf1,
    0x4f, 0xff, 0xff, 0xc2, 0xfe, 0x88, 0x88, 0x88,
    0x88, 0x80, 0x3c, 0xcf, 0xfc, 0xac, 0xf6, 0x0,
    0x8f, 0x10, 0x0, 0x0, 0x0, 0xe, 0xf0, 0x5f,
    0xc5, 0x30, 0x9f, 0x10, 0x22, 0x0, 0x0, 0xe,
    0xf0, 0x5, 0x2f, 0xa0, 0x9f, 0x6b, 0xff, 0x0,
    0x0, 0xe, 0xf0, 0x0, 0x1f, 0xa2, 0xcf, 0xff,
    0xff, 0x0, 0x0, 0xe, 0xfc, 0xc0, 0x2f, 0xff,
    0xff, 0x81, 0xaf, 0x0, 0x39, 0xef, 0xff, 0xba,
    0xff, 0xf9, 0xbf, 0x10, 0xaf, 0x0, 0x4f, 0xff,
    0xf1, 0xc, 0xcf, 0xa0, 0x9f, 0x10, 0xaf, 0x0,
    0x4, 0xe, 0xf0, 0x0, 0x1f, 0xa0, 0x9f, 0x10,
    0xbf, 0x0, 0x0, 0xe, 0xf0, 0x0, 0x1f, 0xa0,
    0x9f, 0x2f, 0xfd, 0x0, 0x0, 0xe, 0xf0, 0x0,
    0x1f, 0xa0, 0x9f, 0x19, 0x83, 0x0, 0x0, 0xe,
    0xf0, 0x0, 0x1f, 0xa0, 0x23, 0x0, 0x6, 0xd2,
    0x0, 0xe, 0xf0, 0x0, 0xf, 0xa0, 0x0, 0x0,
    0x9, 0xf1, 0xa, 0xdf, 0xe0, 0x0, 0xe, 0xfb,
    0xbb, 0xbb, 0xbf, 0xd0, 0x9, 0xfd, 0x50, 0x0,
    0x4, 0xce, 0xee, 0xee, 0xec, 0x30,

    /* U+6301 "持" */
    0x0, 0xa, 0xd0, 0x0, 0x0, 0x0, 0x9c, 0x10,
    0x0, 0x0, 0x0, 0xc, 0xf0, 0x0, 0x0, 0x0,
    0xbf, 0x10, 0x0, 0x0, 0x0, 0xc, 0xf0, 0x0,
    0x66, 0x66, 0xdf, 0x76, 0x66, 0x10, 0x0, 0xc,
    0xf0, 0x0, 0xef, 0xff, 0xff, 0xff, 0xff, 0x40,
    0x3f, 0xff, 0xff, 0xe0, 0x45, 0x55, 0xdf, 0x55,
    0x55, 0x10, 0x2c, 0xcf, 0xfc, 0xb0, 0x0, 0x0,
    0xbf, 0x10, 0x0, 0x0, 0x0, 0xc, 0xf0, 0x6,
    0x77, 0x77, 0xdf, 0x87, 0x77, 0x72, 0x0, 0xc,
    0xf0, 0xe, 0xff, 0xff, 0xff, 0xff, 0xff, 0xf4,
    0x0, 0xc, 0xf0, 0x4, 0x55, 0x55, 0x55, 0x7f,
    0xc5, 0x51, 0x0, 0xc, 0xfc, 0xd0, 0x0, 0x0,
    0x0, 0x2f, 0xb0, 0x0, 0x3a, 0xef, 0xff, 0xa7,
    0xcc, 0xcc, 0xcc, 0xdf, 0xfc, 0xc2, 0x4f, 0xef,
    0xf0, 0x8, 0xff, 0xff, 0xff, 0xff, 0xff, 0xf2,
    0x4, 0xc, 0xf0, 0x0, 0x5, 0x40, 0x0, 0x2f,
    0xb0, 0x0, 0x0, 0xc, 0xf0, 0x0, 0x2f, 0xe1,
    0x0, 0x2f, 0xb0, 0x0, 0x0, 0xc, 0xf0, 0x0,
    0x8, 0xfa, 0x0, 0x2f, 0xb0, 0x0, 0x0, 0xc,
    0xf0, 0x0, 0x0, 0xef, 0x20, 0x2f, 0xb0, 0x0,
    0x0, 0xc, 0xf0, 0x0, 0x0, 0x68, 0x0, 0x2f,
    0xb0, 0x0, 0x9, 0xcf, 0xe0, 0x0, 0x0, 0x0,
    0x8b, 0xcf, 0xa0, 0x0, 0x7, 0xfd, 0x50, 0x0,
    0x0, 0x0, 0x7f, 0xfd, 0x30, 0x0, 0x0, 0x0,
    0x0, 0x0, 0x0, 0x0, 0x0, 0x0, 0x0, 0x0,

    /* U+6309 "按" */
    0x0, 0xa, 0xe1, 0x0, 0x0, 0x3, 0xda, 0x0,
    0x0, 0x0, 0x0, 0xc, 0xf1, 0x0, 0x0, 0x0,
    0xff, 0x0, 0x0, 0x0, 0x0, 0xc, 0xf1, 0x2,
    0x66, 0x66, 0xef, 0x96, 0x66, 0x50, 0x0, 0xc,
    0xf1, 0x7, 0xff, 0xff, 0xff, 0xff, 0xff, 0xe0,
    0x5f, 0xff, 0xff, 0xf8, 0xf7, 0x44, 0x44, 0x44,
    0x4f, 0xe0, 0x4c, 0xcf, 0xfd, 0xc8, 0xf5, 0xb,
    0xe3, 0x0, 0xf, 0xe0, 0x0, 0xc, 0xf1, 0x4,
    0xa3, 0xf, 0xf0, 0x0, 0x9, 0x80, 0x0, 0xc,
    0xf1, 0x1, 0x11, 0x6f, 0xa1, 0x11, 0x11, 0x10,
    0x0, 0xc, 0xf1, 0xf, 0xff, 0xff, 0xff, 0xff,
    0xff, 0xf2, 0x0, 0xc, 0xf3, 0x7b, 0xac, 0xfe,
    0xaa, 0xaf, 0xfb, 0xa1, 0x0, 0x4d, 0xff, 0xf5,
    0x9, 0xf7, 0x0, 0xf, 0xf0, 0x0, 0x6f, 0xff,
    0xfb, 0x61, 0x1f, 0xf1, 0x0, 0x5f, 0xb0, 0x0,
    0x5f, 0xae, 0xf1, 0x0, 0x9f, 0xd2, 0x0, 0xbf,
    0x50, 0x0, 0x0, 0xc, 0xf1, 0x0, 0x4c, 0xff,
    0x96, 0xfd, 0x0, 0x0, 0x0, 0xc, 0xf1, 0x0,
    0x0, 0x5d, 0xff, 0xf5, 0x0, 0x0, 0x0, 0xc,
    0xf1, 0x0, 0x0, 0x5, 0xff, 0xfd, 0x30, 0x0,
    0x0, 0xc, 0xf1, 0x0, 0x5, 0xcf, 0xf8, 0xbf,
    0xf9, 0x0, 0xa, 0xbf, 0xf0, 0x9, 0xff, 0xfb,
    0x30, 0x6, 0xff, 0xc0, 0xa, 0xfe, 0x70, 0x5,
    0xd8, 0x30, 0x0, 0x0, 0x2c, 0x40, 0x0, 0x0,
    0x0, 0x0, 0x0, 0x0, 0x0, 0x0, 0x0, 0x0,

    /* U+6311 "挑" */
    0x0, 0xc, 0xb0, 0x0, 0x0, 0xb7, 0x8, 0xb0,
    0x0, 0x0, 0x0, 0xe, 0xd0, 0x0, 0x1, 0xfa,
    0xb, 0xf1, 0x0, 0x0, 0x0, 0xe, 0xd0, 0x1,
    0x11, 0xfa, 0xb, 0xf1, 0x6, 0x0, 0x0, 0xe,
    0xd0, 0x2f, 0x91, 0xfa, 0xb, 0xf1, 0x3f, 0xb0,
    0x4f, 0xff, 0xff, 0xab, 0xf4, 0xfa, 0xb, 0xf1,
    0xaf, 0x40, 0x4c, 0xcf, 0xfc, 0x83, 0xfb, 0xfa,
    0xb, 0xf4, 0xfb, 0x0, 0x0, 0xe, 0xd0, 0x0,
    0xcf, 0xfa, 0xb, 0xfc, 0xf2, 0x0, 0x0, 0xe,
    0xd0, 0x0, 0x44, 0xfa, 0xb, 0xf3, 0x50, 0x0,
    0x0, 0xe, 0xd1, 0x30, 0x1, 0xfa, 0xb, 0xf1,
    0x0, 0x0, 0x0, 0xf, 0xff, 0xb0, 0x2, 0xfa,
    0xb, 0xfe, 0x40, 0x0, 0x29, 0xef, 0xfd, 0x60,
    0x3d, 0xfa, 0xb, 0xff, 0xf5, 0x0, 0x5f, 0xff,
    0xd0, 0x8, 0xff, 0xf9, 0xb, 0xf4, 0xff, 0x50,
    0x17, 0x1e, 0xd0, 0xdf, 0xd8, 0xf7, 0xb, 0xf1,
    0x3f, 0xf2, 0x0, 0xe, 0xd0, 0x8b, 0x19, 0xf4,
    0xb, 0xf1, 0x5, 0xa0, 0x0, 0xe, 0xd0, 0x0,
    0x1f, 0xf0, 0xb, 0xf1, 0x1, 0x20, 0x0, 0xe,
    0xd0, 0x0, 0xaf, 0x90, 0xb, 0xf1, 0x4, 0xf5,
    0x0, 0xe, 0xd0, 0x9, 0xfe, 0x10, 0xb, 0xf1,
    0x5, 0xf4, 0xa, 0xcf, 0xc1, 0xdf, 0xe2, 0x0,
    0x9, 0xfc, 0xbe, 0xf1, 0xa, 0xfd, 0x40, 0x6b,
    0x10, 0x0, 0x3, 0xef, 0xff, 0x80,

    /* U+6321 "挡" */
    0x0, 0xa, 0xd1, 0x0, 0x0, 0x0, 0xad, 0x0,
    0x0, 0x0, 0x0, 0xcf, 0x10, 0x4, 0x40, 0xc,
    0xf0, 0x3, 0x51, 0x0, 0xc, 0xf1, 0x0, 0xfd,
    0x0, 0xcf, 0x0, 0x9f, 0x40, 0x0, 0xcf, 0x10,
    0x9, 0xf3, 0xc, 0xf0, 0xe, 0xe0, 0x4f, 0xff,
    0xff, 0xf4, 0x4f, 0x80, 0xcf, 0x3, 0xf8, 0x3,
    0xdd, 0xff, 0xdd, 0x40, 0xed, 0xc, 0xf0, 0xaf,
    0x10, 0x0, 0xc, 0xf1, 0x0, 0x4, 0x20, 0xcf,
    0x5, 0x60, 0x0, 0x0, 0xcf, 0x10, 0x3b, 0xbb,
    0xbf, 0xfb, 0xbb, 0xb2, 0x0, 0xc, 0xf2, 0x56,
    0xff, 0xff, 0xff, 0xff, 0xff, 0x30, 0x3, 0xef,
    0xff, 0x51, 0x11, 0x11, 0x11, 0x1b, 0xf3, 0x6f,
    0xff, 0xfd, 0x82, 0x0, 0x0, 0x0, 0x0, 0xaf,
    0x35, 0xfb, 0xef, 0x10, 0xa, 0xaa, 0xaa, 0xaa,
    0xae, 0xf3, 0x1, 0xc, 0xf1, 0x0, 0xff, 0xff,
    0xff, 0xff, 0xff, 0x30, 0x0, 0xcf, 0x10, 0x0,
    0x0, 0x0, 0x0, 0xa, 0xf3, 0x0, 0xc, 0xf1,
    0x0, 0x0, 0x0, 0x0, 0x0, 0xaf, 0x30, 0x0,
    0xcf, 0x10, 0x7a, 0xaa, 0xaa, 0xaa, 0xae, 0xf3,
    0x0, 0xc, 0xf1, 0xc, 0xff, 0xff, 0xff, 0xff,
    0xff, 0x30, 0x9a, 0xff, 0x0, 0x23, 0x33, 0x33,
    0x33, 0x3b, 0xf3, 0x9, 0xff, 0x80, 0x0, 0x0,
    0x0, 0x0, 0x0, 0xaf, 0x30, 0x1, 0x0, 0x0,
    0x0, 0x0, 0x0, 0x0, 0x0, 0x0,

    /* U+6362 "换" */
    0x0, 0xc, 0xc0, 0x0, 0x0, 0x7b, 0x30, 0x0,
    0x0, 0x0, 0x0, 0xf, 0xe0, 0x0, 0x1, 0xff,
    0x10, 0x1, 0x0, 0x0, 0x0, 0xf, 0xe0, 0x0,
    0xa, 0xff, 0xff, 0xff, 0xd2, 0x0, 0x0, 0xf,
    0xe0, 0x0, 0x6f, 0xd8, 0x88, 0xcf, 0xd0, 0x0,
    0x2e, 0xef, 0xfe, 0xa6, 0xfe, 0x20, 0x1, 0xef,
    0x20, 0x0, 0x1c, 0xcf, 0xfc, 0xae, 0xfe, 0xcc,
    0xce, 0xfe, 0xca, 0x0, 0x0, 0xf, 0xe0, 0x3,
    0xff, 0xaa, 0xff, 0xaa, 0xfd, 0x0, 0x0, 0xf,
    0xe0, 0x0, 0xfe, 0x0, 0xef, 0x1, 0xfd, 0x0,
    0x0, 0xf, 0xe0, 0x0, 0xfe, 0x0, 0xef, 0x1,
    0xfd, 0x0, 0x0, 0xf, 0xfd, 0xd0, 0xfe, 0x0,
    0xfe, 0x1, 0xfd, 0x0, 0x2a, 0xef, 0xff, 0xa0,
    0xfe, 0x0, 0xfd, 0x1, 0xfd, 0x0, 0x2f, 0xef,
    0xf0, 0x4e, 0xff, 0xee, 0xff, 0xee, 0xff, 0xe1,
    0x3, 0xf, 0xe0, 0x3c, 0xcc, 0xce, 0xff, 0xcc,
    0xcc, 0xc1, 0x0, 0xf, 0xe0, 0x0, 0x0, 0x1e,
    0xff, 0x60, 0x0, 0x0, 0x0, 0xf, 0xe0, 0x0,
    0x0, 0xaf, 0x8d, 0xf3, 0x0, 0x0, 0x0, 0xf,
    0xe0, 0x0, 0xa, 0xfb, 0x3, 0xfe, 0x30, 0x0,
    0x0, 0xf, 0xe0, 0x3, 0xcf, 0xc0, 0x0, 0x4f,
    0xf7, 0x0, 0x9, 0xdf, 0xd1, 0xaf, 0xf9, 0x0,
    0x0, 0x4, 0xef, 0xe3, 0x7, 0xfd, 0x50, 0xac,
    0x30, 0x0, 0x0, 0x0, 0x19, 0xa0, 0x0, 0x0,
    0x0, 0x0, 0x0, 0x0, 0x0, 0x0, 0x0, 0x0,

    /* U+636E "据" */
    0x0, 0xc, 0xb0, 0x0, 0x1, 0x0, 0x0, 0x0,
    0x0, 0x0, 0x0, 0xe, 0xd0, 0x0, 0xff, 0xff,
    0xff, 0xff, 0xff, 0xb0, 0x0, 0xe, 0xd0, 0x0,
    0xfe, 0x99, 0x99, 0x99, 0xaf, 0xb0, 0x0, 0xe,
    0xd0, 0x0, 0xfc, 0x0, 0x0, 0x0, 0x1f, 0xb0,
    0x3f, 0xff, 0xff, 0xf0, 0xfd, 0x33, 0x33, 0x33,
    0x4f, 0xb0, 0x3c, 0xcf, 0xfc, 0xc0, 0xff, 0xff,
    0xff, 0xff, 0xff, 0xb0, 0x0, 0xe, 0xd0, 0x0,
    0xfe, 0x66, 0x6f, 0xe6, 0x66, 0x40, 0x0, 0xe,
    0xd0, 0x0, 0xfc, 0x0, 0xf, 0xd0, 0x0, 0x0,
    0x0, 0xe, 0xd0, 0x11, 0xfe, 0x99, 0x9f, 0xf9,
    0x99, 0x91, 0x0, 0xf, 0xfd, 0xd1, 0xff, 0xff,
    0xff, 0xff, 0xff, 0xf2, 0x3b, 0xff, 0xfe, 0xa2,
    0xfb, 0x0, 0xf, 0xd0, 0x0, 0x0, 0x4f, 0xdf,
    0xd0, 0x4, 0xf9, 0x0, 0xf, 0xd0, 0x0, 0x0,
    0x2, 0xe, 0xd0, 0x7, 0xfa, 0xbb, 0xbf, 0xfb,
    0xbb, 0x90, 0x0, 0xe, 0xd0, 0xa, 0xf9, 0xfe,
    0xdd, 0xdd, 0xdf, 0xc0, 0x0, 0xe, 0xd0, 0xe,
    0xf6, 0xf5, 0x0, 0x0, 0xe, 0xc0, 0x0, 0xe,
    0xd0, 0x4f, 0xc5, 0xf5, 0x0, 0x0, 0xe, 0xc0,
    0x0, 0xe, 0xd0, 0xbf, 0x75, 0xfb, 0x99, 0x99,
    0x9f, 0xc0, 0xb, 0xef, 0xb3, 0xff, 0x15, 0xff,
    0xff, 0xff, 0xff, 0xc0, 0x7, 0xdb, 0x30, 0x77,
    0x5, 0xf5, 0x0, 0x0, 0xe, 0xc0, 0x0, 0x0,
    0x0, 0x0, 0x0, 0x0, 0x0, 0x0, 0x0, 0x0,

    /* U+638C "掌" */
    0x0, 0x17, 0x10, 0x1, 0xa8, 0x0, 0x1, 0x72,
    0x0, 0x0, 0x6f, 0xc0, 0x1, 0xfd, 0x0, 0xb,
    0xf8, 0x0, 0x11, 0x1c, 0xe4, 0x13, 0xfd, 0x11,
    0x6f, 0xa1, 0x11, 0xbf, 0xff, 0xff, 0xff, 0xff,
    0xff, 0xff, 0xff, 0xfa, 0xbf, 0x87, 0x77, 0x77,
    0x77, 0x77, 0x77, 0x79, 0xfa, 0xbf, 0x1b, 0xff,
    0xff, 0xff, 0xff, 0xff, 0xa2, 0xfa, 0xbf, 0x1b,
    0xf4, 0x44, 0x44, 0x44, 0x6f, 0xb2, 0xfa, 0x11,
    0xb, 0xf2, 0x22, 0x22, 0x22, 0x4f, 0xb0, 0x11,
    0x0, 0xb, 0xff, 0xff, 0xff, 0xff, 0xff, 0xb0,
    0x0, 0x0, 0x0, 0x0, 0x11, 0x23, 0x45, 0x79,
    0x90, 0x0, 0x0, 0xef, 0xff, 0xff, 0xff, 0xfe,
    0xdb, 0x94, 0x0, 0x0, 0x33, 0x33, 0x23, 0xfd,
    0x0, 0x0, 0x0, 0x0, 0xd, 0xff, 0xff, 0xff,
    0xff, 0xff, 0xff, 0xff, 0xd0, 0x4, 0x55, 0x55,
    0x56, 0xfe, 0x55, 0x55, 0x55, 0x50, 0x55, 0x55,
    0x55, 0x56, 0xfe, 0x55, 0x55, 0x55, 0x55, 0xff,
    0xff, 0xff, 0xff, 0xff, 0xff, 0xff, 0xff, 0xfe,
    0x0, 0x0, 0x0, 0x1, 0xfd, 0x0, 0x0, 0x0,
    0x0, 0x0, 0x0, 0x26, 0x68, 0xfc, 0x0, 0x0,
    0x0, 0x0, 0x0, 0x0, 0x1f, 0xff, 0xd5, 0x0,
    0x0, 0x0, 0x0, 0x0, 0x0, 0x0, 0x0, 0x0,
    0x0, 0x0, 0x0, 0x0,

    /* U+63A5 "接" */
    0x0, 0xd, 0xa0, 0x0, 0x0, 0x3, 0x95, 0x0,
    0x0, 0x0, 0x0, 0xf, 0xc0, 0x0, 0x0, 0x0,
    0xee, 0x0, 0x0, 0x0, 0x0, 0xf, 0xc0, 0x2,
    0xee, 0xee, 0xff, 0xfe, 0xee, 0xc0, 0x0, 0xf,
    0xc0, 0x1, 0xbb, 0xcb, 0xbb, 0xbc, 0xbb, 0x90,
    0x3f, 0xff, 0xff, 0x90, 0x7, 0xf3, 0x0, 0xe,
    0xd0, 0x0, 0x2c, 0xcf, 0xfc, 0x80, 0x2, 0xfc,
    0x0, 0x6f, 0x70, 0x0, 0x0, 0xf, 0xc0, 0x0,
    0x11, 0xaa, 0x11, 0xde, 0x11, 0x10, 0x0, 0xf,
    0xc0, 0xc, 0xff, 0xff, 0xff, 0xff, 0xff, 0xf4,
    0x0, 0xf, 0xc0, 0x7, 0x99, 0x9c, 0xda, 0x99,
    0x99, 0x92, 0x0, 0xf, 0xeb, 0x70, 0x0, 0xc,
    0xf1, 0x0, 0x0, 0x0, 0x39, 0xdf, 0xff, 0x8a,
    0xaa, 0xbf, 0xea, 0xaa, 0xaa, 0xa5, 0x4f, 0xef,
    0xd0, 0x1f, 0xff, 0xff, 0xff, 0xff, 0xff, 0xf7,
    0x3, 0xf, 0xc0, 0x0, 0x7, 0xf7, 0x0, 0xe,
    0xf0, 0x0, 0x0, 0xf, 0xc0, 0x0, 0x3f, 0xe1,
    0x0, 0x6f, 0xa0, 0x0, 0x0, 0xf, 0xc0, 0x0,
    0x9f, 0xff, 0xa5, 0xff, 0x20, 0x0, 0x0, 0xf,
    0xc0, 0x0, 0x0, 0x6c, 0xff, 0xfa, 0x0, 0x0,
    0x0, 0xf, 0xc0, 0x0, 0x1, 0x5b, 0xff, 0xff,
    0xc4, 0x0, 0xa, 0xcf, 0xb0, 0x3b, 0xdf, 0xff,
    0xa2, 0x2b, 0xff, 0x90, 0x8, 0xfc, 0x30, 0xd,
    0xd9, 0x51, 0x0, 0x0, 0x4d, 0x40, 0x0, 0x0,
    0x0, 0x0, 0x0, 0x0, 0x0, 0x0, 0x0, 0x0,

    /* U+63A8 "推" */
    0x0, 0xb, 0xd0, 0x0, 0x2, 0x94, 0x6, 0x50,
    0x0, 0x0, 0x0, 0xd, 0xf0, 0x0, 0x7, 0xf6,
    0x1f, 0xf1, 0x0, 0x0, 0x0, 0xd, 0xf0, 0x0,
    0xe, 0xf1, 0x8, 0xf7, 0x0, 0x0, 0x0, 0xd,
    0xf0, 0x0, 0x5f, 0xc5, 0x57, 0xf9, 0x55, 0x30,
    0x4f, 0xff, 0xff, 0xf2, 0xdf, 0xff, 0xff, 0xff,
    0xff, 0xa0, 0x3b, 0xbf, 0xfb, 0xb9, 0xff, 0x96,
    0x6d, 0xf6, 0x66, 0x30, 0x0, 0xd, 0xf0, 0x3f,
    0xff, 0x50, 0xb, 0xf1, 0x0, 0x0, 0x0, 0xd,
    0xf0, 0xef, 0xdf, 0xb9, 0x9e, 0xfa, 0x99, 0x30,
    0x0, 0xd, 0xf1, 0xaa, 0x7f, 0xff, 0xff, 0xff,
    0xff, 0x50, 0x0, 0x2e, 0xff, 0xf0, 0x7f, 0x61,
    0x1b, 0xf2, 0x11, 0x0, 0x4e, 0xff, 0xfc, 0x70,
    0x7f, 0x50, 0xb, 0xf1, 0x0, 0x0, 0x2f, 0xbe,
    0xf0, 0x0, 0x7f, 0xca, 0xae, 0xfa, 0xaa, 0x30,
    0x0, 0xd, 0xf0, 0x0, 0x7f, 0xff, 0xff, 0xff,
    0xff, 0x50, 0x0, 0xd, 0xf0, 0x0, 0x7f, 0x50,
    0xb, 0xf2, 0x0, 0x0, 0x0, 0xd, 0xf0, 0x0,
    0x7f, 0x50, 0xb, 0xf1, 0x0, 0x0, 0x0, 0xd,
    0xf0, 0x0, 0x7f, 0x62, 0x2c, 0xf3, 0x22, 0x20,
    0x0, 0xd, 0xf0, 0x0, 0x7f, 0xff, 0xff, 0xff,
    0xff, 0xf0, 0xa, 0xdf, 0xe0, 0x0, 0x7f, 0xb9,
    0x99, 0x99, 0x99, 0x90, 0x8, 0xfd, 0x50, 0x0,
    0x7f, 0x50, 0x0, 0x0, 0x0, 0x0, 0x0, 0x0,
    0x0, 0x0, 0x1, 0x0, 0x0, 0x0, 0x0, 0x0,

    /* U+63D0 "提" */
    0x0, 0xc, 0xb0, 0x0, 0x33, 0x33, 0x33, 0x33,
    0x33, 0x0, 0x0, 0xe, 0xd0, 0x0, 0xcf, 0xff,
    0xff, 0xff, 0xfd, 0x0, 0x0, 0xe, 0xd0, 0x0,
    0xce, 0x22, 0x22, 0x22, 0xfd, 0x0, 0x0, 0xe,
    0xd0, 0x0, 0xcf, 0x44, 0x44, 0x44, 0xfd, 0x0,
    0x3b, 0xbf, 0xfb, 0xb0, 0xcf, 0xff, 0xff, 0xff,
    0xfd, 0x0, 0x3d, 0xdf, 0xfd, 0xc0, 0xce, 0x0,
    0x0, 0x0, 0xfd, 0x0, 0x0, 0xe, 0xd0, 0x0,
    0xcf, 0xff, 0xff, 0xff, 0xfd, 0x0, 0x0, 0xe,
    0xd0, 0x0, 0x57, 0x77, 0x77, 0x77, 0x76, 0x0,
    0x0, 0xe, 0xd1, 0x46, 0x88, 0x88, 0x88, 0x88,
    0x88, 0x70, 0x0, 0x1f, 0xff, 0xec, 0xff, 0xff,
    0xff, 0xff, 0xff, 0xe0, 0x4c, 0xff, 0xfd, 0x80,
    0x0, 0x0, 0xfd, 0x0, 0x0, 0x0, 0x4f, 0xef,
    0xd0, 0x0, 0x8e, 0x20, 0xfd, 0x0, 0x0, 0x0,
    0x4, 0xe, 0xd0, 0x0, 0xbf, 0x0, 0xff, 0x99,
    0x97, 0x0, 0x0, 0xe, 0xd0, 0x0, 0xef, 0x0,
    0xff, 0xff, 0xfd, 0x0, 0x0, 0xe, 0xd0, 0x3,
    0xff, 0x40, 0xfd, 0x0, 0x0, 0x0, 0x0, 0xe,
    0xd0, 0x9, 0xfe, 0xd0, 0xfd, 0x0, 0x0, 0x0,
    0x0, 0xe, 0xd0, 0x2f, 0xd2, 0xfc, 0xfd, 0x0,
    0x0, 0x0, 0x9, 0xaf, 0xc0, 0xcf, 0x50, 0x5f,
    0xff, 0xba, 0xaa, 0xa3, 0xa, 0xfe, 0x51, 0xca,
    0x0, 0x2, 0x9d, 0xff, 0xff, 0xf1, 0x0, 0x10,
    0x0, 0x0, 0x0, 0x0, 0x0, 0x0, 0x0, 0x0,

    /* U+63D2 "插" */
    0x0, 0xd, 0xb0, 0x0, 0x0, 0x0, 0x0, 0x36,
    0xa4, 0x0, 0x0, 0xf, 0xd0, 0x0, 0x69, 0xac,
    0xef, 0xff, 0xfc, 0x0, 0x0, 0xf, 0xd0, 0x0,
    0x7f, 0xed, 0xef, 0x96, 0x30, 0x0, 0x0, 0xf,
    0xd0, 0x0, 0x0, 0x0, 0xbf, 0x10, 0x0, 0x0,
    0xe, 0xef, 0xfe, 0x90, 0x0, 0x0, 0xbf, 0x10,
    0x0, 0x0, 0xf, 0xff, 0xff, 0x9a, 0xff, 0xff,
    0xff, 0xff, 0xff, 0xf1, 0x0, 0xf, 0xd0, 0x7,
    0xaa, 0xaa, 0xef, 0xba, 0xaa, 0xa0, 0x0, 0xf,
    0xd0, 0x0, 0x0, 0x10, 0xbf, 0x10, 0x0, 0x0,
    0x0, 0xf, 0xd0, 0x0, 0x4a, 0xf8, 0xbf, 0x4a,
    0xaa, 0x20, 0x0, 0xf, 0xe9, 0xa0, 0xff, 0xb5,
    0xbf, 0x5f, 0xff, 0x40, 0x29, 0xdf, 0xff, 0xc0,
    0xfb, 0x0, 0xbf, 0x10, 0x7f, 0x40, 0x2f, 0xff,
    0xe2, 0x0, 0xfb, 0x0, 0xbf, 0x10, 0x7f, 0x40,
    0x4, 0xf, 0xd0, 0x0, 0xff, 0xfc, 0xbf, 0x5f,
    0xff, 0x40, 0x0, 0xf, 0xd0, 0x0, 0xfe, 0xa8,
    0xbf, 0x49, 0xcf, 0x40, 0x0, 0xf, 0xd0, 0x0,
    0xfb, 0x0, 0xbf, 0x10, 0x7f, 0x40, 0x0, 0xf,
    0xd0, 0x0, 0xfb, 0x0, 0xbf, 0x10, 0x7f, 0x40,
    0x0, 0xf, 0xd0, 0x0, 0xff, 0xff, 0xff, 0xff,
    0xff, 0x40, 0x6, 0xdf, 0xc0, 0x0, 0xfe, 0xbb,
    0xbb, 0xbb, 0xdf, 0x40, 0x4, 0xec, 0x40, 0x0,
    0xfb, 0x0, 0x0, 0x0, 0x7f, 0x40, 0x0, 0x0,
    0x0, 0x0, 0x0, 0x0, 0x0, 0x0, 0x1, 0x0,

    /* U+649E "撞" */
    0x0, 0xe, 0x90, 0x0, 0x0, 0x3, 0xc8, 0x0,
    0x0, 0x0, 0x0, 0xf, 0xb0, 0x4, 0x66, 0x67,
    0xff, 0x66, 0x66, 0x40, 0x0, 0xf, 0xb0, 0xb,
    0xff, 0xff, 0xff, 0xff, 0xff, 0xa0, 0x0, 0xf,
    0xb0, 0x0, 0xb, 0xd0, 0x0, 0x3e, 0x80, 0x0,
    0x2e, 0xef, 0xfe, 0x60, 0x9, 0xf4, 0x0, 0xaf,
    0x40, 0x0, 0x2f, 0xff, 0xff, 0xaf, 0xff, 0xff,
    0xff, 0xff, 0xff, 0xf3, 0x0, 0xf, 0xb0, 0x17,
    0x77, 0x77, 0x77, 0x77, 0x77, 0x71, 0x0, 0xf,
    0xb0, 0x2, 0xbb, 0xbb, 0xbb, 0xbb, 0xbb, 0x10,
    0x0, 0xf, 0xb0, 0x13, 0xfb, 0x66, 0xfc, 0x66,
    0xcf, 0x10, 0x0, 0x1f, 0xef, 0x93, 0xfa, 0x44,
    0xfc, 0x44, 0xbf, 0x10, 0x19, 0xef, 0xff, 0x73,
    0xfe, 0xcc, 0xfe, 0xcc, 0xef, 0x10, 0x1f, 0xff,
    0xc0, 0x3, 0xf9, 0x33, 0xfb, 0x33, 0xbf, 0x10,
    0x5, 0x1f, 0xb0, 0x3, 0xff, 0xff, 0xff, 0xff,
    0xff, 0x10, 0x0, 0xf, 0xb0, 0x0, 0x0, 0x2,
    0xfc, 0x0, 0x0, 0x0, 0x0, 0xf, 0xb0, 0x9,
    0xff, 0xff, 0xff, 0xff, 0xff, 0x70, 0x0, 0xf,
    0xb0, 0x3, 0x66, 0x67, 0xfe, 0x66, 0x66, 0x20,
    0x0, 0xf, 0xb0, 0x11, 0x11, 0x12, 0xfc, 0x11,
    0x11, 0x10, 0xa, 0xcf, 0xa0, 0xdf, 0xff, 0xff,
    0xff, 0xff, 0xff, 0xf3, 0x9, 0xfc, 0x30, 0xdf,
    0xff, 0xff, 0xff, 0xff, 0xff, 0xf3,

    /* U+64A4 "撤" */
    0x0, 0x1d, 0x70, 0x0, 0x6c, 0x0, 0x0, 0xac,
    0x0, 0x0, 0x0, 0x1f, 0x90, 0x0, 0x5f, 0x50,
    0x0, 0xcc, 0x0, 0x0, 0x0, 0x1f, 0x90, 0xce,
    0xef, 0xfe, 0xe1, 0xfa, 0x0, 0x0, 0x0, 0x1f,
    0x90, 0x9a, 0xfd, 0xaa, 0xa3, 0xfc, 0x88, 0x82,
    0xf, 0xff, 0xff, 0x36, 0xf4, 0x67, 0x5, 0xff,
    0xff, 0xf4, 0xc, 0xdf, 0xec, 0x4e, 0xa2, 0x9f,
    0x19, 0xf3, 0x5f, 0x80, 0x0, 0x1f, 0x90, 0xbf,
    0xff, 0xff, 0x8e, 0xf0, 0x4f, 0x50, 0x0, 0x1f,
    0x90, 0x56, 0x42, 0x5, 0x8f, 0xf2, 0x6f, 0x30,
    0x0, 0x1f, 0x90, 0x5f, 0xff, 0xff, 0xbe, 0xf4,
    0x8f, 0x0, 0x0, 0x2f, 0xef, 0x8f, 0x97, 0xaf,
    0x35, 0xe7, 0xbd, 0x0, 0x2c, 0xff, 0xfe, 0x8f,
    0x30, 0x5f, 0x30, 0xba, 0xea, 0x0, 0xf, 0xef,
    0xa0, 0x5f, 0xff, 0xff, 0x30, 0x8f, 0xf6, 0x0,
    0x2, 0x1f, 0x90, 0x5f, 0x75, 0x9f, 0x30, 0x4f,
    0xf2, 0x0, 0x0, 0x1f, 0x90, 0x5f, 0x75, 0x9f,
    0x30, 0xf, 0xd0, 0x0, 0x0, 0x1f, 0x90, 0x5f,
    0xff, 0xff, 0x30, 0x5f, 0xe0, 0x0, 0x0, 0x1f,
    0x90, 0x5f, 0x30, 0x5f, 0x30, 0xef, 0xf8, 0x0,
    0x0, 0x1f, 0x90, 0x5f, 0x30, 0x5f, 0x3a, 0xf5,
    0xcf, 0x40, 0x6, 0xbf, 0x80, 0x5f, 0x37, 0xcf,
    0xcf, 0xa0, 0x2f, 0xe1, 0x6, 0xfc, 0x20, 0x5f,
    0x37, 0xea, 0x4b, 0x0, 0x6, 0x80, 0x0, 0x0,
    0x0, 0x0, 0x0, 0x0, 0x0, 0x0, 0x0, 0x0,

    /* U+653E "放" */
    0x0, 0x0, 0x79, 0x0, 0x0, 0x0, 0x98, 0x10,
    0x0, 0x0, 0x0, 0x0, 0xaf, 0x30, 0x0, 0x0,
    0xff, 0x0, 0x0, 0x0, 0x0, 0x0, 0x4f, 0x90,
    0x0, 0x4, 0xfc, 0x0, 0x0, 0x0, 0x19, 0x99,
    0x9d, 0x99, 0x96, 0x8, 0xf8, 0x0, 0x0, 0x0,
    0x2f, 0xff, 0xff, 0xff, 0xfb, 0xe, 0xff, 0xff,
    0xff, 0xf8, 0x3, 0x3f, 0xd3, 0x33, 0x32, 0x4f,
    0xfb, 0xbb, 0xff, 0xb5, 0x0, 0xf, 0xd0, 0x0,
    0x0, 0xaf, 0xe0, 0x0, 0xfe, 0x0, 0x0, 0xf,
    0xfa, 0xab, 0xa3, 0xff, 0xf2, 0x3, 0xfb, 0x0,
    0x0, 0xf, 0xff, 0xff, 0xfd, 0xfe, 0xf6, 0x7,
    0xf7, 0x0, 0x0, 0xf, 0xd0, 0xe, 0xea, 0xe3,
    0xfa, 0xb, 0xf3, 0x0, 0x0, 0xf, 0xc0, 0xe,
    0xe0, 0x30, 0xdf, 0x2f, 0xe0, 0x0, 0x0, 0x1f,
    0xb0, 0xf, 0xd0, 0x0, 0x7f, 0xcf, 0x80, 0x0,
    0x0, 0x3f, 0xa0, 0xf, 0xd0, 0x0, 0x2f, 0xff,
    0x20, 0x0, 0x0, 0x6f, 0x70, 0xf, 0xc0, 0x0,
    0xc, 0xfa, 0x0, 0x0, 0x0, 0xaf, 0x40, 0xf,
    0xc0, 0x0, 0x4f, 0xff, 0x20, 0x0, 0x1, 0xff,
    0x0, 0x2f, 0xb0, 0x4, 0xff, 0xbf, 0xd1, 0x0,
    0x9, 0xf8, 0x0, 0x4f, 0x90, 0x8f, 0xf7, 0xc,
    0xfe, 0x30, 0x4f, 0xe1, 0x6a, 0xdf, 0x8e, 0xff,
    0x50, 0x0, 0xcf, 0xf6, 0x1b, 0x50, 0x5f, 0xfb,
    0xa, 0xc2, 0x0, 0x0, 0x8, 0xc0, 0x0, 0x0,
    0x0, 0x0, 0x0, 0x0, 0x0, 0x0, 0x0, 0x0,

    /* U+6548 "效" */
    0x0, 0x0, 0x58, 0x0, 0x0, 0x0, 0x39, 0x30,
    0x0, 0x0, 0x0, 0x0, 0xaf, 0x50, 0x0, 0x0,
    0x7f, 0x50, 0x0, 0x0, 0x0, 0x0, 0x1f, 0xb0,
    0x0, 0x0, 0xaf, 0x20, 0x0, 0x0, 0xc, 0xdd,
    0xdf, 0xdd, 0xdd, 0x40, 0xee, 0x11, 0x11, 0x10,
    0xd, 0xee, 0xee, 0xee, 0xee, 0x52, 0xff, 0xff,
    0xff, 0xf1, 0x0, 0xa, 0x50, 0x1a, 0x40, 0x6,
    0xfc, 0xaa, 0xff, 0xa0, 0x0, 0x6f, 0x70, 0x1e,
    0xe1, 0xc, 0xf1, 0x0, 0xee, 0x0, 0x0, 0xee,
    0x0, 0x4, 0xfa, 0x3f, 0xf0, 0x1, 0xfb, 0x0,
    0x9, 0xf6, 0x0, 0x46, 0xcf, 0xdf, 0xf4, 0x5,
    0xf7, 0x0, 0x3f, 0xc7, 0x60, 0xbf, 0x56, 0xfd,
    0xf9, 0x9, 0xf3, 0x0, 0x6, 0x3e, 0xf7, 0xfc,
    0x0, 0x72, 0xde, 0xe, 0xe0, 0x0, 0x0, 0x2,
    0xef, 0xf6, 0x0, 0x0, 0x7f, 0xaf, 0x80, 0x0,
    0x0, 0x0, 0x5f, 0xf3, 0x0, 0x0, 0x1f, 0xff,
    0x20, 0x0, 0x0, 0x0, 0xaf, 0xfe, 0x10, 0x0,
    0xa, 0xfb, 0x0, 0x0, 0x0, 0x6, 0xfc, 0x9f,
    0xb0, 0x0, 0x3f, 0xff, 0x20, 0x0, 0x0, 0x5f,
    0xf2, 0xd, 0xf4, 0x3, 0xef, 0xaf, 0xd1, 0x0,
    0x8, 0xff, 0x40, 0x3, 0x70, 0x6f, 0xf6, 0xa,
    0xfe, 0x30, 0x1d, 0xe3, 0x0, 0x0, 0xc, 0xff,
    0x50, 0x0, 0xbf, 0xf1, 0x1, 0x10, 0x0, 0x0,
    0x6, 0xb2, 0x0, 0x0, 0x8, 0x50,

    /* U+656C "敬" */
    0x0, 0x7, 0xe1, 0xc, 0xa0, 0x0, 0x6b, 0x30,
    0x0, 0x0, 0x0, 0x9, 0xf1, 0xe, 0xc0, 0x0,
    0xbf, 0x30, 0x0, 0x0, 0x1f, 0xff, 0xff, 0xff,
    0xff, 0xe0, 0xef, 0x0, 0x0, 0x0, 0xa, 0xad,
    0xfb, 0xaf, 0xea, 0x92, 0xfd, 0x22, 0x22, 0x20,
    0x0, 0x1a, 0xe1, 0xe, 0xc0, 0x7, 0xff, 0xff,
    0xff, 0xf4, 0x0, 0x6f, 0x80, 0x3, 0x20, 0xd,
    0xfa, 0x99, 0xff, 0x92, 0x0, 0xdf, 0xff, 0xff,
    0xff, 0x8f, 0xf0, 0x0, 0xfe, 0x0, 0x4, 0xfd,
    0x99, 0x99, 0xcf, 0xff, 0xf3, 0x3, 0xfb, 0x0,
    0xd, 0xf6, 0x0, 0x0, 0x9f, 0xff, 0xf7, 0x6,
    0xf8, 0x0, 0x4f, 0xff, 0xff, 0xf0, 0x9f, 0x94,
    0xfc, 0xa, 0xf4, 0x0, 0x3, 0xec, 0x6b, 0xf0,
    0xaf, 0x20, 0xcf, 0x2e, 0xf0, 0x0, 0x0, 0xd9,
    0x7, 0xf0, 0xbf, 0x10, 0x7f, 0xcf, 0xb0, 0x0,
    0x0, 0xd9, 0x7, 0xf0, 0xcf, 0x0, 0x1f, 0xff,
    0x50, 0x0, 0x0, 0xdc, 0x8b, 0xf0, 0xdf, 0x0,
    0xa, 0xfd, 0x0, 0x0, 0x0, 0xdf, 0xff, 0xf0,
    0xee, 0x0, 0x2e, 0xff, 0x30, 0x0, 0x0, 0xd9,
    0x0, 0x0, 0xfc, 0x2, 0xef, 0xef, 0xe2, 0x0,
    0x0, 0x0, 0x0, 0x3, 0xfa, 0x5e, 0xfc, 0xb,
    0xfe, 0x40, 0x0, 0x0, 0x9, 0xad, 0xfe, 0xff,
    0xb0, 0x0, 0xcf, 0xf4, 0x0, 0x0, 0xa, 0xff,
    0xa2, 0xe6, 0x0, 0x0, 0x8, 0xa0, 0x0, 0x0,
    0x0, 0x0, 0x0, 0x0, 0x0, 0x0, 0x0, 0x0,

    /* U+6570 "数" */
    0x0, 0x40, 0x1e, 0xa0, 0x33, 0x0, 0x79, 0x0,
    0x0, 0x0, 0x3, 0xf8, 0x1f, 0xb0, 0xde, 0x10,
    0xcf, 0x0, 0x0, 0x0, 0x0, 0xbf, 0x1f, 0xb5,
    0xf5, 0x0, 0xfc, 0x0, 0x0, 0x0, 0x3, 0x79,
    0x4f, 0xc6, 0xa3, 0x22, 0xf9, 0x0, 0x0, 0x0,
    0x1f, 0xff, 0xff, 0xff, 0xff, 0xa6, 0xff, 0xff,
    0xff, 0xf1, 0x5, 0x55, 0xff, 0xfd, 0x55, 0x3b,
    0xfc, 0xbb, 0xfe, 0xb0, 0x0, 0x1c, 0xff, 0xef,
    0xe4, 0x1f, 0xf5, 0x2, 0xf9, 0x0, 0x6, 0xef,
    0x5f, 0xb2, 0xdb, 0x7f, 0xf9, 0x4, 0xf6, 0x0,
    0x1e, 0xd3, 0x1f, 0xa0, 0x12, 0xee, 0xdd, 0x8,
    0xf3, 0x0, 0x3, 0x0, 0x89, 0x0, 0x3, 0xe7,
    0x8f, 0x2c, 0xf0, 0x0, 0x6, 0x99, 0xfe, 0x99,
    0x96, 0x20, 0x4f, 0x9f, 0xa0, 0x0, 0xb, 0xff,
    0xff, 0xff, 0xfc, 0x0, 0xe, 0xff, 0x50, 0x0,
    0x0, 0x2f, 0xb0, 0x6, 0xf6, 0x0, 0x8, 0xfe,
    0x0, 0x0, 0x0, 0xbf, 0xa1, 0x2e, 0xd0, 0x0,
    0x9, 0xfe, 0x0, 0x0, 0x0, 0x4a, 0xff, 0xef,
    0x30, 0x0, 0x5f, 0xff, 0xa0, 0x0, 0x0, 0x0,
    0x8f, 0xff, 0x60, 0x5, 0xff, 0x3d, 0xf8, 0x0,
    0x1, 0x6d, 0xfd, 0x6d, 0xc2, 0xaf, 0xf3, 0x2,
    0xef, 0xa1, 0x1e, 0xfe, 0x60, 0x0, 0x1b, 0xfd,
    0x20, 0x0, 0x3e, 0xe2, 0x4, 0x40, 0x0, 0x0,
    0x2, 0x70, 0x0, 0x0, 0x1, 0x30,

    /* U+6574 "整" */
    0x0, 0x0, 0x1, 0x0, 0x0, 0x0, 0x0, 0x0,
    0x0, 0x0, 0x0, 0x0, 0x1f, 0x90, 0x0, 0x0,
    0x9d, 0x20, 0x0, 0x0, 0xd, 0xff, 0xff, 0xff,
    0xff, 0x40, 0xef, 0x0, 0x0, 0x0, 0x6, 0x77,
    0x7f, 0xc7, 0x77, 0x16, 0xff, 0xee, 0xee, 0xe0,
    0x2, 0x44, 0x5f, 0xb4, 0x43, 0x1e, 0xff, 0xff,
    0xff, 0xf1, 0x7, 0xfe, 0xef, 0xfe, 0xfa, 0xbf,
    0xf5, 0x5, 0xf8, 0x0, 0x7, 0xf2, 0x2f, 0xa1,
    0xec, 0xdc, 0xcd, 0xc, 0xf2, 0x0, 0x7, 0xff,
    0xff, 0xff, 0xfa, 0x11, 0x3f, 0xef, 0x80, 0x0,
    0x0, 0x25, 0xff, 0xde, 0x51, 0x0, 0xb, 0xff,
    0x10, 0x0, 0x0, 0x6f, 0xcf, 0xaa, 0xf5, 0x5,
    0xdf, 0xcf, 0xe6, 0x0, 0xd, 0xf8, 0x1f, 0x90,
    0x43, 0xdf, 0xe5, 0x3, 0xdf, 0xe1, 0x3, 0x75,
    0x5b, 0x95, 0x55, 0x7b, 0x55, 0x55, 0x59, 0x40,
    0x0, 0xdf, 0xff, 0xff, 0xff, 0xff, 0xff, 0xff,
    0xfd, 0x0, 0x0, 0x33, 0x33, 0x33, 0x3f, 0xe3,
    0x33, 0x33, 0x33, 0x0, 0x0, 0x0, 0xdb, 0x0,
    0xf, 0xe3, 0x33, 0x33, 0x10, 0x0, 0x0, 0x0,
    0xfd, 0x0, 0xf, 0xff, 0xff, 0xff, 0x60, 0x0,
    0x0, 0x0, 0xfd, 0x0, 0xf, 0xe3, 0x33, 0x33,
    0x10, 0x0, 0xa, 0xaa, 0xff, 0xaa, 0xaf, 0xfa,
    0xaa, 0xaa, 0xaa, 0xa1, 0x1f, 0xff, 0xff, 0xff,
    0xff, 0xff, 0xff, 0xff, 0xff, 0xf2, 0x1f, 0xff,
    0xff, 0xff, 0xff, 0xff, 0xff, 0xff, 0xff, 0xf2,

    /* U+659C "斜" */
    0x0, 0x0, 0x1, 0x71, 0x0, 0x0, 0x0, 0x1,
    0x86, 0x0, 0x0, 0x0, 0xb, 0xf7, 0x0, 0x0,
    0x10, 0x3, 0xfb, 0x0, 0x0, 0x0, 0xaf, 0xff,
    0x70, 0x6, 0xf8, 0x3, 0xfb, 0x0, 0x0, 0x1b,
    0xfc, 0x3d, 0xfc, 0x11, 0xbf, 0xb3, 0xfb, 0x0,
    0x4, 0xef, 0xb0, 0x0, 0x9f, 0xe0, 0xa, 0xf9,
    0xfb, 0x0, 0x5f, 0xff, 0xa9, 0x99, 0x99, 0x60,
    0x0, 0x43, 0xfb, 0x0, 0x1e, 0xcf, 0xff, 0xff,
    0xf4, 0x5, 0x10, 0x3, 0xfb, 0x0, 0x0, 0x1,
    0x1f, 0xc1, 0x10, 0x4f, 0xe4, 0x3, 0xfb, 0x0,
    0x0, 0x0, 0xf, 0xc0, 0x0, 0x5, 0xff, 0x53,
    0xfb, 0x0, 0xf, 0xff, 0xff, 0xff, 0xff, 0x50,
    0x3f, 0x93, 0xfb, 0x0, 0xb, 0xbb, 0xbf, 0xeb,
    0xbb, 0x30, 0x2, 0x3, 0xfb, 0x0, 0x0, 0x0,
    0xf, 0xc0, 0x10, 0x0, 0x0, 0x16, 0xff, 0xf8,
    0x0, 0xbe, 0xf, 0xc4, 0xf5, 0x16, 0xad, 0xff,
    0xff, 0xf8, 0x0, 0xfc, 0xf, 0xc0, 0xec, 0x6f,
    0xff, 0xeb, 0xfb, 0x0, 0x5, 0xf7, 0xf, 0xc0,
    0x9f, 0x58, 0x51, 0x3, 0xfb, 0x0, 0xc, 0xf1,
    0xf, 0xc0, 0x3f, 0x70, 0x0, 0x3, 0xfb, 0x0,
    0x2e, 0xa0, 0xf, 0xc0, 0x9, 0x20, 0x0, 0x3,
    0xfb, 0x0, 0x1, 0x2b, 0xbf, 0xb0, 0x0, 0x0,
    0x0, 0x3, 0xfb, 0x0, 0x0, 0xc, 0xfd, 0x40,
    0x0, 0x0, 0x0, 0x3, 0xfb, 0x0,

    /* U+65AD "断" */
    0x23, 0x0, 0xa, 0xa0, 0x0, 0x0, 0x0, 0x6,
    0xb1, 0xa, 0xf0, 0x30, 0xcc, 0x3, 0x0, 0x4,
    0xaf, 0xff, 0x90, 0xaf, 0x2f, 0x3c, 0xc1, 0xf8,
    0x9f, 0xff, 0xe8, 0x20, 0xa, 0xf0, 0xd8, 0xcc,
    0x6f, 0x1d, 0xf7, 0x30, 0x0, 0x0, 0xaf, 0xa,
    0xbc, 0xcb, 0xa0, 0xdf, 0x0, 0x0, 0x0, 0xa,
    0xf0, 0x43, 0xcc, 0x62, 0xd, 0xf0, 0x0, 0x0,
    0x0, 0xaf, 0x4c, 0xcf, 0xfc, 0xc8, 0xdf, 0x0,
    0x0, 0x0, 0xa, 0xf4, 0xdd, 0xff, 0xdd, 0x9d,
    0xff, 0xff, 0xff, 0xf0, 0xaf, 0x0, 0x4f, 0xf5,
    0x0, 0xdf, 0xcc, 0xef, 0xcc, 0xa, 0xf0, 0xd,
    0xff, 0xf4, 0xd, 0xf0, 0xb, 0xf1, 0x0, 0xaf,
    0x8, 0xfe, 0xcb, 0xf3, 0xde, 0x0, 0xbf, 0x10,
    0xa, 0xf5, 0xf9, 0xcc, 0x1d, 0x3e, 0xd0, 0xb,
    0xf1, 0x0, 0xaf, 0x9d, 0xc, 0xc0, 0x0, 0xfc,
    0x0, 0xbf, 0x10, 0xa, 0xf1, 0x20, 0xcc, 0x0,
    0x1f, 0xb0, 0xb, 0xf1, 0x0, 0xaf, 0x0, 0x6,
    0x60, 0x4, 0xf9, 0x0, 0xbf, 0x10, 0xa, 0xff,
    0xff, 0xff, 0xfe, 0x8f, 0x60, 0xb, 0xf1, 0x0,
    0x7b, 0xbb, 0xbb, 0xbb, 0xad, 0xf2, 0x0, 0xbf,
    0x10, 0x0, 0x0, 0x0, 0x0, 0x3, 0xfd, 0x0,
    0xb, 0xf1, 0x0, 0x0, 0x0, 0x0, 0x0, 0x7,
    0x60, 0x0, 0xbf, 0x10, 0x0, 0x0, 0x0, 0x0,
    0x0, 0x0, 0x0, 0x0, 0x0, 0x0,

    /* U+65B0 "新" */
    0x0, 0x0, 0x0, 0x0, 0x0, 0x0, 0x0, 0x0,
    0x0, 0x0, 0x0, 0x0, 0x9f, 0x20, 0x0, 0x0,
    0x0, 0x1, 0x75, 0x0, 0x0, 0x0, 0x5f, 0x90,
    0x0, 0x2, 0x59, 0xdf, 0xff, 0x30, 0xc, 0xff,
    0xff, 0xff, 0xff, 0xc, 0xff, 0xd9, 0x51, 0x0,
    0x8, 0xad, 0x99, 0x9c, 0xb9, 0xc, 0xf0, 0x0,
    0x0, 0x0, 0x0, 0x7f, 0x20, 0xe, 0xe0, 0xc,
    0xf0, 0x0, 0x0, 0x0, 0x0, 0x3f, 0x70, 0x3f,
    0x80, 0xc, 0xf0, 0x0, 0x0, 0x0, 0x1, 0x1f,
    0x71, 0x9f, 0x41, 0xc, 0xf0, 0x0, 0x0, 0x0,
    0x2f, 0xff, 0xff, 0xff, 0xff, 0x6c, 0xff, 0xff,
    0xff, 0xf1, 0x17, 0x77, 0x9f, 0xc7, 0x77, 0x2c,
    0xfc, 0xcf, 0xfc, 0xc1, 0x0, 0x0, 0x2f, 0x80,
    0x0, 0xc, 0xf0, 0xc, 0xf1, 0x0, 0xf, 0xff,
    0xff, 0xff, 0xff, 0x1c, 0xf0, 0xc, 0xf1, 0x0,
    0xa, 0xaa, 0xbf, 0xda, 0xaa, 0x1d, 0xe0, 0xc,
    0xf1, 0x0, 0x0, 0x44, 0x2f, 0x83, 0x60, 0xe,
    0xd0, 0xc, 0xf1, 0x0, 0x0, 0xdc, 0x2f, 0x8a,
    0xf1, 0xf, 0xb0, 0xc, 0xf1, 0x0, 0x5, 0xf6,
    0x2f, 0x82, 0xf8, 0x3f, 0x90, 0xc, 0xf1, 0x0,
    0xd, 0xe0, 0x2f, 0x80, 0xbe, 0x7f, 0x50, 0xc,
    0xf1, 0x0, 0x1b, 0x60, 0x2f, 0x80, 0x32, 0xdf,
    0x10, 0xc, 0xf1, 0x0, 0x0, 0x7, 0xaf, 0x80,
    0x6, 0xfb, 0x0, 0xc, 0xf1, 0x0, 0x0, 0x8,
    0xfd, 0x20, 0x2, 0xb3, 0x0, 0xc, 0xf1, 0x0,

    /* U+65B9 "方" */
    0x0, 0x0, 0x0, 0x0, 0x0, 0x20, 0x0, 0x0,
    0x0, 0x0, 0x0, 0x0, 0x0, 0x0, 0x1d, 0xf1,
    0x0, 0x0, 0x0, 0x0, 0x0, 0x0, 0x0, 0x0,
    0xb, 0xf9, 0x0, 0x0, 0x0, 0x0, 0x0, 0x0,
    0x0, 0x0, 0x3, 0xfd, 0x0, 0x0, 0x0, 0x0,
    0x7, 0xbb, 0xbb, 0xbb, 0xbb, 0xfb, 0xbb, 0xbb,
    0xbb, 0xb0, 0x9, 0xff, 0xff, 0xff, 0xff, 0xff,
    0xff, 0xff, 0xff, 0xf0, 0x0, 0x11, 0x11, 0x6f,
    0xc1, 0x11, 0x11, 0x11, 0x11, 0x10, 0x0, 0x0,
    0x0, 0x6f, 0xa0, 0x0, 0x0, 0x0, 0x0, 0x0,
    0x0, 0x0, 0x0, 0x7f, 0x90, 0x0, 0x0, 0x0,
    0x0, 0x0, 0x0, 0x0, 0x0, 0x9f, 0xed, 0xdd,
    0xdd, 0xdd, 0xd1, 0x0, 0x0, 0x0, 0x0, 0xbf,
    0xff, 0xff, 0xff, 0xff, 0xf0, 0x0, 0x0, 0x0,
    0x0, 0xef, 0x20, 0x0, 0x0, 0xf, 0xf0, 0x0,
    0x0, 0x0, 0x2, 0xfe, 0x0, 0x0, 0x0, 0x1f,
    0xe0, 0x0, 0x0, 0x0, 0x7, 0xfa, 0x0, 0x0,
    0x0, 0x2f, 0xc0, 0x0, 0x0, 0x0, 0xe, 0xf4,
    0x0, 0x0, 0x0, 0x4f, 0xb0, 0x0, 0x0, 0x0,
    0x7f, 0xd0, 0x0, 0x0, 0x0, 0x6f, 0x90, 0x0,
    0x0, 0x3, 0xff, 0x50, 0x0, 0x0, 0x0, 0x9f,
    0x60, 0x0, 0x0, 0x3f, 0xfa, 0x0, 0x0, 0x0,
    0x0, 0xef, 0x30, 0x0, 0x8, 0xff, 0xb0, 0x0,
    0x3, 0xdc, 0xcd, 0xfd, 0x0, 0x0, 0x4, 0xf8,
    0x0, 0x0, 0x0, 0xff, 0xff, 0xc3, 0x0, 0x0,
    0x0, 0x10, 0x0, 0x0, 0x0, 0x0, 0x0, 0x0,
    0x0, 0x0,

    /* U+65D7 "旗" */
    0x0, 0x2b, 0x80, 0x0, 0x6, 0xd3, 0x0, 0x0,
    0x0, 0x0, 0x0, 0xd, 0xf2, 0x0, 0xb, 0xf1,
    0x0, 0x0, 0x0, 0x0, 0x0, 0x6, 0xfa, 0x0,
    0x3f, 0xff, 0xff, 0xff, 0xff, 0xd0, 0x5a, 0xab,
    0xea, 0xa7, 0xbf, 0xaa, 0xaa, 0xaa, 0xaa, 0x90,
    0x7f, 0xff, 0xff, 0xff, 0xf9, 0x79, 0x0, 0x4,
    0xa2, 0x0, 0x0, 0x9f, 0x10, 0xb, 0xd8, 0xdf,
    0x77, 0x7b, 0xf9, 0x50, 0x0, 0x9f, 0x0, 0x0,
    0x1f, 0xff, 0xff, 0xff, 0xff, 0xb0, 0x0, 0x9f,
    0xaa, 0xb6, 0x0, 0xbf, 0x0, 0x7, 0xf3, 0x0,
    0x0, 0xaf, 0xff, 0xf9, 0x0, 0xbf, 0xff, 0xff,
    0xf3, 0x0, 0x0, 0xbf, 0x1, 0xf9, 0x0, 0xbf,
    0x44, 0x49, 0xf3, 0x0, 0x0, 0xcd, 0x1, 0xf8,
    0x0, 0xbf, 0x44, 0x49, 0xf3, 0x0, 0x0, 0xdc,
    0x2, 0xf8, 0x0, 0xbf, 0xff, 0xff, 0xf3, 0x0,
    0x0, 0xfa, 0x2, 0xf8, 0x0, 0xbf, 0x0, 0x7,
    0xf3, 0x0, 0x1, 0xf8, 0x2, 0xf7, 0xbd, 0xff,
    0xdd, 0xde, 0xfe, 0xd2, 0x5, 0xf5, 0x3, 0xf6,
    0x9b, 0xbb, 0xbb, 0xbc, 0xbb, 0xb2, 0x9, 0xf2,
    0x4, 0xf5, 0x0, 0x2d, 0x70, 0x4e, 0x60, 0x0,
    0xe, 0xe0, 0x7, 0xf4, 0x1, 0xdf, 0x40, 0x1d,
    0xf5, 0x0, 0x5f, 0x86, 0xae, 0xf1, 0x1d, 0xf6,
    0x0, 0x1, 0xef, 0x30, 0x2d, 0x15, 0xff, 0x70,
    0x5f, 0x70, 0x0, 0x0, 0x2f, 0x60, 0x0, 0x0,
    0x0, 0x0, 0x1, 0x0, 0x0, 0x0, 0x1, 0x0,

    /* U+65E0 "无" */
    0x0, 0x7b, 0xbb, 0xbb, 0xbb, 0xbb, 0xbb, 0xbb,
    0xbb, 0x10, 0x0, 0xaf, 0xff, 0xff, 0xff, 0xff,
    0xff, 0xff, 0xff, 0x20, 0x0, 0x12, 0x22, 0x22,
    0x5f, 0xc2, 0x22, 0x22, 0x22, 0x0, 0x0, 0x0,
    0x0, 0x0, 0x3f, 0xa0, 0x0, 0x0, 0x0, 0x0,
    0x0, 0x0, 0x0, 0x0, 0x4f, 0x90, 0x0, 0x0,
    0x0, 0x0, 0x0, 0x0, 0x0, 0x0, 0x5f, 0x80,
    0x0, 0x0, 0x0, 0x0, 0xd, 0xdd, 0xdd, 0xdd,
    0xef, 0xed, 0xdd, 0xdd, 0xdd, 0xd1, 0xf, 0xff,
    0xff, 0xff, 0xff, 0xff, 0xff, 0xff, 0xff, 0xf1,
    0x0, 0x0, 0x0, 0x0, 0xdf, 0xcf, 0x40, 0x0,
    0x0, 0x0, 0x0, 0x0, 0x0, 0x2, 0xfd, 0xbf,
    0x40, 0x0, 0x0, 0x0, 0x0, 0x0, 0x0, 0x8,
    0xf8, 0xbf, 0x40, 0x0, 0x0, 0x0, 0x0, 0x0,
    0x0, 0xe, 0xf3, 0xbf, 0x40, 0x0, 0x0, 0x0,
    0x0, 0x0, 0x0, 0x9f, 0xb0, 0xbf, 0x40, 0x0,
    0x1, 0x0, 0x0, 0x0, 0x5, 0xff, 0x20, 0xbf,
    0x40, 0x0, 0x6, 0xc2, 0x0, 0x0, 0x5f, 0xf7,
    0x0, 0xbf, 0x40, 0x0, 0x8, 0xf3, 0x0, 0x8,
    0xff, 0x80, 0x0, 0xaf, 0x50, 0x0, 0xb, 0xf0,
    0x7, 0xef, 0xf7, 0x0, 0x0, 0x8f, 0xfd, 0xdd,
    0xef, 0xd0, 0xa, 0xfc, 0x30, 0x0, 0x0, 0x1b,
    0xff, 0xff, 0xfd, 0x30, 0x0, 0x40, 0x0, 0x0,
    0x0, 0x0, 0x0, 0x0, 0x0, 0x0,

    /* U+65F6 "时" */
    0x0, 0x0, 0x0, 0x0, 0x0, 0x0, 0x0, 0xca,
    0x0, 0x3, 0x44, 0x44, 0x43, 0x0, 0x0, 0x0,
    0x1f, 0xd0, 0x0, 0xbf, 0xff, 0xff, 0xd0, 0x0,
    0x0, 0x1, 0xfd, 0x0, 0xb, 0xf7, 0x77, 0xfd,
    0x0, 0x0, 0x0, 0x1f, 0xd0, 0x0, 0xbf, 0x10,
    0xf, 0xd5, 0xff, 0xff, 0xff, 0xff, 0xff, 0x1b,
    0xf1, 0x0, 0xfd, 0x4d, 0xdd, 0xdd, 0xef, 0xfd,
    0xd1, 0xbf, 0x10, 0xf, 0xd0, 0x0, 0x0, 0x1,
    0xfd, 0x0, 0xb, 0xfa, 0x99, 0xfd, 0x1, 0x80,
    0x0, 0x1f, 0xd0, 0x0, 0xbf, 0xff, 0xff, 0xd0,
    0x9f, 0x80, 0x1, 0xfd, 0x0, 0xb, 0xf1, 0x0,
    0xfd, 0x1, 0xef, 0x30, 0x1f, 0xd0, 0x0, 0xbf,
    0x10, 0xf, 0xd0, 0x5, 0xfd, 0x1, 0xfd, 0x0,
    0xb, 0xf1, 0x0, 0xfd, 0x0, 0xb, 0xf8, 0x1f,
    0xd0, 0x0, 0xbf, 0x10, 0xf, 0xd0, 0x0, 0x2a,
    0x21, 0xfd, 0x0, 0xb, 0xfb, 0xbb, 0xfd, 0x0,
    0x0, 0x0, 0x1f, 0xd0, 0x0, 0xbf, 0xff, 0xff,
    0xd0, 0x0, 0x0, 0x1, 0xfd, 0x0, 0xb, 0xf1,
    0x0, 0x0, 0x0, 0x0, 0x0, 0x1f, 0xd0, 0x0,
    0x69, 0x0, 0x0, 0x0, 0x0, 0x0, 0x1, 0xfd,
    0x0, 0x0, 0x0, 0x0, 0x0, 0x0, 0xb, 0xdd,
    0xdf, 0xb0, 0x0, 0x0, 0x0, 0x0, 0x0, 0x0,
    0x8f, 0xff, 0xc3, 0x0, 0x0, 0x0, 0x0, 0x0,
    0x0, 0x0, 0x0, 0x0, 0x0, 0x0,

    /* U+667A "智" */
    0x0, 0x0, 0x0, 0x0, 0x0, 0x0, 0x0, 0x0,
    0x0, 0x0, 0x1, 0xfb, 0x0, 0x0, 0x0, 0x0,
    0x0, 0x0, 0x0, 0x0, 0x7f, 0xc7, 0x77, 0x73,
    0x7, 0x77, 0x77, 0x77, 0x0, 0x1e, 0xff, 0xff,
    0xff, 0x80, 0xff, 0xff, 0xff, 0xf1, 0xc, 0xf6,
    0xe, 0xd0, 0x0, 0xf, 0xc3, 0x33, 0xdf, 0x10,
    0x7b, 0x33, 0xfd, 0x33, 0x30, 0xfb, 0x0, 0xd,
    0xf1, 0x1f, 0xff, 0xff, 0xff, 0xff, 0x1f, 0xb0,
    0x0, 0xdf, 0x10, 0x55, 0x5a, 0xfd, 0x55, 0x50,
    0xfb, 0x0, 0xd, 0xf1, 0x0, 0x1, 0xef, 0xfd,
    0x40, 0xf, 0xec, 0xcc, 0xff, 0x10, 0x3, 0xdf,
    0x54, 0xef, 0x90, 0xff, 0xff, 0xff, 0xf1, 0xb,
    0xff, 0x50, 0x1, 0xb3, 0x0, 0x0, 0x0, 0x0,
    0x0, 0x6a, 0x39, 0x99, 0x99, 0x99, 0x99, 0x99,
    0x93, 0x0, 0x0, 0x1, 0xff, 0xff, 0xff, 0xff,
    0xff, 0xff, 0x50, 0x0, 0x0, 0x1f, 0xc0, 0x0,
    0x0, 0x0, 0x9, 0xf5, 0x0, 0x0, 0x1, 0xfd,
    0x77, 0x77, 0x77, 0x77, 0xcf, 0x50, 0x0, 0x0,
    0x1f, 0xff, 0xff, 0xff, 0xff, 0xff, 0xf5, 0x0,
    0x0, 0x1, 0xfc, 0x0, 0x0, 0x0, 0x0, 0x9f,
    0x50, 0x0, 0x0, 0x1f, 0xe9, 0x99, 0x99, 0x99,
    0x9d, 0xf5, 0x0, 0x0, 0x1, 0xff, 0xff, 0xff,
    0xff, 0xff, 0xff, 0x50, 0x0, 0x0, 0x1f, 0xc0,
    0x0, 0x0, 0x0, 0x9, 0xf5, 0x0, 0x0, 0x0,
    0x0, 0x0, 0x0, 0x0, 0x0, 0x0, 0x0, 0x0,

    /* U+6682 "暂" */
    0x0, 0x7, 0x71, 0x0, 0x0, 0x0, 0x0, 0x2,
    0x50, 0x6, 0x77, 0xff, 0x77, 0x77, 0x25, 0x89,
    0xce, 0xff, 0x50, 0xff, 0xff, 0xff, 0xff, 0xf6,
    0xbf, 0xdb, 0x97, 0x40, 0x0, 0x6f, 0x82, 0x83,
    0x0, 0xb, 0xf0, 0x0, 0x0, 0x0, 0x4f, 0xd4,
    0x7f, 0x94, 0x41, 0xbf, 0x77, 0x77, 0x77, 0x9,
    0xff, 0xff, 0xff, 0xff, 0x7c, 0xff, 0xff, 0xff,
    0xf1, 0x24, 0x33, 0x7f, 0x93, 0x31, 0xdd, 0x11,
    0xbf, 0x21, 0x0, 0x13, 0x49, 0xfc, 0xab, 0x4f,
    0xa0, 0xa, 0xf1, 0x0, 0xef, 0xff, 0xff, 0xec,
    0xa8, 0xf6, 0x0, 0xaf, 0x10, 0x7, 0x64, 0x36,
    0xf7, 0x0, 0xef, 0x10, 0xa, 0xf1, 0x0, 0x0,
    0x0, 0x3a, 0x40, 0x3, 0x50, 0x0, 0x7a, 0x0,
    0x0, 0x9, 0xff, 0xff, 0xff, 0xff, 0xff, 0xff,
    0xd0, 0x0, 0x0, 0xaf, 0x97, 0x77, 0x77, 0x77,
    0x77, 0xfe, 0x0, 0x0, 0xa, 0xf4, 0x22, 0x22,
    0x22, 0x22, 0x2f, 0xe0, 0x0, 0x0, 0xaf, 0xff,
    0xff, 0xff, 0xff, 0xff, 0xfe, 0x0, 0x0, 0xa,
    0xf5, 0x33, 0x33, 0x33, 0x33, 0x3f, 0xe0, 0x0,
    0x0, 0xaf, 0x87, 0x77, 0x77, 0x77, 0x77, 0xfe,
    0x0, 0x0, 0xa, 0xff, 0xff, 0xff, 0xff, 0xff,
    0xff, 0xe0, 0x0, 0x0, 0xaf, 0x20, 0x0, 0x0,
    0x0, 0x0, 0xfe, 0x0, 0x0, 0x0, 0x0, 0x0,
    0x0, 0x0, 0x0, 0x0, 0x0, 0x0,

    /* U+66F4 "更" */
    0x9, 0xcc, 0xcc, 0xcc, 0xcc, 0xcc, 0xcc, 0xcc,
    0xcc, 0x80, 0xb, 0xee, 0xee, 0xee, 0xef, 0xff,
    0xee, 0xee, 0xee, 0xa0, 0x0, 0x0, 0x0, 0x0,
    0xe, 0xf1, 0x0, 0x0, 0x0, 0x0, 0x0, 0x9,
    0x99, 0x99, 0x9f, 0xfa, 0x99, 0x99, 0x97, 0x0,
    0x0, 0xf, 0xff, 0xff, 0xff, 0xff, 0xff, 0xff,
    0xfb, 0x0, 0x0, 0xf, 0xd0, 0x0, 0xe, 0xf1,
    0x0, 0x2, 0xfb, 0x0, 0x0, 0xf, 0xe7, 0x77,
    0x7f, 0xf8, 0x77, 0x79, 0xfb, 0x0, 0x0, 0xf,
    0xff, 0xff, 0xff, 0xff, 0xff, 0xff, 0xfb, 0x0,
    0x0, 0xf, 0xd0, 0x0, 0xe, 0xf1, 0x0, 0x2,
    0xfb, 0x0, 0x0, 0xf, 0xe8, 0x88, 0x8f, 0xf8,
    0x88, 0x89, 0xfb, 0x0, 0x0, 0xf, 0xff, 0xff,
    0xff, 0xff, 0xff, 0xff, 0xfb, 0x0, 0x0, 0x2,
    0x96, 0x0, 0x3f, 0xd0, 0x0, 0x0, 0x0, 0x0,
    0x0, 0x1, 0xff, 0x30, 0x9f, 0x80, 0x0, 0x0,
    0x0, 0x0, 0x0, 0x0, 0x5f, 0xf7, 0xff, 0x20,
    0x0, 0x0, 0x0, 0x0, 0x0, 0x0, 0x6, 0xff,
    0xf8, 0x0, 0x0, 0x0, 0x0, 0x0, 0x0, 0x1,
    0x6d, 0xff, 0xff, 0xd8, 0x52, 0x10, 0x0, 0x0,
    0x9, 0xdf, 0xff, 0xb3, 0x6c, 0xff, 0xff, 0xff,
    0xed, 0xd2, 0x7, 0xfc, 0x82, 0x0, 0x0, 0x14,
    0x8a, 0xcd, 0xef, 0xc0, 0x0, 0x10, 0x0, 0x0,
    0x0, 0x0, 0x0, 0x0, 0x0, 0x0,

    /* U+6700 "最" */
    0x0, 0x2, 0x33, 0x33, 0x33, 0x33, 0x33, 0x33,
    0x0, 0x0, 0x0, 0xc, 0xff, 0xff, 0xff, 0xff,
    0xff, 0xff, 0x30, 0x0, 0x0, 0xc, 0xf1, 0x0,
    0x0, 0x0, 0x0, 0xbf, 0x30, 0x0, 0x0, 0xc,
    0xff, 0xff, 0xff, 0xff, 0xff, 0xff, 0x30, 0x0,
    0x0, 0xc, 0xf5, 0x44, 0x44, 0x44, 0x44, 0xcf,
    0x30, 0x0, 0x0, 0xc, 0xf5, 0x44, 0x44, 0x44,
    0x44, 0xcf, 0x30, 0x0, 0x0, 0xb, 0xff, 0xff,
    0xff, 0xff, 0xff, 0xff, 0x20, 0x0, 0x16, 0x66,
    0x66, 0x66, 0x66, 0x66, 0x66, 0x66, 0x66, 0x60,
    0x4f, 0xff, 0xff, 0xff, 0xff, 0xff, 0xff, 0xff,
    0xff, 0xf1, 0x1, 0x7f, 0x61, 0x15, 0xf9, 0x11,
    0x11, 0x11, 0x11, 0x10, 0x0, 0x6f, 0xa7, 0x79,
    0xf8, 0x68, 0x88, 0x88, 0x97, 0x20, 0x0, 0x6f,
    0xfe, 0xee, 0xf8, 0xbf, 0xff, 0xff, 0xff, 0x40,
    0x0, 0x6f, 0x61, 0x15, 0xf8, 0xe, 0xd0, 0x3,
    0xfe, 0x0, 0x0, 0x6f, 0xff, 0xff, 0xf8, 0x6,
    0xf8, 0xc, 0xf6, 0x0, 0x0, 0x6f, 0x84, 0x47,
    0xf8, 0x0, 0xcf, 0xcf, 0xc0, 0x0, 0x1, 0x8f,
    0x97, 0x9c, 0xff, 0x80, 0x2f, 0xff, 0x20, 0x0,
    0x3f, 0xff, 0xff, 0xff, 0xfd, 0x54, 0xdf, 0xff,
    0xe7, 0x10, 0x2b, 0x97, 0x53, 0x14, 0xf8, 0xbf,
    0xf9, 0x2b, 0xff, 0xf1, 0x0, 0x0, 0x0, 0x4,
    0xf8, 0x4b, 0x30, 0x0, 0x4a, 0x60,

    /* U+6709 "有" */
    0x0, 0x0, 0x0, 0x5, 0x72, 0x0, 0x0, 0x0,
    0x0, 0x0, 0x0, 0x0, 0x0, 0xcf, 0x40, 0x0,
    0x0, 0x0, 0x0, 0x1, 0x22, 0x22, 0x3f, 0xf2,
    0x22, 0x22, 0x22, 0x22, 0x20, 0xbf, 0xff, 0xff,
    0xff, 0xff, 0xff, 0xff, 0xff, 0xfe, 0x7, 0xaa,
    0xab, 0xff, 0xaa, 0xaa, 0xaa, 0xaa, 0xaa, 0x90,
    0x0, 0x0, 0x8f, 0x90, 0x0, 0x0, 0x0, 0x0,
    0x0, 0x0, 0x0, 0x2f, 0xfb, 0xaa, 0xaa, 0xaa,
    0xaa, 0x50, 0x0, 0x0, 0xc, 0xff, 0xff, 0xff,
    0xff, 0xff, 0xf8, 0x0, 0x0, 0x9, 0xff, 0xc0,
    0x0, 0x0, 0x0, 0x5f, 0x80, 0x0, 0x8, 0xfe,
    0xfc, 0x0, 0x0, 0x0, 0x5, 0xf8, 0x0, 0xa,
    0xfe, 0x3f, 0xff, 0xff, 0xff, 0xff, 0xff, 0x80,
    0x0, 0xac, 0x11, 0xfe, 0x99, 0x99, 0x99, 0x9b,
    0xf8, 0x0, 0x0, 0x0, 0x1f, 0xc0, 0x0, 0x0,
    0x0, 0x5f, 0x80, 0x0, 0x0, 0x1, 0xff, 0xff,
    0xff, 0xff, 0xff, 0xf8, 0x0, 0x0, 0x0, 0x1f,
    0xfa, 0xaa, 0xaa, 0xaa, 0xcf, 0x80, 0x0, 0x0,
    0x1, 0xfc, 0x0, 0x0, 0x0, 0x5, 0xf8, 0x0,
    0x0, 0x0, 0x1f, 0xc0, 0x0, 0x0, 0x0, 0x5f,
    0x80, 0x0, 0x0, 0x1, 0xfc, 0x0, 0x0, 0x4c,
    0xce, 0xf7, 0x0, 0x0, 0x0, 0x1f, 0xc0, 0x0,
    0x0, 0xff, 0xeb, 0x10, 0x0,

    /* U+671D "朝" */
    0x0, 0x0, 0xae, 0x10, 0x0, 0x0, 0x0, 0x0,
    0x0, 0x0, 0x0, 0xc, 0xf1, 0x0, 0x0, 0xdf,
    0xff, 0xff, 0xf2, 0x4b, 0xbb, 0xff, 0xcb, 0xb9,
    0xe, 0xfc, 0xcc, 0xff, 0x25, 0xff, 0xff, 0xff,
    0xff, 0xc0, 0xee, 0x0, 0xb, 0xf2, 0x0, 0x0,
    0xcf, 0x10, 0x0, 0xe, 0xe0, 0x0, 0xbf, 0x20,
    0x7b, 0xbf, 0xfb, 0xbb, 0x70, 0xee, 0x22, 0x2c,
    0xf2, 0x9, 0xfb, 0xbb, 0xbb, 0xfa, 0xe, 0xff,
    0xff, 0xff, 0x20, 0x9f, 0x10, 0x0, 0x1f, 0xa0,
    0xef, 0x88, 0x8d, 0xf2, 0x9, 0xff, 0xff, 0xff,
    0xfa, 0xe, 0xe0, 0x0, 0xbf, 0x20, 0x9f, 0x76,
    0x66, 0x7f, 0xa0, 0xee, 0x0, 0xb, 0xf2, 0x9,
    0xf4, 0x33, 0x34, 0xfa, 0xf, 0xf9, 0x99, 0xef,
    0x20, 0x9f, 0xff, 0xff, 0xff, 0xa0, 0xff, 0xff,
    0xff, 0xf2, 0x1, 0x33, 0xdf, 0x43, 0x32, 0x2f,
    0xa2, 0x22, 0xbf, 0x20, 0x11, 0x1c, 0xf2, 0x11,
    0x15, 0xf6, 0x0, 0xb, 0xf2, 0x8f, 0xff, 0xff,
    0xff, 0xfc, 0x9f, 0x30, 0x0, 0xbf, 0x25, 0x99,
    0x9e, 0xf9, 0x99, 0x8f, 0xe0, 0x0, 0xb, 0xf2,
    0x0, 0x0, 0xcf, 0x10, 0x7, 0xf7, 0x0, 0x0,
    0xbf, 0x20, 0x0, 0xc, 0xf1, 0x2, 0xfe, 0x0,
    0xc, 0xcf, 0xf1, 0x0, 0x0, 0xcf, 0x10, 0x1c,
    0x40, 0x0, 0xbf, 0xe7, 0x0, 0x0, 0x0, 0x0,
    0x0, 0x0, 0x0, 0x0, 0x0, 0x0,

    /* U+671F "期" */
    0x0, 0x9e, 0x10, 0xc, 0xb0, 0x1, 0x42, 0x22,
    0x23, 0x10, 0xa, 0xf1, 0x0, 0xed, 0x0, 0xcf,
    0xff, 0xff, 0xfa, 0x29, 0xdf, 0x99, 0x9f, 0xf9,
    0x2c, 0xf9, 0x99, 0xaf, 0xa4, 0xff, 0xff, 0xff,
    0xff, 0xf4, 0xcf, 0x0, 0x3, 0xfa, 0x1, 0xaf,
    0x21, 0x1f, 0xd1, 0xc, 0xf0, 0x0, 0x3f, 0xa0,
    0xa, 0xf7, 0x66, 0xfd, 0x0, 0xcf, 0x99, 0x9a,
    0xfa, 0x0, 0xaf, 0xff, 0xff, 0xd0, 0xc, 0xff,
    0xff, 0xff, 0xa0, 0xa, 0xf2, 0x11, 0xfd, 0x0,
    0xcf, 0x11, 0x14, 0xfa, 0x0, 0xaf, 0x20, 0xe,
    0xd0, 0xc, 0xf0, 0x0, 0x3f, 0xa0, 0xa, 0xff,
    0xff, 0xfd, 0x0, 0xcf, 0x0, 0x3, 0xfa, 0x0,
    0xaf, 0x87, 0x7f, 0xd0, 0xd, 0xfc, 0xcc, 0xcf,
    0xa0, 0xa, 0xf1, 0x0, 0xed, 0x0, 0xdf, 0xff,
    0xff, 0xfa, 0x6d, 0xff, 0xdd, 0xdf, 0xfd, 0x2e,
    0xd0, 0x0, 0x3f, 0xa6, 0xdd, 0xdd, 0xdd, 0xdd,
    0xd3, 0xfb, 0x0, 0x3, 0xfa, 0x0, 0x19, 0x40,
    0x58, 0x0, 0x3f, 0x90, 0x0, 0x3f, 0xa0, 0x8,
    0xf8, 0xb, 0xf5, 0x7, 0xf5, 0x0, 0x3, 0xfa,
    0x4, 0xfe, 0x0, 0x1f, 0xf1, 0xdf, 0x10, 0x0,
    0x3f, 0xa2, 0xef, 0x40, 0x0, 0x6f, 0x9f, 0xc0,
    0xa, 0xcd, 0xf8, 0x1b, 0x70, 0x0, 0x0, 0x12,
    0xb5, 0x0, 0x8f, 0xeb, 0x20, 0x0, 0x0, 0x0,
    0x0, 0x0, 0x0, 0x0, 0x0, 0x0,

    /* U+672A "未" */
    0x0, 0x0, 0x0, 0x0, 0xf, 0xf0, 0x0, 0x0,
    0x0, 0x0, 0x0, 0x0, 0x0, 0x0, 0xf, 0xf0,
    0x0, 0x0, 0x0, 0x0, 0x0, 0x0, 0x0, 0x0,
    0xf, 0xf0, 0x0, 0x0, 0x0, 0x0, 0x0, 0x5d,
    0xdd, 0xdd, 0xdf, 0xfd, 0xdd, 0xdd, 0xd6, 0x0,
    0x0, 0x6f, 0xff, 0xff, 0xff, 0xff, 0xff, 0xff,
    0xf8, 0x0, 0x0, 0x0, 0x0, 0x0, 0x1f, 0xf0,
    0x0, 0x0, 0x0, 0x0, 0x0, 0x0, 0x0, 0x0,
    0xf, 0xf0, 0x0, 0x0, 0x0, 0x0, 0x0, 0x0,
    0x0, 0x0, 0xf, 0xf0, 0x0, 0x0, 0x0, 0x0,
    0xb, 0xdd, 0xdd, 0xdd, 0xdf, 0xfd, 0xdd, 0xdd,
    0xdd, 0xc0, 0xd, 0xff, 0xff, 0xff, 0xff, 0xff,
    0xff, 0xff, 0xff, 0xe0, 0x0, 0x0, 0x0, 0x6,
    0xff, 0xff, 0x50, 0x0, 0x0, 0x0, 0x0, 0x0,
    0x0, 0x3f, 0xff, 0xff, 0xf2, 0x0, 0x0, 0x0,
    0x0, 0x0, 0x3, 0xef, 0x6f, 0xf5, 0xfe, 0x20,
    0x0, 0x0, 0x0, 0x0, 0x4f, 0xf8, 0xf, 0xf0,
    0x7f, 0xe4, 0x0, 0x0, 0x0, 0x7, 0xff, 0x80,
    0xf, 0xf0, 0x8, 0xff, 0x70, 0x0, 0x3, 0xcf,
    0xf7, 0x0, 0xf, 0xf0, 0x0, 0x7f, 0xfc, 0x30,
    0x2f, 0xfe, 0x40, 0x0, 0xf, 0xf0, 0x0, 0x4,
    0xef, 0xf2, 0x5, 0xa1, 0x0, 0x0, 0xf, 0xf0,
    0x0, 0x0, 0x1a, 0x50, 0x0, 0x0, 0x0, 0x0,
    0xf, 0xf0, 0x0, 0x0, 0x0, 0x0,

    /* U+672C "本" */
    0x0, 0x0, 0x0, 0x0, 0xf, 0xf0, 0x0, 0x0,
    0x0, 0x0, 0x0, 0x0, 0x0, 0x0, 0xf, 0xf0,
    0x0, 0x0, 0x0, 0x0, 0x0, 0x0, 0x0, 0x0,
    0xf, 0xf0, 0x0, 0x0, 0x0, 0x0, 0x0, 0x0,
    0x0, 0x0, 0xf, 0xf0, 0x0, 0x0, 0x0, 0x0,
    0xa, 0xee, 0xee, 0xee, 0xef, 0xfe, 0xee, 0xee,
    0xee, 0xb0, 0xc, 0xff, 0xff, 0xff, 0xff, 0xff,
    0xff, 0xff, 0xff, 0xc0, 0x0, 0x0, 0x0, 0x6f,
    0x9f, 0xfa, 0xf5, 0x0, 0x0, 0x0, 0x0, 0x0,
    0x0, 0xdf, 0x2f, 0xf3, 0xfc, 0x0, 0x0, 0x0,
    0x0, 0x0, 0x6, 0xfa, 0xf, 0xf0, 0xbf, 0x50,
    0x0, 0x0, 0x0, 0x0, 0x1f, 0xf2, 0xf, 0xf0,
    0x3f, 0xe1, 0x0, 0x0, 0x0, 0x0, 0xbf, 0x80,
    0xf, 0xf0, 0x9, 0xfb, 0x0, 0x0, 0x0, 0x8,
    0xfd, 0x0, 0xf, 0xf0, 0x1, 0xef, 0x90, 0x0,
    0x0, 0x8f, 0xf2, 0x0, 0xf, 0xf0, 0x0, 0x3f,
    0xf9, 0x0, 0x9, 0xff, 0xbd, 0xdd, 0xdf, 0xfd,
    0xdd, 0xdb, 0xff, 0xc1, 0x1c, 0xf5, 0x7f, 0xff,
    0xff, 0xff, 0xff, 0xf7, 0x6f, 0xa0, 0x1, 0x30,
    0x0, 0x0, 0x1f, 0xf0, 0x0, 0x0, 0x3, 0x0,
    0x0, 0x0, 0x0, 0x0, 0xf, 0xf0, 0x0, 0x0,
    0x0, 0x0, 0x0, 0x0, 0x0, 0x0, 0xf, 0xf0,
    0x0, 0x0, 0x0, 0x0, 0x0, 0x0, 0x0, 0x0,
    0xf, 0xf0, 0x0, 0x0, 0x0, 0x0,

    /* U+673A "机" */
    0x0, 0x0, 0xde, 0x0, 0x0, 0x0, 0x0, 0x0,
    0x0, 0x0, 0x0, 0x0, 0xdf, 0x0, 0x1, 0xcc,
    0xcc, 0xcc, 0xa0, 0x0, 0x0, 0x0, 0xdf, 0x0,
    0x2, 0xff, 0xff, 0xff, 0xe0, 0x0, 0x0, 0x0,
    0xdf, 0x0, 0x2, 0xfb, 0x0, 0xf, 0xe0, 0x0,
    0xc, 0xcc, 0xff, 0xcc, 0x92, 0xfb, 0x0, 0xf,
    0xe0, 0x0, 0xf, 0xff, 0xff, 0xff, 0xc2, 0xfb,
    0x0, 0xf, 0xe0, 0x0, 0x0, 0x4, 0xff, 0x0,
    0x2, 0xfb, 0x0, 0xf, 0xe0, 0x0, 0x0, 0x8,
    0xff, 0x0, 0x2, 0xfb, 0x0, 0xf, 0xe0, 0x0,
    0x0, 0xd, 0xff, 0xa0, 0x2, 0xfb, 0x0, 0xf,
    0xe0, 0x0, 0x0, 0x3f, 0xff, 0xf8, 0x2, 0xfa,
    0x0, 0xf, 0xe0, 0x0, 0x0, 0xae, 0xdf, 0xaf,
    0x53, 0xf9, 0x0, 0xf, 0xe0, 0x0, 0x2, 0xf8,
    0xdf, 0x1e, 0xb5, 0xf7, 0x0, 0xf, 0xe0, 0x0,
    0xb, 0xf1, 0xdf, 0x5, 0x17, 0xf5, 0x0, 0xf,
    0xe0, 0x0, 0x5f, 0xa0, 0xdf, 0x0, 0xb, 0xf2,
    0x0, 0xf, 0xe0, 0x30, 0x1e, 0x20, 0xdf, 0x0,
    0xf, 0xd0, 0x0, 0xf, 0xe0, 0xb9, 0x2, 0x0,
    0xdf, 0x0, 0x6f, 0x80, 0x0, 0xf, 0xe0, 0xc9,
    0x0, 0x0, 0xdf, 0x0, 0xef, 0x20, 0x0, 0xf,
    0xe0, 0xd9, 0x0, 0x0, 0xdf, 0xa, 0xf8, 0x0,
    0x0, 0xe, 0xfc, 0xf7, 0x0, 0x0, 0xdf, 0x5,
    0xb0, 0x0, 0x0, 0x7, 0xff, 0xd1,

    /* U+675F "束" */
    0x0, 0x0, 0x0, 0x0, 0xb, 0xc0, 0x0, 0x0,
    0x0, 0x0, 0x0, 0x0, 0x0, 0x0, 0xe, 0xf1,
    0x0, 0x0, 0x0, 0x0, 0x5, 0xcc, 0xcc, 0xcc,
    0xcf, 0xfc, 0xcc, 0xcc, 0xcc, 0x80, 0x6, 0xff,
    0xff, 0xff, 0xff, 0xff, 0xff, 0xff, 0xff, 0xa0,
    0x0, 0x0, 0x0, 0x0, 0xe, 0xf1, 0x0, 0x0,
    0x0, 0x0, 0x0, 0x0, 0x0, 0x0, 0xe, 0xf1,
    0x0, 0x0, 0x0, 0x0, 0x0, 0x1f, 0xff, 0xff,
    0xff, 0xff, 0xff, 0xff, 0xf3, 0x0, 0x0, 0x1f,
    0xea, 0xaa, 0xaf, 0xfa, 0xaa, 0xae, 0xf3, 0x0,
    0x0, 0x1f, 0xc0, 0x0, 0xe, 0xf1, 0x0, 0xc,
    0xf3, 0x0, 0x0, 0x1f, 0xc0, 0x0, 0xe, 0xf1,
    0x0, 0xc, 0xf3, 0x0, 0x0, 0x1f, 0xfb, 0xbb,
    0xbf, 0xfc, 0xbb, 0xbe, 0xf3, 0x0, 0x0, 0x1f,
    0xff, 0xff, 0xff, 0xff, 0xff, 0xff, 0xf2, 0x0,
    0x0, 0x0, 0x0, 0x6, 0xff, 0xff, 0xa0, 0x0,
    0x0, 0x0, 0x0, 0x0, 0x0, 0x8f, 0xef, 0xfc,
    0xfb, 0x10, 0x0, 0x0, 0x0, 0x0, 0x1b, 0xfe,
    0x2e, 0xf1, 0xbf, 0xe4, 0x0, 0x0, 0x0, 0x7,
    0xff, 0xc1, 0xe, 0xf1, 0xa, 0xff, 0xa2, 0x0,
    0x8, 0xef, 0xf8, 0x0, 0xe, 0xf1, 0x0, 0x6f,
    0xff, 0xa2, 0x8, 0xfc, 0x30, 0x0, 0xe, 0xf1,
    0x0, 0x2, 0xaf, 0xb0, 0x0, 0x30, 0x0, 0x0,
    0xe, 0xf1, 0x0, 0x0, 0x3, 0x10,

    /* U+6761 "条" */
    0x0, 0x0, 0x0, 0xa, 0xa2, 0x0, 0x0, 0x0,
    0x0, 0x0, 0x0, 0x0, 0x0, 0x8f, 0xc1, 0x0,
    0x0, 0x10, 0x0, 0x0, 0x0, 0x0, 0x7, 0xff,
    0xff, 0xff, 0xff, 0xf9, 0x0, 0x0, 0x0, 0x0,
    0x9f, 0xfb, 0x99, 0x99, 0xaf, 0xf6, 0x0, 0x0,
    0x0, 0x4d, 0xfe, 0xfd, 0x20, 0x1, 0xcf, 0x90,
    0x0, 0x0, 0x4, 0xff, 0x90, 0x6f, 0xf7, 0x6e,
    0xf9, 0x0, 0x0, 0x0, 0x0, 0x53, 0x0, 0x4,
    0xff, 0xff, 0x70, 0x0, 0x0, 0x0, 0x0, 0x0,
    0x4, 0x9e, 0xff, 0xff, 0xfa, 0x62, 0x0, 0x0,
    0x16, 0x9c, 0xff, 0xfe, 0x81, 0x17, 0xdf, 0xff,
    0xeb, 0x91, 0xd, 0xff, 0xc8, 0x30, 0xd, 0xc0,
    0x3, 0x7b, 0xef, 0xa0, 0x3, 0x30, 0x0, 0x0,
    0xf, 0xf0, 0x0, 0x0, 0x1, 0x0, 0x0, 0x1f,
    0xff, 0xff, 0xff, 0xff, 0xff, 0xff, 0xf3, 0x0,
    0x0, 0x1b, 0xbb, 0xbb, 0xbf, 0xfb, 0xbb, 0xbb,
    0xb2, 0x0, 0x0, 0x0, 0x4, 0x30, 0xf, 0xf0,
    0x5, 0x20, 0x0, 0x0, 0x0, 0x0, 0x4f, 0xe0,
    0xf, 0xf0, 0x2f, 0xe3, 0x0, 0x0, 0x0, 0x5,
    0xff, 0x30, 0xf, 0xf0, 0x4, 0xfe, 0x20, 0x0,
    0x0, 0x8f, 0xf3, 0x0, 0xf, 0xf0, 0x0, 0x5f,
    0xe1, 0x0, 0x0, 0xce, 0x30, 0x9, 0x9f, 0xe0,
    0x0, 0x8, 0xf6, 0x0, 0x0, 0x11, 0x0, 0xa,
    0xfe, 0x70, 0x0, 0x0, 0x40, 0x0, 0x0, 0x0,
    0x0, 0x0, 0x0, 0x0, 0x0, 0x0, 0x0, 0x0,

    /* U+6765 "来" */
    0x0, 0x0, 0x0, 0x0, 0x1, 0x10, 0x0, 0x0,
    0x0, 0x0, 0x0, 0x0, 0x0, 0x0, 0xf, 0xf0,
    0x0, 0x0, 0x0, 0x0, 0x0, 0x0, 0x0, 0x0,
    0xf, 0xf0, 0x0, 0x0, 0x0, 0x0, 0x0, 0xbc,
    0xcc, 0xcc, 0xcf, 0xfc, 0xcc, 0xcc, 0xcc, 0x10,
    0x0, 0xff, 0xff, 0xff, 0xff, 0xff, 0xff, 0xff,
    0xff, 0x20, 0x0, 0x1, 0x75, 0x0, 0xf, 0xf0,
    0x0, 0x39, 0x40, 0x0, 0x0, 0x2, 0xfe, 0x0,
    0xf, 0xf0, 0x0, 0x8f, 0x90, 0x0, 0x0, 0x0,
    0xaf, 0x60, 0xf, 0xf0, 0x1, 0xff, 0x10, 0x0,
    0x0, 0x0, 0x3f, 0xd0, 0xf, 0xf0, 0x8, 0xf8,
    0x0, 0x0, 0x0, 0x0, 0xb, 0x60, 0xf, 0xf0,
    0x7, 0xc1, 0x0, 0x0, 0xe, 0xff, 0xff, 0xff,
    0xff, 0xff, 0xff, 0xff, 0xff, 0xf0, 0xb, 0xcc,
    0xcc, 0xcd, 0xff, 0xff, 0xdc, 0xcc, 0xcc, 0xb0,
    0x0, 0x0, 0x0, 0xc, 0xff, 0xff, 0xc0, 0x0,
    0x0, 0x0, 0x0, 0x0, 0x0, 0xbf, 0xaf, 0xf9,
    0xfb, 0x0, 0x0, 0x0, 0x0, 0x0, 0xb, 0xfc,
    0xf, 0xf0, 0xbf, 0xb0, 0x0, 0x0, 0x0, 0x2,
    0xdf, 0xc0, 0xf, 0xf0, 0xc, 0xfd, 0x20, 0x0,
    0x0, 0x7f, 0xfb, 0x0, 0xf, 0xf0, 0x0, 0xbf,
    0xf7, 0x0, 0x2e, 0xff, 0x80, 0x0, 0xf, 0xf0,
    0x0, 0x9, 0xff, 0xd2, 0x8, 0xd4, 0x0, 0x0,
    0xf, 0xf0, 0x0, 0x0, 0x4e, 0x90, 0x0, 0x0,
    0x0, 0x0, 0xf, 0xf0, 0x0, 0x0, 0x0, 0x0,

    /* U+677F "板" */
    0x0, 0x1, 0xe9, 0x0, 0x0, 0x0, 0x0, 0x0,
    0x27, 0x10, 0x0, 0x1, 0xfa, 0x0, 0x4, 0x45,
    0x79, 0xbe, 0xff, 0xd0, 0x0, 0x1, 0xfa, 0x0,
    0x1f, 0xff, 0xff, 0xfd, 0xa6, 0x20, 0x0, 0x12,
    0xfb, 0x10, 0x1f, 0xd5, 0x32, 0x0, 0x0, 0x0,
    0xb, 0xff, 0xff, 0xff, 0x1f, 0xc0, 0x0, 0x0,
    0x0, 0x0, 0x8, 0xcd, 0xfe, 0xcb, 0x1f, 0xc0,
    0x0, 0x0, 0x1, 0x0, 0x0, 0x6, 0xfd, 0x0,
    0x1f, 0xff, 0xff, 0xff, 0xff, 0xa0, 0x0, 0xa,
    0xff, 0x80, 0x1f, 0xef, 0xfa, 0xaa, 0xcf, 0x90,
    0x0, 0xf, 0xff, 0xf3, 0x1f, 0xbb, 0xf0, 0x0,
    0x7f, 0x50, 0x0, 0x5f, 0xfb, 0xec, 0x2f, 0xb6,
    0xf5, 0x0, 0xcf, 0x10, 0x0, 0xbb, 0xfa, 0x79,
    0x3f, 0x91, 0xfb, 0x2, 0xfc, 0x0, 0x3, 0xf6,
    0xfa, 0x10, 0x5f, 0x70, 0xcf, 0x2a, 0xf6, 0x0,
    0xc, 0xe1, 0xfa, 0x0, 0x7f, 0x50, 0x5f, 0xcf,
    0xe0, 0x0, 0x1f, 0x71, 0xfa, 0x0, 0xbf, 0x20,
    0xd, 0xff, 0x60, 0x0, 0x7, 0x11, 0xfa, 0x0,
    0xfe, 0x0, 0xb, 0xff, 0x10, 0x0, 0x0, 0x1,
    0xfa, 0x5, 0xfa, 0x0, 0x9f, 0xff, 0xd1, 0x0,
    0x0, 0x1, 0xfa, 0xc, 0xf4, 0x2c, 0xfe, 0x3c,
    0xfe, 0x40, 0x0, 0x1, 0xfa, 0x6f, 0xc5, 0xff,
    0xd2, 0x1, 0xcf, 0xf8, 0x0, 0x1, 0xfa, 0x2c,
    0x30, 0xc7, 0x0, 0x0, 0x7, 0xd1, 0x0, 0x0,
    0x0, 0x0, 0x0, 0x0, 0x0, 0x0, 0x0, 0x0,

    /* U+67E5 "查" */
    0x0, 0x0, 0x0, 0x0, 0x0, 0x0, 0x0, 0x0,
    0x0, 0x0, 0x0, 0x0, 0x0, 0x0, 0xc, 0xf1,
    0x0, 0x0, 0x0, 0x0, 0x0, 0x0, 0x0, 0x0,
    0xc, 0xf1, 0x0, 0x0, 0x0, 0x0, 0x9, 0xaa,
    0xaa, 0xaa, 0xae, 0xfa, 0xaa, 0xaa, 0xaa, 0x90,
    0xe, 0xff, 0xff, 0xff, 0xff, 0xff, 0xff, 0xff,
    0xff, 0xe0, 0x0, 0x0, 0x0, 0x5f, 0xfe, 0xfc,
    0xf7, 0x0, 0x0, 0x0, 0x0, 0x0, 0x7, 0xff,
    0x4c, 0xf2, 0xcf, 0x90, 0x0, 0x0, 0x0, 0x2,
    0xcf, 0xf4, 0xc, 0xf1, 0xb, 0xfe, 0x50, 0x0,
    0x3, 0xaf, 0xfd, 0x20, 0xb, 0xf1, 0x0, 0x8f,
    0xfd, 0x60, 0x1e, 0xff, 0xa4, 0x44, 0x44, 0x44,
    0x44, 0x46, 0xcf, 0xe0, 0x2, 0x81, 0x8f, 0xff,
    0xff, 0xff, 0xff, 0xfd, 0x3, 0x40, 0x0, 0x0,
    0x8f, 0x60, 0x0, 0x0, 0x1, 0xfd, 0x0, 0x0,
    0x0, 0x0, 0x8f, 0xed, 0xdd, 0xdd, 0xdd, 0xfd,
    0x0, 0x0, 0x0, 0x0, 0x8f, 0xa6, 0x66, 0x66,
    0x67, 0xfd, 0x0, 0x0, 0x0, 0x0, 0x8f, 0x60,
    0x0, 0x0, 0x1, 0xfd, 0x0, 0x0, 0x0, 0x0,
    0x8f, 0xff, 0xff, 0xff, 0xff, 0xfd, 0x0, 0x0,
    0x0, 0x0, 0x24, 0x44, 0x44, 0x44, 0x44, 0x44,
    0x0, 0x0, 0x4, 0xaa, 0xaa, 0xaa, 0xaa, 0xaa,
    0xaa, 0xaa, 0xaa, 0x90, 0x6, 0xff, 0xff, 0xff,
    0xff, 0xff, 0xff, 0xff, 0xff, 0xe0, 0x0, 0x0,
    0x0, 0x0, 0x0, 0x0, 0x0, 0x0, 0x0, 0x0,

    /* U+6807 "标" */
    0x0, 0x1, 0xea, 0x0, 0x0, 0x0, 0x0, 0x0,
    0x0, 0x0, 0x0, 0x1, 0xfc, 0x0, 0x5, 0x77,
    0x77, 0x77, 0x77, 0x0, 0x0, 0x1, 0xfc, 0x0,
    0xb, 0xff, 0xff, 0xff, 0xff, 0x10, 0x0, 0x1,
    0xfc, 0x0, 0x3, 0x44, 0x44, 0x44, 0x44, 0x0,
    0xc, 0xcc, 0xff, 0xcc, 0x30, 0x0, 0x0, 0x0,
    0x0, 0x0, 0xf, 0xff, 0xff, 0xff, 0x40, 0x0,
    0x0, 0x0, 0x0, 0x0, 0x0, 0x9, 0xfe, 0x0,
    0x6c, 0xcc, 0xcc, 0xcc, 0xcc, 0xc2, 0x0, 0xe,
    0xff, 0xa0, 0x9f, 0xff, 0xff, 0xff, 0xff, 0xf3,
    0x0, 0x4f, 0xff, 0xf6, 0x0, 0x0, 0x7f, 0x70,
    0x0, 0x0, 0x0, 0xaf, 0xfc, 0xaf, 0x20, 0x0,
    0x7f, 0x70, 0x0, 0x0, 0x1, 0xfa, 0xfc, 0x1d,
    0x5, 0x91, 0x7f, 0x73, 0xa3, 0x0, 0x9, 0xf4,
    0xfc, 0x1, 0xb, 0xf0, 0x7f, 0x72, 0xfa, 0x0,
    0x3f, 0xc1, 0xfc, 0x0, 0xf, 0xb0, 0x7f, 0x70,
    0xcf, 0x10, 0x1f, 0x41, 0xfc, 0x0, 0x5f, 0x60,
    0x7f, 0x70, 0x7f, 0x60, 0x4, 0x1, 0xfc, 0x0,
    0xcf, 0x10, 0x7f, 0x70, 0x2f, 0xb0, 0x0, 0x1,
    0xfc, 0x4, 0xf9, 0x0, 0x7f, 0x70, 0xd, 0xf0,
    0x0, 0x1, 0xfc, 0x5, 0xe1, 0x0, 0x7f, 0x70,
    0x9, 0xe2, 0x0, 0x1, 0xfc, 0x0, 0x0, 0xae,
    0xff, 0x60, 0x1, 0x0, 0x0, 0x1, 0xfc, 0x0,
    0x0, 0x7f, 0xfb, 0x10, 0x0, 0x0, 0x0, 0x0,
    0x11, 0x0, 0x0, 0x0, 0x0, 0x0, 0x0, 0x0,

    /* U+6821 "校" */
    0x0, 0x0, 0x0, 0x0, 0x0, 0x0, 0x0, 0x0,
    0x0, 0x0, 0x0, 0x1, 0xe8, 0x0, 0x0, 0x3,
    0xd8, 0x0, 0x0, 0x0, 0x0, 0x2, 0xfa, 0x0,
    0x0, 0x0, 0xef, 0x30, 0x0, 0x0, 0x0, 0x2,
    0xfa, 0x0, 0x0, 0x0, 0x5e, 0x50, 0x0, 0x0,
    0x0, 0x2, 0xfa, 0x0, 0xef, 0xff, 0xff, 0xff,
    0xff, 0xf1, 0x8, 0xcd, 0xfe, 0xc9, 0xab, 0xbb,
    0xbb, 0xbc, 0xbb, 0xb1, 0xa, 0xff, 0xff, 0xfc,
    0x0, 0x88, 0x10, 0x3e, 0x40, 0x0, 0x0, 0x9,
    0xfa, 0x0, 0x3, 0xfd, 0x0, 0x3f, 0xf3, 0x0,
    0x0, 0xd, 0xff, 0x10, 0x1d, 0xf2, 0x0, 0x4,
    0xfe, 0x10, 0x0, 0x1f, 0xff, 0xa0, 0xcf, 0x70,
    0x0, 0x2, 0x6f, 0xc0, 0x0, 0x6f, 0xfe, 0xf6,
    0xfc, 0xf7, 0x0, 0x2f, 0xcb, 0x90, 0x0, 0xcc,
    0xfa, 0xdc, 0x20, 0xee, 0x0, 0x8f, 0x70, 0x0,
    0x3, 0xf7, 0xfa, 0x67, 0x0, 0x8f, 0x70, 0xef,
    0x10, 0x0, 0xb, 0xf2, 0xfa, 0x0, 0x0, 0x1e,
    0xfa, 0xf8, 0x0, 0x0, 0x1f, 0x92, 0xfa, 0x0,
    0x0, 0x6, 0xff, 0xe1, 0x0, 0x0, 0xb, 0x22,
    0xfa, 0x0, 0x0, 0x3, 0xff, 0xd1, 0x0, 0x0,
    0x1, 0x2, 0xfa, 0x0, 0x0, 0x4f, 0xfe, 0xfe,
    0x40, 0x0, 0x0, 0x2, 0xfa, 0x0, 0x19, 0xff,
    0x61, 0xcf, 0xfa, 0x30, 0x0, 0x2, 0xfa, 0x5,
    0xff, 0xd3, 0x0, 0x8, 0xff, 0xf2, 0x0, 0x2,
    0xfa, 0x1, 0xd7, 0x0, 0x0, 0x0, 0x29, 0x60,
    0x0, 0x0, 0x0, 0x0, 0x0, 0x0, 0x0, 0x0,
    0x0, 0x0,

    /* U+6839 "根" */
    0x0, 0x1, 0xe9, 0x0, 0x0, 0x10, 0x0, 0x0,
    0x0, 0x0, 0x0, 0x1, 0xfa, 0x0, 0x2f, 0xff,
    0xff, 0xff, 0xfd, 0x0, 0x0, 0x1, 0xfa, 0x0,
    0x2f, 0xea, 0xaa, 0xaa, 0xfd, 0x0, 0x2, 0x24,
    0xfb, 0x22, 0x2f, 0xb0, 0x0, 0x0, 0xfd, 0x0,
    0xf, 0xff, 0xff, 0xfd, 0x2f, 0xd8, 0x88, 0x88,
    0xfd, 0x0, 0x8, 0x8a, 0xfd, 0x87, 0x2f, 0xff,
    0xff, 0xff, 0xfd, 0x0, 0x0, 0x7, 0xfc, 0x0,
    0x2f, 0xb0, 0x0, 0x0, 0xfd, 0x0, 0x0, 0xc,
    0xff, 0x50, 0x2f, 0xb0, 0x0, 0x0, 0xfd, 0x0,
    0x0, 0x1f, 0xff, 0xe1, 0x2f, 0xeb, 0xbb, 0xbb,
    0xfd, 0x0, 0x0, 0x7f, 0xfb, 0xfa, 0x2f, 0xff,
    0xff, 0xff, 0xfc, 0x0, 0x0, 0xdb, 0xfa, 0x9b,
    0x2f, 0xb0, 0x8f, 0x20, 0x3, 0x0, 0x5, 0xf6,
    0xfa, 0x10, 0x2f, 0xb0, 0x3f, 0x80, 0x6f, 0xa0,
    0xe, 0xe1, 0xfa, 0x0, 0x2f, 0xb0, 0xd, 0xea,
    0xfe, 0x30, 0x1f, 0x71, 0xfa, 0x0, 0x2f, 0xb0,
    0x7, 0xff, 0xa1, 0x0, 0x7, 0x1, 0xfa, 0x0,
    0x2f, 0xb0, 0x0, 0xef, 0x30, 0x0, 0x0, 0x1,
    0xfa, 0x0, 0x2f, 0xb0, 0x2, 0x6f, 0xe2, 0x0,
    0x0, 0x1, 0xfa, 0x0, 0x3f, 0xdb, 0xff, 0xa,
    0xff, 0x50, 0x0, 0x1, 0xfa, 0x0, 0xcf, 0xff,
    0xd8, 0x0, 0xaf, 0xf4, 0x0, 0x1, 0xfa, 0x0,
    0x7b, 0x61, 0x0, 0x0, 0x6, 0x70, 0x0, 0x0,
    0x0, 0x0, 0x0, 0x0, 0x0, 0x0, 0x0, 0x0,

    /* U+683C "格" */
    0x0, 0x1, 0xea, 0x0, 0x0, 0x7, 0xb3, 0x0,
    0x0, 0x0, 0x0, 0x1, 0xfb, 0x0, 0x0, 0xe,
    0xf1, 0x0, 0x0, 0x0, 0x0, 0x1, 0xfb, 0x0,
    0x0, 0x8f, 0xfc, 0xcc, 0xd9, 0x0, 0x0, 0x1,
    0xfb, 0x0, 0x3, 0xff, 0xdd, 0xde, 0xfc, 0x0,
    0xa, 0xbb, 0xfe, 0xbb, 0x3e, 0xfd, 0x0, 0xa,
    0xf5, 0x0, 0xe, 0xff, 0xff, 0xff, 0xff, 0xdf,
    0x70, 0x4f, 0xc0, 0x0, 0x0, 0x6, 0xfc, 0x4,
    0xfb, 0xd, 0xf7, 0xef, 0x30, 0x0, 0x0, 0xa,
    0xff, 0x50, 0x20, 0x2, 0xff, 0xf6, 0x0, 0x0,
    0x0, 0xf, 0xff, 0xf3, 0x0, 0x4, 0xef, 0xf8,
    0x0, 0x0, 0x0, 0x5f, 0xfc, 0xee, 0x1, 0x9f,
    0xf8, 0xef, 0xd4, 0x0, 0x0, 0xbd, 0xfb, 0x4d,
    0x8e, 0xfd, 0x30, 0x1b, 0xff, 0xd4, 0x3, 0xf7,
    0xfb, 0xb, 0xff, 0xfa, 0xaa, 0xaa, 0xef, 0xe1,
    0xc, 0xe1, 0xfb, 0x2, 0x7b, 0xff, 0xff, 0xff,
    0xfe, 0x10, 0x3f, 0x71, 0xfb, 0x0, 0xb, 0xf1,
    0x0, 0x0, 0xfe, 0x0, 0x9, 0x1, 0xfb, 0x0,
    0xb, 0xf1, 0x0, 0x0, 0xfe, 0x0, 0x0, 0x1,
    0xfb, 0x0, 0xb, 0xf1, 0x0, 0x0, 0xfe, 0x0,
    0x0, 0x1, 0xfb, 0x0, 0xb, 0xfb, 0xbb, 0xbb,
    0xfe, 0x0, 0x0, 0x1, 0xfb, 0x0, 0xb, 0xff,
    0xff, 0xff, 0xfe, 0x0, 0x0, 0x1, 0xfb, 0x0,
    0xb, 0xf1, 0x0, 0x0, 0xfe, 0x0, 0x0, 0x0,
    0x0, 0x0, 0x0, 0x10, 0x0, 0x0, 0x0, 0x0,

    /* U+6863 "档" */
    0x0, 0x1, 0xe9, 0x0, 0x0, 0x0, 0xad, 0x10,
    0x0, 0x0, 0x0, 0x2, 0xfa, 0x0, 0x46, 0x0,
    0xbf, 0x10, 0x8, 0x40, 0x0, 0x2, 0xfa, 0x0,
    0xcf, 0x0, 0xbf, 0x10, 0x3f, 0xd0, 0x0, 0x2,
    0xfa, 0x0, 0x5f, 0x60, 0xbf, 0x10, 0x9f, 0x60,
    0x9, 0xbb, 0xfe, 0xbb, 0x1e, 0xc0, 0xbf, 0x10,
    0xfe, 0x0, 0xe, 0xff, 0xff, 0xff, 0x19, 0xf1,
    0xbf, 0x17, 0xf7, 0x0, 0x0, 0x9, 0xfc, 0x0,
    0x2, 0x20, 0xbf, 0x13, 0x70, 0x0, 0x0, 0xc,
    0xff, 0x52, 0xbb, 0xbb, 0xef, 0xbb, 0xbb, 0x90,
    0x0, 0x1f, 0xff, 0xf4, 0xff, 0xff, 0xff, 0xff,
    0xff, 0xd0, 0x0, 0x7f, 0xfc, 0xfc, 0x11, 0x11,
    0x11, 0x11, 0x1f, 0xd0, 0x0, 0xdb, 0xfa, 0x9e,
    0x10, 0x0, 0x0, 0x0, 0xf, 0xd0, 0x5, 0xf6,
    0xfa, 0x13, 0x7a, 0xaa, 0xaa, 0xaa, 0xaf, 0xd0,
    0xd, 0xd2, 0xfa, 0x0, 0xbf, 0xff, 0xff, 0xff,
    0xff, 0xd0, 0x1f, 0x62, 0xfa, 0x0, 0x0, 0x0,
    0x0, 0x0, 0xf, 0xd0, 0x6, 0x2, 0xfa, 0x0,
    0x0, 0x0, 0x0, 0x0, 0xf, 0xd0, 0x0, 0x2,
    0xfa, 0x6, 0xaa, 0xaa, 0xaa, 0xaa, 0xaf, 0xd0,
    0x0, 0x2, 0xfa, 0x9, 0xff, 0xff, 0xff, 0xff,
    0xff, 0xd0, 0x0, 0x2, 0xfa, 0x1, 0x33, 0x33,
    0x33, 0x33, 0x3f, 0xd0, 0x0, 0x2, 0xfa, 0x0,
    0x0, 0x0, 0x0, 0x0, 0xf, 0xd0,

    /* U+68CB "棋" */
    0x0, 0x9, 0xc1, 0x0, 0x8, 0xc1, 0x0, 0xa,
    0xc0, 0x0, 0x0, 0xb, 0xf1, 0x0, 0xa, 0xf2,
    0x0, 0xd, 0xf0, 0x0, 0x0, 0xb, 0xf1, 0x0,
    0xa, 0xf2, 0x0, 0xd, 0xf0, 0x0, 0x0, 0xb,
    0xf1, 0x8, 0xff, 0xff, 0xff, 0xff, 0xff, 0xd0,
    0x5f, 0xff, 0xff, 0xf9, 0xae, 0xfb, 0xaa, 0xaf,
    0xfa, 0x80, 0x3b, 0xbf, 0xfb, 0xb3, 0xa, 0xf2,
    0x0, 0xd, 0xf0, 0x0, 0x0, 0xf, 0xf3, 0x0,
    0xa, 0xff, 0xff, 0xff, 0xf0, 0x0, 0x0, 0x5f,
    0xfc, 0x0, 0xa, 0xf9, 0x88, 0x8e, 0xf0, 0x0,
    0x0, 0xaf, 0xff, 0x70, 0xa, 0xf2, 0x0, 0xd,
    0xf0, 0x0, 0x0, 0xff, 0xfa, 0xf1, 0xa, 0xff,
    0xff, 0xff, 0xf0, 0x0, 0x6, 0xfd, 0xf2, 0xd0,
    0xa, 0xf9, 0x88, 0x8e, 0xf0, 0x0, 0xd, 0xcb,
    0xf1, 0x10, 0xa, 0xf2, 0x0, 0xd, 0xf0, 0x0,
    0x7f, 0x6b, 0xf1, 0xc, 0xdf, 0xfd, 0xdd, 0xdf,
    0xfd, 0xd0, 0x7e, 0xb, 0xf1, 0xc, 0xee, 0xee,
    0xee, 0xee, 0xee, 0xe0, 0x5, 0xb, 0xf1, 0x0,
    0x0, 0xa6, 0x0, 0x3b, 0x10, 0x0, 0x0, 0xb,
    0xf1, 0x0, 0x8, 0xfb, 0x0, 0x8f, 0xd1, 0x0,
    0x0, 0xb, 0xf1, 0x0, 0x8f, 0xd1, 0x0, 0x8,
    0xfd, 0x10, 0x0, 0xb, 0xf1, 0xa, 0xfd, 0x10,
    0x0, 0x0, 0x9f, 0xd0, 0x0, 0xb, 0xf1, 0x6,
    0xb1, 0x0, 0x0, 0x0, 0xb, 0x50, 0x0, 0x0,
    0x0, 0x0, 0x0, 0x0, 0x0, 0x0, 0x0, 0x0,

    /* U+6B21 "次" */
    0x0, 0x0, 0x0, 0x0, 0x0, 0x0, 0x0, 0x0,
    0x0, 0x0, 0x0, 0x0, 0x0, 0x0, 0x3f, 0xb0,
    0x0, 0x0, 0x0, 0x0, 0x2, 0x80, 0x0, 0x0,
    0x7f, 0xa0, 0x0, 0x0, 0x0, 0x0, 0xb, 0xfe,
    0x50, 0x0, 0xbf, 0x60, 0x0, 0x0, 0x0, 0x0,
    0x0, 0x9f, 0xf9, 0x1, 0xff, 0xdd, 0xdd, 0xdd,
    0xde, 0x70, 0x0, 0x4, 0xea, 0x6, 0xff, 0xff,
    0xff, 0xff, 0xff, 0xd0, 0x0, 0x0, 0x20, 0xd,
    0xf6, 0x12, 0x31, 0x11, 0x8f, 0x80, 0x0, 0x0,
    0x0, 0x5f, 0xe0, 0xc, 0xf3, 0x0, 0xdf, 0x30,
    0x0, 0x0, 0x0, 0xef, 0x70, 0xc, 0xf3, 0x3,
    0xfd, 0x0, 0x0, 0x0, 0x1, 0xbe, 0x0, 0xd,
    0xf4, 0x8, 0xf6, 0x0, 0x0, 0x0, 0x65, 0x1,
    0x0, 0xf, 0xf8, 0x0, 0x40, 0x0, 0x0, 0x1,
    0xff, 0x10, 0x0, 0x3f, 0xfd, 0x0, 0x0, 0x0,
    0x0, 0xa, 0xf9, 0x0, 0x0, 0x8f, 0xff, 0x30,
    0x0, 0x0, 0x0, 0x5f, 0xe1, 0x0, 0x1, 0xff,
    0x8f, 0xc0, 0x0, 0x0, 0x1, 0xef, 0x60, 0x0,
    0xa, 0xfc, 0xc, 0xf6, 0x0, 0x0, 0xb, 0xfc,
    0x0, 0x0, 0x8f, 0xf3, 0x3, 0xff, 0x40, 0x0,
    0x1c, 0xf2, 0x0, 0x9, 0xff, 0x60, 0x0, 0x7f,
    0xf6, 0x0, 0x0, 0x40, 0x4, 0xdf, 0xf6, 0x0,
    0x0, 0x8, 0xff, 0xd3, 0x0, 0x0, 0xb, 0xfd,
    0x40, 0x0, 0x0, 0x0, 0x5e, 0xd0, 0x0, 0x0,
    0x0, 0x60, 0x0, 0x0, 0x0, 0x0, 0x0, 0x10,

    /* U+6B62 "止" */
    0x0, 0x0, 0x0, 0x0, 0xa, 0xa0, 0x0, 0x0,
    0x0, 0x0, 0x0, 0x0, 0x0, 0x0, 0xff, 0x0,
    0x0, 0x0, 0x0, 0x0, 0x0, 0x0, 0x0, 0xf,
    0xf0, 0x0, 0x0, 0x0, 0x0, 0x0, 0x0, 0x0,
    0x0, 0xff, 0x0, 0x0, 0x0, 0x0, 0x0, 0x16,
    0x40, 0x0, 0xf, 0xf0, 0x0, 0x0, 0x0, 0x0,
    0x3, 0xfc, 0x0, 0x0, 0xff, 0x0, 0x0, 0x0,
    0x0, 0x0, 0x3f, 0xc0, 0x0, 0xf, 0xf2, 0x22,
    0x22, 0x20, 0x0, 0x3, 0xfc, 0x0, 0x0, 0xff,
    0xff, 0xff, 0xff, 0x40, 0x0, 0x3f, 0xc0, 0x0,
    0xf, 0xfc, 0xcc, 0xcc, 0xc3, 0x0, 0x3, 0xfc,
    0x0, 0x0, 0xff, 0x0, 0x0, 0x0, 0x0, 0x0,
    0x3f, 0xc0, 0x0, 0xf, 0xf0, 0x0, 0x0, 0x0,
    0x0, 0x3, 0xfc, 0x0, 0x0, 0xff, 0x0, 0x0,
    0x0, 0x0, 0x0, 0x3f, 0xc0, 0x0, 0xf, 0xf0,
    0x0, 0x0, 0x0, 0x0, 0x3, 0xfc, 0x0, 0x0,
    0xff, 0x0, 0x0, 0x0, 0x0, 0x0, 0x3f, 0xc0,
    0x0, 0xf, 0xf0, 0x0, 0x0, 0x0, 0x0, 0x3,
    0xfc, 0x0, 0x0, 0xff, 0x0, 0x0, 0x0, 0x0,
    0xef, 0xff, 0xff, 0xff, 0xff, 0xff, 0xff, 0xff,
    0xff, 0x4b, 0xdd, 0xdd, 0xdd, 0xdd, 0xdd, 0xdd,
    0xdd, 0xdd, 0xd3,

    /* U+6B65 "步" */
    0x0, 0x0, 0x0, 0x0, 0x9, 0xe4, 0x0, 0x0,
    0x0, 0x0, 0x0, 0x7, 0x60, 0x0, 0xbf, 0x40,
    0x0, 0x0, 0x0, 0x0, 0x0, 0xfe, 0x0, 0xb,
    0xff, 0xff, 0xff, 0xf2, 0x0, 0x0, 0xf, 0xe0,
    0x0, 0xbf, 0xdc, 0xcc, 0xcc, 0x20, 0x0, 0x0,
    0xfe, 0x0, 0xb, 0xf4, 0x0, 0x0, 0x0, 0x0,
    0x0, 0xf, 0xe0, 0x0, 0xbf, 0x40, 0x0, 0x0,
    0x0, 0xc, 0xee, 0xff, 0xee, 0xef, 0xff, 0xee,
    0xee, 0xee, 0xc0, 0xce, 0xee, 0xee, 0xee, 0xff,
    0xee, 0xee, 0xee, 0xeb, 0x0, 0x0, 0x3, 0x10,
    0xe, 0xf1, 0x0, 0x1, 0x0, 0x0, 0x0, 0x1,
    0xef, 0x20, 0xef, 0x10, 0x0, 0xbd, 0x30, 0x0,
    0x0, 0xcf, 0x80, 0xe, 0xf1, 0x0, 0x5f, 0xf1,
    0x0, 0x1, 0xcf, 0xb0, 0x0, 0xef, 0x10, 0x3f,
    0xf5, 0x0, 0x2, 0xef, 0xc0, 0x0, 0xe, 0xf1,
    0x4f, 0xf8, 0x0, 0x0, 0x9, 0xb0, 0x0, 0x0,
    0xef, 0x9f, 0xf9, 0x0, 0x0, 0x0, 0x0, 0x0,
    0x0, 0x6, 0xef, 0xf6, 0x0, 0x0, 0x0, 0x0,
    0x0, 0x5, 0xaf, 0xff, 0xb2, 0x0, 0x0, 0x0,
    0x4, 0x69, 0xcf, 0xff, 0xfa, 0x30, 0x0, 0x0,
    0x0, 0x0, 0x9f, 0xff, 0xea, 0x61, 0x0, 0x0,
    0x0, 0x0, 0x0, 0x1, 0x85, 0x20, 0x0, 0x0,
    0x0, 0x0, 0x0, 0x0, 0x0,

    /* U+6C60 "池" */
    0x0, 0x37, 0x10, 0x0, 0x0, 0x0, 0xad, 0x10,
    0x0, 0x0, 0x0, 0xcf, 0xe7, 0x0, 0x0, 0x0,
    0xcf, 0x10, 0x0, 0x0, 0x0, 0x7, 0xff, 0x61,
    0xeb, 0x0, 0xcf, 0x10, 0x0, 0x0, 0x0, 0x0,
    0x29, 0x1, 0xfc, 0x0, 0xcf, 0x10, 0x17, 0x20,
    0x0, 0x0, 0x0, 0x1, 0xfc, 0x0, 0xcf, 0x5a,
    0xff, 0xa0, 0x0, 0x0, 0x0, 0x1, 0xfc, 0x1,
    0xdf, 0xff, 0xff, 0xa0, 0xa, 0xe7, 0x0, 0x1,
    0xfe, 0xbf, 0xff, 0xb4, 0x3f, 0xa0, 0x8, 0xff,
    0xd2, 0x29, 0xff, 0xfd, 0xef, 0x10, 0x3f, 0x90,
    0x0, 0x1a, 0xd3, 0xff, 0xfe, 0x40, 0xcf, 0x10,
    0x3f, 0x90, 0x0, 0x0, 0x10, 0x97, 0xfc, 0x0,
    0xcf, 0x10, 0x3f, 0x80, 0x0, 0x0, 0x1, 0x1,
    0xfc, 0x0, 0xcf, 0x10, 0x4f, 0x80, 0x0, 0x0,
    0x4d, 0x21, 0xfc, 0x0, 0xcf, 0x38, 0xcf, 0x60,
    0x0, 0x0, 0xcf, 0x41, 0xfc, 0x0, 0xcf, 0x2f,
    0xfd, 0x10, 0x0, 0x4, 0xfd, 0x1, 0xfc, 0x0,
    0xcf, 0x13, 0x20, 0x0, 0x0, 0xc, 0xf5, 0x1,
    0xfc, 0x0, 0x0, 0x0, 0x5, 0xb2, 0x0, 0x4f,
    0xd0, 0x1, 0xfc, 0x0, 0x0, 0x0, 0x7, 0xf6,
    0x0, 0xdf, 0x60, 0x0, 0xfe, 0x0, 0x0, 0x0,
    0xa, 0xf3, 0x4, 0xfd, 0x0, 0x0, 0xdf, 0xdb,
    0xbb, 0xbb, 0xcf, 0xe0, 0x0, 0x65, 0x0, 0x0,
    0x3c, 0xff, 0xff, 0xff, 0xfd, 0x30,

    /* U+6CA1 "没" */
    0x0, 0x31, 0x0, 0x0, 0x1, 0x10, 0x0, 0x10,
    0x0, 0x0, 0x1, 0xef, 0x70, 0x0, 0x5f, 0xff,
    0xff, 0xfd, 0x0, 0x0, 0x0, 0x6e, 0xfd, 0x20,
    0x5f, 0xdb, 0xbb, 0xfd, 0x0, 0x0, 0x0, 0x1,
    0xac, 0x0, 0x6f, 0x70, 0x0, 0xfd, 0x0, 0x0,
    0x0, 0x0, 0x0, 0x0, 0x8f, 0x50, 0x0, 0xfd,
    0x0, 0x0, 0x0, 0x0, 0x0, 0x0, 0xef, 0x10,
    0x0, 0xfe, 0x0, 0x10, 0xc, 0xa2, 0x0, 0x1b,
    0xfa, 0x0, 0x0, 0xdf, 0xff, 0xf2, 0x2c, 0xff,
    0x91, 0xcf, 0xc0, 0x0, 0x0, 0x4b, 0xcc, 0xc2,
    0x0, 0x5d, 0xe1, 0x28, 0x10, 0x0, 0x0, 0x0,
    0x10, 0x0, 0x0, 0x0, 0x20, 0x2f, 0xff, 0xff,
    0xff, 0xff, 0xfb, 0x0, 0x0, 0x0, 0x0, 0x1c,
    0xfd, 0xbb, 0xbb, 0xbe, 0xf8, 0x0, 0x0, 0x0,
    0x79, 0x3, 0xfd, 0x0, 0x0, 0x2f, 0xf1, 0x0,
    0x0, 0x0, 0xef, 0x10, 0x9f, 0xa0, 0x0, 0xdf,
    0x70, 0x0, 0x0, 0x8, 0xf8, 0x0, 0xc, 0xfa,
    0x1c, 0xfb, 0x0, 0x0, 0x0, 0x1f, 0xf1, 0x0,
    0x1, 0xdf, 0xff, 0xc0, 0x0, 0x0, 0x0, 0xaf,
    0x80, 0x0, 0x2, 0xbf, 0xff, 0xa2, 0x0, 0x0,
    0x4, 0xfe, 0x0, 0x37, 0xcf, 0xfe, 0x9f, 0xff,
    0xc7, 0x30, 0x6, 0xf6, 0x3, 0xff, 0xfc, 0x60,
    0x1, 0x8e, 0xff, 0xe1, 0x0, 0x30, 0x0, 0x87,
    0x20, 0x0, 0x0, 0x0, 0x49, 0x40,

    /* U+6CBF "沿" */
    0x0, 0x12, 0x0, 0x0, 0x0, 0x0, 0x0, 0x0,
    0x0, 0x0, 0x0, 0xdf, 0x80, 0x0, 0xf, 0xff,
    0xff, 0xff, 0xc0, 0x0, 0x0, 0x3d, 0xfd, 0x30,
    0xf, 0xfc, 0xcc, 0xcf, 0xd0, 0x0, 0x0, 0x0,
    0x9f, 0x30, 0xf, 0xd0, 0x0, 0xf, 0xd0, 0x0,
    0x0, 0x0, 0x2, 0x0, 0x1f, 0xc0, 0x0, 0xf,
    0xd0, 0x0, 0x0, 0x0, 0x0, 0x0, 0x5f, 0x90,
    0x0, 0xf, 0xd0, 0x0, 0x8, 0xa2, 0x0, 0x0,
    0xdf, 0x40, 0x0, 0xf, 0xd0, 0x0, 0xa, 0xff,
    0x70, 0xa, 0xfb, 0x0, 0x0, 0xf, 0xf8, 0x90,
    0x0, 0x4d, 0xf5, 0xbf, 0xd1, 0x0, 0x0, 0x8,
    0xff, 0xf0, 0x0, 0x0, 0x50, 0x2a, 0x20, 0x0,
    0x0, 0x0, 0x0, 0x0, 0x0, 0x0, 0x0, 0x1,
    0xff, 0xff, 0xff, 0xff, 0xfc, 0x0, 0x0, 0x0,
    0x2d, 0x11, 0xfe, 0xbb, 0xbb, 0xbb, 0xfc, 0x0,
    0x0, 0x0, 0xaf, 0x61, 0xfc, 0x0, 0x0, 0x0,
    0xdc, 0x0, 0x0, 0x4, 0xfd, 0x1, 0xfc, 0x0,
    0x0, 0x0, 0xdc, 0x0, 0x0, 0xd, 0xf5, 0x1,
    0xfc, 0x0, 0x0, 0x0, 0xdc, 0x0, 0x0, 0x8f,
    0xc0, 0x1, 0xfc, 0x0, 0x0, 0x0, 0xdc, 0x0,
    0x3, 0xff, 0x30, 0x1, 0xff, 0xff, 0xff, 0xff,
    0xfc, 0x0, 0x8, 0xf9, 0x0, 0x1, 0xff, 0xbb,
    0xbb, 0xbb, 0xfc, 0x0, 0x0, 0x71, 0x0, 0x1,
    0xfc, 0x0, 0x0, 0x0, 0xdc, 0x0, 0x0, 0x0,
    0x0, 0x0, 0x11, 0x0, 0x0, 0x0, 0x0, 0x0,

    /* U+6CD5 "法" */
    0x0, 0x29, 0x20, 0x0, 0x0, 0x1, 0xfc, 0x0,
    0x0, 0x0, 0x0, 0xaf, 0xf9, 0x10, 0x0, 0x1,
    0xfd, 0x0, 0x0, 0x0, 0x0, 0x5, 0xef, 0xa0,
    0x0, 0x1, 0xfd, 0x0, 0x0, 0x0, 0x0, 0x0,
    0x9, 0x12, 0xbb, 0xbc, 0xff, 0xbb, 0xbb, 0x10,
    0x0, 0x0, 0x0, 0x3, 0xff, 0xff, 0xff, 0xff,
    0xff, 0x20, 0x0, 0x10, 0x0, 0x0, 0x0, 0x2,
    0xfd, 0x0, 0x0, 0x0, 0xa, 0xf8, 0x0, 0x0,
    0x0, 0x1, 0xfd, 0x0, 0x0, 0x0, 0x7, 0xff,
    0xe4, 0x0, 0x0, 0x1, 0xfd, 0x0, 0x0, 0x0,
    0x0, 0x1a, 0xf4, 0x5, 0x55, 0x56, 0xfe, 0x55,
    0x55, 0x50, 0x0, 0x0, 0x30, 0x1f, 0xff, 0xff,
    0xff, 0xff, 0xff, 0xe0, 0x0, 0x0, 0x0, 0x6,
    0x66, 0x7f, 0xf8, 0x66, 0x66, 0x60, 0x0, 0x0,
    0xb, 0x20, 0x0, 0x6f, 0xc0, 0x0, 0x0, 0x0,
    0x0, 0x0, 0x6f, 0x90, 0x0, 0xdf, 0x40, 0x28,
    0x0, 0x0, 0x0, 0x1, 0xef, 0x20, 0x6, 0xfb,
    0x0, 0x8f, 0x90, 0x0, 0x0, 0x9, 0xf9, 0x0,
    0x1e, 0xf2, 0x0, 0xd, 0xf4, 0x0, 0x0, 0x3f,
    0xf1, 0x0, 0xbf, 0x71, 0x35, 0x7b, 0xfd, 0x0,
    0x0, 0xcf, 0x70, 0x7, 0xff, 0xff, 0xff, 0xff,
    0xff, 0x60, 0x2, 0xfd, 0x0, 0x4, 0xfe, 0xca,
    0x86, 0x42, 0x2f, 0xe0, 0x0, 0x23, 0x0, 0x0,
    0x20, 0x0, 0x0, 0x0, 0x8, 0x50,

    /* U+6CE1 "泡" */
    0x0, 0x51, 0x0, 0x0, 0x28, 0x30, 0x0, 0x0,
    0x0, 0x0, 0x3, 0xff, 0x91, 0x0, 0x7f, 0x80,
    0x0, 0x0, 0x0, 0x0, 0x0, 0x6e, 0xfd, 0x0,
    0xef, 0x42, 0x22, 0x22, 0x32, 0x0, 0x0, 0x1,
    0xa5, 0x6, 0xff, 0xff, 0xff, 0xff, 0xff, 0x20,
    0x0, 0x0, 0x0, 0x1e, 0xfa, 0xaa, 0xaa, 0xaa,
    0xef, 0x20, 0x2, 0x0, 0x0, 0xbf, 0x90, 0x0,
    0x0, 0x0, 0xcf, 0x10, 0x2f, 0xe6, 0x7, 0xff,
    0xcb, 0xbb, 0xbb, 0x0, 0xcf, 0x10, 0x29, 0xff,
    0xc0, 0x9c, 0xff, 0xff, 0xff, 0x10, 0xdf, 0x10,
    0x0, 0x2c, 0x60, 0xa, 0xf3, 0x0, 0xbf, 0x10,
    0xef, 0x0, 0x0, 0x0, 0x0, 0xa, 0xf3, 0x0,
    0xbf, 0x10, 0xff, 0x0, 0x0, 0x0, 0x0, 0xa,
    0xf7, 0x55, 0xdf, 0x10, 0xfe, 0x0, 0x0, 0x0,
    0xd5, 0xa, 0xff, 0xff, 0xff, 0x13, 0xfc, 0x0,
    0x0, 0x6, 0xf9, 0xa, 0xf7, 0x55, 0x59, 0xce,
    0xf9, 0x0, 0x0, 0xd, 0xf3, 0xa, 0xf3, 0x0,
    0x2, 0xff, 0xd2, 0x0, 0x0, 0x5f, 0xb0, 0xa,
    0xf3, 0x0, 0x0, 0x0, 0x6, 0x20, 0x0, 0xdf,
    0x40, 0xa, 0xf3, 0x0, 0x0, 0x0, 0xc, 0xf0,
    0x6, 0xfd, 0x0, 0x9, 0xf4, 0x0, 0x0, 0x0,
    0xf, 0xd0, 0xd, 0xf5, 0x0, 0x6, 0xfe, 0xbb,
    0xbb, 0xbb, 0xef, 0x90, 0x1, 0x90, 0x0, 0x0,
    0xae, 0xff, 0xff, 0xff, 0xfb, 0x10,

    /* U+6D4B "测" */
    0x0, 0x72, 0x0, 0x0, 0x0, 0x0, 0x0, 0x0,
    0x9, 0x50, 0x5f, 0xf9, 0xb, 0xcc, 0xcc, 0xcc,
    0x0, 0x0, 0xf9, 0x0, 0x5e, 0xf9, 0xed, 0xaa,
    0xad, 0xf0, 0x8e, 0xf, 0x90, 0x0, 0x19, 0x1e,
    0x80, 0x10, 0x8f, 0x8, 0xe0, 0xf9, 0x0, 0x0,
    0x0, 0xe8, 0x4f, 0x28, 0xf0, 0x8e, 0xf, 0x90,
    0x10, 0x0, 0xe, 0x84, 0xf2, 0x8f, 0x8, 0xe0,
    0xf9, 0x1e, 0xd4, 0x0, 0xe8, 0x4f, 0x28, 0xf0,
    0x8e, 0xf, 0x91, 0x9f, 0xfa, 0xe, 0x84, 0xf2,
    0x8f, 0x8, 0xe0, 0xf9, 0x0, 0x3d, 0x50, 0xe8,
    0x4f, 0x28, 0xf0, 0x8e, 0xf, 0x90, 0x0, 0x0,
    0xe, 0x84, 0xf2, 0x8f, 0x8, 0xe0, 0xf9, 0x0,
    0x0, 0x0, 0xe8, 0x4f, 0x28, 0xf0, 0x8e, 0xf,
    0x90, 0x0, 0x86, 0xe, 0x84, 0xf1, 0x8f, 0x8,
    0xe0, 0xf9, 0x0, 0xe, 0xf0, 0xe8, 0x5f, 0x18,
    0xf0, 0x8e, 0xf, 0x90, 0x4, 0xfa, 0xe, 0x87,
    0xf0, 0x8f, 0x8, 0xe0, 0xf9, 0x0, 0xaf, 0x40,
    0x0, 0xbc, 0x20, 0x0, 0x0, 0xf, 0x90, 0x1f,
    0xe0, 0x0, 0x2f, 0x9f, 0x80, 0x0, 0x0, 0xf9,
    0x7, 0xf9, 0x0, 0x1d, 0xd0, 0x7f, 0x50, 0x0,
    0xf, 0x90, 0xef, 0x20, 0x5e, 0xe2, 0x0, 0xbf,
    0x23, 0x99, 0xf8, 0x2, 0x80, 0x6, 0xb2, 0x0,
    0x1, 0xa2, 0x1f, 0xfc, 0x20, 0x0, 0x0, 0x0,
    0x0, 0x0, 0x0, 0x0, 0x0, 0x0,

    /* U+6D88 "消" */
    0x0, 0x35, 0x0, 0x0, 0x10, 0x0, 0xce, 0x0,
    0x2, 0x0, 0xd, 0xfc, 0x20, 0x7f, 0x40, 0xd,
    0xf1, 0x3, 0xfa, 0x0, 0x1a, 0xff, 0x32, 0xfe,
    0x0, 0xdf, 0x10, 0xbf, 0x40, 0x0, 0x6, 0xc0,
    0xa, 0xf7, 0xd, 0xf1, 0x3f, 0xb0, 0x0, 0x0,
    0x0, 0x0, 0x2f, 0x70, 0xdf, 0x17, 0xe2, 0x0,
    0x1, 0x0, 0x0, 0x3, 0x43, 0x3e, 0xf4, 0x34,
    0x30, 0xb, 0xf8, 0x0, 0x3, 0xff, 0xff, 0xff,
    0xff, 0xff, 0x10, 0x4d, 0xfd, 0x30, 0x3f, 0xd9,
    0x99, 0x99, 0x9e, 0xf1, 0x0, 0x9, 0xf2, 0x3,
    0xfa, 0x0, 0x0, 0x0, 0xcf, 0x10, 0x0, 0x2,
    0x0, 0x3f, 0xea, 0xaa, 0xaa, 0xae, 0xf1, 0x0,
    0x0, 0x0, 0x3, 0xff, 0xff, 0xff, 0xff, 0xff,
    0x10, 0x0, 0x5, 0xa0, 0x3f, 0xa0, 0x0, 0x0,
    0xc, 0xf1, 0x0, 0x0, 0xdf, 0x23, 0xfa, 0x0,
    0x0, 0x0, 0xcf, 0x10, 0x0, 0x5f, 0xb0, 0x3f,
    0xff, 0xff, 0xff, 0xff, 0xf1, 0x0, 0xc, 0xf4,
    0x3, 0xfd, 0x99, 0x99, 0x99, 0xef, 0x10, 0x5,
    0xfc, 0x0, 0x3f, 0xa0, 0x0, 0x0, 0xc, 0xf1,
    0x0, 0xdf, 0x50, 0x3, 0xfa, 0x0, 0x0, 0x0,
    0xcf, 0x10, 0x4f, 0xd0, 0x0, 0x3f, 0xa0, 0x0,
    0x2d, 0xcf, 0xf0, 0x0, 0x54, 0x0, 0x3, 0xfa,
    0x0, 0x0, 0xde, 0xd6, 0x0,

    /* U+6E05 "清" */
    0x0, 0x41, 0x0, 0x0, 0x0, 0xb, 0xe1, 0x0,
    0x0, 0x0, 0x4f, 0xe6, 0x4, 0x66, 0x66, 0xef,
    0x76, 0x66, 0x61, 0x0, 0x7f, 0xf7, 0xbf, 0xff,
    0xff, 0xff, 0xff, 0xff, 0x20, 0x0, 0x2b, 0x10,
    0x0, 0x0, 0xcf, 0x10, 0x0, 0x0, 0x0, 0x0,
    0x0, 0x3f, 0xff, 0xff, 0xff, 0xff, 0xfa, 0x0,
    0x20, 0x0, 0x1, 0x55, 0x55, 0xef, 0x65, 0x55,
    0x30, 0x2f, 0xd3, 0x3, 0x77, 0x77, 0x7e, 0xf8,
    0x77, 0x77, 0x61, 0x9f, 0xf8, 0x7f, 0xff, 0xff,
    0xff, 0xff, 0xff, 0xfe, 0x0, 0x4e, 0x70, 0x0,
    0x11, 0x11, 0x11, 0x11, 0x10, 0x0, 0x0, 0x10,
    0x0, 0xcf, 0xff, 0xff, 0xff, 0xff, 0x60, 0x0,
    0x0, 0x0, 0xc, 0xf5, 0x55, 0x55, 0x5a, 0xf6,
    0x0, 0x0, 0x2d, 0x30, 0xcf, 0x66, 0x66, 0x66,
    0xaf, 0x60, 0x0, 0x8, 0xf7, 0xc, 0xff, 0xff,
    0xff, 0xff, 0xf6, 0x0, 0x0, 0xef, 0x10, 0xcf,
    0x0, 0x0, 0x0, 0x6f, 0x60, 0x0, 0x6f, 0xa0,
    0xc, 0xff, 0xff, 0xff, 0xff, 0xf6, 0x0, 0xd,
    0xf3, 0x0, 0xcf, 0x77, 0x77, 0x77, 0xaf, 0x60,
    0x5, 0xfc, 0x0, 0xc, 0xf0, 0x0, 0x0, 0x6,
    0xf6, 0x0, 0xaf, 0x50, 0x0, 0xcf, 0x0, 0x0,
    0x9a, 0xcf, 0x50, 0x0, 0x60, 0x0, 0xc, 0xf0,
    0x0, 0x8, 0xfe, 0xa0, 0x0,

    /* U+6E29 "温" */
    0x0, 0x26, 0x0, 0x0, 0x0, 0x0, 0x0, 0x0,
    0x0, 0x0, 0x0, 0xcf, 0xe6, 0x6, 0xff, 0xff,
    0xff, 0xff, 0xf6, 0x0, 0x0, 0x7, 0xff, 0x66,
    0xfb, 0x88, 0x88, 0x8c, 0xf6, 0x0, 0x0, 0x0,
    0x19, 0x6, 0xf5, 0x0, 0x0, 0x8, 0xf6, 0x0,
    0x0, 0x0, 0x0, 0x6, 0xff, 0xff, 0xff, 0xff,
    0xf6, 0x0, 0x1, 0x0, 0x0, 0x6, 0xfa, 0x88,
    0x88, 0x8c, 0xf6, 0x0, 0xc, 0xe6, 0x0, 0x6,
    0xf5, 0x0, 0x0, 0x8, 0xf6, 0x0, 0x8, 0xff,
    0xc1, 0x6, 0xfb, 0xaa, 0xaa, 0xad, 0xf6, 0x0,
    0x0, 0x2b, 0xf2, 0x6, 0xff, 0xff, 0xff, 0xff,
    0xf6, 0x0, 0x0, 0x0, 0x30, 0x0, 0x0, 0x0,
    0x0, 0x0, 0x0, 0x0, 0x0, 0x0, 0x0, 0xa,
    0xaa, 0xaa, 0xaa, 0xaa, 0xaa, 0x0, 0x0, 0x0,
    0xa8, 0x1f, 0xff, 0xff, 0xff, 0xff, 0xff, 0x10,
    0x0, 0x3, 0xfd, 0x1f, 0xa0, 0xe8, 0xe, 0x80,
    0xbf, 0x10, 0x0, 0xb, 0xf5, 0x1f, 0xa0, 0xe8,
    0xe, 0x80, 0xbf, 0x10, 0x0, 0x4f, 0xc0, 0x1f,
    0xa0, 0xe8, 0xe, 0x80, 0xbf, 0x10, 0x0, 0xdf,
    0x40, 0x1f, 0xa0, 0xe8, 0xe, 0x80, 0xbf, 0x10,
    0x8, 0xfb, 0x9, 0xcf, 0xec, 0xfe, 0xcf, 0xec,
    0xff, 0xc4, 0x3, 0xd2, 0xa, 0xee, 0xee, 0xee,
    0xee, 0xee, 0xee, 0xe4, 0x0, 0x0, 0x0, 0x0,
    0x0, 0x0, 0x0, 0x0, 0x0, 0x0,

    /* U+6E38 "游" */
    0x0, 0x70, 0x0, 0x1a, 0xb0, 0x0, 0x7, 0xb2,
    0x0, 0x0, 0x8, 0xfe, 0x50, 0xc, 0xf9, 0x0,
    0xc, 0xf1, 0x0, 0x0, 0x0, 0x7f, 0xf3, 0x3,
    0xfd, 0x0, 0xf, 0xe5, 0x55, 0x51, 0x0, 0x3,
    0x8c, 0xcc, 0xfc, 0xcc, 0x5f, 0xff, 0xff, 0xf4,
    0x0, 0x0, 0x1f, 0xff, 0xff, 0xff, 0xcf, 0x77,
    0x77, 0x71, 0x2, 0x0, 0x0, 0x6f, 0x50, 0x4,
    0xfb, 0x0, 0x0, 0x0, 0x3f, 0xe7, 0x0, 0x6f,
    0x50, 0x3, 0xbd, 0xcc, 0xcd, 0xa0, 0x19, 0xff,
    0x80, 0x7f, 0xca, 0xb8, 0xc, 0xdd, 0xff, 0xb0,
    0x0, 0x2b, 0x10, 0x8f, 0xff, 0xfc, 0x0, 0x4,
    0xfd, 0x10, 0x0, 0x0, 0x0, 0x9f, 0x31, 0xfc,
    0x0, 0x1f, 0xd1, 0x0, 0x0, 0x0, 0x0, 0xaf,
    0x0, 0xfb, 0x0, 0x1f, 0xb0, 0x0, 0x0, 0xc,
    0x30, 0xce, 0x0, 0xfa, 0xdf, 0xff, 0xff, 0xf4,
    0x0, 0x4f, 0x90, 0xfc, 0x1, 0xfa, 0xac, 0xcf,
    0xec, 0xc3, 0x0, 0x9f, 0x42, 0xf9, 0x1, 0xf9,
    0x0, 0x1f, 0xb0, 0x0, 0x0, 0xee, 0x7, 0xf5,
    0x3, 0xf8, 0x0, 0x1f, 0xb0, 0x0, 0x5, 0xf9,
    0xd, 0xf0, 0x4, 0xf7, 0x0, 0x1f, 0xb0, 0x0,
    0xb, 0xf4, 0x5f, 0x90, 0x7, 0xf5, 0x0, 0x1f,
    0xb0, 0x0, 0x1f, 0xe1, 0xef, 0x2b, 0xcf, 0xf1,
    0x5b, 0xbf, 0xa0, 0x0, 0x3, 0x60, 0x67, 0x8,
    0xdc, 0x60, 0x2f, 0xfd, 0x30, 0x0, 0x0, 0x0,
    0x0, 0x0, 0x0, 0x0, 0x0, 0x0, 0x0, 0x0,

    /* U+6ED1 "滑" */
    0x0, 0x15, 0x0, 0x0, 0x22, 0x22, 0x22, 0x22,
    0x20, 0x0, 0x0, 0xcf, 0xa1, 0x0, 0xdf, 0xff,
    0xff, 0xff, 0xf0, 0x0, 0x0, 0x2d, 0xfe, 0x30,
    0xde, 0x55, 0x55, 0x5d, 0xf0, 0x0, 0x0, 0x0,
    0xaf, 0x30, 0xde, 0x44, 0x42, 0xc, 0xf0, 0x0,
    0x0, 0x0, 0x3, 0x0, 0xdf, 0xee, 0xf8, 0xc,
    0xf0, 0x0, 0x0, 0x0, 0x0, 0x0, 0xdd, 0x0,
    0xf8, 0xc, 0xf0, 0x0, 0x7, 0xc3, 0x1, 0xcc,
    0xff, 0xcc, 0xfe, 0xcf, 0xfc, 0xc0, 0x9, 0xff,
    0x92, 0xfe, 0xbb, 0xbb, 0xbb, 0xbb, 0xbe, 0xf1,
    0x0, 0x3d, 0xe3, 0xfa, 0x11, 0x11, 0x11, 0x11,
    0x1c, 0xf1, 0x0, 0x0, 0x31, 0xc8, 0xff, 0xff,
    0xff, 0xff, 0xfa, 0xc0, 0x0, 0x0, 0x0, 0x0,
    0xfd, 0x66, 0x66, 0x6d, 0xf1, 0x0, 0x0, 0x0,
    0x77, 0x0, 0xfd, 0x66, 0x66, 0x6d, 0xf1, 0x0,
    0x0, 0x0, 0xef, 0x10, 0xff, 0xff, 0xff, 0xff,
    0xf1, 0x0, 0x0, 0x6, 0xfa, 0x0, 0xfc, 0x0,
    0x0, 0xb, 0xf1, 0x0, 0x0, 0xd, 0xf3, 0x0,
    0xff, 0xff, 0xff, 0xff, 0xf1, 0x0, 0x0, 0x6f,
    0xc0, 0x0, 0xfd, 0x66, 0x66, 0x6d, 0xf1, 0x0,
    0x0, 0xef, 0x40, 0x0, 0xfc, 0x0, 0x0, 0xb,
    0xf1, 0x0, 0x3, 0xfd, 0x0, 0x0, 0xfc, 0x0,
    0x7, 0x7d, 0xf0, 0x0, 0x0, 0x23, 0x0, 0x0,
    0xfc, 0x0, 0xa, 0xfe, 0x90, 0x0, 0x0, 0x0,
    0x0, 0x0, 0x0, 0x0, 0x0, 0x0, 0x0, 0x0,

    /* U+6EDA "滚" */
    0x0, 0x20, 0x0, 0x0, 0x0, 0x1a, 0xb0, 0x0,
    0x0, 0x0, 0x2, 0xfc, 0x10, 0x0, 0x0, 0xe,
    0xf4, 0x0, 0x0, 0x0, 0x0, 0x7f, 0xe3, 0xff,
    0xff, 0xff, 0xff, 0xff, 0xff, 0xe0, 0x0, 0x5,
    0xf8, 0x99, 0x9e, 0xa9, 0x99, 0xdb, 0x99, 0x80,
    0x0, 0x0, 0x30, 0x0, 0xaf, 0x60, 0x1, 0xff,
    0x50, 0x0, 0x0, 0x0, 0x0, 0x2c, 0xf8, 0x29,
    0x20, 0x3e, 0xf9, 0x0, 0xb, 0x90, 0x7, 0xff,
    0x71, 0xdf, 0x60, 0x1, 0xcf, 0xb0, 0x1a, 0xfd,
    0x14, 0xd4, 0x1d, 0xf7, 0xc, 0xc0, 0xa, 0xa0,
    0x0, 0x8f, 0xb0, 0x2, 0xdf, 0x60, 0x29, 0xfc,
    0x0, 0x0, 0x0, 0x6, 0x10, 0x5f, 0xff, 0xef,
    0xff, 0xff, 0xb0, 0x0, 0x0, 0x0, 0x0, 0x4f,
    0xeb, 0xff, 0xf8, 0x19, 0xd1, 0x0, 0x0, 0x2,
    0x91, 0x1, 0xa, 0xfa, 0xfc, 0x0, 0x16, 0x0,
    0x0, 0x8, 0xf5, 0x2, 0xcf, 0xa0, 0x9f, 0x52,
    0xdf, 0x70, 0x0, 0xe, 0xe2, 0x9f, 0xff, 0x0,
    0x1f, 0xef, 0xf6, 0x0, 0x0, 0x6f, 0xaf, 0xfd,
    0xdf, 0x0, 0x6, 0xff, 0x20, 0x0, 0x0, 0xdf,
    0x24, 0x50, 0xbf, 0x0, 0x31, 0xaf, 0xd2, 0x0,
    0x5, 0xfb, 0x0, 0x0, 0xdf, 0xbf, 0xf3, 0xa,
    0xff, 0x91, 0x8, 0xf3, 0x0, 0x6, 0xff, 0xea,
    0x61, 0x0, 0x7f, 0xd0, 0x0, 0x30, 0x0, 0x0,
    0x93, 0x0, 0x0, 0x0, 0x1, 0x20,

    /* U+6EE1 "满" */
    0x0, 0x0, 0x0, 0x0, 0x1, 0x10, 0x0, 0x11,
    0x0, 0x0, 0x0, 0x44, 0x0, 0x0, 0xd, 0xe0,
    0x0, 0xfc, 0x0, 0x0, 0x1, 0xef, 0x90, 0x99,
    0x9f, 0xf9, 0x99, 0xfe, 0x99, 0x80, 0x0, 0x2d,
    0xfb, 0xff, 0xff, 0xff, 0xff, 0xff, 0xff, 0xf0,
    0x0, 0x0, 0x92, 0x0, 0xd, 0xe0, 0x1, 0xfc,
    0x0, 0x0, 0x0, 0x0, 0x0, 0x0, 0x5, 0x60,
    0x0, 0x75, 0x0, 0x0, 0x0, 0x0, 0x1, 0xcc,
    0xcc, 0xcc, 0xcc, 0xcc, 0xcc, 0xc1, 0x8, 0x91,
    0x1, 0xdd, 0xdd, 0xff, 0xde, 0xfd, 0xdd, 0xd1,
    0x1c, 0xff, 0x60, 0x0, 0x0, 0xe9, 0x5, 0xf2,
    0x0, 0x0, 0x0, 0x6f, 0x90, 0x7a, 0xaa, 0xfd,
    0xac, 0xfb, 0xab, 0x70, 0x0, 0x2, 0x0, 0xbf,
    0xff, 0xff, 0xff, 0xff, 0xff, 0xc0, 0x0, 0x0,
    0x0, 0xbf, 0x10, 0xf7, 0x8, 0xf0, 0xf, 0xc0,
    0x0, 0x0, 0xc3, 0xbf, 0x12, 0xf7, 0xa, 0xf0,
    0xf, 0xc0, 0x0, 0x5, 0xfa, 0xbf, 0x16, 0xff,
    0x3d, 0xfa, 0xf, 0xc0, 0x0, 0xd, 0xf3, 0xbf,
    0x1c, 0xed, 0xbf, 0xef, 0x4f, 0xc0, 0x0, 0x5f,
    0xc0, 0xbf, 0x6f, 0x82, 0x9f, 0x3f, 0xbf, 0xc0,
    0x0, 0xdf, 0x50, 0xbf, 0x9e, 0x12, 0xfa, 0x4,
    0x1f, 0xc0, 0x5, 0xfd, 0x0, 0xbf, 0x11, 0x0,
    0x71, 0x0, 0xf, 0xc0, 0x9, 0xf6, 0x0, 0xbf,
    0x10, 0x0, 0x0, 0x14, 0x4f, 0xb0, 0x0, 0x50,
    0x0, 0xbf, 0x10, 0x0, 0x0, 0xe, 0xfd, 0x50,

    /* U+706D "灭" */
    0x0, 0x0, 0x0, 0x0, 0x0, 0x0, 0x0, 0x0,
    0x0, 0x0, 0x9, 0xff, 0xff, 0xff, 0xff, 0xff,
    0xff, 0xff, 0xff, 0x80, 0x7, 0xdd, 0xdd, 0xdd,
    0xdf, 0xfd, 0xdd, 0xdd, 0xdd, 0x70, 0x0, 0x0,
    0x0, 0x0, 0xf, 0xf0, 0x0, 0x0, 0x0, 0x0,
    0x0, 0x0, 0x0, 0x0, 0xf, 0xf0, 0x0, 0x0,
    0x0, 0x0, 0x0, 0x0, 0x20, 0x0, 0x1f, 0xf0,
    0x0, 0x2, 0x20, 0x0, 0x0, 0x0, 0xbf, 0x20,
    0x2f, 0xf0, 0x0, 0xa, 0xf6, 0x0, 0x0, 0x1,
    0xfe, 0x0, 0x3f, 0xf1, 0x0, 0x1f, 0xf1, 0x0,
    0x0, 0x9, 0xf8, 0x0, 0x5f, 0xf5, 0x0, 0x9f,
    0x80, 0x0, 0x0, 0x2f, 0xf1, 0x0, 0x8f, 0xfa,
    0x1, 0xfe, 0x0, 0x0, 0x0, 0x9f, 0x70, 0x0,
    0xcf, 0xff, 0x6, 0xf5, 0x0, 0x0, 0x0, 0x4,
    0x0, 0x2, 0xff, 0x9f, 0x60, 0x10, 0x0, 0x0,
    0x0, 0x0, 0x0, 0xa, 0xf9, 0x2f, 0xe1, 0x0,
    0x0, 0x0, 0x0, 0x0, 0x0, 0x6f, 0xf1, 0x9,
    0xfb, 0x0, 0x0, 0x0, 0x0, 0x0, 0x5, 0xff,
    0x60, 0x1, 0xef, 0xa0, 0x0, 0x0, 0x0, 0x1,
    0x9f, 0xf8, 0x0, 0x0, 0x3f, 0xfd, 0x30, 0x0,
    0x3, 0x9f, 0xff, 0x70, 0x0, 0x0, 0x2, 0xdf,
    0xfc, 0x61, 0x1e, 0xff, 0xa2, 0x0, 0x0, 0x0,
    0x0, 0x7, 0xef, 0xe1, 0x4, 0x82, 0x0, 0x0,
    0x0, 0x0, 0x0, 0x0, 0x5, 0x40,

    /* U+706F "灯" */
    0x0, 0x0, 0xcf, 0x0, 0x0, 0x0, 0x0, 0x0,
    0x0, 0x0, 0x0, 0x0, 0xdf, 0x0, 0x9, 0x99,
    0x99, 0x99, 0x99, 0x92, 0x0, 0x0, 0xdf, 0x0,
    0x1f, 0xff, 0xff, 0xff, 0xff, 0xf4, 0x0, 0x0,
    0xdf, 0x1, 0x4, 0x44, 0x45, 0xff, 0x44, 0x41,
    0x3, 0xd2, 0xdf, 0xb, 0xd0, 0x0, 0x0, 0xff,
    0x0, 0x0, 0x5, 0xf2, 0xdf, 0xf, 0x90, 0x0,
    0x0, 0xff, 0x0, 0x0, 0x7, 0xf0, 0xdf, 0x5f,
    0x30, 0x0, 0x0, 0xff, 0x0, 0x0, 0x9, 0xe0,
    0xdf, 0xac, 0x0, 0x0, 0x0, 0xff, 0x0, 0x0,
    0xd, 0xb0, 0xdf, 0x43, 0x0, 0x0, 0x0, 0xff,
    0x0, 0x0, 0x9, 0x60, 0xee, 0x0, 0x0, 0x0,
    0x0, 0xff, 0x0, 0x0, 0x0, 0x0, 0xfd, 0x0,
    0x0, 0x0, 0x0, 0xff, 0x0, 0x0, 0x0, 0x2,
    0xfd, 0x0, 0x0, 0x0, 0x0, 0xff, 0x0, 0x0,
    0x0, 0x6, 0xff, 0xb0, 0x0, 0x0, 0x0, 0xff,
    0x0, 0x0, 0x0, 0xa, 0xfd, 0xfa, 0x0, 0x0,
    0x0, 0xff, 0x0, 0x0, 0x0, 0x1f, 0xf1, 0xcf,
    0x90, 0x0, 0x0, 0xff, 0x0, 0x0, 0x0, 0x8f,
    0xa0, 0x1e, 0xa0, 0x0, 0x0, 0xff, 0x0, 0x0,
    0x2, 0xff, 0x20, 0x3, 0x0, 0x0, 0x1, 0xff,
    0x0, 0x0, 0xe, 0xf8, 0x0, 0x0, 0x0, 0x9f,
    0xef, 0xfd, 0x0, 0x0, 0x6, 0xb0, 0x0, 0x0,
    0x0, 0x4f, 0xff, 0xc4, 0x0, 0x0, 0x0, 0x0,
    0x0, 0x0, 0x0, 0x0, 0x0, 0x0, 0x0, 0x0,

    /* U+70B9 "点" */
    0x0, 0x0, 0x0, 0x0, 0x1e, 0xc0, 0x0, 0x0,
    0x0, 0x0, 0x0, 0x0, 0x0, 0x0, 0x1f, 0xd0,
    0x0, 0x0, 0x0, 0x0, 0x0, 0x0, 0x0, 0x0,
    0x1f, 0xff, 0xff, 0xff, 0xff, 0x40, 0x0, 0x0,
    0x0, 0x0, 0x1f, 0xfd, 0xdd, 0xdd, 0xdd, 0x30,
    0x0, 0x0, 0x0, 0x0, 0x1f, 0xd0, 0x0, 0x0,
    0x0, 0x0, 0x0, 0x0, 0x0, 0x0, 0x1f, 0xd0,
    0x0, 0x0, 0x0, 0x0, 0x0, 0xb, 0xee, 0xee,
    0xef, 0xfe, 0xee, 0xee, 0xb0, 0x0, 0x0, 0xc,
    0xfe, 0xee, 0xee, 0xee, 0xee, 0xef, 0xd0, 0x0,
    0x0, 0xc, 0xf0, 0x0, 0x0, 0x0, 0x0, 0x1f,
    0xd0, 0x0, 0x0, 0xc, 0xf0, 0x0, 0x0, 0x0,
    0x0, 0x1f, 0xd0, 0x0, 0x0, 0xc, 0xf0, 0x0,
    0x0, 0x0, 0x0, 0x1f, 0xd0, 0x0, 0x0, 0xc,
    0xff, 0xff, 0xff, 0xff, 0xff, 0xff, 0xd0, 0x0,
    0x0, 0x9, 0xcc, 0xcc, 0xcc, 0xcc, 0xcc, 0xcc,
    0xa0, 0x0, 0x0, 0x1, 0x0, 0x0, 0x0, 0x0,
    0x0, 0x0, 0x20, 0x0, 0x0, 0xe, 0xd0, 0x3a,
    0x50, 0x1b, 0x90, 0xd, 0xf2, 0x0, 0x0, 0x7f,
    0x90, 0x3f, 0xa0, 0xc, 0xf1, 0x5, 0xfd, 0x0,
    0x2, 0xff, 0x10, 0x1f, 0xc0, 0x7, 0xf8, 0x0,
    0xbf, 0x70, 0xd, 0xf6, 0x0, 0xf, 0xe0, 0x1,
    0xfd, 0x0, 0x2f, 0xe0, 0x2, 0x60, 0x0, 0x7,
    0x50, 0x0, 0x51, 0x0, 0x5, 0x10,

    /* U+7184 "熄" */
    0x0, 0x2, 0xa4, 0x0, 0x0, 0x0, 0xbd, 0x30,
    0x0, 0x0, 0x0, 0x3, 0xf7, 0x0, 0x0, 0x0,
    0xff, 0x0, 0x0, 0x0, 0x0, 0x3, 0xf7, 0x0,
    0xf, 0xff, 0xff, 0xff, 0xff, 0x0, 0x0, 0x3,
    0xf7, 0x14, 0xf, 0xd4, 0x44, 0x44, 0xdf, 0x0,
    0x4, 0x93, 0xf7, 0x5f, 0x5f, 0xd5, 0x55, 0x55,
    0xdf, 0x0, 0x6, 0xf3, 0xf7, 0xae, 0xf, 0xff,
    0xff, 0xff, 0xff, 0x0, 0x8, 0xe3, 0xf8, 0xf7,
    0xf, 0xc0, 0x0, 0x0, 0xdf, 0x0, 0xb, 0xb3,
    0xfb, 0xd1, 0xf, 0xff, 0xff, 0xff, 0xff, 0x0,
    0x1f, 0x74, 0xf7, 0x0, 0xf, 0xd5, 0x55, 0x55,
    0xef, 0x0, 0x8, 0x15, 0xf6, 0x0, 0xf, 0xc1,
    0x11, 0x11, 0xdf, 0x0, 0x0, 0x6, 0xf5, 0x0,
    0xf, 0xff, 0xff, 0xff, 0xff, 0x0, 0x0, 0x8,
    0xf7, 0x0, 0x4, 0x45, 0xd5, 0x44, 0x44, 0x0,
    0x0, 0xa, 0xff, 0x40, 0x0, 0x5, 0xfd, 0x10,
    0x0, 0x0, 0x0, 0xe, 0xee, 0xf3, 0x31, 0xa6,
    0x5f, 0xd0, 0x24, 0x0, 0x0, 0x4f, 0xa4, 0xfa,
    0xf6, 0xfa, 0x5, 0xa0, 0xbf, 0x20, 0x0, 0xbf,
    0x40, 0x47, 0xf4, 0xfa, 0x0, 0x3, 0x3f, 0xa0,
    0x5, 0xfc, 0x0, 0xb, 0xe1, 0xfa, 0x0, 0xa,
    0xd9, 0xf2, 0x2f, 0xf3, 0x0, 0x1f, 0xa0, 0xfe,
    0x99, 0x9f, 0xb3, 0xf6, 0xa, 0x70, 0x0, 0x1,
    0x20, 0x9f, 0xff, 0xfe, 0x30, 0x20, 0x0, 0x0,
    0x0, 0x0, 0x0, 0x0, 0x0, 0x0, 0x0, 0x0,

    /* U+7247 "片" */
    0x0, 0x5, 0x71, 0x0, 0x0, 0x3e, 0xb0, 0x0,
    0x0, 0x0, 0x0, 0xcf, 0x30, 0x0, 0x3, 0xfc,
    0x0, 0x0, 0x0, 0x0, 0xc, 0xf3, 0x0, 0x0,
    0x3f, 0xc0, 0x0, 0x0, 0x0, 0x0, 0xcf, 0x30,
    0x0, 0x3, 0xfc, 0x0, 0x0, 0x0, 0x0, 0xc,
    0xf3, 0x0, 0x0, 0x3f, 0xc0, 0x0, 0x0, 0x0,
    0x0, 0xcf, 0xdd, 0xdd, 0xdd, 0xff, 0xdd, 0xdd,
    0xd0, 0x0, 0xc, 0xff, 0xff, 0xff, 0xff, 0xff,
    0xff, 0xff, 0x0, 0x0, 0xcf, 0x41, 0x11, 0x11,
    0x11, 0x11, 0x11, 0x10, 0x0, 0xc, 0xf2, 0x0,
    0x0, 0x0, 0x0, 0x0, 0x0, 0x0, 0x0, 0xdf,
    0x20, 0x0, 0x0, 0x0, 0x0, 0x0, 0x0, 0x0,
    0xe, 0xff, 0xee, 0xee, 0xee, 0xee, 0xe3, 0x0,
    0x0, 0x0, 0xff, 0xff, 0xff, 0xff, 0xff, 0xff,
    0x40, 0x0, 0x0, 0x3f, 0xd0, 0x0, 0x0, 0x0,
    0xc, 0xf4, 0x0, 0x0, 0x7, 0xfa, 0x0, 0x0,
    0x0, 0x0, 0xcf, 0x40, 0x0, 0x0, 0xcf, 0x60,
    0x0, 0x0, 0x0, 0xc, 0xf4, 0x0, 0x0, 0x3f,
    0xf1, 0x0, 0x0, 0x0, 0x0, 0xcf, 0x40, 0x0,
    0xc, 0xfa, 0x0, 0x0, 0x0, 0x0, 0xc, 0xf4,
    0x0, 0x5, 0xff, 0x10, 0x0, 0x0, 0x0, 0x0,
    0xcf, 0x40, 0x0, 0x8, 0x60, 0x0, 0x0, 0x0,
    0x0, 0xc, 0xf4, 0x0, 0x0, 0x0, 0x0, 0x0,
    0x0, 0x0, 0x0, 0x0, 0x0, 0x0,

    /* U+724C "牌" */
    0x0, 0x44, 0x7, 0xc0, 0x0, 0x0, 0x4b, 0x70,
    0x0, 0x0, 0x0, 0xec, 0x9, 0xf1, 0x0, 0x0,
    0xaf, 0x50, 0x0, 0x0, 0x0, 0xec, 0x9, 0xf1,
    0xe, 0xee, 0xff, 0xee, 0xee, 0xd0, 0x0, 0xec,
    0x9, 0xf1, 0xf, 0xd8, 0x8f, 0xd8, 0x8e, 0xe0,
    0x0, 0xec, 0x9, 0xf1, 0xf, 0xa0, 0xe, 0xb0,
    0xd, 0xe0, 0x0, 0xee, 0xae, 0xfb, 0x6f, 0xff,
    0xff, 0xff, 0xff, 0xe0, 0x0, 0xef, 0xff, 0xff,
    0x9f, 0xc6, 0x6f, 0xc6, 0x6e, 0xe0, 0x0, 0xec,
    0x0, 0x0, 0xf, 0xa0, 0xf, 0x90, 0xd, 0xe0,
    0x0, 0xec, 0x0, 0x0, 0xf, 0xd9, 0xaf, 0xc9,
    0x9e, 0xe0, 0x0, 0xec, 0x0, 0x0, 0xf, 0xff,
    0xff, 0xff, 0xff, 0xe0, 0x0, 0xef, 0xff, 0xf8,
    0x0, 0x9, 0xf7, 0x3b, 0x60, 0x0, 0x0, 0xfd,
    0x99, 0xf8, 0x3, 0xcf, 0x90, 0x4f, 0x80, 0x0,
    0x0, 0xf9, 0x1, 0xf8, 0x8, 0xd5, 0x0, 0x4f,
    0x80, 0x0, 0x2, 0xf8, 0x1, 0xf8, 0xff, 0xff,
    0xff, 0xff, 0xff, 0xf3, 0x4, 0xf6, 0x1, 0xf8,
    0x99, 0x99, 0x99, 0xbf, 0xd9, 0x91, 0x6, 0xf4,
    0x1, 0xf8, 0x0, 0x0, 0x0, 0x4f, 0x80, 0x0,
    0x9, 0xf1, 0x1, 0xf8, 0x0, 0x0, 0x0, 0x4f,
    0x80, 0x0, 0xe, 0xe0, 0x1, 0xf8, 0x0, 0x0,
    0x0, 0x4f, 0x80, 0x0, 0xa, 0x90, 0x1, 0xf8,
    0x0, 0x0, 0x0, 0x4f, 0x80, 0x0, 0x0, 0x0,
    0x0, 0x0, 0x0, 0x0, 0x0, 0x0, 0x0, 0x0,

    /* U+7269 "物" */
    0x0, 0x0, 0x9d, 0x0, 0x0, 0x7a, 0x10, 0x0,
    0x0, 0x0, 0x3, 0x92, 0xbf, 0x10, 0x0, 0xdf,
    0x0, 0x0, 0x0, 0x0, 0x6, 0xf4, 0xbf, 0x10,
    0x1, 0xfb, 0x0, 0x0, 0x0, 0x0, 0x7, 0xf1,
    0xbf, 0x10, 0x7, 0xfc, 0x99, 0x99, 0x9b, 0x90,
    0xa, 0xfd, 0xff, 0xdc, 0xd, 0xff, 0xff, 0xff,
    0xff, 0xf1, 0xd, 0xff, 0xff, 0xfe, 0x5f, 0xa2,
    0xfa, 0x3f, 0xad, 0xf0, 0xf, 0x90, 0xbf, 0x10,
    0xdf, 0x24, 0xf5, 0x4f, 0x6d, 0xf0, 0x5f, 0x50,
    0xbf, 0x19, 0xf9, 0xa, 0xf0, 0x8f, 0x2e, 0xe0,
    0x19, 0x0, 0xbf, 0x12, 0xb0, 0x1f, 0xa0, 0xce,
    0xe, 0xd0, 0x0, 0x0, 0xbf, 0x59, 0x20, 0x9f,
    0x32, 0xf9, 0xf, 0xc0, 0x0, 0x16, 0xef, 0xff,
    0x52, 0xfc, 0x7, 0xf4, 0xf, 0xb0, 0x2d, 0xff,
    0xff, 0x94, 0xc, 0xf3, 0xe, 0xe0, 0x2f, 0xa0,
    0x1f, 0xd8, 0xcf, 0x10, 0x9f, 0x90, 0x5f, 0x70,
    0x3f, 0x90, 0x2, 0x0, 0xbf, 0x13, 0xfd, 0x0,
    0xdf, 0x10, 0x5f, 0x70, 0x0, 0x0, 0xbf, 0x10,
    0x21, 0x7, 0xf8, 0x0, 0x7f, 0x60, 0x0, 0x0,
    0xbf, 0x10, 0x0, 0x2f, 0xe1, 0x0, 0xaf, 0x30,
    0x0, 0x0, 0xbf, 0x10, 0x1, 0xef, 0x50, 0x0,
    0xef, 0x0, 0x0, 0x0, 0xbf, 0x10, 0x1d, 0xf8,
    0x8, 0xde, 0xfb, 0x0, 0x0, 0x0, 0xbf, 0x10,
    0x3, 0x80, 0x5, 0xff, 0xc2, 0x0, 0x0, 0x0,
    0x0, 0x0, 0x0, 0x0, 0x0, 0x0, 0x0, 0x0,

    /* U+73A9 "玩" */
    0x29, 0x99, 0x99, 0x94, 0x5b, 0xbb, 0xbb, 0xbb,
    0xbb, 0x0, 0x4f, 0xff, 0xff, 0xf7, 0x8f, 0xff,
    0xff, 0xff, 0xff, 0x0, 0x3, 0x3d, 0xf4, 0x31,
    0x1, 0x11, 0x11, 0x11, 0x11, 0x0, 0x0, 0xc,
    0xf1, 0x0, 0x0, 0x0, 0x0, 0x0, 0x0, 0x0,
    0x0, 0xc, 0xf1, 0x0, 0x0, 0x0, 0x0, 0x0,
    0x0, 0x0, 0x0, 0xc, 0xf1, 0x0, 0x0, 0x0,
    0x0, 0x0, 0x0, 0x0, 0xb, 0xbf, 0xfb, 0xb5,
    0xee, 0xee, 0xee, 0xee, 0xee, 0xe3, 0xf, 0xff,
    0xff, 0xf6, 0xee, 0xff, 0xee, 0xff, 0xee, 0xe3,
    0x0, 0xc, 0xf2, 0x0, 0x0, 0xef, 0x2, 0xfc,
    0x0, 0x0, 0x0, 0xc, 0xf1, 0x0, 0x0, 0xfe,
    0x2, 0xfc, 0x0, 0x0, 0x0, 0xc, 0xf1, 0x0,
    0x0, 0xfc, 0x2, 0xfc, 0x0, 0x0, 0x0, 0xc,
    0xf1, 0x0, 0x3, 0xfa, 0x2, 0xfc, 0x0, 0x0,
    0x0, 0xc, 0xf9, 0xce, 0x7, 0xf7, 0x2, 0xfc,
    0x0, 0x0, 0x28, 0xcf, 0xff, 0xfc, 0xd, 0xf2,
    0x2, 0xfc, 0x2, 0x50, 0x7f, 0xfe, 0xa5, 0x10,
    0x6f, 0xb0, 0x2, 0xfc, 0x4, 0xf8, 0x28, 0x30,
    0x0, 0x7, 0xff, 0x20, 0x2, 0xfc, 0x5, 0xf7,
    0x0, 0x0, 0x3, 0xcf, 0xf4, 0x0, 0x0, 0xff,
    0xce, 0xf4, 0x0, 0x0, 0x0, 0xda, 0x20, 0x0,
    0x0, 0x9f, 0xff, 0xb0, 0x0, 0x0, 0x0, 0x0,
    0x0, 0x0, 0x0, 0x0, 0x0, 0x0,

    /* U+73B0 "现" */
    0x0, 0x0, 0x0, 0x0, 0x0, 0x0, 0x0, 0x0,
    0x0, 0x0, 0x2b, 0xbb, 0xbb, 0xb6, 0xbf, 0xff,
    0xff, 0xff, 0xfc, 0x0, 0x3f, 0xff, 0xff, 0xf9,
    0xbf, 0xa9, 0x99, 0x9a, 0xfc, 0x0, 0x0, 0xa,
    0xf3, 0x0, 0xbf, 0x10, 0x0, 0x1, 0xfc, 0x0,
    0x0, 0xa, 0xf2, 0x0, 0xbf, 0x10, 0xcb, 0x1,
    0xfc, 0x0, 0x0, 0xa, 0xf2, 0x0, 0xbf, 0x10,
    0xed, 0x1, 0xfc, 0x0, 0x0, 0xa, 0xf2, 0x0,
    0xbf, 0x10, 0xed, 0x1, 0xfc, 0x0, 0xb, 0xcf,
    0xfd, 0xc2, 0xbf, 0x10, 0xed, 0x1, 0xfc, 0x0,
    0xe, 0xff, 0xff, 0xf2, 0xbf, 0x10, 0xfd, 0x1,
    0xfc, 0x0, 0x0, 0xa, 0xf2, 0x0, 0xbf, 0x10,
    0xfc, 0x1, 0xfc, 0x0, 0x0, 0xa, 0xf2, 0x0,
    0xbf, 0x11, 0xfa, 0x1, 0xfc, 0x0, 0x0, 0xa,
    0xf2, 0x0, 0x8b, 0x4, 0xf7, 0x0, 0xb8, 0x0,
    0x0, 0xa, 0xf2, 0x0, 0x0, 0x9, 0xfd, 0x80,
    0x0, 0x0, 0x0, 0xa, 0xf6, 0x99, 0x0, 0xe,
    0xff, 0xb0, 0x0, 0x0, 0x1, 0x5d, 0xff, 0xfc,
    0x0, 0x8f, 0x8f, 0xb0, 0x6, 0xa0, 0x6f, 0xff,
    0xfd, 0x72, 0x4, 0xfe, 0x1f, 0xb0, 0x7, 0xf0,
    0x4f, 0xd7, 0x20, 0x0, 0x4f, 0xf3, 0x1f, 0xb0,
    0x8, 0xf0, 0x2, 0x0, 0x0, 0x8, 0xff, 0x50,
    0xf, 0xe6, 0x6d, 0xc0, 0x0, 0x0, 0x0, 0x4f,
    0xe4, 0x0, 0x9, 0xff, 0xfe, 0x40, 0x0, 0x0,
    0x0, 0x4, 0x0, 0x0, 0x0, 0x0, 0x0, 0x0,

    /* U+7403 "球" */
    0x0, 0x0, 0x0, 0x0, 0x0, 0x0, 0x0, 0x0,
    0x0, 0x0, 0x0, 0x0, 0x0, 0x0, 0x0, 0x0,
    0xcf, 0x16, 0x60, 0x0, 0x2a, 0xaa, 0xaa, 0xa0,
    0x0, 0x0, 0xcf, 0x19, 0xf9, 0x0, 0x3f, 0xff,
    0xff, 0xf1, 0x0, 0x0, 0xcf, 0x10, 0x8e, 0x10,
    0x0, 0xe, 0xd0, 0x5, 0xaa, 0xaa, 0xef, 0xba,
    0xac, 0xa2, 0x0, 0xe, 0xd0, 0x8, 0xff, 0xff,
    0xff, 0xff, 0xff, 0xf3, 0x0, 0xe, 0xd0, 0x0,
    0x0, 0x0, 0xcf, 0x20, 0x0, 0x0, 0x0, 0xe,
    0xd0, 0x0, 0x64, 0x0, 0xcf, 0x30, 0x8, 0x20,
    0xc, 0xcf, 0xfc, 0x91, 0xee, 0x0, 0xcf, 0x60,
    0x6f, 0xb0, 0xf, 0xff, 0xff, 0xb0, 0x6f, 0x80,
    0xcf, 0x92, 0xfe, 0x10, 0x0, 0xe, 0xd0, 0x0,
    0xd, 0xf1, 0xcf, 0xed, 0xf3, 0x0, 0x0, 0xe,
    0xd0, 0x0, 0x5, 0x61, 0xef, 0xff, 0x50, 0x0,
    0x0, 0xe, 0xd0, 0x0, 0x0, 0x2d, 0xff, 0xfb,
    0x0, 0x0, 0x0, 0xe, 0xd0, 0x0, 0x3, 0xef,
    0xef, 0xdf, 0x30, 0x0, 0x0, 0xe, 0xe6, 0xb3,
    0x5f, 0xf5, 0xcf, 0x4f, 0xd0, 0x0, 0x2, 0x7f,
    0xff, 0xfc, 0xff, 0x50, 0xcf, 0x19, 0xfb, 0x0,
    0x5f, 0xff, 0xc7, 0x4f, 0xf4, 0x0, 0xcf, 0x10,
    0xcf, 0xc1, 0x2c, 0x72, 0x0, 0x7, 0x40, 0x0,
    0xcf, 0x10, 0xc, 0xe2, 0x0, 0x0, 0x0, 0x0,
    0x5, 0xcc, 0xff, 0x0, 0x0, 0x30, 0x0, 0x0,
    0x0, 0x0, 0x1, 0xff, 0xd5, 0x0, 0x0, 0x0,

    /* U+7406 "理" */
    0x2a, 0xaa, 0xaa, 0xa2, 0xef, 0xff, 0xff, 0xff,
    0xff, 0xb0, 0x3f, 0xff, 0xff, 0xf3, 0xee, 0x99,
    0xdf, 0x99, 0xaf, 0xb0, 0x1, 0x1d, 0xf1, 0x10,
    0xec, 0x0, 0x9f, 0x0, 0x1f, 0xb0, 0x0, 0xc,
    0xf0, 0x0, 0xec, 0x0, 0x9f, 0x10, 0x2f, 0xb0,
    0x0, 0xc, 0xf0, 0x0, 0xef, 0xff, 0xff, 0xff,
    0xff, 0xb0, 0x0, 0xc, 0xf0, 0x0, 0xee, 0x77,
    0xcf, 0x77, 0x8f, 0xb0, 0xc, 0xcf, 0xfc, 0xb0,
    0xec, 0x0, 0x9f, 0x0, 0x1f, 0xb0, 0xc, 0xcf,
    0xfc, 0xb0, 0xee, 0x99, 0xdf, 0x99, 0x9f, 0xb0,
    0x0, 0xc, 0xf0, 0x0, 0xef, 0xff, 0xff, 0xff,
    0xff, 0xb0, 0x0, 0xc, 0xf0, 0x0, 0x0, 0x0,
    0xcf, 0x30, 0x0, 0x0, 0x0, 0xc, 0xf0, 0x0,
    0x0, 0x0, 0xcf, 0x20, 0x0, 0x0, 0x0, 0xc,
    0xf0, 0x2, 0xcc, 0xcc, 0xff, 0xcc, 0xcc, 0x80,
    0x0, 0xc, 0xfb, 0xf5, 0xff, 0xff, 0xff, 0xff,
    0xff, 0xa0, 0x17, 0xcf, 0xff, 0xd3, 0x0, 0x0,
    0xcf, 0x20, 0x0, 0x0, 0x3f, 0xfd, 0x83, 0x0,
    0x0, 0x0, 0xcf, 0x20, 0x0, 0x0, 0x7, 0x20,
    0x0, 0x7c, 0xcc, 0xcc, 0xff, 0xdc, 0xcc, 0xc4,
    0x0, 0x0, 0x0, 0x9f, 0xff, 0xff, 0xff, 0xff,
    0xff, 0xf5,

    /* U+751F "生" */
    0x0, 0x0, 0x45, 0x10, 0xc, 0xd0, 0x0, 0x0,
    0x0, 0x0, 0x0, 0x0, 0xcf, 0x40, 0xf, 0xf0,
    0x0, 0x0, 0x0, 0x0, 0x0, 0x2, 0xfe, 0x0,
    0xf, 0xf0, 0x0, 0x0, 0x0, 0x0, 0x0, 0x8,
    0xf9, 0x0, 0xf, 0xf1, 0x0, 0x0, 0x0, 0x0,
    0x0, 0xe, 0xff, 0xff, 0xff, 0xff, 0xff, 0xff,
    0xff, 0x0, 0x0, 0x7f, 0xec, 0xcc, 0xcf, 0xfc,
    0xcc, 0xcc, 0xcc, 0x0, 0x2, 0xff, 0x30, 0x0,
    0xf, 0xf0, 0x0, 0x0, 0x0, 0x0, 0xc, 0xfa,
    0x0, 0x0, 0xf, 0xf0, 0x0, 0x0, 0x0, 0x0,
    0x4, 0xc1, 0x0, 0x0, 0xf, 0xf0, 0x0, 0x0,
    0x0, 0x0, 0x0, 0x0, 0x0, 0x0, 0xf, 0xf1,
    0x0, 0x0, 0x0, 0x0, 0x0, 0xb, 0xff, 0xff,
    0xff, 0xff, 0xff, 0xff, 0xf4, 0x0, 0x0, 0x8,
    0xcc, 0xcc, 0xcf, 0xfc, 0xcc, 0xcc, 0xc3, 0x0,
    0x0, 0x0, 0x0, 0x0, 0xf, 0xf0, 0x0, 0x0,
    0x0, 0x0, 0x0, 0x0, 0x0, 0x0, 0xf, 0xf0,
    0x0, 0x0, 0x0, 0x0, 0x0, 0x0, 0x0, 0x0,
    0xf, 0xf0, 0x0, 0x0, 0x0, 0x0, 0x0, 0x0,
    0x0, 0x0, 0xf, 0xf0, 0x0, 0x0, 0x0, 0x0,
    0xd, 0xee, 0xee, 0xee, 0xef, 0xfe, 0xee, 0xee,
    0xee, 0xe0, 0xd, 0xee, 0xee, 0xee, 0xee, 0xee,
    0xee, 0xee, 0xee, 0xe0,

    /* U+7528 "用" */
    0x0, 0xa, 0xba, 0xaa, 0xaa, 0xaa, 0xaa, 0xaa,
    0xb9, 0x0, 0xf, 0xff, 0xff, 0xff, 0xff, 0xff,
    0xff, 0xfe, 0x0, 0xf, 0xe2, 0x22, 0x2d, 0xf3,
    0x22, 0x22, 0xfe, 0x0, 0xf, 0xd0, 0x0, 0xd,
    0xf1, 0x0, 0x0, 0xfe, 0x0, 0xf, 0xd0, 0x0,
    0xd, 0xf1, 0x0, 0x0, 0xfe, 0x0, 0xf, 0xfd,
    0xdd, 0xdf, 0xfd, 0xdd, 0xdd, 0xfe, 0x0, 0xf,
    0xff, 0xff, 0xff, 0xff, 0xff, 0xff, 0xfe, 0x0,
    0xf, 0xd0, 0x0, 0xd, 0xf1, 0x0, 0x0, 0xfe,
    0x0, 0xf, 0xd0, 0x0, 0xd, 0xf1, 0x0, 0x0,
    0xfe, 0x0, 0x1f, 0xc0, 0x0, 0xd, 0xf2, 0x0,
    0x0, 0xfe, 0x0, 0x2f, 0xff, 0xff, 0xff, 0xff,
    0xff, 0xff, 0xfe, 0x0, 0x4f, 0xec, 0xcc, 0xcf,
    0xfc, 0xcc, 0xcc, 0xfe, 0x0, 0x6f, 0x70, 0x0,
    0xd, 0xf1, 0x0, 0x0, 0xfe, 0x0, 0xaf, 0x40,
    0x0, 0xd, 0xf1, 0x0, 0x0, 0xfe, 0x0, 0xff,
    0x0, 0x0, 0xd, 0xf1, 0x0, 0x0, 0xfe, 0x6,
    0xfa, 0x0, 0x0, 0xd, 0xf1, 0x0, 0x0, 0xfe,
    0x1e, 0xf3, 0x0, 0x0, 0xd, 0xf1, 0x4c, 0xcc,
    0xfc, 0x1b, 0x90, 0x0, 0x0, 0xc, 0xf1, 0xf,
    0xff, 0xd4, 0x0, 0x0, 0x0, 0x0, 0x0, 0x0,
    0x0, 0x0, 0x0,

    /* U+7535 "电" */
    0x0, 0x0, 0x0, 0x2d, 0xb0, 0x0, 0x0, 0x0,
    0x0, 0x0, 0x0, 0x2, 0xfd, 0x0, 0x0, 0x0,
    0x0, 0x0, 0x0, 0x0, 0x2f, 0xd0, 0x0, 0x0,
    0x0, 0xd, 0xff, 0xff, 0xff, 0xff, 0xff, 0xff,
    0xff, 0x0, 0xdf, 0xed, 0xdd, 0xef, 0xfd, 0xdd,
    0xdf, 0xf0, 0xd, 0xf2, 0x0, 0x2, 0xfd, 0x0,
    0x0, 0xef, 0x0, 0xdf, 0x20, 0x0, 0x2f, 0xd0,
    0x0, 0xe, 0xf0, 0xd, 0xfc, 0xbb, 0xbc, 0xff,
    0xbb, 0xbb, 0xff, 0x0, 0xdf, 0xff, 0xff, 0xff,
    0xff, 0xff, 0xff, 0xf0, 0xd, 0xf2, 0x0, 0x3,
    0xfd, 0x0, 0x0, 0xef, 0x0, 0xdf, 0x20, 0x0,
    0x2f, 0xd0, 0x0, 0xe, 0xf0, 0xd, 0xfb, 0xbb,
    0xbc, 0xff, 0xbb, 0xbb, 0xff, 0x0, 0xdf, 0xff,
    0xff, 0xff, 0xff, 0xff, 0xff, 0xf0, 0xd, 0xf4,
    0x22, 0x24, 0xfe, 0x22, 0x22, 0x22, 0x92, 0x45,
    0x0, 0x0, 0x2f, 0xd0, 0x0, 0x0, 0xf, 0xe0,
    0x0, 0x0, 0x2, 0xfd, 0x0, 0x0, 0x1, 0xfd,
    0x0, 0x0, 0x0, 0x1f, 0xf0, 0x0, 0x0, 0x5f,
    0xa0, 0x0, 0x0, 0x0, 0xef, 0xfe, 0xee, 0xef,
    0xf5, 0x0, 0x0, 0x0, 0x4, 0xdf, 0xff, 0xff,
    0xf9, 0x0,

    /* U+754C "界" */
    0x0, 0x6, 0x77, 0x77, 0x77, 0x77, 0x77, 0x77,
    0x70, 0x0, 0x0, 0xf, 0xff, 0xff, 0xff, 0xff,
    0xff, 0xff, 0xf0, 0x0, 0x0, 0xf, 0xe2, 0x22,
    0x2f, 0xf2, 0x22, 0x2e, 0xf0, 0x0, 0x0, 0xf,
    0xe0, 0x0, 0xf, 0xf0, 0x0, 0xe, 0xf0, 0x0,
    0x0, 0xf, 0xff, 0xff, 0xff, 0xff, 0xff, 0xff,
    0xf0, 0x0, 0x0, 0xf, 0xf8, 0x88, 0x8f, 0xf8,
    0x88, 0x8f, 0xf0, 0x0, 0x0, 0xf, 0xe0, 0x0,
    0xf, 0xf0, 0x0, 0xe, 0xf0, 0x0, 0x0, 0xf,
    0xfb, 0xbb, 0xbf, 0xfb, 0xbb, 0xbf, 0xf0, 0x0,
    0x0, 0xc, 0xdd, 0xef, 0xfd, 0xdf, 0xfe, 0xdd,
    0xd0, 0x0, 0x0, 0x0, 0x1, 0xdf, 0x80, 0x6,
    0xfd, 0x10, 0x0, 0x0, 0x0, 0x0, 0x3e, 0xf9,
    0x0, 0x0, 0x8f, 0xe4, 0x0, 0x0, 0x0, 0x19,
    0xff, 0x90, 0x0, 0x0, 0x7, 0xff, 0xa2, 0x0,
    0x9, 0xff, 0xe5, 0xef, 0x0, 0x0, 0xef, 0x5e,
    0xff, 0xc1, 0x7, 0xf8, 0x10, 0xff, 0x0, 0x0,
    0xef, 0x10, 0x7e, 0x80, 0x0, 0x10, 0x1, 0xfe,
    0x0, 0x0, 0xef, 0x10, 0x0, 0x0, 0x0, 0x0,
    0x8, 0xfa, 0x0, 0x0, 0xef, 0x10, 0x0, 0x0,
    0x0, 0x0, 0x8f, 0xf2, 0x0, 0x0, 0xef, 0x10,
    0x0, 0x0, 0x0, 0x4d, 0xff, 0x50, 0x0, 0x0,
    0xef, 0x10, 0x0, 0x0, 0x0, 0x1d, 0xc3, 0x0,
    0x0, 0x0, 0xef, 0x10, 0x0, 0x0, 0x0, 0x0,
    0x0, 0x0, 0x0, 0x0, 0x0, 0x0, 0x0, 0x0,

    /* U+7559 "留" */
    0x0, 0x0, 0x4, 0x93, 0x0, 0x0, 0x0, 0x0,
    0x0, 0x2, 0x6a, 0xef, 0xfb, 0xb, 0xbb, 0xbb,
    0xbb, 0xb5, 0xc, 0xfe, 0xb7, 0x20, 0xf, 0xff,
    0xff, 0xff, 0xf6, 0xc, 0xf1, 0x0, 0x10, 0x0,
    0xe, 0xd0, 0x6, 0xf6, 0xc, 0xf1, 0xc, 0xe0,
    0x0, 0x2f, 0xa0, 0x7, 0xf5, 0xc, 0xf1, 0x6,
    0xf8, 0x0, 0x7f, 0x60, 0x8, 0xf4, 0xd, 0xf5,
    0x8c, 0xff, 0x11, 0xef, 0x10, 0xa, 0xf2, 0x4f,
    0xff, 0xfe, 0xcf, 0xad, 0xf7, 0x37, 0x7f, 0xf0,
    0x1f, 0xc7, 0x30, 0x7, 0xef, 0x90, 0x1f, 0xff,
    0x70, 0x1, 0x0, 0x0, 0x0, 0x45, 0x0, 0x2,
    0x21, 0x0, 0x0, 0x7a, 0xaa, 0xaa, 0xaa, 0xaa,
    0xaa, 0xaa, 0x0, 0x0, 0xbf, 0xee, 0xee, 0xff,
    0xee, 0xee, 0xff, 0x0, 0x0, 0xbf, 0x30, 0x0,
    0xdf, 0x0, 0x0, 0xff, 0x0, 0x0, 0xbf, 0x97,
    0x77, 0xef, 0x77, 0x77, 0xff, 0x0, 0x0, 0xbf,
    0xff, 0xff, 0xff, 0xff, 0xff, 0xff, 0x0, 0x0,
    0xbf, 0x30, 0x0, 0xdf, 0x0, 0x0, 0xff, 0x0,
    0x0, 0xbf, 0xdc, 0xcc, 0xff, 0xcc, 0xcc, 0xff,
    0x0, 0x0, 0xbf, 0xdc, 0xcc, 0xcc, 0xcc, 0xcc,
    0xff, 0x0, 0x0, 0xbf, 0x30, 0x0, 0x0, 0x0,
    0x0, 0xff, 0x0, 0x0, 0x11, 0x0, 0x0, 0x0,
    0x0, 0x0, 0x0, 0x0,

    /* U+7684 "的" */
    0x0, 0x4, 0xc5, 0x0, 0x0, 0x1c, 0x80, 0x0,
    0x0, 0x0, 0x8, 0xf5, 0x0, 0x0, 0x6f, 0x90,
    0x0, 0x0, 0x0, 0xb, 0xf0, 0x0, 0x0, 0xbf,
    0x40, 0x0, 0x0, 0x1a, 0xbf, 0xea, 0xa9, 0x1,
    0xff, 0xcc, 0xcc, 0xcb, 0x2f, 0xff, 0xff, 0xfd,
    0x8, 0xff, 0xff, 0xff, 0xfe, 0x2f, 0x90, 0x0,
    0xed, 0x1f, 0xf1, 0x0, 0x0, 0xee, 0x2f, 0x90,
    0x0, 0xed, 0xaf, 0x90, 0x0, 0x0, 0xed, 0x2f,
    0x90, 0x0, 0xee, 0xcf, 0x10, 0x0, 0x0, 0xfc,
    0x2f, 0x90, 0x0, 0xed, 0x3, 0x6d, 0x10, 0x0,
    0xfc, 0x2f, 0xff, 0xff, 0xfd, 0x0, 0x6f, 0xb0,
    0x0, 0xfb, 0x2f, 0xd9, 0x99, 0xfd, 0x0, 0xb,
    0xf7, 0x1, 0xfa, 0x2f, 0x90, 0x0, 0xed, 0x0,
    0x1, 0xff, 0x22, 0xfa, 0x2f, 0x90, 0x0, 0xed,
    0x0, 0x0, 0x6f, 0x63, 0xf9, 0x2f, 0x90, 0x0,
    0xed, 0x0, 0x0, 0x2, 0x4, 0xf7, 0x2f, 0x90,
    0x0, 0xed, 0x0, 0x0, 0x0, 0x6, 0xf6, 0x2f,
    0xff, 0xff, 0xfd, 0x0, 0x0, 0x0, 0x8, 0xf4,
    0x2f, 0xda, 0xaa, 0xa8, 0x0, 0x2, 0x0, 0xd,
    0xf1, 0x2f, 0x90, 0x0, 0x0, 0x0, 0x8, 0xdc,
    0xdf, 0xc0, 0x2f, 0x90, 0x0, 0x0, 0x0, 0x4,
    0xff, 0xfc, 0x20, 0x0, 0x0, 0x0, 0x0, 0x0,
    0x0, 0x0, 0x0, 0x0,

    /* U+76CA "益" */
    0x0, 0x0, 0x4b, 0x20, 0x0, 0x0, 0x4, 0xb4,
    0x0, 0x0, 0x0, 0x0, 0x6f, 0xc0, 0x0, 0x0,
    0xc, 0xf4, 0x0, 0x0, 0x0, 0x0, 0xb, 0xf6,
    0x0, 0x0, 0x6f, 0xa0, 0x0, 0x0, 0x0, 0x0,
    0x2, 0xf9, 0x0, 0x0, 0xbe, 0x10, 0x0, 0x0,
    0xe, 0xff, 0xff, 0xff, 0xff, 0xff, 0xff, 0xff,
    0xff, 0xa0, 0x9, 0xaa, 0xaa, 0xaa, 0xaa, 0xaa,
    0xaa, 0xaa, 0xaa, 0x60, 0x0, 0x0, 0x0, 0x83,
    0x0, 0x0, 0x76, 0x0, 0x0, 0x0, 0x0, 0x0,
    0x5d, 0xf9, 0x0, 0x2, 0xef, 0xf9, 0x30, 0x0,
    0x0, 0x6d, 0xfe, 0x40, 0x0, 0x0, 0x6, 0xcf,
    0xfc, 0x30, 0x9, 0xff, 0x80, 0x0, 0x0, 0x0,
    0x0, 0x3, 0xbf, 0x50, 0x0, 0x89, 0xaa, 0xaa,
    0xaa, 0xaa, 0xaa, 0xaa, 0x62, 0x0, 0x0, 0xc,
    0xff, 0xff, 0xff, 0xff, 0xff, 0xff, 0xa0, 0x0,
    0x0, 0xc, 0xf0, 0xf, 0xc0, 0x1f, 0xa0, 0x2f,
    0xa0, 0x0, 0x0, 0xc, 0xf0, 0xf, 0xc0, 0x1f,
    0xa0, 0x2f, 0xa0, 0x0, 0x0, 0xc, 0xf0, 0xf,
    0xc0, 0x1f, 0xa0, 0x2f, 0xa0, 0x0, 0x0, 0xc,
    0xf0, 0xf, 0xc0, 0x1f, 0xa0, 0x2f, 0xa0, 0x0,
    0x1b, 0xbe, 0xfb, 0xbf, 0xfb, 0xbf, 0xeb, 0xbf,
    0xeb, 0xb1, 0x2f, 0xff, 0xff, 0xff, 0xff, 0xff,
    0xff, 0xff, 0xff, 0xf2,

    /* U+76D8 "盘" */
    0x0, 0x0, 0x0, 0x0, 0x1, 0x0, 0x0, 0x0,
    0x0, 0x0, 0x0, 0x0, 0x0, 0x0, 0x2f, 0xd0,
    0x0, 0x0, 0x0, 0x0, 0x0, 0x0, 0x78, 0x77,
    0xbf, 0xd7, 0x77, 0x78, 0x50, 0x0, 0x0, 0x0,
    0xef, 0xff, 0xff, 0xff, 0xff, 0xff, 0xb0, 0x0,
    0x0, 0x0, 0xee, 0x0, 0x88, 0x10, 0x0, 0x3f,
    0xb0, 0x0, 0x0, 0x0, 0xee, 0x0, 0xaf, 0xe4,
    0x0, 0x3f, 0xb0, 0x0, 0x0, 0x0, 0xfe, 0x0,
    0x3, 0xd9, 0x0, 0x3f, 0xb0, 0x0, 0xf, 0xff,
    0xff, 0xff, 0xff, 0xff, 0xff, 0xff, 0xff, 0xf2,
    0x9, 0x9b, 0xfd, 0x99, 0xb9, 0x99, 0x99, 0xaf,
    0xe9, 0x91, 0x0, 0xb, 0xf5, 0x1, 0xee, 0x60,
    0x0, 0x3f, 0xb0, 0x0, 0x0, 0x7f, 0xd0, 0x0,
    0x2a, 0xf9, 0x45, 0x8f, 0xb0, 0x0, 0x4, 0xff,
    0x30, 0x0, 0x0, 0x41, 0x7f, 0xff, 0x50, 0x0,
    0x0, 0x59, 0x77, 0x77, 0x77, 0x77, 0x79, 0x87,
    0x71, 0x0, 0x0, 0xe, 0xff, 0xff, 0xff, 0xff,
    0xff, 0xff, 0xf2, 0x0, 0x0, 0xe, 0xd0, 0xe,
    0xd0, 0xe, 0xd0, 0xa, 0xf2, 0x0, 0x0, 0xe,
    0xd0, 0xe, 0xd0, 0xe, 0xd0, 0xa, 0xf2, 0x0,
    0x0, 0xe, 0xd0, 0xe, 0xd0, 0xe, 0xd0, 0xa,
    0xf2, 0x0, 0x1b, 0xbf, 0xfb, 0xbf, 0xfb, 0xbf,
    0xfb, 0xbe, 0xfc, 0xb1, 0x2f, 0xff, 0xff, 0xff,
    0xff, 0xff, 0xff, 0xff, 0xff, 0xf2, 0x2f, 0xff,
    0xff, 0xff, 0xff, 0xff, 0xff, 0xff, 0xff, 0xf2,

    /* U+76EE "目" */
    0xdd, 0xdd, 0xdd, 0xdd, 0xdd, 0xdd, 0xdc, 0xff,
    0xff, 0xff, 0xff, 0xff, 0xff, 0xff, 0xfe, 0x0,
    0x0, 0x0, 0x0, 0x0, 0xff, 0xfe, 0x0, 0x0,
    0x0, 0x0, 0x0, 0xff, 0xfe, 0x0, 0x0, 0x0,
    0x0, 0x0, 0xff, 0xff, 0xff, 0xff, 0xff, 0xff,
    0xff, 0xff, 0xff, 0xcc, 0xcc, 0xcc, 0xcc, 0xcc,
    0xff, 0xfe, 0x0, 0x0, 0x0, 0x0, 0x0, 0xff,
    0xfe, 0x0, 0x0, 0x0, 0x0, 0x0, 0xff, 0xfe,
    0x22, 0x22, 0x22, 0x22, 0x22, 0xff, 0xff, 0xff,
    0xff, 0xff, 0xff, 0xff, 0xff, 0xff, 0xaa, 0xaa,
    0xaa, 0xaa, 0xaa, 0xff, 0xfe, 0x0, 0x0, 0x0,
    0x0, 0x0, 0xff, 0xfe, 0x0, 0x0, 0x0, 0x0,
    0x0, 0xff, 0xff, 0xdd, 0xdd, 0xdd, 0xdd, 0xdd,
    0xff, 0xff, 0xff, 0xff, 0xff, 0xff, 0xff, 0xff,
    0xfe, 0x0, 0x0, 0x0, 0x0, 0x0, 0xff, 0xfe,
    0x0, 0x0, 0x0, 0x0, 0x0, 0xff,

    /* U+76F8 "相" */
    0x0, 0x0, 0xdc, 0x0, 0x0, 0x0, 0x0, 0x0,
    0x0, 0x0, 0x0, 0xf, 0xe0, 0x0, 0x9c, 0xcc,
    0xcc, 0xcc, 0xc9, 0x0, 0x0, 0xfe, 0x0, 0xd,
    0xff, 0xff, 0xff, 0xff, 0xd0, 0x0, 0xf, 0xe0,
    0x0, 0xdf, 0x0, 0x0, 0x1, 0xfd, 0xa, 0xaa,
    0xff, 0xaa, 0x6d, 0xf0, 0x0, 0x0, 0x1f, 0xd0,
    0xff, 0xff, 0xff, 0xf9, 0xdf, 0x0, 0x0, 0x1,
    0xfd, 0x2, 0x26, 0xfe, 0x22, 0x1d, 0xff, 0xff,
    0xff, 0xff, 0xd0, 0x0, 0x9f, 0xe0, 0x0, 0xdf,
    0xbb, 0xbb, 0xbc, 0xfd, 0x0, 0xe, 0xff, 0x90,
    0xd, 0xf0, 0x0, 0x0, 0x1f, 0xd0, 0x4, 0xff,
    0xff, 0x60, 0xdf, 0x0, 0x0, 0x1, 0xfd, 0x0,
    0xcc, 0xfe, 0xbf, 0x3d, 0xf0, 0x0, 0x0, 0x2f,
    0xd0, 0x4f, 0x5f, 0xe1, 0xf7, 0xdf, 0xff, 0xff,
    0xff, 0xfd, 0xd, 0xe0, 0xfe, 0x4, 0xd, 0xfa,
    0xaa, 0xaa, 0xbf, 0xd5, 0xf6, 0xf, 0xe0, 0x0,
    0xdf, 0x0, 0x0, 0x1, 0xfd, 0x8, 0x0, 0xfe,
    0x0, 0xd, 0xf0, 0x0, 0x0, 0x1f, 0xd0, 0x0,
    0xf, 0xe0, 0x0, 0xdf, 0xaa, 0xaa, 0xaa, 0xfd,
    0x0, 0x0, 0xfe, 0x0, 0xd, 0xff, 0xff, 0xff,
    0xff, 0xd0, 0x0, 0xf, 0xe0, 0x0, 0xdf, 0x22,
    0x22, 0x23, 0xfd, 0x0, 0x0, 0xfe, 0x0, 0xd,
    0xf0, 0x0, 0x0, 0x1f, 0xd0, 0x0, 0x0, 0x0,
    0x0, 0x11, 0x0, 0x0, 0x0, 0x0,

    /* U+770B "看" */
    0x0, 0x0, 0x0, 0x0, 0x1, 0x23, 0x46, 0x79,
    0x80, 0x0, 0x8, 0xee, 0xef, 0xff, 0xff, 0xff,
    0xff, 0xec, 0x30, 0x0, 0x39, 0x98, 0x89, 0xff,
    0x54, 0x32, 0x0, 0x0, 0x0, 0x2, 0x55, 0x55,
    0x9f, 0xd5, 0x55, 0x55, 0x55, 0x40, 0x0, 0x7f,
    0xff, 0xff, 0xff, 0xff, 0xff, 0xff, 0xfb, 0x0,
    0x0, 0x11, 0x14, 0xfe, 0x11, 0x11, 0x11, 0x11,
    0x10, 0x8, 0x99, 0x99, 0xcf, 0xd9, 0x99, 0x99,
    0x99, 0x99, 0x70, 0xef, 0xff, 0xff, 0xff, 0xff,
    0xff, 0xff, 0xff, 0xfc, 0x0, 0x0, 0xc, 0xf7,
    0x0, 0x0, 0x0, 0x0, 0x0, 0x0, 0x0, 0x8,
    0xff, 0xff, 0xff, 0xff, 0xff, 0xfe, 0x0, 0x0,
    0x6, 0xff, 0xf7, 0x77, 0x77, 0x77, 0x7f, 0xe0,
    0x0, 0x7, 0xff, 0xff, 0x44, 0x44, 0x44, 0x44,
    0xfe, 0x0, 0x2b, 0xff, 0x4d, 0xff, 0xff, 0xff,
    0xff, 0xff, 0xe0, 0x1, 0xdd, 0x20, 0xdf, 0x0,
    0x0, 0x0, 0x0, 0xfe, 0x0, 0x1, 0x0, 0xd,
    0xff, 0xff, 0xff, 0xff, 0xff, 0xe0, 0x0, 0x0,
    0x0, 0xdf, 0x44, 0x44, 0x44, 0x44, 0xfe, 0x0,
    0x0, 0x0, 0xd, 0xf8, 0x88, 0x88, 0x88, 0x8f,
    0xe0, 0x0, 0x0, 0x0, 0xdf, 0xff, 0xff, 0xff,
    0xff, 0xfe, 0x0, 0x0, 0x0, 0xd, 0xf0, 0x0,
    0x0, 0x0, 0xf, 0xe0, 0x0,

    /* U+7816 "砖" */
    0x0, 0x0, 0x0, 0x0, 0x0, 0x0, 0x9c, 0x20,
    0x0, 0x0, 0x1e, 0xee, 0xee, 0xee, 0x10, 0x0,
    0xef, 0x0, 0x0, 0x0, 0x1d, 0xdf, 0xfd, 0xdd,
    0x5b, 0xbb, 0xff, 0xbb, 0xbb, 0x70, 0x0, 0xe,
    0xd0, 0x0, 0x7f, 0xff, 0xff, 0xff, 0xff, 0xa0,
    0x0, 0x2f, 0xa0, 0x0, 0x0, 0xc, 0xf3, 0x0,
    0x0, 0x0, 0x0, 0x6f, 0x60, 0x0, 0x0, 0xf,
    0xe0, 0x0, 0x0, 0x0, 0x0, 0xbf, 0x10, 0x3,
    0xdd, 0xef, 0xfd, 0xdd, 0xdd, 0xd3, 0x1, 0xff,
    0xbb, 0xb9, 0xff, 0xff, 0xff, 0xff, 0xff, 0xf3,
    0x7, 0xff, 0xff, 0xf8, 0x0, 0xef, 0x0, 0x0,
    0x0, 0x0, 0x1f, 0xfc, 0x1, 0xf8, 0x3, 0xfc,
    0x0, 0x0, 0x10, 0x0, 0x5f, 0xfc, 0x1, 0xf8,
    0x9, 0xff, 0xff, 0xff, 0xfe, 0x30, 0xc, 0xdc,
    0x1, 0xf8, 0xa, 0xbb, 0xbb, 0xbf, 0xfb, 0x0,
    0x0, 0xdc, 0x1, 0xf8, 0x0, 0x0, 0x0, 0x8f,
    0xc0, 0x0, 0x0, 0xdc, 0x1, 0xf8, 0x0, 0x85,
    0x7, 0xfd, 0x10, 0x0, 0x0, 0xde, 0xaa, 0xf8,
    0x3, 0xff, 0xdf, 0xe1, 0x0, 0x0, 0x0, 0xdf,
    0xff, 0xf8, 0x0, 0x1b, 0xff, 0x90, 0x0, 0x0,
    0x0, 0xdc, 0x0, 0x0, 0x0, 0x0, 0x5f, 0xfc,
    0x20, 0x0, 0x0, 0x77, 0x0, 0x0, 0x0, 0x0,
    0x2, 0xcf, 0x70, 0x0, 0x0, 0x0, 0x0, 0x0,
    0x0, 0x0, 0x0, 0x6, 0x0, 0x0,

    /* U+786E "确" */
    0x0, 0x0, 0x0, 0x0, 0x0, 0x39, 0x30, 0x0,
    0x0, 0x0, 0xbb, 0xbb, 0xbb, 0xa0, 0xa, 0xf4,
    0x0, 0x10, 0x0, 0xf, 0xff, 0xff, 0xfe, 0x2,
    0xff, 0xff, 0xff, 0xc0, 0x0, 0x0, 0xcf, 0x0,
    0x0, 0xcf, 0x98, 0x8c, 0xfb, 0x0, 0x0, 0xf,
    0xc0, 0x0, 0x8f, 0x90, 0x1, 0xee, 0x10, 0x0,
    0x4, 0xf7, 0x0, 0x8f, 0xfd, 0xcc, 0xef, 0xec,
    0xc9, 0x0, 0x9f, 0x30, 0xc, 0xff, 0xfd, 0xef,
    0xfd, 0xdf, 0xc0, 0xe, 0xfb, 0xbb, 0x55, 0xf9,
    0x1, 0xf9, 0x0, 0xfc, 0x6, 0xff, 0xff, 0xf5,
    0x3f, 0xa4, 0x5f, 0xb4, 0x4f, 0xc1, 0xef, 0xe0,
    0x3f, 0x53, 0xff, 0xff, 0xff, 0xff, 0xfc, 0x3f,
    0xfe, 0x3, 0xf5, 0x3f, 0xa3, 0x4f, 0xb3, 0x3f,
    0xc0, 0xbc, 0xe0, 0x3f, 0x53, 0xf8, 0x1, 0xf9,
    0x0, 0xfc, 0x0, 0xbe, 0x3, 0xf5, 0x4f, 0xed,
    0xdf, 0xfd, 0xdf, 0xc0, 0xb, 0xe0, 0x3f, 0x56,
    0xfd, 0xcc, 0xfe, 0xcc, 0xfc, 0x0, 0xbf, 0xab,
    0xf5, 0xaf, 0x30, 0x1f, 0x90, 0xf, 0xc0, 0xb,
    0xff, 0xff, 0x5e, 0xf0, 0x1, 0xf9, 0x0, 0xfc,
    0x0, 0xbe, 0x0, 0x6, 0xfb, 0x0, 0x1f, 0x90,
    0xf, 0xc0, 0x6, 0x80, 0x1, 0xff, 0x40, 0x0,
    0xb6, 0x79, 0xfc, 0x0, 0x0, 0x0, 0x6, 0xb0,
    0x0, 0x0, 0x9, 0xfe, 0x50, 0x0, 0x0, 0x0,
    0x0, 0x0, 0x0, 0x0, 0x0, 0x0,

    /* U+788D "碍" */
    0x0, 0x0, 0x0, 0x0, 0x2, 0x44, 0x44, 0x44,
    0x44, 0x0, 0xe, 0xee, 0xee, 0xee, 0x3b, 0xff,
    0xff, 0xff, 0xff, 0x20, 0xf, 0xff, 0xff, 0xff,
    0x4b, 0xf3, 0x22, 0x22, 0xbf, 0x20, 0x0, 0xc,
    0xf2, 0x0, 0xb, 0xf6, 0x55, 0x55, 0xcf, 0x20,
    0x0, 0xf, 0xe0, 0x0, 0xb, 0xff, 0xff, 0xff,
    0xff, 0x20, 0x0, 0x4f, 0xa0, 0x0, 0xb, 0xf1,
    0x0, 0x0, 0xaf, 0x20, 0x0, 0xaf, 0x50, 0x0,
    0xb, 0xfd, 0xdd, 0xdd, 0xff, 0x20, 0x1, 0xff,
    0xcb, 0xb9, 0x5, 0x77, 0x77, 0x77, 0x77, 0x10,
    0x8, 0xff, 0xff, 0xfd, 0x16, 0x66, 0x66, 0x66,
    0x66, 0x60, 0x3f, 0xff, 0x0, 0xed, 0x4f, 0xff,
    0xff, 0xff, 0xff, 0xf2, 0x4f, 0xff, 0x0, 0xed,
    0x13, 0x33, 0x33, 0x4f, 0xd3, 0x30, 0xa, 0xbf,
    0x0, 0xed, 0x59, 0x99, 0x99, 0x9f, 0xe9, 0x92,
    0x0, 0xbf, 0x0, 0xed, 0xaf, 0xff, 0xff, 0xff,
    0xff, 0xf4, 0x0, 0xbf, 0x0, 0xed, 0x1, 0x99,
    0x11, 0x2f, 0xc1, 0x10, 0x0, 0xbf, 0xaa, 0xfd,
    0x1, 0xdf, 0x70, 0xf, 0xc0, 0x0, 0x0, 0xbf,
    0xff, 0xfd, 0x0, 0x3f, 0xf2, 0xf, 0xc0, 0x0,
    0x0, 0xbf, 0x10, 0x0, 0x0, 0x8, 0x90, 0xf,
    0xc0, 0x0, 0x0, 0x69, 0x0, 0x0, 0x0, 0x0,
    0x2a, 0xaf, 0xb0, 0x0, 0x0, 0x0, 0x0, 0x0,
    0x0, 0x0, 0xe, 0xfd, 0x40, 0x0,

    /* U+788E "碎" */
    0x0, 0x0, 0x0, 0x0, 0x0, 0x0, 0x4c, 0x50,
    0x0, 0x0, 0x1e, 0xee, 0xee, 0xea, 0x0, 0x0,
    0x2f, 0xc0, 0x0, 0x0, 0x1d, 0xdf, 0xfd, 0xd9,
    0x5b, 0xbb, 0xbf, 0xfb, 0xbb, 0xb0, 0x0, 0xd,
    0xe0, 0x0, 0x7f, 0xff, 0xff, 0xff, 0xff, 0xf0,
    0x0, 0x1f, 0xa0, 0x0, 0x0, 0x56, 0x0, 0x3,
    0x61, 0x0, 0x0, 0x5f, 0x60, 0x0, 0x0, 0xdf,
    0x0, 0xa, 0xf1, 0x0, 0x0, 0xaf, 0x10, 0x0,
    0x1, 0xfb, 0x0, 0xf, 0xc0, 0x0, 0x1, 0xff,
    0xbb, 0xb3, 0x7, 0xff, 0x70, 0x6f, 0xf6, 0x0,
    0x7, 0xff, 0xff, 0xf5, 0xe, 0xea, 0xf5, 0xde,
    0xcf, 0x60, 0x2f, 0xfc, 0x4, 0xf5, 0xaf, 0x60,
    0x79, 0xf6, 0x1d, 0xd0, 0x4f, 0xfc, 0x4, 0xf5,
    0x8c, 0x0, 0x8, 0xd0, 0x2, 0x20, 0xb, 0xcc,
    0x4, 0xf5, 0x0, 0x0, 0x2f, 0xb0, 0x0, 0x0,
    0x0, 0xcc, 0x4, 0xf5, 0xaf, 0xff, 0xff, 0xff,
    0xff, 0xf8, 0x0, 0xcc, 0x4, 0xf5, 0x6a, 0xaa,
    0xaf, 0xea, 0xaa, 0xa5, 0x0, 0xce, 0xab, 0xf5,
    0x0, 0x0, 0x1f, 0xb0, 0x0, 0x0, 0x0, 0xcf,
    0xff, 0xf5, 0x0, 0x0, 0x1f, 0xb0, 0x0, 0x0,
    0x0, 0xcc, 0x0, 0x0, 0x0, 0x0, 0x1f, 0xb0,
    0x0, 0x0, 0x0, 0x77, 0x0, 0x0, 0x0, 0x0,
    0x1f, 0xb0, 0x0, 0x0, 0x0, 0x0, 0x0, 0x0,
    0x0, 0x0, 0x1f, 0xb0, 0x0, 0x0,

    /* U+793A "示" */
    0x0, 0xb, 0xbb, 0xbb, 0xbb, 0xbb, 0xbb, 0xbb,
    0xb0, 0x0, 0x1, 0xff, 0xff, 0xff, 0xff, 0xff,
    0xff, 0xff, 0x10, 0x0, 0x2, 0x22, 0x22, 0x22,
    0x22, 0x22, 0x22, 0x20, 0x0, 0x0, 0x0, 0x0,
    0x0, 0x0, 0x0, 0x0, 0x0, 0x0, 0x0, 0x0,
    0x0, 0x0, 0x0, 0x0, 0x0, 0x0, 0x0, 0x0,
    0xbd, 0xdd, 0xdd, 0xdd, 0xdd, 0xdd, 0xdd, 0xdd,
    0xdc, 0xd, 0xff, 0xff, 0xff, 0xff, 0xff, 0xff,
    0xff, 0xff, 0xe0, 0x0, 0x0, 0x0, 0x0, 0xff,
    0x10, 0x0, 0x0, 0x0, 0x0, 0x0, 0x0, 0x0,
    0xf, 0xf1, 0x0, 0x0, 0x0, 0x0, 0x0, 0xd,
    0xc2, 0x0, 0xff, 0x10, 0x2c, 0xc0, 0x0, 0x0,
    0x4, 0xfe, 0x0, 0xf, 0xf1, 0x0, 0xdf, 0x60,
    0x0, 0x0, 0xcf, 0x70, 0x0, 0xff, 0x10, 0x4,
    0xfe, 0x10, 0x0, 0x6f, 0xe0, 0x0, 0xf, 0xf1,
    0x0, 0xb, 0xf8, 0x0, 0x2f, 0xf5, 0x0, 0x0,
    0xff, 0x10, 0x0, 0x3f, 0xf1, 0x1d, 0xfb, 0x0,
    0x0, 0xf, 0xf1, 0x0, 0x0, 0xcf, 0x81, 0x9e,
    0x10, 0x0, 0x0, 0xff, 0x10, 0x0, 0x5, 0xf7,
    0x0, 0x0, 0x4, 0xee, 0xef, 0xf0, 0x0, 0x0,
    0x0, 0x0, 0x0, 0x0, 0xe, 0xff, 0xd6, 0x0,
    0x0, 0x0, 0x0, 0x0, 0x0, 0x0, 0x0, 0x0,
    0x0, 0x0, 0x0, 0x0, 0x0,

    /* U+79D2 "秒" */
    0x0, 0x0, 0x0, 0x55, 0x0, 0x0, 0xaf, 0x20,
    0x0, 0x0, 0x1, 0x48, 0xbf, 0xff, 0x20, 0x0,
    0xaf, 0x20, 0x0, 0x0, 0xd, 0xff, 0xff, 0x73,
    0x0, 0x0, 0xaf, 0x20, 0x0, 0x0, 0x3, 0x42,
    0xfd, 0x0, 0x2, 0x50, 0xaf, 0x25, 0xb1, 0x0,
    0x0, 0x0, 0xfd, 0x0, 0x8, 0xf3, 0xaf, 0x26,
    0xf7, 0x0, 0x14, 0x44, 0xfd, 0x44, 0x2a, 0xf0,
    0xaf, 0x20, 0xee, 0x0, 0x3f, 0xff, 0xff, 0xff,
    0x8d, 0xd0, 0xaf, 0x20, 0x9f, 0x50, 0x17, 0x7a,
    0xff, 0x77, 0x5f, 0x90, 0xaf, 0x20, 0x3f, 0xb0,
    0x0, 0xa, 0xff, 0x60, 0x6f, 0x50, 0xaf, 0x20,
    0xe, 0xb0, 0x0, 0x1f, 0xff, 0xf4, 0x6e, 0x0,
    0xaf, 0x20, 0x1, 0x0, 0x0, 0x9f, 0xfd, 0xcf,
    0x20, 0x0, 0xaf, 0x20, 0xbc, 0x10, 0x2, 0xf9,
    0xfd, 0x3e, 0x10, 0x0, 0xaf, 0x23, 0xfc, 0x0,
    0xc, 0xf2, 0xfd, 0x1, 0x0, 0x0, 0x46, 0x1c,
    0xf5, 0x0, 0x5f, 0x90, 0xfd, 0x0, 0x0, 0x0,
    0x0, 0xaf, 0xb0, 0x0, 0xd, 0x10, 0xfd, 0x0,
    0x0, 0x0, 0xa, 0xfe, 0x10, 0x0, 0x0, 0x0,
    0xfd, 0x0, 0x0, 0x5, 0xdf, 0xe2, 0x0, 0x0,
    0x0, 0x0, 0xfd, 0x0, 0x38, 0xdf, 0xfb, 0x10,
    0x0, 0x0, 0x0, 0x0, 0xfd, 0x8, 0xff, 0xfc,
    0x40, 0x0, 0x0, 0x0, 0x0, 0x0, 0xfd, 0x1,
    0xd9, 0x30, 0x0, 0x0, 0x0, 0x0,

    /* U+79FB "移" */
    0x0, 0x0, 0x1, 0x61, 0x0, 0x0, 0x69, 0x30,
    0x0, 0x0, 0x1, 0x48, 0xcf, 0xfb, 0x0, 0x4,
    0xfe, 0x10, 0x0, 0x0, 0x9, 0xff, 0xfe, 0x61,
    0x0, 0x5f, 0xff, 0xff, 0xfd, 0x10, 0x1, 0x32,
    0xfb, 0x0, 0x19, 0xfe, 0x99, 0x9c, 0xfc, 0x0,
    0x0, 0x1, 0xfb, 0x1, 0xef, 0xc6, 0x0, 0x2e,
    0xf3, 0x0, 0x0, 0x2, 0xfb, 0x0, 0x57, 0x6f,
    0xd6, 0xef, 0x50, 0x0, 0xf, 0xff, 0xff, 0xff,
    0x0, 0x7, 0xff, 0xf5, 0x0, 0x0, 0xb, 0xbe,
    0xfe, 0xbb, 0x2, 0x8f, 0xfe, 0x71, 0x0, 0x0,
    0x0, 0xc, 0xfe, 0x10, 0xdf, 0xfd, 0x5c, 0xf5,
    0x0, 0x0, 0x0, 0x2f, 0xff, 0xd0, 0x68, 0x30,
    0x9f, 0xfa, 0xab, 0x81, 0x0, 0x8f, 0xfd, 0xfa,
    0x0, 0x9, 0xff, 0xff, 0xff, 0xf1, 0x1, 0xfa,
    0xfb, 0x8c, 0x2, 0xbf, 0xc0, 0x0, 0x6f, 0xa0,
    0x8, 0xf3, 0xfb, 0x2, 0x8f, 0xf9, 0x50, 0x1,
    0xff, 0x20, 0x2f, 0xb1, 0xfb, 0x0, 0x5d, 0x46,
    0xfd, 0x3d, 0xf7, 0x0, 0xd, 0x31, 0xfb, 0x0,
    0x0, 0x0, 0x6f, 0xff, 0xa0, 0x0, 0x2, 0x1,
    0xfb, 0x0, 0x0, 0x0, 0x6f, 0xf9, 0x0, 0x0,
    0x0, 0x1, 0xfb, 0x0, 0x1, 0x7d, 0xfe, 0x50,
    0x0, 0x0, 0x0, 0x1, 0xfb, 0x3, 0xcf, 0xff,
    0x81, 0x0, 0x0, 0x0, 0x0, 0x1, 0xfb, 0x0,
    0xdb, 0x60, 0x0, 0x0, 0x0, 0x0, 0x0, 0x0,
    0x0, 0x0, 0x0, 0x0, 0x0, 0x0, 0x0, 0x0,

    /* U+7A0D "稍" */
    0x0, 0x0, 0x2, 0x60, 0x0, 0x0, 0xb, 0x90,
    0x0, 0x0, 0x1, 0x48, 0xcf, 0xf5, 0x3d, 0x60,
    0xf, 0xc0, 0x8, 0xe3, 0x9, 0xff, 0xfd, 0x50,
    0xe, 0xf1, 0xf, 0xc0, 0x1f, 0xe0, 0x2, 0x43,
    0xfa, 0x0, 0x6, 0xf8, 0xf, 0xc0, 0x8f, 0x60,
    0x0, 0x1, 0xfa, 0x0, 0x0, 0xea, 0xf, 0xc0,
    0xdc, 0x0, 0x0, 0x2, 0xfa, 0x0, 0x1, 0x31,
    0x1f, 0xc1, 0x13, 0x10, 0xf, 0xff, 0xff, 0xfe,
    0xf, 0xff, 0xff, 0xff, 0xff, 0xb0, 0xb, 0xbe,
    0xfe, 0xba, 0xf, 0xeb, 0xbb, 0xbb, 0xbf, 0xb0,
    0x0, 0xc, 0xfe, 0x10, 0xf, 0xb0, 0x0, 0x0,
    0xf, 0xb0, 0x0, 0x2f, 0xff, 0xc0, 0xf, 0xea,
    0xaa, 0xaa, 0xaf, 0xb0, 0x0, 0x9f, 0xfb, 0xfa,
    0xf, 0xff, 0xff, 0xff, 0xff, 0xb0, 0x1, 0xfb,
    0xfa, 0x77, 0xf, 0xb0, 0x0, 0x0, 0xf, 0xb0,
    0x9, 0xf4, 0xfa, 0x0, 0xf, 0xb0, 0x0, 0x0,
    0xf, 0xb0, 0xf, 0xc1, 0xfa, 0x0, 0xf, 0xff,
    0xff, 0xff, 0xff, 0xb0, 0x8, 0x41, 0xfa, 0x0,
    0xf, 0xe9, 0x99, 0x99, 0x9f, 0xb0, 0x0, 0x1,
    0xfa, 0x0, 0xf, 0xb0, 0x0, 0x0, 0xf, 0xb0,
    0x0, 0x1, 0xfa, 0x0, 0xf, 0xb0, 0x0, 0x0,
    0xf, 0xb0, 0x0, 0x1, 0xfa, 0x0, 0xf, 0xb0,
    0x0, 0x7d, 0xef, 0xa0, 0x0, 0x1, 0xfa, 0x0,
    0xf, 0xa0, 0x0, 0x3e, 0xdb, 0x20,

    /* U+7A33 "稳" */
    0x0, 0x0, 0x4, 0x90, 0x0, 0x7d, 0x40, 0x0,
    0x0, 0x0, 0x2, 0x6a, 0xef, 0xf9, 0x2, 0xff,
    0x88, 0x88, 0x30, 0x0, 0x6, 0xff, 0xfd, 0x40,
    0xd, 0xff, 0xff, 0xff, 0xc0, 0x0, 0x0, 0x21,
    0xfa, 0x1, 0xcf, 0x60, 0x0, 0xaf, 0x30, 0x0,
    0x0, 0x1, 0xfa, 0xb, 0xfd, 0x88, 0x89, 0xfd,
    0x86, 0x0, 0x3, 0x55, 0xfc, 0x55, 0xaf, 0xff,
    0xff, 0xff, 0xfd, 0x0, 0xc, 0xff, 0xff, 0xfd,
    0x0, 0x0, 0x0, 0x0, 0xcd, 0x0, 0x7, 0x9c,
    0xfe, 0x97, 0x17, 0x77, 0x77, 0x77, 0xdd, 0x0,
    0x0, 0xa, 0xff, 0x20, 0x3f, 0xff, 0xff, 0xff,
    0xfd, 0x0, 0x0, 0xf, 0xff, 0xd0, 0x0, 0x0,
    0x0, 0x0, 0xcd, 0x0, 0x0, 0x6f, 0xfe, 0xfa,
    0x69, 0x99, 0x99, 0x99, 0xed, 0x0, 0x0, 0xdd,
    0xfa, 0xbb, 0xaf, 0xff, 0xff, 0xff, 0xfc, 0x0,
    0x4, 0xf7, 0xfa, 0x32, 0x0, 0x0, 0x57, 0x0,
    0x0, 0x0, 0xd, 0xf2, 0xfa, 0x0, 0x0, 0x10,
    0xaf, 0x40, 0x2, 0x0, 0x1f, 0x81, 0xfa, 0x2,
    0xe5, 0xfa, 0x1e, 0xd0, 0xaf, 0x10, 0x7, 0x11,
    0xfa, 0x9, 0xf3, 0xfa, 0x5, 0x92, 0x3f, 0x80,
    0x0, 0x1, 0xfa, 0x1f, 0xb1, 0xfa, 0x0, 0x9,
    0xcc, 0xe0, 0x0, 0x1, 0xfa, 0x7f, 0x40, 0xfd,
    0x77, 0x7e, 0xb6, 0xe2, 0x0, 0x1, 0xfa, 0x3,
    0x0, 0x9f, 0xff, 0xfe, 0x40, 0x0,

    /* U+7A7A "空" */
    0x0, 0x0, 0x0, 0x0, 0x0, 0x0, 0x0, 0x0,
    0x0, 0x0, 0x0, 0x0, 0x7, 0xf9, 0x0, 0x0,
    0x0, 0x0, 0x0, 0x0, 0x0, 0x3, 0xff, 0x10,
    0x0, 0x0, 0x0, 0x8a, 0xaa, 0xaa, 0xaa, 0xff,
    0xca, 0xaa, 0xaa, 0xa2, 0xcf, 0xff, 0xff, 0xff,
    0xff, 0xff, 0xff, 0xff, 0xf3, 0xcf, 0x10, 0x0,
    0x0, 0x0, 0x0, 0x0, 0xb, 0xf3, 0xcf, 0x10,
    0x2, 0xb2, 0x0, 0x3b, 0x30, 0xb, 0xf3, 0xcf,
    0x10, 0x8f, 0xf8, 0x0, 0x9f, 0xfa, 0x26, 0x92,
    0x0, 0x6e, 0xfe, 0x50, 0x0, 0x3, 0xcf, 0xf8,
    0x0, 0x5e, 0xff, 0xa1, 0x0, 0x0, 0x0, 0x6,
    0xff, 0xc0, 0x1e, 0xc4, 0x0, 0x0, 0x0, 0x0,
    0x0, 0x2b, 0x40, 0x1, 0x4f, 0xff, 0xff, 0xff,
    0xff, 0xff, 0xf6, 0x0, 0x0, 0x3b, 0xbb, 0xbc,
    0xff, 0xbb, 0xbb, 0xb4, 0x0, 0x0, 0x0, 0x0,
    0x1, 0xfe, 0x0, 0x0, 0x0, 0x0, 0x0, 0x0,
    0x0, 0x1, 0xfe, 0x0, 0x0, 0x0, 0x0, 0x0,
    0x0, 0x0, 0x1, 0xfe, 0x0, 0x0, 0x0, 0x0,
    0x0, 0x0, 0x0, 0x1, 0xfe, 0x0, 0x0, 0x0,
    0x0, 0x9d, 0xdd, 0xdd, 0xdd, 0xff, 0xdd, 0xdd,
    0xdd, 0xd2, 0xae, 0xee, 0xee, 0xee, 0xee, 0xee,
    0xee, 0xee, 0xe2,

    /* U+7A7F "穿" */
    0x0, 0x0, 0x0, 0x0, 0x0, 0x0, 0x0, 0x0,
    0x0, 0x0, 0x0, 0x0, 0x0, 0x8, 0xe4, 0x0,
    0x0, 0x0, 0x0, 0x0, 0x0, 0x0, 0x0, 0x6f,
    0xd0, 0x0, 0x0, 0x0, 0x0, 0xaf, 0xff, 0xff,
    0xff, 0xff, 0xff, 0xff, 0xff, 0xf2, 0xb, 0xfb,
    0xaa, 0xaa, 0xaa, 0xaa, 0xaa, 0xaa, 0xef, 0x20,
    0xbf, 0x20, 0x5, 0x91, 0x0, 0x48, 0x20, 0xc,
    0xf2, 0x4, 0x61, 0x4c, 0xfd, 0x20, 0x9, 0xff,
    0xc5, 0x56, 0x0, 0x7, 0xdf, 0xf7, 0x0, 0x0,
    0x2, 0x9f, 0xfd, 0x30, 0x0, 0xdf, 0x91, 0x0,
    0x0, 0x0, 0x0, 0x19, 0xf3, 0x0, 0x6, 0xff,
    0xff, 0xff, 0xff, 0xff, 0xff, 0xff, 0xc0, 0x0,
    0x3a, 0xaa, 0xaa, 0xaa, 0xaa, 0xff, 0xaa, 0xa8,
    0x0, 0x0, 0x9e, 0x40, 0x0, 0x0, 0xe, 0xf0,
    0x0, 0x0, 0x0, 0xd, 0xf1, 0x0, 0x0, 0x0,
    0xef, 0x0, 0x0, 0x0, 0x1, 0xff, 0xff, 0xff,
    0xff, 0xff, 0xff, 0xff, 0xf2, 0x0, 0x29, 0x99,
    0x99, 0x9e, 0xfe, 0xff, 0x99, 0x99, 0x10, 0x0,
    0x0, 0x0, 0x5d, 0xfb, 0x1e, 0xf0, 0x0, 0x0,
    0x0, 0x0, 0x38, 0xef, 0xe5, 0x0, 0xef, 0x0,
    0x0, 0x0, 0x7a, 0xef, 0xfd, 0x60, 0x0, 0xe,
    0xf0, 0x0, 0x0, 0xb, 0xfe, 0x93, 0x0, 0x7,
    0xbb, 0xfe, 0x0, 0x0, 0x0, 0x12, 0x0, 0x0,
    0x0, 0x5f, 0xfe, 0x60, 0x0, 0x0, 0x0, 0x0,
    0x0, 0x0, 0x0, 0x0, 0x0, 0x0, 0x0, 0x0,

    /* U+7ACB "立" */
    0x0, 0x0, 0x0, 0x4, 0xb5, 0x0, 0x0, 0x0,
    0x0, 0x0, 0x0, 0x0, 0x0, 0x4f, 0xc0, 0x0,
    0x0, 0x0, 0x0, 0x0, 0x0, 0x0, 0x0, 0xff,
    0x10, 0x0, 0x0, 0x0, 0x0, 0x0, 0x0, 0x0,
    0xa, 0x92, 0x0, 0x0, 0x0, 0x0, 0x2f, 0xff,
    0xff, 0xff, 0xff, 0xff, 0xff, 0xff, 0xf3, 0x1,
    0xdd, 0xdd, 0xdd, 0xdd, 0xdd, 0xdd, 0xdd, 0xdd,
    0x20, 0x0, 0x0, 0x11, 0x0, 0x0, 0x0, 0x11,
    0x0, 0x0, 0x0, 0x0, 0x5f, 0xa0, 0x0, 0x0,
    0x8, 0xf9, 0x0, 0x0, 0x0, 0x1, 0xfe, 0x0,
    0x0, 0x0, 0xcf, 0x50, 0x0, 0x0, 0x0, 0xd,
    0xf3, 0x0, 0x0, 0x1f, 0xf1, 0x0, 0x0, 0x0,
    0x0, 0x9f, 0x70, 0x0, 0x5, 0xfc, 0x0, 0x0,
    0x0, 0x0, 0x5, 0xfb, 0x0, 0x0, 0xaf, 0x70,
    0x0, 0x0, 0x0, 0x0, 0x2f, 0xe0, 0x0, 0xe,
    0xf1, 0x0, 0x0, 0x0, 0x0, 0x0, 0xef, 0x20,
    0x4, 0xfc, 0x0, 0x0, 0x0, 0x0, 0x0, 0xc,
    0xf3, 0x0, 0xaf, 0x60, 0x0, 0x0, 0x0, 0x0,
    0x0, 0x21, 0x0, 0x1f, 0xf1, 0x0, 0x0, 0x0,
    0xff, 0xff, 0xff, 0xff, 0xff, 0xff, 0xff, 0xff,
    0xff, 0xe, 0xee, 0xee, 0xee, 0xee, 0xee, 0xee,
    0xee, 0xee, 0xe0,

    /* U+7B2C "第" */
    0x0, 0x2, 0xe7, 0x0, 0x0, 0x3, 0xe7, 0x0,
    0x0, 0x0, 0x0, 0x9, 0xf9, 0x33, 0x33, 0x9,
    0xf9, 0x33, 0x33, 0x30, 0x0, 0x2f, 0xff, 0xff,
    0xff, 0x5f, 0xff, 0xff, 0xff, 0xf1, 0x0, 0xdf,
    0x58, 0xf8, 0x33, 0xcf, 0x83, 0xef, 0x42, 0x20,
    0xc, 0xf7, 0x0, 0xfd, 0x6, 0xfc, 0x0, 0x4f,
    0xb0, 0x0, 0x2, 0x95, 0x55, 0x96, 0x55, 0xa7,
    0x55, 0x5a, 0x61, 0x0, 0x0, 0x6f, 0xff, 0xff,
    0xff, 0xff, 0xff, 0xff, 0xf5, 0x0, 0x0, 0x14,
    0x44, 0x44, 0x5f, 0xd4, 0x44, 0x4a, 0xf5, 0x0,
    0x0, 0x0, 0x10, 0x0, 0x2f, 0xc0, 0x0, 0x8,
    0xf5, 0x0, 0x0, 0xc, 0xff, 0xff, 0xff, 0xff,
    0xff, 0xff, 0xf5, 0x0, 0x0, 0xe, 0xf8, 0x88,
    0x9f, 0xe8, 0x88, 0x88, 0x83, 0x0, 0x0, 0xf,
    0xc0, 0x0, 0x1f, 0xc0, 0x0, 0x0, 0x0, 0x0,
    0x0, 0x3f, 0xff, 0xff, 0xff, 0xff, 0xff, 0xff,
    0xff, 0x20, 0x0, 0x3a, 0xa9, 0x9e, 0xff, 0xe9,
    0x99, 0x99, 0xff, 0x0, 0x0, 0x0, 0x0, 0x9f,
    0xdf, 0xc0, 0x0, 0x0, 0xfe, 0x0, 0x0, 0x0,
    0x4d, 0xfc, 0x2f, 0xc0, 0x0, 0x3, 0xfc, 0x0,
    0x0, 0x4b, 0xff, 0x90, 0x1f, 0xc0, 0x1d, 0xce,
    0xf8, 0x0, 0x7, 0xff, 0xe5, 0x0, 0x1f, 0xc0,
    0xb, 0xed, 0xa0, 0x0, 0x0, 0xb7, 0x0, 0x0,
    0x1f, 0xc0, 0x0, 0x0, 0x0, 0x0,

    /* U+7B49 "等" */
    0x0, 0x0, 0x0, 0x0, 0x0, 0x1, 0x0, 0x0,
    0x0, 0x0, 0x0, 0x9, 0xf5, 0x0, 0x0, 0x9,
    0xf4, 0x0, 0x0, 0x0, 0x0, 0x1f, 0xf9, 0x88,
    0x87, 0x1f, 0xf8, 0x88, 0x88, 0x80, 0x0, 0xbf,
    0xff, 0xff, 0xfe, 0xaf, 0xff, 0xff, 0xff, 0xf1,
    0x7, 0xfd, 0x3f, 0xb0, 0x8, 0xfd, 0x19, 0xf6,
    0x0, 0x0, 0x2f, 0xf2, 0xb, 0xf1, 0xc, 0xf3,
    0x1, 0xee, 0x0, 0x0, 0x3, 0x40, 0x3, 0x20,
    0xd, 0xf1, 0x0, 0x42, 0x0, 0x0, 0x0, 0x1f,
    0xff, 0xff, 0xff, 0xff, 0xff, 0xff, 0xf4, 0x0,
    0x0, 0x9, 0x99, 0x99, 0x9f, 0xf9, 0x99, 0x99,
    0x92, 0x0, 0x0, 0x0, 0x0, 0x0, 0xd, 0xf1,
    0x0, 0x0, 0x0, 0x0, 0x1f, 0xff, 0xff, 0xff,
    0xff, 0xff, 0xff, 0xff, 0xff, 0xf2, 0xb, 0xbb,
    0xbb, 0xbb, 0xbb, 0xbb, 0xbf, 0xfb, 0xbb, 0xb1,
    0x0, 0x0, 0x0, 0x0, 0x0, 0x0, 0xe, 0xf0,
    0x0, 0x0, 0x4, 0xbb, 0xbb, 0xbb, 0xbb, 0xbb,
    0xbf, 0xfb, 0xbb, 0x60, 0x6, 0xff, 0xff, 0xff,
    0xff, 0xff, 0xff, 0xff, 0xff, 0x80, 0x0, 0x0,
    0x2d, 0xc1, 0x0, 0x0, 0xe, 0xf0, 0x0, 0x0,
    0x0, 0x0, 0xa, 0xfe, 0x20, 0x0, 0xe, 0xf0,
    0x0, 0x0, 0x0, 0x0, 0x0, 0x9f, 0xe0, 0x0,
    0xe, 0xf0, 0x0, 0x0, 0x0, 0x0, 0x0, 0xa,
    0x70, 0x9b, 0xbf, 0xf0, 0x0, 0x0, 0x0, 0x0,
    0x0, 0x0, 0x0, 0x8f, 0xfd, 0x60, 0x0, 0x0,
    0x0, 0x0, 0x0, 0x0, 0x0, 0x0, 0x0, 0x0,
    0x0, 0x0,

    /* U+7CBE "精" */
    0x0, 0x8, 0xd1, 0x0, 0x0, 0x0, 0x9d, 0x10,
    0x0, 0x0, 0x7, 0x1a, 0xf1, 0x74, 0x35, 0x55,
    0xcf, 0x55, 0x55, 0x20, 0xe, 0x7a, 0xf1, 0xf7,
    0xcf, 0xff, 0xff, 0xff, 0xff, 0x80, 0xa, 0xba,
    0xf4, 0xf2, 0x1, 0x11, 0xbf, 0x21, 0x11, 0x0,
    0x6, 0xfa, 0xf8, 0xd0, 0x1f, 0xff, 0xff, 0xff,
    0xff, 0x10, 0x3, 0xdb, 0xfa, 0x70, 0x4, 0x44,
    0xcf, 0x54, 0x44, 0x0, 0x26, 0x6c, 0xf7, 0x64,
    0xaa, 0xaa, 0xef, 0xaa, 0xaa, 0xa0, 0x5f, 0xff,
    0xff, 0xf7, 0xcc, 0xcc, 0xcc, 0xcc, 0xcc, 0xc0,
    0x27, 0x7f, 0xf8, 0x71, 0x0, 0x0, 0x0, 0x0,
    0x0, 0x0, 0x0, 0x4f, 0xf8, 0x0, 0xf, 0xff,
    0xff, 0xff, 0xfe, 0x0, 0x0, 0xaf, 0xff, 0x30,
    0xf, 0xe6, 0x66, 0x66, 0xee, 0x0, 0x1, 0xff,
    0xfc, 0xe0, 0xf, 0xd5, 0x55, 0x55, 0xee, 0x0,
    0x8, 0xfc, 0xf4, 0xf6, 0xf, 0xff, 0xff, 0xff,
    0xfe, 0x0, 0x2f, 0xca, 0xf1, 0x60, 0xf, 0xc0,
    0x0, 0x0, 0xde, 0x0, 0x6f, 0x5a, 0xf1, 0x0,
    0xf, 0xff, 0xff, 0xff, 0xfe, 0x0, 0xc, 0xa,
    0xf1, 0x0, 0xf, 0xd5, 0x55, 0x55, 0xee, 0x0,
    0x1, 0xa, 0xf1, 0x0, 0xf, 0xc0, 0x0, 0x0,
    0xde, 0x0, 0x0, 0xa, 0xf1, 0x0, 0xf, 0xc0,
    0x1, 0x77, 0xfe, 0x0, 0x0, 0xa, 0xf1, 0x0,
    0xf, 0xc0, 0x0, 0xdf, 0xe7, 0x0, 0x0, 0x0,
    0x0, 0x0, 0x0, 0x0, 0x0, 0x0, 0x0, 0x0,

    /* U+7EBF "线" */
    0x0, 0x2, 0x20, 0x0, 0x0, 0x29, 0x50, 0x10,
    0x0, 0x0, 0x0, 0x8f, 0x50, 0x0, 0x4, 0xf9,
    0x6f, 0x91, 0x0, 0x0, 0xe, 0xf1, 0x0, 0x0,
    0x3f, 0x90, 0x8f, 0xc0, 0x0, 0x7, 0xf8, 0x0,
    0x0, 0x3, 0xfa, 0x0, 0x44, 0x0, 0x0, 0xee,
    0x11, 0x10, 0x0, 0x5f, 0xda, 0xcf, 0xf6, 0x0,
    0x8f, 0x60, 0xae, 0x4e, 0xff, 0xff, 0xfe, 0xc9,
    0x40, 0x3f, 0xc1, 0x5f, 0xd0, 0xca, 0x8f, 0xd1,
    0x0, 0x0, 0xd, 0xff, 0xff, 0xf3, 0x0, 0x0,
    0xfe, 0x0, 0x2, 0x40, 0x8b, 0x9d, 0xf8, 0x0,
    0x0, 0x1e, 0xfa, 0xcf, 0xff, 0x0, 0x3, 0xfc,
    0x0, 0x5b, 0xef, 0xff, 0xfe, 0xb8, 0x50, 0x1,
    0xee, 0x20, 0x26, 0xfd, 0xac, 0xf5, 0x0, 0x54,
    0x1, 0xdf, 0xdc, 0xfe, 0x0, 0x0, 0x6f, 0x70,
    0x3f, 0xe0, 0xaf, 0xff, 0xda, 0x60, 0x0, 0x3,
    0xfa, 0x2e, 0xf4, 0x5, 0x84, 0x10, 0x0, 0x0,
    0x0, 0xf, 0xfe, 0xf5, 0x0, 0x0, 0x0, 0x15,
    0xa0, 0x0, 0x0, 0xdf, 0xf5, 0x0, 0x0, 0x38,
    0xcf, 0xff, 0x10, 0x5, 0xdf, 0xfa, 0x0, 0x91,
    0xbf, 0xff, 0xa5, 0x1, 0x7d, 0xff, 0x8e, 0xf4,
    0xf, 0x77, 0xa5, 0x0, 0x0, 0xdf, 0xfa, 0x20,
    0x5f, 0xfe, 0xf3, 0x0, 0x0, 0x0, 0x3, 0x71,
    0x0, 0x0, 0x5e, 0xf9, 0x0,

    /* U+7EC4 "组" */
    0x0, 0x0, 0x98, 0x0, 0x0, 0x0, 0x0, 0x0,
    0x0, 0x0, 0x0, 0x1, 0xfe, 0x0, 0x9, 0xff,
    0xff, 0xff, 0xf8, 0x0, 0x0, 0x8, 0xf6, 0x0,
    0xa, 0xfd, 0xcc, 0xcd, 0xf9, 0x0, 0x0, 0x1f,
    0xd0, 0x0, 0xa, 0xf2, 0x0, 0x5, 0xf9, 0x0,
    0x0, 0x9f, 0x50, 0x43, 0xa, 0xf2, 0x0, 0x5,
    0xf9, 0x0, 0x3, 0xfb, 0x0, 0xee, 0xa, 0xf2,
    0x0, 0x5, 0xf9, 0x0, 0x1d, 0xf7, 0x6b, 0xf6,
    0xa, 0xfc, 0xcc, 0xcd, 0xf9, 0x0, 0x3f, 0xff,
    0xff, 0xb0, 0xa, 0xff, 0xff, 0xff, 0xf9, 0x0,
    0x8, 0x54, 0xfe, 0x10, 0xa, 0xf2, 0x0, 0x5,
    0xf9, 0x0, 0x0, 0xb, 0xf4, 0x0, 0xa, 0xf2,
    0x0, 0x5, 0xf9, 0x0, 0x0, 0x9f, 0x73, 0x57,
    0xa, 0xf2, 0x0, 0x5, 0xf9, 0x0, 0x9, 0xff,
    0xff, 0xfd, 0xa, 0xfb, 0xaa, 0xac, 0xf9, 0x0,
    0x1f, 0xfd, 0x96, 0x20, 0xa, 0xff, 0xff, 0xff,
    0xf9, 0x0, 0x4, 0x0, 0x0, 0x0, 0xa, 0xf2,
    0x0, 0x5, 0xf9, 0x0, 0x0, 0x0, 0x47, 0xba,
    0xa, 0xf2, 0x0, 0x5, 0xf9, 0x0, 0x19, 0xdf,
    0xff, 0xe8, 0xa, 0xf2, 0x0, 0x5, 0xf9, 0x0,
    0x1f, 0xea, 0x62, 0x5, 0xae, 0xfb, 0xaa, 0xac,
    0xfd, 0xa2, 0x2, 0x0, 0x0, 0x9, 0xff, 0xff,
    0xff, 0xff, 0xff, 0xf4, 0x0, 0x0, 0x0, 0x9,
    0xff, 0xff, 0xff, 0xff, 0xff, 0xf4,

    /* U+7EC8 "终" */
    0x0, 0x0, 0x0, 0x0, 0x0, 0x0, 0x0, 0x0,
    0x0, 0x0, 0x0, 0x0, 0xc8, 0x0, 0x0, 0xa,
    0xc3, 0x0, 0x0, 0x0, 0x0, 0x3, 0xfd, 0x0,
    0x0, 0x3f, 0xe0, 0x0, 0x0, 0x0, 0x0, 0xa,
    0xf5, 0x0, 0x0, 0xcf, 0xff, 0xff, 0xfc, 0x10,
    0x0, 0x2f, 0xd0, 0x0, 0x8, 0xfe, 0xbb, 0xbc,
    0xfd, 0x0, 0x0, 0xbf, 0x40, 0x71, 0x6f, 0xff,
    0x20, 0xc, 0xf5, 0x0, 0x4, 0xfb, 0x4, 0xff,
    0xff, 0x6f, 0xd1, 0x8f, 0xa0, 0x0, 0x2e, 0xf8,
    0x8e, 0xf3, 0xa3, 0x6, 0xfe, 0xfd, 0x0, 0x0,
    0x3f, 0xff, 0xff, 0x80, 0x0, 0x0, 0xdf, 0xf4,
    0x0, 0x0, 0x6, 0x35, 0xfc, 0x0, 0x0, 0x4e,
    0xfe, 0xff, 0x70, 0x0, 0x0, 0x1e, 0xe2, 0x0,
    0x4c, 0xff, 0x90, 0x5f, 0xfe, 0x60, 0x0, 0xcf,
    0x53, 0x56, 0xff, 0xc3, 0x30, 0x2, 0xbf, 0xf3,
    0x1c, 0xff, 0xff, 0xf8, 0x44, 0x6, 0xfe, 0x60,
    0x3, 0x50, 0xf, 0xfd, 0xa7, 0x51, 0x0, 0x0,
    0x6d, 0xfd, 0x30, 0x0, 0x2, 0x0, 0x0, 0x0,
    0x0, 0x0, 0x0, 0x7d, 0x10, 0x0, 0x0, 0x0,
    0x2, 0x58, 0x4, 0xc8, 0x30, 0x0, 0x0, 0x0,
    0x17, 0x9c, 0xff, 0xff, 0x7, 0xdf, 0xfd, 0x71,
    0x0, 0x0, 0x3f, 0xff, 0xc9, 0x52, 0x0, 0x3,
    0x9e, 0xff, 0xa2, 0x0, 0x16, 0x30, 0x0, 0x0,
    0x0, 0x0, 0x0, 0x6d, 0xf9, 0x0, 0x0, 0x0,
    0x0, 0x0, 0x0, 0x0, 0x0, 0x0, 0x50, 0x0,

    /* U+7ECD "绍" */
    0x0, 0x0, 0x44, 0x0, 0x0, 0x0, 0x0, 0x0,
    0x0, 0x0, 0x0, 0xd, 0xf2, 0x6, 0xcc, 0xcc,
    0xcc, 0xcc, 0xc7, 0x0, 0x4, 0xfb, 0x0, 0x7f,
    0xff, 0xff, 0xff, 0xff, 0x90, 0x0, 0xcf, 0x20,
    0x0, 0x0, 0xaf, 0x20, 0x7, 0xf8, 0x0, 0x5f,
    0x90, 0x23, 0x0, 0xe, 0xe0, 0x0, 0x8f, 0x70,
    0x1e, 0xe0, 0xc, 0xf2, 0x4, 0xfa, 0x0, 0xa,
    0xf6, 0xb, 0xfa, 0x8b, 0xf9, 0x1, 0xef, 0x30,
    0x0, 0xcf, 0x43, 0xff, 0xff, 0xfd, 0x4, 0xdf,
    0x90, 0x39, 0x9f, 0xf1, 0x7, 0x31, 0xdf, 0x21,
    0xef, 0x90, 0x2, 0xff, 0xf8, 0x0, 0x0, 0xaf,
    0x50, 0x4, 0x40, 0x0, 0x2, 0x20, 0x0, 0x0,
    0x8f, 0x82, 0x58, 0x19, 0xaa, 0xaa, 0xaa, 0xaa,
    0x10, 0x9f, 0xff, 0xff, 0xf2, 0xdf, 0xff, 0xff,
    0xff, 0xf2, 0xe, 0xfd, 0xa6, 0x30, 0xd, 0xe0,
    0x0, 0x0, 0xbf, 0x20, 0x41, 0x0, 0x0, 0x0,
    0xde, 0x0, 0x0, 0xb, 0xf2, 0x0, 0x0, 0x3,
    0x6a, 0xd, 0xe0, 0x0, 0x0, 0xbf, 0x20, 0x59,
    0xcf, 0xff, 0xf0, 0xde, 0x0, 0x0, 0xb, 0xf2,
    0x2f, 0xff, 0xb7, 0x30, 0xd, 0xff, 0xff, 0xff,
    0xff, 0x20, 0x74, 0x0, 0x0, 0x0, 0xdf, 0xcc,
    0xcc, 0xce, 0xf2, 0x0, 0x0, 0x0, 0x0, 0xd,
    0xe0, 0x0, 0x0, 0xbf, 0x20, 0x0, 0x0, 0x0,
    0x0, 0x0, 0x0, 0x0, 0x0, 0x0,

    /* U+7ECF "经" */
    0x0, 0x0, 0x84, 0x0, 0x0, 0x0, 0x0, 0x0,
    0x0, 0x0, 0x0, 0x2, 0xfd, 0x0, 0x7c, 0xcc,
    0xcc, 0xcc, 0xc5, 0x0, 0x0, 0x9, 0xf6, 0x0,
    0x9f, 0xff, 0xff, 0xff, 0xf8, 0x0, 0x0, 0x1f,
    0xe0, 0x0, 0x0, 0x0, 0x0, 0x5f, 0xd0, 0x0,
    0x0, 0x9f, 0x50, 0x62, 0x0, 0x0, 0x5, 0xff,
    0x30, 0x0, 0x3, 0xfb, 0x3, 0xfe, 0x0, 0x0,
    0x9f, 0xf4, 0x0, 0x0, 0x1d, 0xf9, 0x9d, 0xf6,
    0x0, 0x5d, 0xff, 0xf9, 0x20, 0x0, 0x4f, 0xff,
    0xff, 0xb0, 0x6d, 0xff, 0xa5, 0xcf, 0xfa, 0x20,
    0x7, 0x46, 0xfe, 0x1b, 0xff, 0xc3, 0x0, 0x5,
    0xdf, 0xe0, 0x0, 0x1e, 0xf3, 0x1, 0x93, 0x0,
    0x0, 0x0, 0x6, 0x40, 0x1, 0xdf, 0x86, 0x94,
    0x7b, 0xbb, 0xbb, 0xbb, 0xbb, 0x0, 0x2d, 0xff,
    0xff, 0xf5, 0xaf, 0xff, 0xff, 0xff, 0xff, 0x0,
    0x2f, 0xfc, 0x85, 0x10, 0x0, 0x0, 0xdf, 0x10,
    0x0, 0x0, 0x4, 0x0, 0x0, 0x0, 0x0, 0x0,
    0xdf, 0x10, 0x0, 0x0, 0x0, 0x0, 0x26, 0xb4,
    0x0, 0x0, 0xdf, 0x10, 0x0, 0x0, 0x5, 0x9e,
    0xff, 0xf5, 0x0, 0x0, 0xdf, 0x10, 0x0, 0x0,
    0x3f, 0xff, 0xc7, 0x17, 0x99, 0x99, 0xff, 0xa9,
    0x99, 0x90, 0xd, 0x72, 0x0, 0xd, 0xff, 0xff,
    0xff, 0xff, 0xff, 0xf0, 0x0, 0x0, 0x0, 0xd,
    0xff, 0xff, 0xff, 0xff, 0xff, 0xf0,

    /* U+7ED3 "结" */
    0x0, 0x0, 0x61, 0x0, 0x0, 0x0, 0x1b, 0x80,
    0x0, 0x0, 0x0, 0x2, 0xff, 0x10, 0x0, 0x0,
    0x2f, 0xd0, 0x0, 0x0, 0x0, 0x9, 0xf9, 0x0,
    0x1, 0x11, 0x3f, 0xd1, 0x11, 0x10, 0x0, 0x1f,
    0xf2, 0x0, 0x9f, 0xff, 0xff, 0xff, 0xff, 0xf2,
    0x0, 0x9f, 0x80, 0x42, 0x7b, 0xbb, 0xcf, 0xfb,
    0xbb, 0xb2, 0x3, 0xfd, 0x1, 0xef, 0x30, 0x0,
    0x2f, 0xd0, 0x0, 0x0, 0x2d, 0xfc, 0xad, 0xfb,
    0x0, 0x0, 0x2f, 0xd0, 0x0, 0x0, 0x4f, 0xff,
    0xff, 0xe1, 0x1f, 0xff, 0xff, 0xff, 0xff, 0xb0,
    0x5, 0x11, 0xef, 0x30, 0x1e, 0xee, 0xee, 0xee,
    0xee, 0xb0, 0x0, 0xc, 0xf6, 0x0, 0x0, 0x0,
    0x0, 0x0, 0x0, 0x0, 0x0, 0xbf, 0x92, 0x58,
    0x20, 0x0, 0x0, 0x0, 0x0, 0x0, 0x1b, 0xff,
    0xff, 0xff, 0x4d, 0xff, 0xff, 0xff, 0xff, 0x0,
    0xf, 0xff, 0xc9, 0x63, 0xd, 0xfb, 0xbb, 0xbb,
    0xff, 0x0, 0x5, 0x20, 0x0, 0x0, 0xd, 0xf0,
    0x0, 0x0, 0xef, 0x0, 0x0, 0x0, 0x1, 0x47,
    0x3d, 0xf0, 0x0, 0x0, 0xef, 0x0, 0x16, 0x8b,
    0xef, 0xff, 0x7d, 0xf0, 0x0, 0x0, 0xef, 0x0,
    0x4f, 0xff, 0xeb, 0x74, 0xd, 0xff, 0xff, 0xff,
    0xff, 0x0, 0x18, 0x51, 0x0, 0x0, 0xd, 0xfc,
    0xcc, 0xcc, 0xff, 0x0, 0x0, 0x0, 0x0, 0x0,
    0xd, 0xf0, 0x0, 0x0, 0xef, 0x0, 0x0, 0x0,
    0x0, 0x0, 0x1, 0x10, 0x0, 0x0, 0x0, 0x0,

    /* U+7EE7 "继" */
    0x0, 0x3, 0xb3, 0x0, 0x21, 0x0, 0x5, 0xb0,
    0x0, 0x0, 0x0, 0x8, 0xf7, 0x0, 0xfa, 0x23,
    0x8, 0xf1, 0x5, 0x10, 0x0, 0xe, 0xf0, 0x0,
    0xfa, 0x7e, 0x8, 0xf1, 0x5f, 0x30, 0x0, 0x6f,
    0x80, 0x0, 0xfa, 0x2f, 0x38, 0xf1, 0xac, 0x0,
    0x0, 0xdf, 0x11, 0x71, 0xfa, 0xd, 0x88, 0xf2,
    0xf5, 0x0, 0x6, 0xf7, 0x8, 0xf6, 0xfa, 0x5,
    0x48, 0xf2, 0x80, 0x0, 0x3f, 0xf6, 0x8f, 0xd1,
    0xfa, 0x9a, 0xad, 0xfa, 0xaa, 0x70, 0x5f, 0xff,
    0xff, 0x30, 0xfa, 0xef, 0xff, 0xff, 0xff, 0xa0,
    0x7, 0x48, 0xf8, 0x0, 0xfa, 0x0, 0x4f, 0xfb,
    0x0, 0x0, 0x0, 0x2f, 0xd0, 0x0, 0xfa, 0x0,
    0xcf, 0xff, 0x80, 0x0, 0x1, 0xdf, 0x33, 0x62,
    0xfa, 0x6, 0xfa, 0xf6, 0xf5, 0x0, 0x1c, 0xff,
    0xff, 0xf2, 0xfa, 0x2f, 0xa8, 0xf1, 0xaf, 0x30,
    0x3f, 0xfc, 0x95, 0x20, 0xfa, 0xcf, 0x18, 0xf1,
    0x1e, 0x60, 0x4, 0x0, 0x0, 0x0, 0xfa, 0x65,
    0x8, 0xf1, 0x2, 0x0, 0x0, 0x0, 0x25, 0x93,
    0xfa, 0x0, 0x8, 0xf1, 0x0, 0x0, 0x28, 0xbe,
    0xff, 0xf5, 0xfa, 0x0, 0x3, 0x70, 0x0, 0x0,
    0x4f, 0xfc, 0x84, 0x0, 0xff, 0xff, 0xff, 0xff,
    0xff, 0xf0, 0x14, 0x0, 0x0, 0x0, 0xbb, 0xbb,
    0xbb, 0xbb, 0xbb, 0xb0,

    /* U+7EED "续" */
    0x0, 0x0, 0x83, 0x0, 0x0, 0x0, 0x9c, 0x10,
    0x0, 0x0, 0x0, 0x2, 0xfc, 0x0, 0x0, 0x0,
    0xcf, 0x20, 0x0, 0x0, 0x0, 0x9, 0xf5, 0x0,
    0x4f, 0xff, 0xff, 0xff, 0xfc, 0x0, 0x0, 0x1f,
    0xc0, 0x0, 0x28, 0x88, 0xef, 0x98, 0x87, 0x0,
    0x0, 0x8f, 0x40, 0x60, 0x0, 0x0, 0xcf, 0x10,
    0x0, 0x0, 0x2, 0xfa, 0x7, 0xf7, 0xff, 0xff,
    0xff, 0xff, 0xff, 0xc0, 0xc, 0xf6, 0x7f, 0xd0,
    0x99, 0x99, 0x99, 0x99, 0xbf, 0x90, 0x4f, 0xff,
    0xff, 0x40, 0x1, 0x70, 0x29, 0x40, 0x7f, 0x40,
    0xa, 0x78, 0xfa, 0x0, 0x3, 0xee, 0x6f, 0x80,
    0xce, 0x0, 0x0, 0xd, 0xe0, 0x0, 0x97, 0x1a,
    0x7f, 0x80, 0x23, 0x0, 0x0, 0xaf, 0x66, 0xa0,
    0x6f, 0xc1, 0x4f, 0x70, 0x0, 0x0, 0x8, 0xff,
    0xff, 0xf1, 0x2, 0xa1, 0x6f, 0x60, 0x0, 0x0,
    0xf, 0xfc, 0x83, 0x4, 0xff, 0xff, 0xff, 0xff,
    0xff, 0xe0, 0x5, 0x10, 0x0, 0x23, 0x99, 0x9a,
    0xff, 0x99, 0x99, 0x80, 0x0, 0x1, 0x7d, 0xf3,
    0x0, 0xa, 0xf7, 0x76, 0x0, 0x0, 0x17, 0xcf,
    0xfe, 0x81, 0x0, 0x8f, 0xd1, 0xbf, 0xb1, 0x0,
    0x2f, 0xfa, 0x40, 0x0, 0x2b, 0xfd, 0x10, 0x8,
    0xfe, 0x20, 0x6, 0x10, 0x0, 0x6, 0xff, 0xb1,
    0x0, 0x0, 0x5f, 0xf1, 0x0, 0x0, 0x0, 0x1,
    0xa4, 0x0, 0x0, 0x0, 0x5, 0x70,

    /* U+7EFF "绿" */
    0x0, 0x2, 0x70, 0x0, 0x0, 0x0, 0x0, 0x0,
    0x10, 0x0, 0x0, 0x8, 0xf7, 0x0, 0x4f, 0xff,
    0xff, 0xff, 0xfd, 0x0, 0x0, 0xe, 0xf1, 0x0,
    0x29, 0x99, 0x99, 0x99, 0xfd, 0x0, 0x0, 0x5f,
    0x90, 0x0, 0x1, 0x11, 0x11, 0x11, 0xfc, 0x0,
    0x0, 0xdf, 0x23, 0x40, 0xf, 0xff, 0xff, 0xff,
    0xfb, 0x0, 0x5, 0xf9, 0xc, 0xf1, 0x5, 0x66,
    0x66, 0x67, 0xfa, 0x0, 0x2e, 0xf7, 0x9f, 0x90,
    0x0, 0x0, 0x0, 0x3, 0xf9, 0x0, 0x6f, 0xff,
    0xfe, 0x12, 0xff, 0xff, 0xff, 0xff, 0xff, 0xf0,
    0x18, 0x5b, 0xf6, 0x1, 0xbb, 0xbb, 0xef, 0xbb,
    0xbb, 0xa0, 0x0, 0x4f, 0xb0, 0x0, 0x15, 0x0,
    0xaf, 0x10, 0x4, 0x0, 0x1, 0xee, 0x12, 0x40,
    0x9f, 0x70, 0xaf, 0x10, 0xaf, 0x70, 0x2d, 0xfe,
    0xff, 0xc0, 0xb, 0xf5, 0xaf, 0x5b, 0xf9, 0x0,
    0x2f, 0xff, 0xc8, 0x40, 0x0, 0xa4, 0xdf, 0xff,
    0x60, 0x0, 0x7, 0x30, 0x0, 0x0, 0x0, 0x6f,
    0xff, 0xfb, 0x0, 0x0, 0x0, 0x0, 0x16, 0x80,
    0x1b, 0xfc, 0xcf, 0x8f, 0xb0, 0x0, 0x2, 0x7c,
    0xff, 0xd6, 0xff, 0x90, 0xaf, 0x19, 0xfe, 0x50,
    0x4f, 0xff, 0xb5, 0x4, 0xe5, 0x0, 0xaf, 0x10,
    0x6f, 0xc0, 0x1c, 0x71, 0x0, 0x0, 0x10, 0x4a,
    0xef, 0x0, 0x1, 0x20, 0x0, 0x0, 0x0, 0x0,
    0x0, 0x3f, 0xe9, 0x0, 0x0, 0x0,

    /* U+7F18 "缘" */
    0x0, 0x0, 0x0, 0x0, 0x0, 0x0, 0x0, 0x0,
    0x0, 0x0, 0x0, 0x0, 0xb7, 0x0, 0x5, 0xf7,
    0x0, 0x0, 0x0, 0x0, 0x0, 0x3, 0xfa, 0x0,
    0x8, 0xff, 0xee, 0xef, 0xd0, 0x0, 0x0, 0xa,
    0xf2, 0x0, 0xc, 0xf7, 0x77, 0x7f, 0xd0, 0x0,
    0x0, 0x2f, 0xa0, 0x0, 0xf, 0xc0, 0x0, 0x1f,
    0xa0, 0x0, 0x0, 0xaf, 0x21, 0x40, 0x4f, 0xff,
    0xff, 0xff, 0x70, 0x0, 0x4, 0xf7, 0x8, 0xf3,
    0x24, 0x44, 0x44, 0x9f, 0x40, 0x0, 0x2e, 0xe5,
    0x7f, 0xb7, 0x99, 0x99, 0x99, 0xcf, 0xa9, 0x90,
    0x2f, 0xff, 0xff, 0x2c, 0xff, 0xff, 0xff, 0xff,
    0xff, 0xf0, 0x8, 0x58, 0xf7, 0x0, 0x1, 0x8f,
    0xd2, 0x0, 0x0, 0x0, 0x0, 0x1e, 0xc0, 0x3,
    0x9f, 0xff, 0xb0, 0x0, 0x7f, 0x50, 0x0, 0xbf,
    0x46, 0x7b, 0xfa, 0x25, 0xf9, 0x4d, 0xfb, 0x20,
    0x9, 0xff, 0xff, 0xb1, 0x10, 0x5e, 0xff, 0xff,
    0xe0, 0x0, 0x1f, 0xfd, 0x83, 0x0, 0x6d, 0xfa,
    0x3f, 0xb5, 0xf1, 0x0, 0x7, 0x20, 0x0, 0x36,
    0xfc, 0x40, 0x8f, 0xd1, 0xf6, 0x0, 0x0, 0x0,
    0x6d, 0xf0, 0x30, 0x2c, 0xff, 0xf0, 0xdb, 0x0,
    0x3, 0x9f, 0xfe, 0x70, 0x8, 0xfe, 0x5b, 0xf0,
    0x8f, 0x30, 0x3f, 0xfd, 0x60, 0x8, 0xff, 0xa1,
    0xd, 0xe0, 0x1f, 0xd0, 0xb, 0x40, 0x0, 0x5,
    0xb4, 0x28, 0xbf, 0x80, 0x7, 0x50, 0x0, 0x0,
    0x0, 0x0, 0x0, 0xf, 0xfb, 0x0, 0x0, 0x0,
    0x0, 0x0, 0x0, 0x0, 0x0, 0x0, 0x0, 0x0,
    0x0, 0x0,

    /* U+7F6E "置" */
    0x2, 0x22, 0x22, 0x22, 0x22, 0x22, 0x22, 0x22,
    0x10, 0xe, 0xff, 0xff, 0xff, 0xff, 0xff, 0xff,
    0xff, 0xc0, 0xe, 0xf3, 0x24, 0xfa, 0x22, 0xaf,
    0x42, 0x2f, 0xc0, 0xe, 0xf5, 0x56, 0xfb, 0x55,
    0xbf, 0x65, 0x5f, 0xc0, 0xe, 0xff, 0xff, 0xff,
    0xff, 0xff, 0xff, 0xff, 0xc0, 0x0, 0x0, 0x0,
    0x2, 0xfc, 0x0, 0x0, 0x0, 0x0, 0xdf, 0xff,
    0xff, 0xff, 0xff, 0xff, 0xff, 0xff, 0xf3, 0x67,
    0x77, 0x77, 0x7b, 0xfa, 0x77, 0x77, 0x77, 0x71,
    0x0, 0x38, 0x88, 0x8c, 0xfa, 0x88, 0x88, 0x83,
    0x0, 0x0, 0x6f, 0xca, 0xaa, 0xaa, 0xaa, 0xad,
    0xf5, 0x0, 0x0, 0x6f, 0x82, 0x22, 0x22, 0x22,
    0x29, 0xf5, 0x0, 0x0, 0x6f, 0xfe, 0xee, 0xee,
    0xee, 0xef, 0xf5, 0x0, 0x0, 0x6f, 0x82, 0x22,
    0x22, 0x22, 0x29, 0xf5, 0x0, 0x0, 0x6f, 0xfe,
    0xee, 0xee, 0xee, 0xef, 0xf5, 0x0, 0x0, 0x6f,
    0x71, 0x11, 0x11, 0x11, 0x19, 0xf5, 0x0, 0x0,
    0x6f, 0xff, 0xff, 0xff, 0xff, 0xff, 0xf5, 0x0,
    0x1, 0x6f, 0x71, 0x11, 0x11, 0x11, 0x18, 0xf6,
    0x11, 0xef, 0xff, 0xff, 0xff, 0xff, 0xff, 0xff,
    0xff, 0xff, 0xef, 0xff, 0xff, 0xff, 0xff, 0xff,
    0xff, 0xff, 0xff,

    /* U+7F8E "美" */
    0x0, 0x0, 0x18, 0x50, 0x0, 0x0, 0x6, 0x82,
    0x0, 0x0, 0x0, 0x0, 0x2f, 0xf2, 0x0, 0x0,
    0x1f, 0xf2, 0x0, 0x0, 0x0, 0x0, 0x8, 0xf8,
    0x0, 0x0, 0xaf, 0x70, 0x0, 0x0, 0x1, 0xff,
    0xff, 0xff, 0xff, 0xff, 0xff, 0xff, 0xff, 0x10,
    0x0, 0xaa, 0xaa, 0xaa, 0xaf, 0xfa, 0xaa, 0xaa,
    0xaa, 0x10, 0x0, 0x0, 0x0, 0x0, 0x1f, 0xf0,
    0x0, 0x0, 0x0, 0x0, 0x0, 0x2f, 0xff, 0xff,
    0xff, 0xff, 0xff, 0xff, 0xf3, 0x0, 0x0, 0x19,
    0x99, 0x99, 0x9f, 0xf9, 0x99, 0x99, 0x92, 0x0,
    0x2, 0x22, 0x22, 0x22, 0x3f, 0xf2, 0x22, 0x22,
    0x22, 0x20, 0xf, 0xff, 0xff, 0xff, 0xff, 0xff,
    0xff, 0xff, 0xff, 0xf1, 0x7, 0x88, 0x88, 0x88,
    0xaf, 0xd8, 0x88, 0x88, 0x88, 0x80, 0x0, 0x0,
    0x0, 0x0, 0x7f, 0x90, 0x0, 0x0, 0x0, 0x0,
    0x3, 0xff, 0xff, 0xff, 0xff, 0xff, 0xff, 0xff,
    0xff, 0xe0, 0x2, 0xaa, 0xaa, 0xab, 0xff, 0xff,
    0xaa, 0xaa, 0xaa, 0x90, 0x0, 0x0, 0x0, 0xb,
    0xfa, 0xaf, 0x90, 0x0, 0x0, 0x0, 0x0, 0x0,
    0x3, 0xcf, 0xe1, 0xc, 0xfc, 0x30, 0x0, 0x0,
    0x1, 0x48, 0xcf, 0xfd, 0x20, 0x1, 0xbf, 0xfd,
    0x84, 0x10, 0xd, 0xff, 0xfd, 0x60, 0x0, 0x0,
    0x5, 0xcf, 0xff, 0xe1, 0x4, 0x96, 0x20, 0x0,
    0x0, 0x0, 0x0, 0x2, 0x6a, 0x40,

    /* U+7FFB "翻" */
    0x0, 0x1, 0x24, 0x69, 0xb2, 0x0, 0x1, 0x0,
    0x0, 0x0, 0xaf, 0xff, 0xff, 0xdb, 0x59, 0xff,
    0xfc, 0xff, 0xfc, 0x3, 0xb5, 0x4f, 0x81, 0x91,
    0x58, 0x9f, 0xa9, 0x9e, 0xc0, 0xe, 0x81, 0xf8,
    0x6e, 0x0, 0x1, 0xf7, 0x0, 0xcc, 0x1, 0xab,
    0x3f, 0x9c, 0xa1, 0x35, 0x1f, 0x98, 0xc, 0xc0,
    0xef, 0xff, 0xff, 0xff, 0xd7, 0xe1, 0xf9, 0xf4,
    0xcc, 0x4, 0x45, 0xff, 0xf9, 0x43, 0x1f, 0x5f,
    0x7c, 0x9c, 0xc0, 0x0, 0xce, 0xfe, 0xf9, 0x0,
    0xca, 0xf7, 0x7e, 0xcc, 0x1, 0xcf, 0x4f, 0x88,
    0xfd, 0x6, 0x6f, 0x72, 0x6c, 0xc0, 0xef, 0x41,
    0xf8, 0x7, 0x60, 0x2, 0xf7, 0x0, 0xdc, 0xb,
    0xa7, 0x7b, 0x97, 0x73, 0x0, 0xbf, 0x70, 0x9f,
    0xc0, 0x7f, 0xff, 0xff, 0xff, 0x80, 0xaf, 0xf7,
    0x8f, 0xfc, 0x7, 0xf0, 0xf, 0x60, 0xf8, 0x9f,
    0x7f, 0xdf, 0x8c, 0xc0, 0x7f, 0x55, 0xf9, 0x5f,
    0x8a, 0x81, 0xfa, 0x90, 0xcc, 0x7, 0xff, 0xff,
    0xff, 0xf8, 0x10, 0x1f, 0x70, 0xc, 0xc0, 0x7f,
    0x0, 0xf6, 0xf, 0x80, 0x1, 0xf7, 0x0, 0xcc,
    0x7, 0xfd, 0xdf, 0xed, 0xf8, 0x0, 0x1f, 0x70,
    0xc, 0xc0, 0x7f, 0x99, 0x99, 0x9f, 0x80, 0x9a,
    0xf6, 0x8a, 0xfc, 0x7, 0xf0, 0x0, 0x0, 0xf8,
    0x9, 0xeb, 0x17, 0xfd, 0x40,

    /* U+81EA "自" */
    0x0, 0x0, 0x2, 0xa8, 0x0, 0x0, 0x0, 0x0,
    0x0, 0x0, 0x6f, 0xb0, 0x0, 0x0, 0x0, 0x0,
    0x0, 0xb, 0xf6, 0x0, 0x0, 0x0, 0xe, 0xff,
    0xff, 0xff, 0xff, 0xff, 0xff, 0xf3, 0xef, 0xcc,
    0xcc, 0xcc, 0xcc, 0xcc, 0xff, 0x3e, 0xf0, 0x0,
    0x0, 0x0, 0x0, 0xc, 0xf3, 0xef, 0x0, 0x0,
    0x0, 0x0, 0x0, 0xcf, 0x3e, 0xfd, 0xdd, 0xdd,
    0xdd, 0xdd, 0xdf, 0xf3, 0xef, 0xff, 0xff, 0xff,
    0xff, 0xff, 0xff, 0x3e, 0xf0, 0x0, 0x0, 0x0,
    0x0, 0xc, 0xf3, 0xef, 0x0, 0x0, 0x0, 0x0,
    0x0, 0xcf, 0x3e, 0xfb, 0xbb, 0xbb, 0xbb, 0xbb,
    0xbf, 0xf3, 0xef, 0xff, 0xff, 0xff, 0xff, 0xff,
    0xff, 0x3e, 0xf0, 0x0, 0x0, 0x0, 0x0, 0xc,
    0xf3, 0xef, 0x0, 0x0, 0x0, 0x0, 0x0, 0xcf,
    0x3e, 0xf0, 0x0, 0x0, 0x0, 0x0, 0xc, 0xf3,
    0xef, 0xff, 0xff, 0xff, 0xff, 0xff, 0xff, 0x3e,
    0xfb, 0xbb, 0xbb, 0xbb, 0xbb, 0xbf, 0xf3, 0xef,
    0x0, 0x0, 0x0, 0x0, 0x0, 0xcf, 0x30, 0x10,
    0x0, 0x0, 0x0, 0x0, 0x0, 0x0,

    /* U+8272 "色" */
    0x0, 0x0, 0x0, 0x59, 0x20, 0x0, 0x0, 0x0,
    0x0, 0x0, 0x0, 0x0, 0x1, 0xef, 0x30, 0x0,
    0x10, 0x0, 0x0, 0x0, 0x0, 0x0, 0xc, 0xff,
    0xff, 0xff, 0xfe, 0x20, 0x0, 0x0, 0x0, 0x0,
    0xbf, 0xda, 0xaa, 0xad, 0xfc, 0x0, 0x0, 0x0,
    0x0, 0x1c, 0xfc, 0x0, 0x0, 0x4f, 0xd1, 0x0,
    0x0, 0x0, 0x4, 0xef, 0xf9, 0x88, 0x89, 0xff,
    0xa8, 0x88, 0x80, 0x0, 0x2f, 0xff, 0xff, 0xff,
    0xff, 0xff, 0xff, 0xff, 0xf0, 0x0, 0xa, 0x8d,
    0xf3, 0x33, 0x3d, 0xf4, 0x33, 0x3e, 0xf0, 0x0,
    0x0, 0xd, 0xf0, 0x0, 0xc, 0xf1, 0x0, 0xd,
    0xf0, 0x0, 0x0, 0xd, 0xf0, 0x0, 0xc, 0xf1,
    0x0, 0xd, 0xf0, 0x0, 0x0, 0xd, 0xf5, 0x55,
    0x5d, 0xf6, 0x55, 0x5e, 0xf0, 0x0, 0x0, 0xd,
    0xff, 0xff, 0xff, 0xff, 0xff, 0xff, 0xf0, 0x0,
    0x0, 0xd, 0xf7, 0x77, 0x77, 0x77, 0x77, 0x7e,
    0xf0, 0x0, 0x0, 0xd, 0xf0, 0x0, 0x0, 0x0,
    0x0, 0x3, 0x30, 0x0, 0x0, 0xd, 0xf0, 0x0,
    0x0, 0x0, 0x0, 0x0, 0xc, 0x90, 0x0, 0xd,
    0xf0, 0x0, 0x0, 0x0, 0x0, 0x0, 0xf, 0xe0,
    0x0, 0xc, 0xf2, 0x0, 0x0, 0x0, 0x0, 0x0,
    0x5f, 0xb0, 0x0, 0x7, 0xff, 0xcc, 0xcc, 0xcc,
    0xcc, 0xcc, 0xff, 0x50, 0x0, 0x0, 0x8d, 0xff,
    0xff, 0xff, 0xff, 0xff, 0xd6, 0x0,

    /* U+8282 "节" */
    0x0, 0x0, 0x2e, 0xa0, 0x0, 0x1, 0xed, 0x0,
    0x0, 0x0, 0x0, 0x3, 0xfb, 0x0, 0x0, 0x1f,
    0xe0, 0x0, 0x0, 0x8c, 0xcc, 0xcf, 0xec, 0xcc,
    0xcc, 0xff, 0xcc, 0xcc, 0x4b, 0xff, 0xff, 0xff,
    0xff, 0xff, 0xff, 0xff, 0xff, 0xf6, 0x0, 0x0,
    0x4f, 0xb0, 0x0, 0x2, 0xfe, 0x0, 0x0, 0x0,
    0x0, 0x3, 0xfb, 0x0, 0x0, 0x1f, 0xe0, 0x0,
    0x0, 0x0, 0x0, 0x3, 0x20, 0x0, 0x0, 0x32,
    0x0, 0x0, 0x0, 0xdd, 0xdd, 0xdd, 0xdd, 0xdd,
    0xdd, 0xdd, 0xd2, 0x0, 0x1f, 0xff, 0xff, 0xff,
    0xff, 0xff, 0xff, 0xff, 0x30, 0x0, 0x0, 0x0,
    0xd, 0xf3, 0x0, 0x0, 0x7, 0xf3, 0x0, 0x0,
    0x0, 0x0, 0xdf, 0x30, 0x0, 0x0, 0x7f, 0x30,
    0x0, 0x0, 0x0, 0xd, 0xf3, 0x0, 0x0, 0x7,
    0xf3, 0x0, 0x0, 0x0, 0x0, 0xdf, 0x30, 0x0,
    0x0, 0x7f, 0x30, 0x0, 0x0, 0x0, 0xd, 0xf3,
    0x0, 0x0, 0x7, 0xf3, 0x0, 0x0, 0x0, 0x0,
    0xdf, 0x30, 0xc, 0xee, 0xff, 0x10, 0x0, 0x0,
    0x0, 0xd, 0xf3, 0x0, 0x8f, 0xff, 0x90, 0x0,
    0x0, 0x0, 0x0, 0xdf, 0x30, 0x0, 0x0, 0x0,
    0x0, 0x0, 0x0, 0x0, 0xd, 0xf3, 0x0, 0x0,
    0x0, 0x0, 0x0, 0x0, 0x0, 0x0, 0xdf, 0x30,
    0x0, 0x0, 0x0, 0x0, 0x0,

    /* U+843D "落" */
    0x0, 0x0, 0x9, 0xe2, 0x0, 0x0, 0xae, 0x10,
    0x0, 0x0, 0xa, 0xaa, 0xae, 0xfb, 0xaa, 0xaa,
    0xef, 0xaa, 0xaa, 0x60, 0xf, 0xff, 0xff, 0xff,
    0xff, 0xff, 0xff, 0xff, 0xff, 0xa0, 0x0, 0x0,
    0xa, 0xf3, 0x0, 0x0, 0xcf, 0x20, 0x0, 0x0,
    0x0, 0x46, 0x6, 0x91, 0x5, 0xe7, 0x69, 0x0,
    0x0, 0x0, 0x0, 0xdf, 0xc3, 0x0, 0x2e, 0xf9,
    0x77, 0x77, 0x71, 0x0, 0x0, 0x19, 0xff, 0x11,
    0xdf, 0xff, 0xff, 0xff, 0xf8, 0x0, 0x0, 0x0,
    0x46, 0x1d, 0xff, 0xa0, 0x0, 0x8f, 0xc0, 0x0,
    0x8, 0x50, 0x2, 0xef, 0x78, 0xfd, 0x5b, 0xfc,
    0x10, 0x0, 0x3f, 0xfc, 0x30, 0x85, 0x0, 0x5f,
    0xff, 0xc0, 0x0, 0x0, 0x1, 0xaf, 0xc0, 0x0,
    0x29, 0xff, 0xdf, 0xfd, 0x71, 0x0, 0x0, 0x5,
    0x12, 0x9d, 0xff, 0xc5, 0x2, 0x9f, 0xff, 0xc1,
    0x0, 0x0, 0x32, 0xdf, 0xfa, 0x77, 0x77, 0x78,
    0xdc, 0x70, 0x0, 0x0, 0xdc, 0x14, 0xff, 0xff,
    0xff, 0xff, 0xf2, 0x0, 0x0, 0xa, 0xf8, 0x4,
    0xf8, 0x0, 0x0, 0xb, 0xf2, 0x0, 0x0, 0x7f,
    0xc0, 0x4, 0xf8, 0x0, 0x0, 0xb, 0xf2, 0x0,
    0x4, 0xff, 0x20, 0x4, 0xfc, 0x88, 0x88, 0x8e,
    0xf2, 0x0, 0xd, 0xf6, 0x0, 0x4, 0xff, 0xff,
    0xff, 0xff, 0xf2, 0x0, 0x3, 0x90, 0x0, 0x4,
    0xf8, 0x0, 0x0, 0xb, 0xf2, 0x0,

    /* U+86C7 "蛇" */
    0x0, 0x0, 0x0, 0x0, 0x0, 0x0, 0x0, 0x0,
    0x0, 0x0, 0x0, 0x0, 0xc9, 0x0, 0x0, 0x0,
    0x4d, 0x60, 0x0, 0x0, 0x0, 0x0, 0xec, 0x0,
    0x0, 0x0, 0x1f, 0xe0, 0x0, 0x0, 0x0, 0x0,
    0xec, 0x0, 0x0, 0x0, 0x9, 0xe3, 0x0, 0x0,
    0x2, 0x44, 0xfd, 0x44, 0x2d, 0xff, 0xff, 0xff,
    0xff, 0xf1, 0xa, 0xff, 0xff, 0xff, 0x9d, 0xfa,
    0xaa, 0xaa, 0xae, 0xf1, 0xa, 0xd4, 0xdb, 0x4f,
    0x9d, 0xd0, 0x0, 0x0, 0xb, 0xf1, 0xa, 0xd0,
    0xca, 0xe, 0x9a, 0xa0, 0x0, 0x0, 0x8, 0xc1,
    0xa, 0xd0, 0xca, 0xe, 0x90, 0x1d, 0x90, 0x0,
    0x0, 0x0, 0xa, 0xd0, 0xca, 0xe, 0x90, 0x1f,
    0xb0, 0x0, 0x8b, 0x0, 0xa, 0xe8, 0xed, 0x8f,
    0x90, 0x1f, 0xb0, 0x5d, 0xfd, 0x20, 0xa, 0xff,
    0xff, 0xff, 0x90, 0x1f, 0xdc, 0xfe, 0x60, 0x0,
    0x9, 0xc0, 0xfc, 0x0, 0x0, 0x1f, 0xfe, 0x70,
    0x0, 0x0, 0x0, 0x0, 0xfc, 0x2d, 0x30, 0x1f,
    0xc0, 0x0, 0x0, 0x0, 0x0, 0x0, 0xfc, 0xf,
    0x90, 0x1f, 0xb0, 0x0, 0x1, 0x10, 0x0, 0x0,
    0xfd, 0x5e, 0xd0, 0x1f, 0xb0, 0x0, 0x3, 0xf4,
    0x17, 0xac, 0xff, 0xff, 0xf2, 0x1f, 0xb0, 0x0,
    0x4, 0xf4, 0x3f, 0xff, 0xff, 0xdb, 0xf5, 0x1f,
    0xb0, 0x0, 0x7, 0xf2, 0x1e, 0xb7, 0x41, 0x0,
    0xf7, 0xf, 0xfa, 0xaa, 0xae, 0xe0, 0x0, 0x0,
    0x0, 0x0, 0x20, 0x6, 0xef, 0xff, 0xfe, 0x50,

    /* U+8857 "街" */
    0x0, 0x2, 0xc5, 0x0, 0x1e, 0xa0, 0x0, 0x0,
    0x0, 0x0, 0x0, 0xc, 0xf5, 0x0, 0x1f, 0xb0,
    0x0, 0xac, 0xcc, 0xc2, 0x0, 0xbf, 0x80, 0x48,
    0x9f, 0xe8, 0x81, 0xce, 0xee, 0xe2, 0x1b, 0xfa,
    0x0, 0x9f, 0xff, 0xff, 0xf3, 0x0, 0x0, 0x0,
    0x1e, 0x90, 0x69, 0x20, 0x2f, 0xb0, 0x0, 0x0,
    0x0, 0x0, 0x1, 0x1, 0xef, 0x10, 0x1f, 0xb0,
    0x0, 0x0, 0x0, 0x0, 0x0, 0x9, 0xf7, 0xbb,
    0xcf, 0xeb, 0xb6, 0x99, 0x99, 0x94, 0x0, 0x5f,
    0xe0, 0xff, 0xff, 0xff, 0xf9, 0xff, 0xff, 0xf7,
    0x2, 0xff, 0xa0, 0x12, 0x27, 0x52, 0x21, 0x12,
    0xfc, 0x10, 0x2e, 0xff, 0xa0, 0x0, 0x1f, 0xb0,
    0x0, 0x1, 0xfc, 0x0, 0x5f, 0xaf, 0xa0, 0x0,
    0x2f, 0xb0, 0x0, 0x1, 0xfc, 0x0, 0x6, 0x1f,
    0xa0, 0xdf, 0xff, 0xff, 0xf6, 0x1, 0xfc, 0x0,
    0x0, 0x1f, 0xa0, 0x79, 0xaf, 0xe9, 0x93, 0x1,
    0xfc, 0x0, 0x0, 0x1f, 0xa0, 0x0, 0x1f, 0xb0,
    0x0, 0x1, 0xfc, 0x0, 0x0, 0x1f, 0xa0, 0x0,
    0x1f, 0xb0, 0x0, 0x1, 0xfc, 0x0, 0x0, 0x1f,
    0xa1, 0x46, 0x8f, 0xed, 0xfe, 0x1, 0xfc, 0x0,
    0x0, 0x1f, 0xa5, 0xff, 0xff, 0xfe, 0xc9, 0x1,
    0xfc, 0x0, 0x0, 0x1f, 0xa2, 0x86, 0x42, 0x0,
    0x7, 0xee, 0xfb, 0x0, 0x0, 0x1f, 0xa0, 0x0,
    0x0, 0x0, 0x4, 0xff, 0xc3, 0x0, 0x0, 0x0,
    0x0, 0x0, 0x0, 0x0, 0x0, 0x0, 0x0, 0x0,

    /* U+88AB "被" */
    0x0, 0x19, 0x50, 0x0, 0x0, 0x0, 0x2e, 0x90,
    0x0, 0x0, 0x0, 0xe, 0xe1, 0x0, 0x0, 0x0,
    0x2f, 0xa0, 0x0, 0x0, 0x0, 0x5, 0xf7, 0x0,
    0x24, 0x33, 0x5f, 0xb3, 0x33, 0x20, 0x2a, 0xaa,
    0xea, 0x80, 0xbf, 0xff, 0xff, 0xff, 0xff, 0xf1,
    0x3f, 0xff, 0xff, 0xf0, 0xbf, 0x88, 0x9f, 0xd8,
    0x8f, 0xc0, 0x1, 0x11, 0x2f, 0xa0, 0xbf, 0x0,
    0x2f, 0xa0, 0x3f, 0x80, 0x0, 0x0, 0x8f, 0x30,
    0xbf, 0x0, 0x2f, 0xa0, 0x7f, 0x30, 0x0, 0x2,
    0xfb, 0x11, 0xbf, 0x0, 0x2f, 0xa0, 0x5, 0x0,
    0x0, 0xc, 0xf3, 0xbb, 0xbf, 0xff, 0xff, 0xff,
    0xff, 0x30, 0x0, 0x8f, 0xfd, 0xf3, 0xcf, 0xfe,
    0xaa, 0xaa, 0xff, 0x10, 0x5, 0xff, 0xff, 0x70,
    0xce, 0xce, 0x0, 0x1, 0xfc, 0x0, 0x4f, 0xfd,
    0xfb, 0xf2, 0xed, 0x6f, 0x60, 0x8, 0xf6, 0x0,
    0x1f, 0x4b, 0xf2, 0xe6, 0xfb, 0xe, 0xe1, 0x2f,
    0xe0, 0x0, 0x2, 0xb, 0xf1, 0x33, 0xf8, 0x5,
    0xfb, 0xcf, 0x50, 0x0, 0x0, 0xb, 0xf1, 0x7,
    0xf5, 0x0, 0xaf, 0xfa, 0x0, 0x0, 0x0, 0xb,
    0xf1, 0xd, 0xf1, 0x1, 0xcf, 0xfc, 0x10, 0x0,
    0x0, 0xb, 0xf1, 0x4f, 0xa0, 0x6e, 0xfb, 0xcf,
    0xf8, 0x10, 0x0, 0xb, 0xf1, 0xcf, 0x5e, 0xff,
    0x70, 0x9, 0xff, 0xf2, 0x0, 0xb, 0xf1, 0x27,
    0xa, 0x91, 0x0, 0x0, 0x2a, 0x80,

    /* U+8981 "要" */
    0x9d, 0xdd, 0xdd, 0xdd, 0xdd, 0xdd, 0xdd, 0xdd,
    0xd8, 0x8, 0xcc, 0xcc, 0xdf, 0xec, 0xcf, 0xfd,
    0xcc, 0xcc, 0x80, 0x0, 0x0, 0x5, 0xf7, 0x0,
    0xbf, 0x10, 0x0, 0x0, 0x0, 0xbf, 0xff, 0xff,
    0xff, 0xff, 0xff, 0xff, 0xfe, 0x0, 0xb, 0xf9,
    0x8b, 0xfc, 0x88, 0xef, 0x98, 0x8f, 0xe0, 0x0,
    0xbf, 0x0, 0x5f, 0x70, 0xb, 0xf1, 0x0, 0xfe,
    0x0, 0xb, 0xf0, 0x5, 0xf7, 0x0, 0xbf, 0x10,
    0xf, 0xe0, 0x0, 0xbf, 0xff, 0xff, 0xff, 0xff,
    0xff, 0xff, 0xfe, 0x0, 0x5, 0x88, 0x88, 0xdf,
    0xa8, 0x88, 0x88, 0x88, 0x70, 0x0, 0x0, 0x0,
    0x2f, 0xf3, 0x0, 0x0, 0x0, 0x0, 0x0, 0xff,
    0xff, 0xff, 0xff, 0xff, 0xff, 0xff, 0xff, 0xff,
    0x9, 0x99, 0x9d, 0xfd, 0x99, 0x99, 0x9f, 0xfa,
    0x99, 0x90, 0x0, 0x3, 0xff, 0x20, 0x0, 0x9,
    0xfa, 0x0, 0x0, 0x0, 0x2, 0xef, 0xfc, 0x95,
    0x29, 0xfd, 0x10, 0x0, 0x0, 0x0, 0x3, 0x6a,
    0xdf, 0xff, 0xff, 0x71, 0x0, 0x0, 0x0, 0x1,
    0x35, 0x8c, 0xff, 0xee, 0xff, 0xfc, 0x72, 0x0,
    0x8f, 0xff, 0xff, 0xea, 0x50, 0x2, 0x7c, 0xff,
    0xf3, 0x2, 0xa9, 0x74, 0x20, 0x0, 0x0, 0x0,
    0x2, 0x84, 0x0,

    /* U+89E3 "解" */
    0x0, 0x6, 0xb1, 0x0, 0x0, 0x0, 0x0, 0x0,
    0x0, 0x0, 0x0, 0xb, 0xf1, 0x11, 0x0, 0xad,
    0xdd, 0xdd, 0xde, 0xa0, 0x0, 0x1f, 0xff, 0xff,
    0xa0, 0x8b, 0xcf, 0xdb, 0xbf, 0xb0, 0x0, 0x7f,
    0x86, 0xbf, 0x90, 0x0, 0x7f, 0x40, 0xf, 0xa0,
    0x0, 0xed, 0x0, 0xcf, 0x10, 0x0, 0xcf, 0x0,
    0x1f, 0x90, 0x9, 0xfe, 0xcc, 0xff, 0xc9, 0x7,
    0xf8, 0x0, 0x4f, 0x70, 0x1e, 0xff, 0xaf, 0xda,
    0xfc, 0x9f, 0xb0, 0x5f, 0xff, 0x30, 0x1, 0xdd,
    0xe, 0x70, 0xdc, 0x69, 0x30, 0x5d, 0x84, 0x0,
    0x0, 0xbe, 0x6f, 0xa6, 0xec, 0x9, 0xf0, 0xbf,
    0x10, 0x0, 0x0, 0xbf, 0xff, 0xff, 0xfc, 0xd,
    0xf9, 0xef, 0x99, 0x70, 0x0, 0xbd, 0xe, 0x70,
    0xdc, 0x3f, 0xff, 0xff, 0xff, 0xc0, 0x0, 0xbd,
    0xe, 0x70, 0xdc, 0xaf, 0x20, 0xbf, 0x20, 0x0,
    0x0, 0xce, 0x8f, 0xb8, 0xec, 0x77, 0x0, 0xbf,
    0x10, 0x0, 0x0, 0xdf, 0xff, 0xff, 0xfc, 0x6a,
    0xaa, 0xef, 0xaa, 0xa3, 0x0, 0xfa, 0xe, 0x70,
    0xdc, 0xaf, 0xff, 0xff, 0xff, 0xf5, 0x2, 0xf7,
    0xe, 0x70, 0xdc, 0x0, 0x0, 0xbf, 0x20, 0x0,
    0x7, 0xf3, 0xe, 0x70, 0xdc, 0x0, 0x0, 0xbf,
    0x10, 0x0, 0xd, 0xe0, 0x7, 0x79, 0xfb, 0x0,
    0x0, 0xbf, 0x10, 0x0, 0x8, 0x70, 0x0, 0x2f,
    0xe4, 0x0, 0x0, 0xbf, 0x10, 0x0, 0x0, 0x0,
    0x0, 0x0, 0x0, 0x0, 0x0, 0x0, 0x0, 0x0,

    /* U+8BA1 "计" */
    0x0, 0x2, 0x0, 0x0, 0x0, 0x0, 0x89, 0x10,
    0x0, 0x0, 0x0, 0x2e, 0xb0, 0x0, 0x0, 0x0,
    0xdf, 0x20, 0x0, 0x0, 0x0, 0xa, 0xfc, 0x10,
    0x0, 0x0, 0xdf, 0x20, 0x0, 0x0, 0x0, 0x0,
    0x9f, 0xa0, 0x0, 0x0, 0xdf, 0x20, 0x0, 0x0,
    0x0, 0x0, 0x9, 0x30, 0x0, 0x0, 0xdf, 0x20,
    0x0, 0x0, 0x0, 0x0, 0x0, 0x0, 0x0, 0x0,
    0xdf, 0x20, 0x0, 0x0, 0x17, 0x77, 0x86, 0x2,
    0x33, 0x33, 0xef, 0x43, 0x33, 0x30, 0x2f, 0xff,
    0xfd, 0xd, 0xff, 0xff, 0xff, 0xff, 0xff, 0xf0,
    0x17, 0x77, 0xfd, 0xa, 0xcc, 0xcc, 0xff, 0xdc,
    0xcc, 0xc0, 0x0, 0x1, 0xfd, 0x0, 0x0, 0x0,
    0xdf, 0x20, 0x0, 0x0, 0x0, 0x1, 0xfd, 0x0,
    0x0, 0x0, 0xdf, 0x20, 0x0, 0x0, 0x0, 0x1,
    0xfd, 0x0, 0x0, 0x0, 0xdf, 0x20, 0x0, 0x0,
    0x0, 0x1, 0xfd, 0x0, 0x0, 0x0, 0xdf, 0x20,
    0x0, 0x0, 0x0, 0x1, 0xfd, 0x6, 0x0, 0x0,
    0xdf, 0x20, 0x0, 0x0, 0x0, 0x1, 0xfe, 0xbf,
    0x50, 0x0, 0xdf, 0x20, 0x0, 0x0, 0x0, 0x2,
    0xff, 0xfb, 0x10, 0x0, 0xdf, 0x20, 0x0, 0x0,
    0x0, 0xa, 0xff, 0x70, 0x0, 0x0, 0xdf, 0x20,
    0x0, 0x0, 0x0, 0xc, 0xe4, 0x0, 0x0, 0x0,
    0xdf, 0x20, 0x0, 0x0, 0x0, 0x3, 0x20, 0x0,
    0x0, 0x0, 0xdf, 0x20, 0x0, 0x0,

    /* U+8BA4 "认" */
    0x0, 0x5, 0x30, 0x0, 0x0, 0x0, 0xbf, 0x20,
    0x0, 0x0, 0x0, 0x2f, 0xf4, 0x0, 0x0, 0x0,
    0xcf, 0x20, 0x0, 0x0, 0x0, 0x5, 0xff, 0x50,
    0x0, 0x0, 0xcf, 0x20, 0x0, 0x0, 0x0, 0x0,
    0x4f, 0xb0, 0x0, 0x0, 0xcf, 0x20, 0x0, 0x0,
    0x0, 0x0, 0x4, 0x0, 0x0, 0x0, 0xcf, 0x10,
    0x0, 0x0, 0x0, 0x0, 0x0, 0x0, 0x0, 0x0,
    0xdf, 0x0, 0x0, 0x0, 0x1c, 0xcc, 0xcb, 0x0,
    0x0, 0x0, 0xef, 0x10, 0x0, 0x0, 0x2f, 0xff,
    0xfe, 0x0, 0x0, 0x0, 0xff, 0x30, 0x0, 0x0,
    0x0, 0x0, 0xee, 0x0, 0x0, 0x1, 0xff, 0x60,
    0x0, 0x0, 0x0, 0x0, 0xee, 0x0, 0x0, 0x4,
    0xff, 0xa0, 0x0, 0x0, 0x0, 0x0, 0xee, 0x0,
    0x0, 0x8, 0xff, 0xe0, 0x0, 0x0, 0x0, 0x0,
    0xee, 0x0, 0x0, 0xc, 0xfb, 0xf4, 0x0, 0x0,
    0x0, 0x0, 0xee, 0x0, 0x0, 0x2f, 0xe2, 0xfb,
    0x0, 0x0, 0x0, 0x0, 0xee, 0x2d, 0x50, 0x9f,
    0x80, 0xcf, 0x30, 0x0, 0x0, 0x0, 0xef, 0xff,
    0x52, 0xff, 0x10, 0x5f, 0xc0, 0x0, 0x0, 0x2,
    0xff, 0xd3, 0xd, 0xf8, 0x0, 0xb, 0xf9, 0x0,
    0x0, 0xc, 0xfa, 0x1, 0xcf, 0xc0, 0x0, 0x2,
    0xef, 0x90, 0x0, 0x5, 0x70, 0x4, 0xfd, 0x10,
    0x0, 0x0, 0x3f, 0xe2, 0x0, 0x0, 0x0, 0x0,
    0x41, 0x0, 0x0, 0x0, 0x2, 0x20,

    /* U+8BA9 "让" */
    0x0, 0x8, 0x20, 0x0, 0x0, 0x7, 0xf6, 0x0,
    0x0, 0x0, 0x0, 0x3f, 0xe2, 0x0, 0x0, 0x7,
    0xf7, 0x0, 0x0, 0x0, 0x0, 0x5, 0xfe, 0x20,
    0x0, 0x7, 0xf7, 0x0, 0x0, 0x0, 0x0, 0x0,
    0x5f, 0x60, 0x0, 0x7, 0xf7, 0x0, 0x0, 0x0,
    0x0, 0x0, 0x3, 0x0, 0x0, 0x7, 0xf7, 0x0,
    0x0, 0x0, 0x0, 0x0, 0x0, 0x0, 0x0, 0x7,
    0xf7, 0x0, 0x0, 0x0, 0x1d, 0xde, 0xf8, 0x0,
    0x0, 0x7, 0xfc, 0xaa, 0xa8, 0x0, 0x2f, 0xff,
    0xfa, 0x0, 0x0, 0x7, 0xff, 0xff, 0xfd, 0x0,
    0x0, 0x2, 0xfa, 0x0, 0x0, 0x7, 0xf8, 0x33,
    0x32, 0x0, 0x0, 0x2, 0xfa, 0x0, 0x0, 0x7,
    0xf7, 0x0, 0x0, 0x0, 0x0, 0x2, 0xfa, 0x0,
    0x0, 0x7, 0xf7, 0x0, 0x0, 0x0, 0x0, 0x2,
    0xfa, 0x0, 0x0, 0x7, 0xf7, 0x0, 0x0, 0x0,
    0x0, 0x2, 0xfa, 0x2, 0x0, 0x7, 0xf7, 0x0,
    0x0, 0x0, 0x0, 0x2, 0xfa, 0x7f, 0x10, 0x7,
    0xf7, 0x0, 0x0, 0x0, 0x0, 0x2, 0xff, 0xfd,
    0x10, 0x7, 0xf7, 0x0, 0x0, 0x0, 0x0, 0x6,
    0xff, 0xa0, 0x0, 0x7, 0xf7, 0x0, 0x0, 0x0,
    0x0, 0x2e, 0xf7, 0x3f, 0xff, 0xff, 0xff, 0xff,
    0xff, 0xf3, 0x0, 0x1d, 0x50, 0x3e, 0xee, 0xee,
    0xee, 0xee, 0xee, 0xe3, 0x0, 0x0, 0x0, 0x0,
    0x0, 0x0, 0x0, 0x0, 0x0, 0x0,

    /* U+8BB0 "记" */
    0x0, 0x7, 0x10, 0x0, 0x0, 0x0, 0x0, 0x0,
    0x0, 0x0, 0x0, 0x6f, 0xd1, 0x0, 0x5b, 0xbb,
    0xbb, 0xbb, 0xbb, 0x0, 0x0, 0xa, 0xfe, 0x20,
    0x7f, 0xff, 0xff, 0xff, 0xff, 0x0, 0x0, 0x0,
    0xaf, 0xb0, 0x12, 0x22, 0x22, 0x22, 0xef, 0x0,
    0x0, 0x0, 0x9, 0x10, 0x0, 0x0, 0x0, 0x0,
    0xef, 0x0, 0x0, 0x0, 0x0, 0x0, 0x0, 0x0,
    0x0, 0x0, 0xef, 0x0, 0x1b, 0xbb, 0xc9, 0x0,
    0x0, 0x0, 0x0, 0x0, 0xef, 0x0, 0x2f, 0xff,
    0xfc, 0x0, 0x0, 0x0, 0x0, 0x0, 0xef, 0x0,
    0x2, 0x23, 0xfc, 0x0, 0x1f, 0xff, 0xff, 0xff,
    0xff, 0x0, 0x0, 0x1, 0xfc, 0x0, 0x1f, 0xfc,
    0xcc, 0xcc, 0xff, 0x0, 0x0, 0x1, 0xfc, 0x0,
    0x1f, 0xe0, 0x0, 0x0, 0xbc, 0x0, 0x0, 0x1,
    0xfc, 0x0, 0x1f, 0xe0, 0x0, 0x0, 0x0, 0x0,
    0x0, 0x1, 0xfc, 0x0, 0x1f, 0xe0, 0x0, 0x0,
    0x0, 0x0, 0x0, 0x1, 0xfc, 0x1, 0x1f, 0xe0,
    0x0, 0x0, 0x2, 0x0, 0x0, 0x1, 0xfc, 0x5e,
    0x1f, 0xe0, 0x0, 0x0, 0x8, 0xd2, 0x0, 0x1,
    0xff, 0xff, 0x4f, 0xe0, 0x0, 0x0, 0xa, 0xf3,
    0x0, 0x4, 0xff, 0xd3, 0xf, 0xf0, 0x0, 0x0,
    0xd, 0xf0, 0x0, 0xd, 0xfa, 0x0, 0xe, 0xfe,
    0xdd, 0xdd, 0xef, 0xc0, 0x0, 0x5, 0x70, 0x0,
    0x4, 0xdf, 0xff, 0xff, 0xfc, 0x20,

    /* U+8BC1 "证" */
    0x0, 0x30, 0x0, 0x0, 0x0, 0x0, 0x0, 0x0,
    0x0, 0x0, 0x9f, 0x70, 0x0, 0x77, 0x77, 0x77,
    0x77, 0x77, 0x71, 0x2, 0xdf, 0x80, 0x1f, 0xff,
    0xff, 0xff, 0xff, 0xff, 0x20, 0x1, 0xdf, 0x40,
    0x44, 0x44, 0x4e, 0xf5, 0x44, 0x40, 0x0, 0x2,
    0x70, 0x0, 0x0, 0x0, 0xdf, 0x10, 0x0, 0x0,
    0x0, 0x0, 0x0, 0x0, 0x0, 0xd, 0xf1, 0x0,
    0x0, 0x9b, 0xbc, 0x60, 0x0, 0x54, 0x0, 0xdf,
    0x10, 0x0, 0xe, 0xff, 0xf9, 0x0, 0x1f, 0xc0,
    0xd, 0xf1, 0x0, 0x0, 0x22, 0x6f, 0x90, 0x1,
    0xfc, 0x0, 0xdf, 0xcc, 0xc9, 0x0, 0x4, 0xf9,
    0x0, 0x1f, 0xc0, 0xd, 0xff, 0xff, 0xb0, 0x0,
    0x4f, 0x90, 0x1, 0xfc, 0x0, 0xdf, 0x10, 0x0,
    0x0, 0x4, 0xf9, 0x0, 0x1f, 0xc0, 0xd, 0xf1,
    0x0, 0x0, 0x0, 0x4f, 0x90, 0x11, 0xfc, 0x0,
    0xdf, 0x10, 0x0, 0x0, 0x4, 0xf9, 0x8c, 0x1f,
    0xc0, 0xd, 0xf1, 0x0, 0x0, 0x0, 0x4f, 0xff,
    0xd1, 0xfc, 0x0, 0xdf, 0x10, 0x0, 0x0, 0x7,
    0xff, 0xb0, 0x1f, 0xc0, 0xd, 0xf1, 0x0, 0x0,
    0x2, 0xef, 0x80, 0xae, 0xff, 0xee, 0xff, 0xee,
    0xee, 0x70, 0xc, 0x60, 0x9, 0xdd, 0xdd, 0xdd,
    0xdd, 0xdd, 0xd7, 0x0, 0x0, 0x0, 0x0, 0x0,
    0x0, 0x0, 0x0, 0x0, 0x0,

    /* U+8BD5 "试" */
    0x0, 0x40, 0x0, 0x0, 0x0, 0x0, 0x4c, 0x63,
    0x50, 0x0, 0x4f, 0xd1, 0x0, 0x0, 0x0, 0x5,
    0xf8, 0xbf, 0x30, 0x0, 0x8f, 0xe2, 0x0, 0x0,
    0x0, 0x5f, 0x81, 0xee, 0x10, 0x0, 0x8f, 0x70,
    0x0, 0x0, 0x4, 0xf9, 0x4, 0x90, 0x0, 0x0,
    0x50, 0xae, 0xee, 0xee, 0xff, 0xfe, 0xee, 0x80,
    0x0, 0x0, 0xa, 0xdd, 0xdd, 0xde, 0xff, 0xdd,
    0xd7, 0x9c, 0xcc, 0x70, 0x0, 0x0, 0x0, 0x2f,
    0xb0, 0x0, 0xc, 0xff, 0xf9, 0x0, 0x0, 0x0,
    0x2, 0xfb, 0x0, 0x0, 0x0, 0x4f, 0x90, 0x9,
    0xaa, 0xaa, 0x4f, 0xd0, 0x0, 0x0, 0x3, 0xf9,
    0x0, 0xff, 0xff, 0xf6, 0xfe, 0x0, 0x0, 0x0,
    0x3f, 0x90, 0x2, 0x3f, 0xb2, 0xe, 0xf0, 0x0,
    0x0, 0x3, 0xf9, 0x0, 0x1, 0xfa, 0x0, 0xcf,
    0x10, 0x0, 0x0, 0x3f, 0x90, 0x0, 0x1f, 0xa0,
    0xa, 0xf3, 0x0, 0x0, 0x3, 0xf9, 0x1, 0x1,
    0xfa, 0x0, 0x8f, 0x60, 0x50, 0x0, 0x3f, 0x97,
    0xf0, 0x1f, 0xc7, 0x95, 0xf9, 0xd, 0x90, 0x3,
    0xff, 0xff, 0x7a, 0xff, 0xfe, 0x1f, 0xd0, 0xf9,
    0x0, 0xbf, 0xfa, 0x4f, 0xff, 0xc7, 0x20, 0xcf,
    0xbf, 0x60, 0xd, 0xe4, 0x0, 0x96, 0x10, 0x0,
    0x5, 0xff, 0xf1, 0x0, 0x41, 0x0, 0x0, 0x0,
    0x0, 0x0, 0x9, 0xf7, 0x0,

    /* U+8BE6 "详" */
    0x0, 0x1, 0x0, 0x0, 0x3, 0x50, 0x0, 0x0,
    0x94, 0x0, 0x9, 0xe3, 0x0, 0x0, 0xdf, 0x20,
    0x0, 0x5f, 0xb0, 0x0, 0x6f, 0xf4, 0x0, 0x5,
    0xfb, 0x0, 0xc, 0xf3, 0x0, 0x0, 0x5f, 0xf1,
    0x0, 0xd, 0xc0, 0x4, 0xfb, 0x0, 0x0, 0x0,
    0x59, 0x3, 0xee, 0xfe, 0xee, 0xff, 0xfe, 0x70,
    0x0, 0x0, 0x0, 0x3d, 0xdd, 0xdf, 0xfe, 0xdd,
    0xd7, 0x27, 0x77, 0x83, 0x0, 0x0, 0x0, 0xbf,
    0x30, 0x0, 0x4, 0xff, 0xff, 0x70, 0x0, 0x0,
    0xb, 0xf3, 0x0, 0x0, 0x3, 0x37, 0xf7, 0x0,
    0x9f, 0xff, 0xff, 0xff, 0xfe, 0x0, 0x0, 0x5f,
    0x70, 0x7, 0xcc, 0xcf, 0xfd, 0xcc, 0xb0, 0x0,
    0x5, 0xf7, 0x0, 0x0, 0x0, 0xbf, 0x30, 0x0,
    0x0, 0x0, 0x5f, 0x70, 0x0, 0x0, 0xb, 0xf3,
    0x0, 0x0, 0x0, 0x5, 0xf7, 0x8, 0xcc, 0xcc,
    0xff, 0xdc, 0xcc, 0xb0, 0x0, 0x5f, 0x74, 0xdf,
    0xff, 0xff, 0xff, 0xff, 0xfe, 0x0, 0x5, 0xfc,
    0xf7, 0x0, 0x0, 0xbf, 0x30, 0x0, 0x0, 0x0,
    0x6f, 0xfd, 0x20, 0x0, 0xb, 0xf3, 0x0, 0x0,
    0x0, 0xb, 0xfc, 0x10, 0x0, 0x0, 0xbf, 0x30,
    0x0, 0x0, 0x1, 0xfb, 0x0, 0x0, 0x0, 0xb,
    0xf3, 0x0, 0x0, 0x0, 0x5, 0x0, 0x0, 0x0,
    0x0, 0xbf, 0x30, 0x0, 0x0,

    /* U+8BF7 "请" */
    0x0, 0x4, 0x0, 0x0, 0x0, 0x0, 0xae, 0x10,
    0x0, 0x0, 0x0, 0x9f, 0x70, 0x2, 0x66, 0x66,
    0xef, 0x76, 0x66, 0x40, 0x0, 0x1d, 0xf8, 0x4,
    0xff, 0xff, 0xff, 0xff, 0xff, 0xb0, 0x0, 0x1,
    0xdf, 0x20, 0x0, 0x0, 0xcf, 0x10, 0x0, 0x0,
    0x0, 0x0, 0x26, 0x0, 0xbf, 0xff, 0xff, 0xff,
    0xff, 0x20, 0x0, 0x0, 0x0, 0x0, 0x45, 0x55,
    0xdf, 0x65, 0x55, 0x0, 0xa, 0xaa, 0xb5, 0x6,
    0x77, 0x77, 0xef, 0x87, 0x77, 0x72, 0xf, 0xff,
    0xf9, 0xd, 0xff, 0xff, 0xff, 0xff, 0xff, 0xf5,
    0x2, 0x26, 0xf9, 0x0, 0x1, 0x11, 0x11, 0x11,
    0x11, 0x0, 0x0, 0x4, 0xf9, 0x0, 0x6f, 0xff,
    0xff, 0xff, 0xff, 0x0, 0x0, 0x4, 0xf9, 0x0,
    0x6f, 0x95, 0x55, 0x55, 0xef, 0x0, 0x0, 0x4,
    0xf9, 0x0, 0x6f, 0x95, 0x55, 0x55, 0xef, 0x0,
    0x0, 0x4, 0xf9, 0x0, 0x6f, 0xff, 0xff, 0xff,
    0xff, 0x0, 0x0, 0x4, 0xf9, 0x25, 0x6f, 0x60,
    0x0, 0x0, 0xdf, 0x0, 0x0, 0x4, 0xfc, 0xfc,
    0x6f, 0xa7, 0x77, 0x77, 0xef, 0x0, 0x0, 0x4,
    0xff, 0xf5, 0x6f, 0xfe, 0xee, 0xee, 0xff, 0x0,
    0x0, 0xb, 0xfe, 0x30, 0x6f, 0x60, 0x0, 0x0,
    0xdf, 0x0, 0x0, 0xe, 0xd1, 0x0, 0x6f, 0x60,
    0x3, 0xaa, 0xff, 0x0, 0x0, 0x4, 0x10, 0x0,
    0x6f, 0x60, 0x0, 0xfe, 0xd6, 0x0,

    /* U+8BFB "读" */
    0x0, 0x2, 0x0, 0x0, 0x0, 0x0, 0xba, 0x0,
    0x0, 0x0, 0x0, 0x9f, 0x60, 0x0, 0x0, 0x0,
    0xfe, 0x0, 0x0, 0x0, 0x0, 0x2e, 0xf8, 0x0,
    0xff, 0xff, 0xff, 0xff, 0xff, 0x0, 0x0, 0x1,
    0xdf, 0x40, 0x88, 0x88, 0xff, 0x88, 0x88, 0x0,
    0x0, 0x0, 0x17, 0x0, 0x0, 0x0, 0xfe, 0x0,
    0x1, 0x0, 0x0, 0x0, 0x0, 0xb, 0xff, 0xff,
    0xff, 0xff, 0xff, 0xd0, 0xc, 0xcd, 0xd5, 0x7,
    0x99, 0x99, 0x99, 0x99, 0xbf, 0x90, 0x1f, 0xff,
    0xf6, 0x0, 0x8, 0x40, 0x39, 0x30, 0x8f, 0x40,
    0x0, 0x6, 0xf6, 0x0, 0x19, 0xfb, 0x8f, 0x60,
    0xcd, 0x0, 0x0, 0x5, 0xf6, 0x6, 0xe5, 0x3c,
    0x9f, 0x60, 0x1, 0x0, 0x0, 0x5, 0xf6, 0x1,
    0xaf, 0x90, 0x7f, 0x50, 0x0, 0x0, 0x0, 0x5,
    0xf6, 0x0, 0x7, 0xb0, 0x9f, 0x40, 0x0, 0x0,
    0x0, 0x5, 0xf6, 0xf, 0xff, 0xff, 0xff, 0xff,
    0xff, 0xf2, 0x0, 0x5, 0xf6, 0x49, 0x99, 0x9c,
    0xfd, 0x99, 0x99, 0x91, 0x0, 0x5, 0xfc, 0xf5,
    0x0, 0x1d, 0xf4, 0x96, 0x0, 0x0, 0x0, 0x6,
    0xff, 0xc1, 0x1, 0xcf, 0x91, 0xcf, 0xb1, 0x0,
    0x0, 0xb, 0xfa, 0x0, 0x5e, 0xfa, 0x0, 0x9,
    0xfe, 0x40, 0x0, 0x1e, 0xa0, 0x1d, 0xff, 0x70,
    0x0, 0x0, 0x5f, 0xf3, 0x0, 0x3, 0x0, 0x9,
    0x91, 0x0, 0x0, 0x0, 0x4, 0x80,

    /* U+8C03 "调" */
    0x0, 0x21, 0x0, 0x0, 0x10, 0x0, 0x0, 0x0,
    0x1, 0x0, 0x1e, 0xe2, 0x0, 0xaf, 0xff, 0xff,
    0xff, 0xff, 0xf9, 0x0, 0x6f, 0xe2, 0xa, 0xf9,
    0x99, 0x99, 0x99, 0xaf, 0x90, 0x0, 0x6f, 0xc0,
    0xaf, 0x0, 0xb, 0x80, 0x2, 0xf9, 0x0, 0x0,
    0x72, 0xa, 0xf0, 0x45, 0xeb, 0x53, 0x2f, 0x90,
    0x0, 0x0, 0x0, 0xaf, 0xb, 0xff, 0xff, 0x82,
    0xf9, 0x4a, 0xab, 0xa0, 0xa, 0xf0, 0x0, 0xd9,
    0x0, 0x2f, 0x96, 0xff, 0xff, 0x0, 0xaf, 0x0,
    0xd, 0x90, 0x2, 0xf9, 0x25, 0x5d, 0xf0, 0xa,
    0xf1, 0xff, 0xff, 0xff, 0x5f, 0x90, 0x0, 0xcf,
    0x0, 0xaf, 0x5, 0x55, 0x55, 0x53, 0xf9, 0x0,
    0xc, 0xf0, 0xb, 0xf0, 0x57, 0x66, 0x62, 0x2f,
    0x90, 0x0, 0xcf, 0x0, 0xce, 0xd, 0xff, 0xff,
    0x62, 0xf9, 0x0, 0xc, 0xf0, 0xd, 0xd0, 0xd9,
    0x0, 0xf6, 0x2f, 0x90, 0x0, 0xcf, 0x24, 0xfb,
    0xd, 0x90, 0xf, 0x62, 0xf9, 0x0, 0xc, 0xfe,
    0xef, 0x80, 0xdf, 0xff, 0xf6, 0x2f, 0x90, 0x0,
    0xef, 0xfb, 0xf5, 0xd, 0xc6, 0x66, 0x22, 0xf9,
    0x0, 0x5f, 0xf4, 0xcf, 0x0, 0x32, 0x0, 0x0,
    0x2f, 0x90, 0xa, 0xf3, 0x4f, 0xa0, 0x0, 0x0,
    0x8, 0xbc, 0xf8, 0x0, 0x3, 0x1, 0xb2, 0x0,
    0x0, 0x0, 0x6f, 0xeb, 0x10, 0x0, 0x0, 0x0,
    0x0, 0x0, 0x0, 0x0, 0x0, 0x0,

    /* U+8D25 "败" */
    0x0, 0x0, 0x0, 0x0, 0x0, 0x0, 0x96, 0x0,
    0x0, 0x0, 0x6, 0xff, 0xff, 0xff, 0xe0, 0x1,
    0xfb, 0x0, 0x0, 0x0, 0x7, 0xfc, 0xcc, 0xce,
    0xf0, 0x5, 0xf7, 0x0, 0x0, 0x0, 0x7, 0xf1,
    0x23, 0xa, 0xf0, 0xa, 0xfa, 0x99, 0x99, 0x70,
    0x7, 0xf1, 0x9f, 0x1a, 0xf0, 0xf, 0xff, 0xff,
    0xff, 0xd0, 0x7, 0xf1, 0x9f, 0x1a, 0xf0, 0x6f,
    0x82, 0x23, 0xf9, 0x10, 0x7, 0xf1, 0x9f, 0x1a,
    0xf0, 0xdf, 0x10, 0x3, 0xf6, 0x0, 0x7, 0xf1,
    0x9f, 0x1a, 0xf7, 0xff, 0x20, 0x6, 0xf3, 0x0,
    0x7, 0xf1, 0x9f, 0x1a, 0xfa, 0xff, 0x70, 0x9,
    0xf0, 0x0, 0x7, 0xf1, 0x9f, 0xa, 0xf1, 0x5d,
    0xd0, 0xd, 0xc0, 0x0, 0x7, 0xf1, 0xaf, 0xa,
    0xf0, 0x7, 0xf3, 0x2f, 0x80, 0x0, 0x7, 0xf1,
    0xbe, 0xa, 0xf0, 0x1, 0xfb, 0x8f, 0x30, 0x0,
    0x7, 0xf1, 0xec, 0xa, 0xf0, 0x0, 0x9f, 0xfc,
    0x0, 0x0, 0x2, 0x43, 0xf8, 0x12, 0x30, 0x0,
    0x1f, 0xf5, 0x0, 0x0, 0x0, 0x9, 0xf5, 0xe8,
    0x0, 0x0, 0x4f, 0xfc, 0x0, 0x0, 0x0, 0x3f,
    0xb0, 0xaf, 0x40, 0x3, 0xff, 0xbf, 0xb0, 0x0,
    0x3, 0xef, 0x20, 0x1e, 0xe0, 0x6f, 0xf4, 0xb,
    0xfd, 0x30, 0x2f, 0xf3, 0x0, 0x5, 0xc5, 0xfe,
    0x40, 0x0, 0x9f, 0xd0, 0x5, 0x20, 0x0, 0x0,
    0x0, 0x51, 0x0, 0x0, 0x4, 0x20,

    /* U+8D2A "贪" */
    0x0, 0x0, 0x0, 0x0, 0x0, 0x0, 0x0, 0x0,
    0x0, 0x0, 0x0, 0x0, 0x0, 0x0, 0x1b, 0xc2,
    0x0, 0x0, 0x0, 0x0, 0x0, 0x0, 0x0, 0x6,
    0xef, 0xfa, 0x20, 0x0, 0x0, 0x0, 0x0, 0x0,
    0x6, 0xdf, 0xe5, 0x7f, 0xfb, 0x40, 0x0, 0x0,
    0x0, 0x4a, 0xff, 0xf8, 0x6d, 0x31, 0x9f, 0xfe,
    0x95, 0x10, 0x4f, 0xff, 0xe7, 0x10, 0x2e, 0xf3,
    0x1, 0x8e, 0xff, 0xd0, 0x9, 0x98, 0x77, 0x77,
    0x79, 0xf8, 0x77, 0x82, 0x48, 0x20, 0x0, 0x9,
    0xff, 0xff, 0xff, 0xff, 0xff, 0xfb, 0x0, 0x0,
    0x0, 0x0, 0x0, 0x0, 0x0, 0x0, 0x9f, 0xd1,
    0x0, 0x0, 0x0, 0x0, 0x0, 0x0, 0x0, 0x4,
    0xfd, 0x10, 0x0, 0x0, 0x0, 0xb, 0xff, 0xff,
    0xff, 0xff, 0xff, 0xff, 0x30, 0x0, 0x0, 0xb,
    0xfb, 0xbb, 0xbb, 0xbb, 0xbb, 0xef, 0x30, 0x0,
    0x0, 0xb, 0xf1, 0x0, 0x2b, 0x80, 0x0, 0xaf,
    0x30, 0x0, 0x0, 0xb, 0xf1, 0x0, 0x3f, 0xb0,
    0x0, 0xaf, 0x30, 0x0, 0x0, 0xb, 0xf1, 0x0,
    0x6f, 0xa0, 0x0, 0xaf, 0x30, 0x0, 0x0, 0xb,
    0xf1, 0x1, 0xdf, 0x54, 0x0, 0xaf, 0x30, 0x0,
    0x0, 0x0, 0x10, 0x5d, 0xfb, 0x7f, 0xfb, 0x50,
    0x0, 0x0, 0x0, 0x3, 0x8d, 0xff, 0x80, 0x5,
    0xaf, 0xff, 0x92, 0x0, 0x4, 0xff, 0xfe, 0x92,
    0x0, 0x0, 0x1, 0x6d, 0xfe, 0x0, 0x0, 0x88,
    0x40, 0x0, 0x0, 0x0, 0x0, 0x0, 0x45, 0x0,

    /* U+8D8A "越" */
    0x0, 0x0, 0x9e, 0x10, 0x0, 0x0, 0x4, 0xe5,
    0x74, 0x0, 0x0, 0x0, 0xaf, 0x10, 0x0, 0x0,
    0x5, 0xf6, 0xcf, 0x20, 0x6, 0x99, 0xef, 0xa9,
    0x91, 0x0, 0x4, 0xf6, 0x1e, 0xa0, 0xa, 0xff,
    0xff, 0xff, 0xf2, 0x99, 0x9b, 0xfc, 0x9b, 0x92,
    0x0, 0x0, 0xaf, 0x20, 0x1, 0xff, 0xff, 0xff,
    0xff, 0xf3, 0x0, 0x0, 0xaf, 0x10, 0x0, 0xfa,
    0x2, 0xf8, 0x0, 0x0, 0x3b, 0xbb, 0xef, 0xbb,
    0xb4, 0xfa, 0x1, 0xf9, 0x8, 0x80, 0x5f, 0xff,
    0xff, 0xff, 0xf6, 0xfa, 0x0, 0xfb, 0xf, 0xa0,
    0x0, 0x0, 0x2f, 0x70, 0x0, 0xfa, 0x0, 0xdc,
    0x6f, 0x40, 0x2, 0xc4, 0x2f, 0x70, 0x0, 0xfa,
    0x0, 0xbf, 0xee, 0x0, 0x2, 0xf6, 0x2f, 0xc9,
    0x92, 0xfa, 0x79, 0x8f, 0xf7, 0x0, 0x3, 0xf7,
    0x2f, 0xff, 0xf4, 0xff, 0xfa, 0x6f, 0xe0, 0x80,
    0x3, 0xf9, 0x2f, 0x70, 0xc, 0xfe, 0x51, 0xef,
    0x90, 0xf4, 0x5, 0xff, 0x3f, 0x70, 0x7, 0xa1,
    0x2d, 0xff, 0xf6, 0xf1, 0x8, 0xff, 0xbf, 0x70,
    0x0, 0x5, 0xff, 0xc3, 0xff, 0xd0, 0xb, 0xfb,
    0xff, 0x70, 0x0, 0x4, 0xfc, 0x10, 0x37, 0x20,
    0x1f, 0xc1, 0xef, 0xc4, 0x0, 0x0, 0x60, 0x0,
    0x0, 0x0, 0x7f, 0x70, 0x2d, 0xff, 0xfe, 0xdd,
    0xdd, 0xdd, 0xdd, 0xd3, 0x3e, 0x10, 0x0, 0x59,
    0xce, 0xff, 0xff, 0xff, 0xff, 0xe0, 0x1, 0x0,
    0x0, 0x0, 0x0, 0x0, 0x0, 0x0, 0x0, 0x0,

    /* U+8DD1 "跑" */
    0x0, 0x11, 0x11, 0x11, 0x0, 0x69, 0x10, 0x0,
    0x0, 0x0, 0x9, 0xff, 0xff, 0xff, 0x0, 0xde,
    0x0, 0x0, 0x0, 0x0, 0x9, 0xf9, 0x99, 0xdf,
    0x3, 0xfe, 0xaa, 0xaa, 0xba, 0x0, 0x9, 0xf1,
    0x0, 0xbf, 0xb, 0xff, 0xff, 0xff, 0xff, 0x10,
    0x9, 0xf1, 0x0, 0xbf, 0x5f, 0xa0, 0x0, 0x0,
    0xbf, 0x10, 0x9, 0xf6, 0x55, 0xcf, 0xef, 0x30,
    0x0, 0x0, 0xbf, 0x10, 0x9, 0xff, 0xff, 0xff,
    0x7f, 0xff, 0xff, 0xb0, 0xbf, 0x10, 0x2, 0x44,
    0xdf, 0x44, 0xc, 0xf8, 0x8f, 0xb0, 0xbf, 0x0,
    0x0, 0x0, 0xce, 0x0, 0xc, 0xe0, 0xe, 0xb0,
    0xbf, 0x0, 0x9, 0xf0, 0xcf, 0x33, 0xc, 0xe0,
    0xe, 0xb0, 0xcf, 0x0, 0x9, 0xf0, 0xcf, 0xff,
    0xc, 0xf5, 0x5f, 0xb0, 0xcf, 0x0, 0x9, 0xf0,
    0xcf, 0x76, 0xc, 0xff, 0xff, 0xb0, 0xee, 0x0,
    0x9, 0xf0, 0xce, 0x0, 0xc, 0xf2, 0x27, 0xfe,
    0xfb, 0x0, 0x9, 0xf0, 0xce, 0x0, 0xc, 0xe0,
    0x1, 0xcc, 0xa2, 0x0, 0x9, 0xf0, 0xcf, 0x5a,
    0x3c, 0xe0, 0x0, 0x0, 0x2, 0x10, 0x9, 0xf7,
    0xef, 0xff, 0x5c, 0xe0, 0x0, 0x0, 0x6, 0xf2,
    0x5f, 0xff, 0xfc, 0x71, 0xb, 0xf0, 0x0, 0x0,
    0x9, 0xf1, 0x5f, 0xd8, 0x20, 0x0, 0x9, 0xfb,
    0x99, 0x99, 0xaf, 0xd0, 0x13, 0x0, 0x0, 0x0,
    0x2, 0xcf, 0xff, 0xff, 0xfd, 0x30,

    /* U+8DEF "路" */
    0x0, 0x22, 0x22, 0x22, 0x0, 0x4, 0xc5, 0x0,
    0x0, 0x0, 0x6, 0xff, 0xff, 0xff, 0x40, 0xb,
    0xf5, 0x0, 0x0, 0x0, 0x6, 0xf9, 0x77, 0xbf,
    0x40, 0x2f, 0xff, 0xff, 0xfb, 0x0, 0x6, 0xf4,
    0x0, 0x7f, 0x40, 0xcf, 0xca, 0xad, 0xfb, 0x0,
    0x6, 0xf4, 0x0, 0x7f, 0x47, 0xff, 0x80, 0xc,
    0xf4, 0x0, 0x6, 0xfa, 0x99, 0xcf, 0xaf, 0xfc,
    0xf3, 0x6f, 0xc0, 0x0, 0x6, 0xff, 0xff, 0xff,
    0x8e, 0x62, 0xfd, 0xff, 0x30, 0x0, 0x0, 0x11,
    0xaf, 0x21, 0x1, 0x0, 0x7f, 0xf8, 0x0, 0x0,
    0x1, 0x20, 0x9f, 0x10, 0x0, 0x2, 0xdf, 0xfd,
    0x20, 0x0, 0x7, 0xf1, 0x9f, 0x32, 0x0, 0x5f,
    0xf9, 0xaf, 0xf6, 0x0, 0x7, 0xf1, 0x9f, 0xff,
    0xac, 0xff, 0x70, 0x7, 0xff, 0xe3, 0x7, 0xf1,
    0x9f, 0xaa, 0xbf, 0xfc, 0xaa, 0xaa, 0xdf, 0xc0,
    0x7, 0xf1, 0x9f, 0x10, 0x3, 0xef, 0xff, 0xff,
    0xff, 0x10, 0x7, 0xf1, 0x9f, 0x10, 0x0, 0xed,
    0x0, 0x0, 0xef, 0x0, 0x7, 0xf1, 0x9f, 0x68,
    0x70, 0xed, 0x0, 0x0, 0xef, 0x0, 0x8, 0xfa,
    0xef, 0xff, 0xc0, 0xed, 0x0, 0x0, 0xef, 0x0,
    0x5f, 0xff, 0xfb, 0x73, 0x0, 0xef, 0xbb, 0xbb,
    0xff, 0x0, 0x2a, 0x73, 0x0, 0x0, 0x0, 0xef,
    0xff, 0xff, 0xff, 0x0, 0x0, 0x0, 0x0, 0x0,
    0x0, 0xed, 0x0, 0x0, 0xef, 0x0, 0x0, 0x0,
    0x0, 0x0, 0x0, 0x0, 0x0, 0x0, 0x0, 0x0,

    /* U+8E29 "踩" */
    0x0, 0x0, 0x0, 0x0, 0x0, 0x0, 0x0, 0x0,
    0x15, 0x20, 0x8, 0xff, 0xff, 0xf9, 0x13, 0x46,
    0x8a, 0xce, 0xff, 0xa0, 0x8, 0xf8, 0x88, 0xf9,
    0x8f, 0xff, 0xff, 0xfc, 0xa7, 0x40, 0x8, 0xe0,
    0x0, 0xf9, 0x26, 0x43, 0x57, 0x0, 0xb, 0x70,
    0x8, 0xe0, 0x0, 0xf9, 0x3e, 0x40, 0x9f, 0x20,
    0x4f, 0x80, 0x8, 0xf9, 0x99, 0xf9, 0xe, 0xc0,
    0x4f, 0x80, 0xbf, 0x20, 0x8, 0xff, 0xff, 0xf9,
    0x8, 0xf3, 0xe, 0x93, 0xfa, 0x0, 0x0, 0x0,
    0xeb, 0x0, 0x2, 0xd4, 0x7, 0x51, 0xa2, 0x0,
    0x0, 0x0, 0xeb, 0x0, 0x0, 0x0, 0x1f, 0xc0,
    0x0, 0x0, 0xa, 0xd0, 0xeb, 0x10, 0x29, 0x99,
    0x9f, 0xe9, 0x99, 0x80, 0xa, 0xd0, 0xef, 0xfc,
    0x5f, 0xff, 0xff, 0xff, 0xff, 0xf0, 0xa, 0xd0,
    0xee, 0x86, 0x3, 0x35, 0xff, 0xfd, 0x33, 0x20,
    0xa, 0xd0, 0xeb, 0x0, 0x0, 0xb, 0xff, 0xff,
    0x60, 0x0, 0xa, 0xd0, 0xeb, 0x0, 0x0, 0x6f,
    0xaf, 0xcd, 0xf3, 0x0, 0xa, 0xd0, 0xec, 0x79,
    0x3, 0xfe, 0x2f, 0xc4, 0xfe, 0x20, 0xa, 0xe7,
    0xff, 0xfe, 0x4f, 0xf5, 0x1f, 0xc0, 0x9f, 0xe3,
    0x2e, 0xff, 0xfa, 0x40, 0x9f, 0x90, 0x1f, 0xc0,
    0xc, 0xf2, 0xf, 0xc6, 0x10, 0x0, 0x8, 0x0,
    0x1f, 0xc0, 0x1, 0x30, 0x1, 0x0, 0x0, 0x0,
    0x0, 0x0, 0x1f, 0xc0, 0x0, 0x0,

    /* U+8EAB "身" */
    0x0, 0x0, 0x0, 0x0, 0x1e, 0xc1, 0x0, 0x0,
    0x0, 0x0, 0x0, 0x0, 0x0, 0x0, 0x6f, 0xb0,
    0x0, 0x0, 0x0, 0x0, 0x0, 0x0, 0xdf, 0xff,
    0xff, 0xff, 0xff, 0xfc, 0x0, 0x0, 0x0, 0x0,
    0xef, 0xbb, 0xbb, 0xbb, 0xbb, 0xfd, 0x0, 0x0,
    0x0, 0x0, 0xef, 0x0, 0x0, 0x0, 0x0, 0xfd,
    0x0, 0x0, 0x0, 0x0, 0xef, 0xff, 0xff, 0xff,
    0xff, 0xfd, 0x0, 0x0, 0x0, 0x0, 0xef, 0x77,
    0x77, 0x77, 0x77, 0xfd, 0x1, 0x0, 0x0, 0x0,
    0xef, 0x0, 0x0, 0x0, 0x0, 0xfd, 0x1f, 0xc0,
    0x0, 0x0, 0xef, 0xff, 0xff, 0xff, 0xff, 0xfd,
    0xcf, 0x70, 0x0, 0x0, 0xef, 0x77, 0x77, 0x77,
    0x77, 0xff, 0xfa, 0x0, 0x0, 0x0, 0xef, 0x0,
    0x0, 0x0, 0x0, 0xff, 0xc0, 0x0, 0x7, 0xff,
    0xff, 0xff, 0xff, 0xff, 0xff, 0xfe, 0x10, 0x0,
    0x5, 0xbb, 0xbb, 0xbb, 0xbb, 0xbd, 0xff, 0xfd,
    0x0, 0x0, 0x0, 0x0, 0x0, 0x0, 0x0, 0x7f,
    0xf8, 0xfd, 0x0, 0x0, 0x0, 0x0, 0x0, 0x0,
    0x4d, 0xfe, 0x40, 0xfd, 0x0, 0x0, 0x0, 0x0,
    0x0, 0x4c, 0xff, 0x90, 0x0, 0xfd, 0x0, 0x0,
    0x0, 0x1, 0x7d, 0xff, 0xa2, 0x0, 0x0, 0xfc,
    0x0, 0x0, 0x7, 0xcf, 0xff, 0x92, 0x0, 0xac,
    0xcd, 0xfb, 0x0, 0x0, 0x8, 0xfc, 0x61, 0x0,
    0x0, 0x7f, 0xff, 0xc3, 0x0, 0x0, 0x0, 0x10,
    0x0, 0x0, 0x0, 0x0, 0x0, 0x0, 0x0, 0x0,

    /* U+8F6C "转" */
    0x0, 0x2, 0xd8, 0x0, 0x0, 0x0, 0x8, 0xc4,
    0x0, 0x0, 0x0, 0x5, 0xf9, 0x0, 0x0, 0x0,
    0xd, 0xf2, 0x0, 0x0, 0xb, 0xbd, 0xfd, 0xbb,
    0x57, 0xbb, 0xbf, 0xfb, 0xbb, 0x90, 0x1f, 0xff,
    0xff, 0xff, 0x8a, 0xff, 0xff, 0xff, 0xff, 0xd0,
    0x0, 0x1f, 0xa0, 0x0, 0x0, 0x0, 0xaf, 0x60,
    0x0, 0x0, 0x0, 0x5f, 0x66, 0x30, 0x0, 0x0,
    0xef, 0x10, 0x0, 0x0, 0x0, 0xae, 0x4f, 0x90,
    0x4c, 0xcd, 0xff, 0xcc, 0xcc, 0xc6, 0x1, 0xf8,
    0x4f, 0x90, 0x5f, 0xff, 0xff, 0xff, 0xff, 0xf7,
    0x9, 0xf7, 0x8f, 0xc5, 0x20, 0xc, 0xf4, 0x0,
    0x0, 0x0, 0xc, 0xff, 0xff, 0xff, 0x60, 0x1f,
    0xf1, 0x0, 0x1, 0x0, 0x4, 0x55, 0x7f, 0xb5,
    0x20, 0x6f, 0xff, 0xff, 0xff, 0x90, 0x0, 0x0,
    0x4f, 0x90, 0x0, 0x8b, 0xbb, 0xbc, 0xff, 0x40,
    0x0, 0x0, 0x4f, 0xb6, 0x90, 0x0, 0x0, 0x9,
    0xf9, 0x0, 0x17, 0x9c, 0xef, 0xff, 0xf0, 0x4,
    0x30, 0x5f, 0xd0, 0x0, 0x1f, 0xff, 0xff, 0xc5,
    0x20, 0x1f, 0xf9, 0xff, 0x20, 0x0, 0x7, 0x51,
    0x4f, 0x90, 0x0, 0x3, 0xdf, 0xf8, 0x0, 0x0,
    0x0, 0x0, 0x4f, 0x90, 0x0, 0x0, 0xa, 0xff,
    0x60, 0x0, 0x0, 0x0, 0x4f, 0x90, 0x0, 0x0,
    0x0, 0x6f, 0xf6, 0x0, 0x0, 0x0, 0x4f, 0x90,
    0x0, 0x0, 0x0, 0x4, 0xc1, 0x0, 0x0, 0x0,
    0x0, 0x0, 0x0, 0x0, 0x0, 0x0, 0x0, 0x0,

    /* U+8F91 "辑" */
    0x0, 0x4, 0xb5, 0x0, 0x2, 0x44, 0x44, 0x44,
    0x43, 0x0, 0x0, 0x7, 0xf5, 0x0, 0xa, 0xff,
    0xff, 0xff, 0xfe, 0x0, 0x19, 0x9d, 0xfb, 0x99,
    0x2a, 0xf2, 0x11, 0x11, 0xee, 0x0, 0x2f, 0xff,
    0xff, 0xff, 0x4a, 0xf4, 0x33, 0x33, 0xee, 0x0,
    0x3, 0x5f, 0xa3, 0x33, 0xa, 0xff, 0xff, 0xff,
    0xfe, 0x0, 0x0, 0x7f, 0x66, 0x30, 0x1, 0x22,
    0x22, 0x22, 0x22, 0x0, 0x0, 0xce, 0x4f, 0x70,
    0x59, 0x99, 0x99, 0x99, 0x99, 0x90, 0x2, 0xf9,
    0x3f, 0x70, 0x9f, 0xff, 0xff, 0xff, 0xff, 0xf1,
    0x9, 0xf9, 0x9f, 0xb7, 0x8, 0xf3, 0x0, 0x0,
    0xfc, 0x0, 0xc, 0xff, 0xff, 0xff, 0x18, 0xff,
    0xff, 0xff, 0xfc, 0x0, 0x3, 0x21, 0x5f, 0x81,
    0x8, 0xf8, 0x66, 0x66, 0xfc, 0x0, 0x0, 0x0,
    0x3f, 0x70, 0x8, 0xf3, 0x0, 0x0, 0xfc, 0x0,
    0x0, 0x0, 0x3f, 0xb9, 0x48, 0xff, 0xff, 0xff,
    0xfc, 0x0, 0x17, 0xad, 0xff, 0xff, 0x78, 0xf8,
    0x66, 0x66, 0xfc, 0x0, 0x2f, 0xff, 0xff, 0xb4,
    0x8, 0xf3, 0x0, 0x0, 0xfc, 0x10, 0x9, 0x62,
    0x3f, 0x70, 0x5b, 0xfa, 0xab, 0xcd, 0xff, 0xf4,
    0x0, 0x0, 0x3f, 0x70, 0xef, 0xff, 0xfe, 0xdc,
    0xfe, 0x81, 0x0, 0x0, 0x3f, 0x70, 0x34, 0x21,
    0x0, 0x0, 0xfc, 0x0, 0x0, 0x0, 0x3f, 0x70,
    0x0, 0x0, 0x0, 0x0, 0xfc, 0x0, 0x0, 0x0,
    0x0, 0x0, 0x0, 0x0, 0x0, 0x0, 0x10, 0x0,

    /* U+8FB9 "边" */
    0x0, 0x95, 0x0, 0x0, 0x0, 0x2d, 0xb0, 0x0,
    0x0, 0x0, 0x3, 0xff, 0x50, 0x0, 0x0, 0x3f,
    0xc0, 0x0, 0x0, 0x0, 0x0, 0x4f, 0xf3, 0x0,
    0x0, 0x4f, 0xb0, 0x0, 0x0, 0x0, 0x0, 0x6,
    0xfa, 0x4a, 0xaa, 0xbf, 0xea, 0xaa, 0xba, 0x20,
    0x0, 0x0, 0x50, 0x7f, 0xff, 0xff, 0xff, 0xff,
    0xff, 0x40, 0x0, 0x0, 0x0, 0x13, 0x33, 0x9f,
    0x93, 0x33, 0xcf, 0x30, 0x0, 0x0, 0x0, 0x0,
    0x0, 0x9f, 0x60, 0x0, 0xcf, 0x20, 0x4f, 0xff,
    0xf1, 0x0, 0x0, 0xcf, 0x30, 0x0, 0xdf, 0x20,
    0x3d, 0xdf, 0xf1, 0x0, 0x0, 0xff, 0x0, 0x0,
    0xef, 0x10, 0x0, 0xd, 0xf1, 0x0, 0x5, 0xfa,
    0x0, 0x0, 0xff, 0x0, 0x0, 0xd, 0xf1, 0x0,
    0xd, 0xf4, 0x0, 0x0, 0xff, 0x0, 0x0, 0xd,
    0xf1, 0x0, 0x7f, 0xc0, 0x0, 0x2, 0xfd, 0x0,
    0x0, 0xd, 0xf1, 0x5, 0xff, 0x30, 0x0, 0x5,
    0xfb, 0x0, 0x0, 0xd, 0xf1, 0x8f, 0xf5, 0x0,
    0x8c, 0xcf, 0xf7, 0x0, 0x0, 0x2f, 0xf2, 0x3e,
    0x40, 0x0, 0x6f, 0xff, 0xb0, 0x0, 0x3, 0xff,
    0xfd, 0x10, 0x0, 0x0, 0x1, 0x10, 0x0, 0x0,
    0x1e, 0xf5, 0x3e, 0xe6, 0x10, 0x0, 0x0, 0x0,
    0x5, 0xb2, 0x8f, 0xa0, 0x2, 0xdf, 0xfe, 0xdd,
    0xdd, 0xde, 0xff, 0xe0, 0x1d, 0x20, 0x0, 0x7,
    0xcf, 0xff, 0xff, 0xff, 0xfe, 0xa0, 0x1, 0x0,
    0x0, 0x0, 0x0, 0x1, 0x10, 0x0, 0x0, 0x0,

    /* U+8FBE "达" */
    0x0, 0x50, 0x0, 0x0, 0x0, 0x9, 0xd2, 0x0,
    0x0, 0x0, 0x8, 0xf9, 0x0, 0x0, 0x0, 0xb,
    0xf3, 0x0, 0x0, 0x0, 0x1, 0xef, 0x50, 0x0,
    0x0, 0xc, 0xf2, 0x0, 0x0, 0x0, 0x0, 0x5f,
    0xe0, 0x0, 0x0, 0xd, 0xf2, 0x0, 0x0, 0x0,
    0x0, 0xb, 0xc1, 0xbf, 0xff, 0xff, 0xff, 0xff,
    0xff, 0xa0, 0x0, 0x1, 0x0, 0x8c, 0xcc, 0xcf,
    0xfc, 0xcc, 0xcc, 0x80, 0x0, 0x0, 0x0, 0x0,
    0x0, 0x2f, 0xc0, 0x0, 0x0, 0x0, 0x4b, 0xbb,
    0xb1, 0x0, 0x0, 0x5f, 0xf4, 0x0, 0x0, 0x0,
    0x5f, 0xff, 0xf2, 0x0, 0x0, 0x9f, 0xff, 0x40,
    0x0, 0x0, 0x1, 0x1c, 0xf2, 0x0, 0x1, 0xff,
    0x7f, 0xf3, 0x0, 0x0, 0x0, 0xc, 0xf2, 0x0,
    0x8, 0xfa, 0x7, 0xfe, 0x20, 0x0, 0x0, 0xc,
    0xf2, 0x0, 0x5f, 0xf2, 0x0, 0x9f, 0xe1, 0x0,
    0x0, 0xc, 0xf2, 0x6, 0xff, 0x70, 0x0, 0xb,
    0xfc, 0x0, 0x0, 0xc, 0xf2, 0x9f, 0xf7, 0x0,
    0x0, 0x1, 0xdf, 0x70, 0x0, 0x3e, 0xf5, 0x2d,
    0x40, 0x0, 0x0, 0x0, 0x39, 0x0, 0x7, 0xff,
    0xff, 0x92, 0x0, 0x0, 0x0, 0x0, 0x0, 0x0,
    0x6f, 0xf3, 0xa, 0xff, 0xec, 0xba, 0xab, 0xbc,
    0xde, 0xe0, 0x1e, 0x50, 0x0, 0x4a, 0xef, 0xff,
    0xff, 0xff, 0xff, 0xa0, 0x2, 0x0, 0x0, 0x0,
    0x0, 0x12, 0x22, 0x11, 0x0, 0x0,

    /* U+8FC7 "过" */
    0x0, 0x0, 0x0, 0x0, 0x0, 0x0, 0x0, 0x89,
    0x0, 0x0, 0x5, 0xd4, 0x0, 0x0, 0x0, 0x0,
    0x0, 0xff, 0x0, 0x0, 0x4, 0xff, 0x40, 0x0,
    0x0, 0x0, 0x0, 0xff, 0x0, 0x0, 0x0, 0x5f,
    0xf2, 0x12, 0x22, 0x22, 0x22, 0xff, 0x22, 0x10,
    0x0, 0x7, 0xf5, 0x9f, 0xff, 0xff, 0xff, 0xff,
    0xff, 0xa0, 0x0, 0x0, 0x20, 0x5a, 0xaa, 0xaa,
    0xaa, 0xff, 0xaa, 0x60, 0x0, 0x0, 0x0, 0x0,
    0x20, 0x0, 0x0, 0xff, 0x0, 0x0, 0x2a, 0xaa,
    0xa1, 0x7, 0xf7, 0x0, 0x0, 0xff, 0x0, 0x0,
    0x4f, 0xff, 0xf2, 0x1, 0xef, 0x40, 0x0, 0xff,
    0x0, 0x0, 0x2, 0x2b, 0xf2, 0x0, 0x4f, 0xe1,
    0x0, 0xff, 0x0, 0x0, 0x0, 0xb, 0xf2, 0x0,
    0x9, 0xf5, 0x0, 0xff, 0x0, 0x0, 0x0, 0xb,
    0xf2, 0x0, 0x1, 0x30, 0x0, 0xff, 0x0, 0x0,
    0x0, 0xb, 0xf2, 0x0, 0x0, 0x0, 0x0, 0xff,
    0x0, 0x0, 0x0, 0xb, 0xf2, 0x0, 0x0, 0x6c,
    0xbc, 0xfe, 0x0, 0x0, 0x0, 0x5e, 0xf7, 0x0,
    0x0, 0x3f, 0xff, 0xe6, 0x0, 0x0, 0x9, 0xff,
    0xef, 0xb4, 0x0, 0x2, 0x10, 0x0, 0x0, 0x20,
    0x6f, 0xf3, 0x9, 0xff, 0xfe, 0xdc, 0xcd, 0xde,
    0xff, 0xe0, 0xd, 0x50, 0x0, 0x39, 0xdf, 0xff,
    0xff, 0xff, 0xfe, 0x90, 0x1, 0x0, 0x0, 0x0,
    0x0, 0x0, 0x0, 0x0, 0x0, 0x0,

    /* U+8FD4 "返" */
    0x0, 0x10, 0x0, 0x0, 0x0, 0x0, 0x0, 0x14,
    0x74, 0x0, 0x6, 0xf6, 0x0, 0x6, 0x89, 0xbc,
    0xdf, 0xff, 0xff, 0x40, 0x2, 0xef, 0x50, 0xb,
    0xff, 0xff, 0xec, 0xa8, 0x52, 0x0, 0x0, 0x3f,
    0xf3, 0xb, 0xf4, 0x0, 0x0, 0x0, 0x0, 0x0,
    0x0, 0x5, 0x80, 0xb, 0xf2, 0x0, 0x0, 0x0,
    0x0, 0x0, 0x0, 0x0, 0x0, 0xb, 0xff, 0xff,
    0xff, 0xff, 0xfc, 0x0, 0x0, 0x0, 0x0, 0xb,
    0xfb, 0xaa, 0xaa, 0xac, 0xfa, 0x0, 0x2b, 0xbb,
    0xb0, 0xc, 0xf1, 0x30, 0x0, 0xa, 0xf4, 0x0,
    0x4f, 0xff, 0xf1, 0xd, 0xf4, 0xfc, 0x10, 0x3f,
    0xd0, 0x0, 0x0, 0xd, 0xf1, 0xf, 0xe0, 0x9f,
    0xe4, 0xdf, 0x40, 0x0, 0x0, 0xd, 0xf1, 0x2f,
    0xb0, 0x6, 0xff, 0xf9, 0x0, 0x0, 0x0, 0xd,
    0xf1, 0x6f, 0x70, 0x1, 0xdf, 0xf9, 0x0, 0x0,
    0x0, 0xd, 0xf1, 0xdf, 0x20, 0x6e, 0xfb, 0xef,
    0xb0, 0x0, 0x0, 0xd, 0xf7, 0xfb, 0x4d, 0xff,
    0x70, 0x1d, 0xfc, 0x0, 0x0, 0x1e, 0xf2, 0x82,
    0x1e, 0xa2, 0x0, 0x1, 0xc7, 0x0, 0x2, 0xef,
    0xfb, 0x10, 0x0, 0x0, 0x0, 0x0, 0x0, 0x0,
    0xd, 0xf4, 0x3f, 0xd5, 0x0, 0x0, 0x0, 0x0,
    0x0, 0x80, 0x6f, 0xa0, 0x2, 0xdf, 0xfd, 0xcb,
    0xbc, 0xcd, 0xef, 0xd0, 0xd, 0x20, 0x0, 0x6,
    0xbe, 0xff, 0xff, 0xff, 0xfe, 0x90, 0x1, 0x0,
    0x0, 0x0, 0x0, 0x1, 0x10, 0x0, 0x0, 0x0,

    /* U+8FDB "进" */
    0x0, 0x10, 0x0, 0x0, 0x2, 0x30, 0x0, 0x32,
    0x0, 0x0, 0x6, 0xf6, 0x0, 0x0, 0xc, 0xf1,
    0x0, 0xfd, 0x0, 0x0, 0x2, 0xef, 0x60, 0x0,
    0xc, 0xf1, 0x0, 0xfd, 0x0, 0x0, 0x0, 0x2e,
    0xf5, 0x12, 0x2d, 0xf3, 0x22, 0xfe, 0x22, 0x0,
    0x0, 0x3, 0xd3, 0x7f, 0xff, 0xff, 0xff, 0xff,
    0xff, 0x50, 0x0, 0x0, 0x0, 0x5b, 0xbf, 0xfb,
    0xbb, 0xff, 0xbb, 0x30, 0x0, 0x0, 0x0, 0x0,
    0xc, 0xf1, 0x0, 0xfd, 0x0, 0x0, 0x16, 0x66,
    0x60, 0x0, 0xc, 0xf1, 0x0, 0xfd, 0x0, 0x0,
    0x4f, 0xff, 0xf2, 0x1, 0x1d, 0xf1, 0x11, 0xfe,
    0x11, 0x0, 0x15, 0x5c, 0xf2, 0x9f, 0xff, 0xff,
    0xff, 0xff, 0xff, 0xb0, 0x0, 0xb, 0xf2, 0x7c,
    0xdf, 0xfc, 0xcc, 0xff, 0xcc, 0x80, 0x0, 0xb,
    0xf2, 0x0, 0x6f, 0xa0, 0x0, 0xfd, 0x0, 0x0,
    0x0, 0xb, 0xf2, 0x0, 0xef, 0x50, 0x0, 0xfd,
    0x0, 0x0, 0x0, 0xb, 0xf2, 0xb, 0xfd, 0x0,
    0x0, 0xfd, 0x0, 0x0, 0x0, 0x1d, 0xf3, 0x1c,
    0xf3, 0x0, 0x0, 0xfd, 0x0, 0x0, 0x1, 0xdf,
    0xee, 0x21, 0x40, 0x0, 0x0, 0x98, 0x0, 0x0,
    0xc, 0xf4, 0x1d, 0xe6, 0x0, 0x0, 0x0, 0x0,
    0x3, 0xa0, 0x6f, 0xa0, 0x1, 0xcf, 0xfd, 0xbb,
    0xbb, 0xcc, 0xef, 0xc0, 0xd, 0x20, 0x0, 0x5,
    0xbe, 0xff, 0xff, 0xff, 0xfe, 0x80, 0x1, 0x0,
    0x0, 0x0, 0x0, 0x1, 0x10, 0x0, 0x0, 0x0,

    /* U+8FF7 "迷" */
    0x0, 0x71, 0x0, 0x0, 0x0, 0x9, 0xb0, 0x0,
    0x0, 0x0, 0x6, 0xfc, 0x0, 0x3c, 0x50, 0xc,
    0xf1, 0x0, 0xca, 0x0, 0x0, 0xaf, 0x90, 0x1f,
    0xd0, 0xc, 0xf1, 0x4, 0xfb, 0x0, 0x0, 0xc,
    0xf5, 0x9, 0xf5, 0xc, 0xf1, 0xc, 0xf3, 0x0,
    0x0, 0x2, 0xa0, 0x2, 0xfc, 0xc, 0xf1, 0x4f,
    0x90, 0x0, 0x0, 0x0, 0x0, 0x0, 0x61, 0xc,
    0xf1, 0x18, 0x10, 0x0, 0x0, 0x0, 0x0, 0x99,
    0x99, 0x9e, 0xf9, 0x99, 0x99, 0x30, 0x3f, 0xff,
    0xf2, 0xff, 0xff, 0xff, 0xff, 0xff, 0xff, 0x60,
    0x2b, 0xbe, 0xf1, 0x33, 0x33, 0xff, 0xff, 0x93,
    0x33, 0x10, 0x0, 0xc, 0xf1, 0x0, 0xa, 0xfe,
    0xfe, 0xf6, 0x0, 0x0, 0x0, 0xc, 0xf1, 0x0,
    0x8f, 0x9c, 0xf2, 0xdf, 0x70, 0x0, 0x0, 0xc,
    0xf1, 0x7, 0xfc, 0xc, 0xf1, 0x1d, 0xf7, 0x0,
    0x0, 0xc, 0xf1, 0x9f, 0xe1, 0xc, 0xf1, 0x1,
    0xef, 0x60, 0x0, 0xc, 0xf2, 0xdd, 0x20, 0xc,
    0xf1, 0x0, 0x2d, 0x30, 0x0, 0x2e, 0xf2, 0x11,
    0x0, 0xc, 0xf1, 0x0, 0x0, 0x0, 0x3, 0xff,
    0xfd, 0x10, 0x0, 0x5, 0x70, 0x0, 0x0, 0x0,
    0x1e, 0xf5, 0x3e, 0xe6, 0x10, 0x0, 0x0, 0x0,
    0x5, 0xb2, 0x8f, 0xa0, 0x2, 0xdf, 0xfe, 0xdd,
    0xdd, 0xde, 0xff, 0xe0, 0x1d, 0x20, 0x0, 0x7,
    0xcf, 0xff, 0xff, 0xff, 0xfe, 0xa0, 0x1, 0x0,
    0x0, 0x0, 0x0, 0x1, 0x10, 0x0, 0x0, 0x0,

    /* U+901A "通" */
    0x0, 0x0, 0x0, 0x2, 0x33, 0x33, 0x33, 0x33,
    0x31, 0x0, 0x7, 0xd1, 0x0, 0xe, 0xff, 0xff,
    0xff, 0xff, 0xfe, 0x20, 0x9, 0xfd, 0x20, 0x4,
    0x45, 0x74, 0x44, 0x8f, 0xf7, 0x0, 0x0, 0x9f,
    0xe2, 0x0, 0xd, 0xfb, 0x58, 0xfe, 0x40, 0x0,
    0x0, 0x9, 0xf7, 0x0, 0x1, 0x7e, 0xff, 0xd1,
    0x0, 0x0, 0x0, 0x0, 0x50, 0x9, 0xaa, 0xaa,
    0xff, 0xfc, 0xbb, 0x40, 0x0, 0x0, 0x0, 0xf,
    0xfc, 0xcc, 0xfe, 0xcc, 0xef, 0x70, 0x25, 0x55,
    0x50, 0xf, 0xd0, 0x1, 0xfa, 0x0, 0x9f, 0x70,
    0x7f, 0xff, 0xf1, 0xf, 0xff, 0xff, 0xff, 0xff,
    0xff, 0x70, 0x37, 0x7d, 0xf1, 0xf, 0xe6, 0x66,
    0xfc, 0x66, 0xcf, 0x70, 0x0, 0xc, 0xf1, 0xf,
    0xd1, 0x12, 0xfa, 0x11, 0xaf, 0x70, 0x0, 0xc,
    0xf1, 0xf, 0xff, 0xff, 0xff, 0xff, 0xff, 0x70,
    0x0, 0xc, 0xf1, 0xf, 0xe5, 0x55, 0xfc, 0x55,
    0xbf, 0x70, 0x0, 0xc, 0xf1, 0xf, 0xd0, 0x1,
    0xfa, 0x0, 0x9f, 0x70, 0x0, 0xc, 0xf1, 0xf,
    0xd0, 0x1, 0xfa, 0x6f, 0xff, 0x50, 0x0, 0x9f,
    0xfb, 0x7, 0x60, 0x0, 0x64, 0x18, 0x74, 0x0,
    0x8, 0xfd, 0xaf, 0xc3, 0x0, 0x0, 0x0, 0x0,
    0x0, 0x0, 0x4f, 0xe1, 0x5, 0xff, 0xda, 0x98,
    0x88, 0x9a, 0xbd, 0xf3, 0x1e, 0x30, 0x0, 0x18,
    0xcf, 0xff, 0xff, 0xff, 0xff, 0xe0, 0x1, 0x0,
    0x0, 0x0, 0x0, 0x1, 0x11, 0x0, 0x0, 0x0,

    /* U+901F "速" */
    0x0, 0x0, 0x0, 0x0, 0x0, 0x1, 0xda, 0x0,
    0x0, 0x0, 0x3, 0xd8, 0x0, 0x0, 0x0, 0x1,
    0xfc, 0x0, 0x0, 0x0, 0x1, 0xdf, 0x90, 0x4f,
    0xff, 0xff, 0xff, 0xff, 0xff, 0xf4, 0x0, 0x1e,
    0xf7, 0x2a, 0xaa, 0xab, 0xfe, 0xaa, 0xaa, 0xa2,
    0x0, 0x2, 0xf8, 0x0, 0x0, 0x1, 0xfc, 0x0,
    0x0, 0x0, 0x0, 0x0, 0x10, 0xa, 0xff, 0xff,
    0xff, 0xff, 0xff, 0x10, 0x0, 0x0, 0x0, 0xb,
    0xf8, 0x89, 0xfe, 0x88, 0xdf, 0x20, 0xa, 0xbb,
    0xb7, 0xb, 0xf0, 0x1, 0xfc, 0x0, 0xbf, 0x20,
    0xe, 0xff, 0xfa, 0xb, 0xf4, 0x45, 0xfd, 0x44,
    0xcf, 0x20, 0x0, 0x2, 0xfa, 0xb, 0xff, 0xff,
    0xff, 0xff, 0xff, 0x20, 0x0, 0x2, 0xfa, 0x2,
    0x33, 0x6f, 0xff, 0xd4, 0x33, 0x0, 0x0, 0x2,
    0xfa, 0x0, 0x2, 0xef, 0xff, 0xfe, 0x30, 0x0,
    0x0, 0x2, 0xfa, 0x0, 0x3e, 0xf5, 0xfc, 0x5f,
    0xf7, 0x0, 0x0, 0x2, 0xfa, 0x8, 0xff, 0x41,
    0xfc, 0x4, 0xff, 0x90, 0x0, 0x2, 0xfa, 0x4f,
    0xe3, 0x1, 0xfc, 0x0, 0x3e, 0x50, 0x0, 0x1a,
    0xfe, 0x35, 0x10, 0x1, 0xd9, 0x0, 0x0, 0x0,
    0x1, 0xdf, 0xac, 0xf8, 0x10, 0x0, 0x0, 0x0,
    0x0, 0x34, 0xd, 0xf7, 0x0, 0x8f, 0xfd, 0xb9,
    0x99, 0xab, 0xcf, 0xf6, 0x8, 0xb0, 0x0, 0x3,
    0x9d, 0xff, 0xff, 0xff, 0xff, 0xe3, 0x0, 0x10,
    0x0, 0x0, 0x0, 0x0, 0x11, 0x0, 0x0, 0x0,

    /* U+903B "逻" */
    0x0, 0x60, 0x0, 0x8, 0x88, 0x88, 0x88, 0x88,
    0x88, 0x40, 0x7, 0xfc, 0x0, 0x1f, 0xff, 0xff,
    0xff, 0xff, 0xff, 0x80, 0x0, 0xaf, 0xb0, 0x1f,
    0x80, 0xe6, 0x6, 0xe0, 0x3f, 0x80, 0x0, 0xc,
    0xf8, 0x1f, 0x80, 0xe5, 0x5, 0xe0, 0x2f, 0x80,
    0x0, 0x1, 0x91, 0x1f, 0xc7, 0xfa, 0x7a, 0xf7,
    0x9f, 0x80, 0x0, 0x0, 0x0, 0x1f, 0xff, 0xff,
    0xff, 0xff, 0xff, 0x80, 0x13, 0x33, 0x30, 0x0,
    0x0, 0xdf, 0x10, 0x0, 0x0, 0x0, 0x5f, 0xff,
    0xf2, 0x0, 0x7, 0xfc, 0x44, 0x44, 0x50, 0x0,
    0x39, 0x9e, 0xf2, 0x0, 0x5f, 0xff, 0xff, 0xff,
    0xfb, 0x0, 0x0, 0xb, 0xf2, 0x7, 0xff, 0x43,
    0x33, 0x3d, 0xf4, 0x0, 0x0, 0xb, 0xf2, 0x8f,
    0xe7, 0xb2, 0x0, 0x6f, 0xb0, 0x0, 0x0, 0xb,
    0xf2, 0x8, 0x28, 0xff, 0x55, 0xfe, 0x10, 0x0,
    0x0, 0xb, 0xf2, 0x0, 0x0, 0x6f, 0xff, 0xe2,
    0x0, 0x0, 0x0, 0xb, 0xf2, 0x0, 0x0, 0x6e,
    0xfc, 0x20, 0x0, 0x0, 0x0, 0xc, 0xf2, 0x4,
    0x9e, 0xfe, 0x70, 0x0, 0x0, 0x0, 0x1, 0xcf,
    0xfa, 0xc, 0xfd, 0x60, 0x0, 0x0, 0x0, 0x0,
    0x1d, 0xf9, 0x9f, 0xd6, 0x20, 0x0, 0x0, 0x0,
    0x1, 0x42, 0x9f, 0xb0, 0x5, 0xff, 0xfd, 0xcb,
    0xbc, 0xcd, 0xef, 0xf1, 0x2e, 0x10, 0x0, 0x18,
    0xdf, 0xff, 0xff, 0xff, 0xff, 0xc0, 0x1, 0x0,
    0x0, 0x0, 0x0, 0x1, 0x11, 0x0, 0x0, 0x0,

    /* U+90BB "邻" */
    0x0, 0x0, 0x0, 0x0, 0x0, 0x0, 0x0, 0x0,
    0x0, 0x0, 0x0, 0x0, 0x0, 0xd9, 0x0, 0x0,
    0x0, 0x0, 0x0, 0x0, 0x0, 0x0, 0x7, 0xfb,
    0x0, 0x0, 0xaf, 0xff, 0xff, 0xa0, 0x0, 0x0,
    0x2f, 0xff, 0x90, 0x0, 0xaf, 0xcc, 0xcf, 0xe0,
    0x0, 0x0, 0xdf, 0x6c, 0xfa, 0x0, 0xaf, 0x10,
    0x6f, 0x80, 0x0, 0xb, 0xf9, 0x0, 0xcf, 0xb0,
    0xaf, 0x10, 0xbf, 0x20, 0x1, 0xcf, 0xb3, 0x80,
    0xc, 0xf9, 0xaf, 0x11, 0xfc, 0x0, 0x1d, 0xfc,
    0x7, 0xfb, 0x1, 0xd7, 0xaf, 0x17, 0xf5, 0x0,
    0x8, 0xa0, 0x0, 0x9f, 0x40, 0x10, 0xaf, 0x1d,
    0xe0, 0x0, 0x0, 0x0, 0x0, 0x4, 0x0, 0x0,
    0xaf, 0x1a, 0xf5, 0x0, 0x0, 0x6f, 0xff, 0xff,
    0xff, 0x60, 0xaf, 0x10, 0xdf, 0x10, 0x0, 0x4b,
    0xbb, 0xbb, 0xef, 0x70, 0xaf, 0x10, 0x4f, 0x80,
    0x0, 0x0, 0x0, 0x0, 0xee, 0x0, 0xaf, 0x10,
    0xf, 0xc0, 0x0, 0x0, 0x0, 0x8, 0xf6, 0x0,
    0xaf, 0x10, 0xd, 0xe0, 0x0, 0x2, 0xb1, 0x3f,
    0xc0, 0x0, 0xaf, 0x10, 0x1f, 0xd0, 0x0, 0x7,
    0xfd, 0xdf, 0x30, 0x0, 0xaf, 0x6d, 0xff, 0x90,
    0x0, 0x0, 0x8f, 0xf8, 0x0, 0x0, 0xaf, 0x3e,
    0xd9, 0x0, 0x0, 0x0, 0x9, 0xfd, 0x0, 0x0,
    0xaf, 0x10, 0x0, 0x0, 0x0, 0x0, 0x0, 0xbf,
    0x80, 0x0, 0xaf, 0x10, 0x0, 0x0, 0x0, 0x0,
    0x0, 0x1a, 0x10, 0x0, 0xaf, 0x10, 0x0, 0x0,

    /* U+90E8 "部" */
    0x0, 0x0, 0x0, 0x0, 0x0, 0x0, 0x0, 0x0,
    0x0, 0x0, 0x0, 0x0, 0x1c, 0xb0, 0x0, 0x0,
    0x0, 0x0, 0x0, 0x0, 0x0, 0x0, 0xc, 0xf2,
    0x0, 0x0, 0x9f, 0xff, 0xff, 0x90, 0x5, 0xaa,
    0xad, 0xfd, 0xaa, 0xa0, 0xaf, 0xcc, 0xcf, 0xe0,
    0x8, 0xff, 0xff, 0xff, 0xff, 0xf0, 0xaf, 0x10,
    0x5f, 0x80, 0x0, 0x2b, 0x70, 0x0, 0xbb, 0x10,
    0xaf, 0x10, 0xbf, 0x20, 0x0, 0xe, 0xe0, 0x1,
    0xfd, 0x0, 0xaf, 0x11, 0xfc, 0x0, 0x0, 0x9,
    0xf3, 0x6, 0xf7, 0x0, 0xaf, 0x16, 0xf6, 0x0,
    0x0, 0x5, 0xe5, 0xc, 0xf1, 0x0, 0xaf, 0x1c,
    0xe0, 0x0, 0x1f, 0xff, 0xff, 0xff, 0xff, 0xf7,
    0xaf, 0x1c, 0xf3, 0x0, 0xa, 0xaa, 0xaa, 0xaa,
    0xaa, 0xa5, 0xaf, 0x11, 0xed, 0x0, 0x0, 0x0,
    0x0, 0x0, 0x0, 0x0, 0xaf, 0x10, 0x6f, 0x60,
    0x0, 0xbb, 0xbb, 0xbb, 0xbb, 0x70, 0xaf, 0x10,
    0x1f, 0xb0, 0x0, 0xff, 0xff, 0xff, 0xff, 0xa0,
    0xaf, 0x10, 0xe, 0xd0, 0x0, 0xfc, 0x0, 0x0,
    0x3f, 0xa0, 0xaf, 0x10, 0x1f, 0xc0, 0x0, 0xfc,
    0x0, 0x0, 0x3f, 0xa0, 0xaf, 0x5c, 0xff, 0x80,
    0x0, 0xfc, 0x0, 0x0, 0x3f, 0xa0, 0xaf, 0x2e,
    0xd9, 0x0, 0x0, 0xff, 0xff, 0xff, 0xff, 0xa0,
    0xaf, 0x10, 0x0, 0x0, 0x0, 0xfe, 0xaa, 0xaa,
    0xbf, 0xa0, 0xaf, 0x10, 0x0, 0x0, 0x0, 0xfc,
    0x0, 0x0, 0x3d, 0x80, 0xaf, 0x10, 0x0, 0x0,

    /* U+90FD "都" */
    0x0, 0x0, 0x3b, 0x30, 0x0, 0x0, 0x0, 0x0,
    0x0, 0x0, 0x0, 0x0, 0x5f, 0x50, 0x5, 0xe6,
    0xcc, 0xcc, 0xcc, 0x80, 0x3, 0xaa, 0xcf, 0xca,
    0x6c, 0xf3, 0xff, 0xff, 0xff, 0xf3, 0x4, 0xff,
    0xff, 0xff, 0xef, 0x91, 0xfc, 0x0, 0x3f, 0xd0,
    0x0, 0x0, 0x5f, 0x51, 0xef, 0x11, 0xfc, 0x0,
    0x9f, 0x60, 0x0, 0x0, 0x5f, 0x5a, 0xf6, 0x1,
    0xfc, 0x0, 0xee, 0x0, 0x2f, 0xff, 0xff, 0xff,
    0xff, 0xf2, 0xfc, 0x5, 0xf7, 0x0, 0x2b, 0xbb,
    0xbe, 0xfe, 0xbb, 0xb2, 0xfc, 0xc, 0xe0, 0x0,
    0x0, 0x0, 0x7f, 0xe2, 0x0, 0x1, 0xfc, 0xd,
    0xf4, 0x0, 0x0, 0xa, 0xff, 0xb8, 0x88, 0x11,
    0xfc, 0x1, 0xee, 0x10, 0x5, 0xef, 0xff, 0xff,
    0xff, 0x21, 0xfc, 0x0, 0x4f, 0x90, 0x5f, 0xff,
    0x90, 0x0, 0xaf, 0x21, 0xfc, 0x0, 0xe, 0xf0,
    0x9, 0x6f, 0xc5, 0x55, 0xcf, 0x21, 0xfc, 0x0,
    0xb, 0xf1, 0x0, 0x2f, 0xff, 0xff, 0xff, 0x21,
    0xfc, 0x0, 0xd, 0xf1, 0x0, 0x2f, 0xa2, 0x22,
    0xbf, 0x21, 0xfc, 0x5a, 0xcf, 0xe0, 0x0, 0x2f,
    0xa0, 0x0, 0xaf, 0x21, 0xfc, 0x3f, 0xfe, 0x40,
    0x0, 0x2f, 0xff, 0xff, 0xff, 0x21, 0xfc, 0x2,
    0x20, 0x0, 0x0, 0x2f, 0xc8, 0x88, 0xdf, 0x21,
    0xfc, 0x0, 0x0, 0x0, 0x0, 0x2f, 0x90, 0x0,
    0xaf, 0x21, 0xfc, 0x0, 0x0, 0x0, 0x0, 0x0,
    0x0, 0x0, 0x0, 0x0, 0x11, 0x0, 0x0, 0x0,

    /* U+914D "配" */
    0x22, 0x22, 0x22, 0x22, 0x20, 0x0, 0x0, 0x0,
    0x0, 0xf, 0xff, 0xff, 0xff, 0xff, 0x2f, 0xff,
    0xff, 0xff, 0xd0, 0x89, 0xaf, 0x9f, 0xc9, 0x91,
    0xdd, 0xdd, 0xdd, 0xfd, 0x0, 0x3, 0xf1, 0xe7,
    0x0, 0x0, 0x0, 0x0, 0xf, 0xd0, 0x37, 0x8f,
    0x8f, 0xb7, 0x40, 0x0, 0x0, 0x0, 0xfd, 0x8,
    0xff, 0xff, 0xff, 0xfa, 0x0, 0x0, 0x0, 0xf,
    0xd0, 0x8f, 0x2e, 0x4f, 0x2e, 0xa0, 0x0, 0x0,
    0x0, 0xfd, 0x8, 0xf0, 0xe1, 0xf0, 0xea, 0xc,
    0xcc, 0xcc, 0xcf, 0xd0, 0x8f, 0xf, 0xf, 0xe,
    0xa0, 0xff, 0xff, 0xff, 0xfd, 0x8, 0xf2, 0xd0,
    0xf0, 0xea, 0xf, 0xe0, 0x0, 0xf, 0xd0, 0x8f,
    0xb7, 0xd, 0xff, 0xa0, 0xfe, 0x0, 0x0, 0x54,
    0x8, 0xf4, 0x0, 0x0, 0xea, 0xf, 0xe0, 0x0,
    0x0, 0x0, 0x8f, 0x66, 0x66, 0x6f, 0xa0, 0xfe,
    0x0, 0x0, 0x0, 0x8, 0xff, 0xff, 0xff, 0xfa,
    0xf, 0xe0, 0x0, 0x1, 0x30, 0x8f, 0x0, 0x0,
    0xe, 0xa0, 0xfe, 0x0, 0x0, 0x2f, 0x88, 0xf0,
    0x0, 0x0, 0xea, 0xf, 0xe0, 0x0, 0x3, 0xf7,
    0x8f, 0xff, 0xff, 0xff, 0xa0, 0xfe, 0x0, 0x0,
    0x6f, 0x58, 0xf7, 0x77, 0x77, 0xfa, 0xd, 0xfd,
    0xcc, 0xcf, 0xf1, 0x8f, 0x0, 0x0, 0xc, 0x80,
    0x4e, 0xff, 0xff, 0xe7, 0x1, 0x10, 0x0, 0x0,
    0x0, 0x0, 0x0, 0x0, 0x0, 0x0,

    /* U+91CD "重" */
    0x0, 0x0, 0x0, 0x0, 0x0, 0x0, 0x24, 0x68,
    0x20, 0x0, 0x0, 0x29, 0xab, 0xbc, 0xde, 0xff,
    0xff, 0xff, 0xb0, 0x0, 0x0, 0x1e, 0xdd, 0xcb,
    0xbf, 0xf8, 0x65, 0x31, 0x0, 0x0, 0x3, 0x44,
    0x44, 0x44, 0x4f, 0xe4, 0x44, 0x44, 0x44, 0x30,
    0xe, 0xff, 0xff, 0xff, 0xff, 0xff, 0xff, 0xff,
    0xff, 0xe0, 0x1, 0x22, 0x22, 0x22, 0x2f, 0xe2,
    0x22, 0x22, 0x22, 0x10, 0x0, 0xd, 0xff, 0xff,
    0xff, 0xff, 0xff, 0xff, 0xf0, 0x0, 0x0, 0xe,
    0xf5, 0x55, 0x6f, 0xe5, 0x55, 0x5f, 0xf0, 0x0,
    0x0, 0xe, 0xf3, 0x33, 0x4f, 0xe3, 0x33, 0x3e,
    0xf0, 0x0, 0x0, 0xe, 0xff, 0xff, 0xff, 0xff,
    0xff, 0xff, 0xf0, 0x0, 0x0, 0xe, 0xf0, 0x0,
    0xf, 0xd0, 0x0, 0xe, 0xf0, 0x0, 0x0, 0xe,
    0xff, 0xff, 0xff, 0xff, 0xff, 0xff, 0xf0, 0x0,
    0x0, 0x4, 0x55, 0x55, 0x6f, 0xe5, 0x55, 0x55,
    0x50, 0x0, 0x0, 0x25, 0x55, 0x55, 0x6f, 0xe5,
    0x55, 0x55, 0x54, 0x0, 0x0, 0x8f, 0xff, 0xff,
    0xff, 0xff, 0xff, 0xff, 0xfc, 0x0, 0x0, 0x12,
    0x22, 0x22, 0x2f, 0xe2, 0x22, 0x22, 0x21, 0x0,
    0xa, 0xaa, 0xaa, 0xaa, 0xaf, 0xfa, 0xaa, 0xaa,
    0xaa, 0xa0, 0xd, 0xdd, 0xdd, 0xdd, 0xdd, 0xdd,
    0xdd, 0xdd, 0xdd, 0xd0,

    /* U+91CF "量" */
    0x0, 0x0, 0x11, 0x11, 0x11, 0x11, 0x11, 0x11,
    0x0, 0x0, 0x0, 0x8, 0xff, 0xff, 0xff, 0xff,
    0xff, 0xff, 0x70, 0x0, 0x0, 0x8, 0xf6, 0x11,
    0x11, 0x11, 0x11, 0x7f, 0x70, 0x0, 0x0, 0x8,
    0xff, 0xee, 0xee, 0xee, 0xee, 0xff, 0x70, 0x0,
    0x0, 0x8, 0xf7, 0x22, 0x22, 0x22, 0x22, 0x8f,
    0x70, 0x0, 0x0, 0x6, 0xdd, 0xdd, 0xdd, 0xdd,
    0xdd, 0xdd, 0x60, 0x0, 0x6, 0x66, 0x66, 0x66,
    0x66, 0x66, 0x66, 0x66, 0x66, 0x60, 0xf, 0xff,
    0xff, 0xff, 0xff, 0xff, 0xff, 0xff, 0xff, 0xf0,
    0x0, 0x4, 0x55, 0x55, 0x55, 0x55, 0x55, 0x55,
    0x50, 0x0, 0x0, 0xd, 0xfb, 0xbb, 0xbf, 0xfb,
    0xbb, 0xbf, 0xf0, 0x0, 0x0, 0xd, 0xf3, 0x33,
    0x3f, 0xe3, 0x33, 0x3e, 0xf0, 0x0, 0x0, 0xd,
    0xfd, 0xdd, 0xdf, 0xfd, 0xdd, 0xdf, 0xf0, 0x0,
    0x0, 0xd, 0xf3, 0x33, 0x3f, 0xe3, 0x33, 0x3e,
    0xf0, 0x0, 0x0, 0xb, 0xdd, 0xdd, 0xdf, 0xfd,
    0xdd, 0xdd, 0xd0, 0x0, 0x0, 0x14, 0x44, 0x44,
    0x4f, 0xf4, 0x44, 0x44, 0x42, 0x0, 0x0, 0x5f,
    0xff, 0xff, 0xff, 0xff, 0xff, 0xff, 0xf6, 0x0,
    0x0, 0x0, 0x0, 0x0, 0xf, 0xe0, 0x0, 0x0,
    0x0, 0x0, 0x1f, 0xff, 0xff, 0xff, 0xff, 0xff,
    0xff, 0xff, 0xff, 0xf2, 0x1f, 0xff, 0xff, 0xff,
    0xff, 0xff, 0xff, 0xff, 0xff, 0xf2,

    /* U+9500 "销" */
    0x0, 0x0, 0x0, 0x0, 0x0, 0x0, 0x1, 0x0,
    0x0, 0x0, 0x0, 0xb, 0xa0, 0x0, 0x1, 0x10,
    0xf, 0xb0, 0x3, 0x20, 0x0, 0x2f, 0xb0, 0x0,
    0x1f, 0xb0, 0xf, 0xb0, 0xd, 0xf1, 0x0, 0xbf,
    0xdb, 0xbb, 0x2a, 0xf4, 0xf, 0xb0, 0x5f, 0x90,
    0x5, 0xff, 0xff, 0xff, 0x32, 0xfc, 0xf, 0xb0,
    0xdf, 0x10, 0x2f, 0xe2, 0x0, 0x0, 0x0, 0xa7,
    0xf, 0xb1, 0xa7, 0x0, 0xe, 0x94, 0x44, 0x44,
    0x6, 0x66, 0x7f, 0xd6, 0x67, 0x40, 0x1, 0xef,
    0xff, 0xfe, 0xf, 0xff, 0xff, 0xff, 0xff, 0xb0,
    0x0, 0x56, 0xfc, 0x65, 0xf, 0xc5, 0x55, 0x55,
    0x5f, 0xb0, 0x0, 0x1, 0xfa, 0x0, 0xf, 0xa0,
    0x0, 0x0, 0xf, 0xb0, 0x0, 0x1, 0xfa, 0x0,
    0xf, 0xea, 0xaa, 0xaa, 0xaf, 0xb0, 0xc, 0xff,
    0xff, 0xff, 0x5f, 0xff, 0xff, 0xff, 0xff, 0xb0,
    0x8, 0xbb, 0xfe, 0xbb, 0x3f, 0xa0, 0x0, 0x0,
    0xf, 0xb0, 0x0, 0x1, 0xfa, 0x0, 0xf, 0xb0,
    0x0, 0x0, 0xf, 0xb0, 0x0, 0x1, 0xfa, 0x0,
    0xf, 0xff, 0xff, 0xff, 0xff, 0xb0, 0x0, 0x1,
    0xfa, 0x5, 0xf, 0xe9, 0x99, 0x99, 0x9f, 0xb0,
    0x0, 0x1, 0xfc, 0xdf, 0xf, 0xa0, 0x0, 0x0,
    0xf, 0xb0, 0x0, 0x4, 0xff, 0xfa, 0x1f, 0xa0,
    0x0, 0x0, 0xf, 0xb0, 0x0, 0xd, 0xfc, 0x30,
    0xf, 0xa0, 0x0, 0x7a, 0xbf, 0xa0, 0x0, 0x7,
    0x70, 0x0, 0xf, 0xa0, 0x0, 0x6f, 0xfd, 0x30,
    0x0, 0x0, 0x0, 0x0, 0x0, 0x0, 0x0, 0x0,
    0x0, 0x0,

    /* U+95EF "闯" */
    0x0, 0x55, 0x0, 0x0, 0x0, 0x0, 0x0, 0x0,
    0x10, 0x1, 0xef, 0x30, 0x6f, 0xff, 0xff, 0xff,
    0xff, 0xfd, 0x0, 0x3f, 0xd0, 0x4a, 0xaa, 0xaa,
    0xaa, 0xab, 0xfd, 0x0, 0x5, 0xf5, 0x0, 0x0,
    0x0, 0x0, 0x0, 0xfd, 0x17, 0x50, 0x69, 0x99,
    0x99, 0x9a, 0x80, 0x0, 0xfd, 0x2f, 0xb0, 0x5f,
    0xff, 0xff, 0xff, 0xd0, 0x0, 0xfd, 0x2f, 0xb0,
    0x2, 0x63, 0x0, 0xf, 0xc0, 0x0, 0xfd, 0x2f,
    0xb0, 0x5, 0xf9, 0x0, 0xf, 0xa0, 0x0, 0xfd,
    0x2f, 0xb0, 0x8, 0xf6, 0x0, 0x2f, 0x80, 0x0,
    0xfd, 0x2f, 0xb0, 0xc, 0xfa, 0x88, 0xaf, 0xc8,
    0x0, 0xfd, 0x2f, 0xb0, 0xf, 0xff, 0xff, 0xff,
    0xfe, 0x0, 0xfd, 0x2f, 0xb0, 0x0, 0x0, 0x0,
    0x0, 0xad, 0x0, 0xfd, 0x2f, 0xb1, 0x88, 0x88,
    0x88, 0x81, 0xbc, 0x0, 0xfd, 0x2f, 0xb3, 0xff,
    0xff, 0xff, 0xf2, 0xda, 0x0, 0xfd, 0x2f, 0xb0,
    0x0, 0x0, 0x0, 0x0, 0xf8, 0x0, 0xfd, 0x2f,
    0xb0, 0x0, 0x0, 0x6, 0x59, 0xf4, 0x0, 0xfd,
    0x2f, 0xb0, 0x0, 0x0, 0xd, 0xff, 0xc0, 0x0,
    0xfd, 0x2f, 0xb0, 0x0, 0x0, 0x1, 0x21, 0x6,
    0x78, 0xfc, 0x2f, 0xb0, 0x0, 0x0, 0x0, 0x0,
    0x9, 0xff, 0xd5, 0x0, 0x0, 0x0, 0x0, 0x0,
    0x0, 0x0, 0x0, 0x0,

    /* U+964D "降" */
    0x0, 0x0, 0x0, 0x0, 0x0, 0x79, 0x30, 0x0,
    0x0, 0x9, 0xff, 0xff, 0xd3, 0x0, 0x4f, 0xe2,
    0x0, 0x10, 0x0, 0x9f, 0xcb, 0xef, 0x30, 0x2e,
    0xff, 0xff, 0xff, 0xc0, 0x9, 0xf1, 0xe, 0xd0,
    0x3e, 0xfc, 0x77, 0x7e, 0xf8, 0x0, 0x9f, 0x13,
    0xf6, 0x6f, 0xfe, 0xf3, 0x9, 0xfc, 0x0, 0x9,
    0xf1, 0x9f, 0x2, 0xd5, 0x2e, 0xfc, 0xfd, 0x10,
    0x0, 0x9f, 0x1e, 0x90, 0x0, 0x1, 0x9f, 0xff,
    0x60, 0x0, 0x9, 0xf1, 0xbe, 0x10, 0x5a, 0xff,
    0xe9, 0xff, 0xe9, 0x51, 0x9f, 0x11, 0xfa, 0xcf,
    0xfd, 0x61, 0x55, 0x7d, 0xff, 0x29, 0xf1, 0xa,
    0xf3, 0x72, 0x0, 0x1f, 0xb0, 0x2, 0x30, 0x9f,
    0x10, 0x7f, 0x38, 0xff, 0xff, 0xff, 0xff, 0xf7,
    0x9, 0xf1, 0x8, 0xf3, 0x5b, 0xbb, 0xbf, 0xeb,
    0xbb, 0x50, 0x9f, 0x4a, 0xff, 0x15, 0xb2, 0x1,
    0xfb, 0x0, 0x0, 0x9, 0xf1, 0xed, 0x50, 0xbf,
    0x10, 0x1f, 0xb0, 0x0, 0x0, 0x9f, 0x10, 0x0,
    0xf, 0xff, 0xff, 0xff, 0xff, 0xff, 0x19, 0xf1,
    0x0, 0x3, 0xbb, 0xbb, 0xbf, 0xeb, 0xbb, 0xb1,
    0x9f, 0x10, 0x0, 0x0, 0x0, 0x1, 0xfb, 0x0,
    0x0, 0x9, 0xf1, 0x0, 0x0, 0x0, 0x0, 0x1f,
    0xb0, 0x0, 0x0, 0x9f, 0x10, 0x0, 0x0, 0x0,
    0x1, 0xfb, 0x0, 0x0, 0x0,

    /* U+9664 "除" */
    0x0, 0x0, 0x0, 0x0, 0x0, 0x0, 0x0, 0x0,
    0x0, 0x0, 0x0, 0x1, 0x0, 0x0, 0x0, 0x6c,
    0x20, 0x0, 0x0, 0x9f, 0xff, 0xfd, 0x10, 0x0,
    0x2f, 0xf2, 0x0, 0x0, 0x9, 0xfa, 0xaf, 0xe0,
    0x0, 0x1d, 0xff, 0xe2, 0x0, 0x0, 0x9f, 0x12,
    0xf9, 0x0, 0x1d, 0xf5, 0x4f, 0xe3, 0x0, 0x9,
    0xf1, 0x7f, 0x30, 0x3e, 0xf6, 0x0, 0x5f, 0xf7,
    0x0, 0x9f, 0x1d, 0xe0, 0x8f, 0xf5, 0x0, 0x0,
    0x4e, 0xfd, 0x19, 0xf4, 0xf9, 0xb, 0xdd, 0xbb,
    0xbb, 0xbb, 0xcb, 0x80, 0x9f, 0x3e, 0xd0, 0x11,
    0xff, 0xff, 0xff, 0xfe, 0x0, 0x9, 0xf1, 0x4f,
    0x80, 0x0, 0x0, 0xcf, 0x10, 0x0, 0x0, 0x9f,
    0x10, 0xdd, 0x0, 0x0, 0xc, 0xf1, 0x0, 0x0,
    0x9, 0xf1, 0x9, 0xfd, 0xff, 0xff, 0xff, 0xff,
    0xff, 0xd0, 0x9f, 0x10, 0xaf, 0x9b, 0xbb, 0xbe,
    0xfb, 0xbb, 0xb9, 0x9, 0xf7, 0xaf, 0xe0, 0x4,
    0x0, 0xcf, 0x11, 0x40, 0x0, 0x9f, 0x8f, 0xd4,
    0x5, 0xf7, 0xc, 0xf1, 0xcf, 0x30, 0x9, 0xf1,
    0x0, 0x0, 0xdf, 0x10, 0xcf, 0x12, 0xfd, 0x0,
    0x9f, 0x10, 0x0, 0x7f, 0x60, 0xc, 0xf1, 0x7,
    0xf8, 0x9, 0xf1, 0x0, 0x2f, 0xc0, 0x0, 0xcf,
    0x10, 0xd, 0xf1, 0x9f, 0x10, 0x0, 0x82, 0x2b,
    0xaf, 0xf0, 0x0, 0x43, 0x9, 0xf1, 0x0, 0x0,
    0x0, 0xdf, 0xe7, 0x0, 0x0, 0x0, 0x0, 0x0,
    0x0, 0x0, 0x0, 0x0, 0x0, 0x0, 0x0, 0x0,

    /* U+968F "随" */
    0x0, 0x0, 0x0, 0x0, 0x0, 0x0, 0x99, 0x0,
    0x0, 0x8, 0xff, 0xff, 0x70, 0x0, 0x0, 0xf,
    0xb0, 0x0, 0x0, 0x9f, 0xcc, 0xfd, 0xe3, 0x1a,
    0xac, 0xfd, 0xaa, 0xa9, 0x9, 0xf1, 0x5f, 0x6e,
    0xd1, 0xff, 0xff, 0xff, 0xff, 0xd0, 0x9f, 0x19,
    0xf1, 0x4f, 0x70, 0x4f, 0xa0, 0x0, 0x0, 0x9,
    0xf1, 0xdc, 0x0, 0x93, 0xd, 0xfa, 0x77, 0x77,
    0x0, 0x9f, 0x3f, 0x70, 0x0, 0xa, 0xff, 0xff,
    0xff, 0xf1, 0x9, 0xf4, 0xf6, 0x25, 0x59, 0xfc,
    0xfa, 0x0, 0x9f, 0x10, 0x9f, 0x1a, 0xe9, 0xff,
    0xb6, 0xf, 0xff, 0xff, 0xf1, 0x9, 0xf1, 0x4f,
    0x62, 0xeb, 0x0, 0xfc, 0x66, 0xcf, 0x10, 0x9f,
    0x10, 0xf8, 0xe, 0xb0, 0xf, 0xa0, 0x9, 0xf1,
    0x9, 0xf1, 0xf, 0x90, 0xeb, 0x0, 0xff, 0xff,
    0xff, 0x10, 0x9f, 0x24, 0xf8, 0xe, 0xb0, 0xf,
    0xc5, 0x5c, 0xf1, 0x9, 0xf8, 0xff, 0x30, 0xeb,
    0x0, 0xfa, 0x0, 0x9f, 0x10, 0x9f, 0x36, 0x20,
    0xf, 0xb0, 0xf, 0xa0, 0xaf, 0xf0, 0x9, 0xf1,
    0x0, 0xb, 0xff, 0x30, 0x85, 0x4, 0x73, 0x0,
    0x9f, 0x10, 0x8, 0xfa, 0xdf, 0x40, 0x0, 0x0,
    0x0, 0x9, 0xf1, 0x2, 0xfb, 0x1, 0xbf, 0xda,
    0x99, 0xab, 0xc0, 0x9f, 0x10, 0x9, 0x20, 0x0,
    0x6d, 0xff, 0xff, 0xfb, 0x0, 0x0, 0x0, 0x0,
    0x0, 0x0, 0x0, 0x0, 0x0, 0x0,

    /* U+969C "障" */
    0x0, 0x0, 0x0, 0x0, 0x0, 0x0, 0x0, 0x0,
    0x0, 0x1, 0x22, 0x23, 0x10, 0x0, 0x2, 0xd9,
    0x0, 0x0, 0x0, 0xbf, 0xff, 0xff, 0x47, 0x77,
    0x7f, 0xf7, 0x77, 0x73, 0xb, 0xf8, 0x8e, 0xf3,
    0xff, 0xff, 0xff, 0xff, 0xff, 0x60, 0xbf, 0x1,
    0xfb, 0x0, 0x5f, 0x60, 0x5, 0xe7, 0x0, 0xb,
    0xf0, 0x6f, 0x54, 0x56, 0xfc, 0x55, 0xcf, 0x85,
    0x50, 0xbf, 0xc, 0xe0, 0xef, 0xff, 0xff, 0xff,
    0xff, 0xff, 0x1b, 0xf1, 0xfa, 0x1, 0x11, 0x11,
    0x11, 0x11, 0x11, 0x10, 0xbf, 0xa, 0xf3, 0xa,
    0xff, 0xff, 0xff, 0xff, 0xc0, 0xb, 0xf0, 0xe,
    0xb0, 0xbf, 0x54, 0x44, 0x44, 0xfd, 0x0, 0xbf,
    0x0, 0xaf, 0x1b, 0xf3, 0x22, 0x22, 0x2f, 0xd0,
    0xb, 0xf0, 0x7, 0xf3, 0xbf, 0xff, 0xff, 0xff,
    0xfd, 0x0, 0xbf, 0x0, 0x8f, 0x3b, 0xf4, 0x33,
    0x33, 0x3f, 0xd0, 0xb, 0xf5, 0xcf, 0xf0, 0xbf,
    0xff, 0xff, 0xff, 0xfd, 0x0, 0xbf, 0x3e, 0xc4,
    0x0, 0x0, 0xc, 0xf1, 0x0, 0x0, 0xb, 0xf0,
    0x0, 0x8, 0xaa, 0xaa, 0xef, 0xaa, 0xaa, 0xa1,
    0xbf, 0x0, 0x0, 0xcf, 0xff, 0xff, 0xff, 0xff,
    0xff, 0x2b, 0xf0, 0x0, 0x0, 0x0, 0x0, 0xcf,
    0x10, 0x0, 0x0, 0xbf, 0x0, 0x0, 0x0, 0x0,
    0xc, 0xf1, 0x0, 0x0, 0xa, 0xf0, 0x0, 0x0,
    0x0, 0x0, 0xcf, 0x10, 0x0, 0x0,

    /* U+96F7 "雷" */
    0x2, 0x55, 0x55, 0x55, 0x55, 0x55, 0x55, 0x55,
    0x20, 0x6, 0xff, 0xff, 0xff, 0xff, 0xff, 0xff,
    0xff, 0x50, 0x0, 0x22, 0x22, 0x22, 0xfe, 0x22,
    0x22, 0x22, 0x0, 0x58, 0x88, 0x88, 0x88, 0xfe,
    0x88, 0x88, 0x88, 0x85, 0xaf, 0xff, 0xff, 0xff,
    0xff, 0xff, 0xff, 0xff, 0xfa, 0xaf, 0x10, 0x0,
    0x0, 0xfd, 0x0, 0x0, 0x1, 0xfa, 0xaf, 0x2f,
    0xff, 0xf2, 0xfd, 0x4f, 0xff, 0xf2, 0xfa, 0x9e,
    0x14, 0x44, 0x40, 0xfd, 0x14, 0x44, 0x41, 0xe9,
    0x0, 0x7f, 0xff, 0xf3, 0xfd, 0x4f, 0xff, 0xf8,
    0x0, 0x0, 0x25, 0x55, 0x51, 0xfd, 0x15, 0x55,
    0x53, 0x0, 0x0, 0x67, 0x77, 0x77, 0x99, 0x77,
    0x77, 0x76, 0x0, 0x0, 0xef, 0xff, 0xff, 0xff,
    0xff, 0xff, 0xfe, 0x0, 0x0, 0xef, 0x0, 0x0,
    0xfd, 0x0, 0x0, 0xfe, 0x0, 0x0, 0xef, 0x66,
    0x66, 0xfe, 0x66, 0x66, 0xfe, 0x0, 0x0, 0xef,
    0xff, 0xff, 0xff, 0xff, 0xff, 0xfe, 0x0, 0x0,
    0xef, 0x0, 0x0, 0xfd, 0x0, 0x0, 0xfe, 0x0,
    0x0, 0xef, 0xaa, 0xaa, 0xff, 0xaa, 0xaa, 0xfe,
    0x0, 0x0, 0xef, 0xcc, 0xcc, 0xcc, 0xcc, 0xcc,
    0xfe, 0x0, 0x0, 0xef, 0x0, 0x0, 0x0, 0x0,
    0x0, 0xfe, 0x0, 0x0, 0x22, 0x0, 0x0, 0x0,
    0x0, 0x0, 0x0, 0x0,

    /* U+9759 "静" */
    0x0, 0x0, 0x5e, 0x40, 0x0, 0x0, 0xb9, 0x0,
    0x0, 0x0, 0x2, 0x22, 0x8f, 0x72, 0x21, 0x4,
    0xf9, 0x0, 0x0, 0x0, 0xe, 0xff, 0xff, 0xff,
    0xf7, 0xd, 0xff, 0xff, 0xc0, 0x0, 0x3, 0x33,
    0x8f, 0x73, 0x31, 0x8f, 0xa7, 0x9f, 0xb0, 0x0,
    0x6, 0xcc, 0xef, 0xdc, 0xc6, 0xfd, 0x0, 0xbf,
    0x20, 0x0, 0x4, 0x88, 0xbf, 0xa8, 0x87, 0xfb,
    0x9a, 0xfd, 0x99, 0x20, 0x2a, 0xaa, 0xcf, 0xca,
    0xa7, 0x6c, 0xcf, 0xfc, 0xef, 0x30, 0x3c, 0xcc,
    0xcc, 0xcc, 0xc8, 0x0, 0x1f, 0xb0, 0x7f, 0x30,
    0x0, 0x0, 0x0, 0x0, 0x0, 0x0, 0x1f, 0xb0,
    0x8f, 0x40, 0x0, 0xef, 0xff, 0xff, 0xe6, 0xff,
    0xff, 0xff, 0xff, 0xf6, 0x0, 0xfd, 0x77, 0x7d,
    0xe3, 0x88, 0x9f, 0xd8, 0xcf, 0xa3, 0x0, 0xfd,
    0x55, 0x5d, 0xe0, 0x0, 0x1f, 0xb0, 0x7f, 0x30,
    0x0, 0xff, 0xff, 0xff, 0xe0, 0x47, 0x8f, 0xd7,
    0xbf, 0x30, 0x0, 0xfb, 0x0, 0xc, 0xe0, 0x8f,
    0xff, 0xff, 0xff, 0x30, 0x0, 0xff, 0xff, 0xff,
    0xe0, 0x0, 0x1f, 0xb0, 0x5b, 0x20, 0x0, 0xfc,
    0x44, 0x4d, 0xe0, 0x0, 0x1f, 0xb0, 0x0, 0x0,
    0x0, 0xfb, 0x0, 0xc, 0xe0, 0x0, 0x1f, 0xb0,
    0x0, 0x0, 0x0, 0xfb, 0x5, 0x8e, 0xe0, 0x3b,
    0xcf, 0xa0, 0x0, 0x0, 0x0, 0xfb, 0x4, 0xfe,
    0x60, 0x1f, 0xfc, 0x30, 0x0, 0x0,

    /* U+9875 "页" */
    0x5d, 0xdd, 0xdd, 0xdd, 0xdd, 0xdd, 0xdd, 0xdd,
    0xdc, 0x6f, 0xff, 0xff, 0xff, 0xff, 0xff, 0xff,
    0xff, 0xfe, 0x0, 0x0, 0x0, 0x6, 0xfb, 0x0,
    0x0, 0x0, 0x0, 0x0, 0x0, 0x0, 0xb, 0xf3,
    0x0, 0x0, 0x0, 0x0, 0x0, 0x9f, 0xff, 0xff,
    0xff, 0xff, 0xff, 0xff, 0x20, 0x0, 0x9f, 0xdc,
    0xcc, 0xcc, 0xcc, 0xcc, 0xff, 0x30, 0x0, 0x9f,
    0x50, 0x0, 0x12, 0x0, 0x0, 0xdf, 0x30, 0x0,
    0x9f, 0x50, 0x0, 0xcf, 0x30, 0x0, 0xdf, 0x30,
    0x0, 0x9f, 0x50, 0x0, 0xcf, 0x30, 0x0, 0xdf,
    0x30, 0x0, 0x9f, 0x50, 0x0, 0xcf, 0x30, 0x0,
    0xdf, 0x30, 0x0, 0x9f, 0x50, 0x0, 0xcf, 0x30,
    0x0, 0xdf, 0x30, 0x0, 0x9f, 0x50, 0x0, 0xef,
    0x10, 0x0, 0xdf, 0x30, 0x0, 0x9f, 0x50, 0x4,
    0xfe, 0x2, 0x0, 0xdf, 0x30, 0x0, 0x35, 0x10,
    0x3e, 0xf6, 0xaf, 0xb4, 0x45, 0x10, 0x0, 0x0,
    0x19, 0xff, 0x90, 0x2a, 0xff, 0xc3, 0x0, 0x2,
    0x6b, 0xff, 0xe6, 0x0, 0x0, 0x2a, 0xff, 0xb2,
    0x8f, 0xff, 0xc6, 0x0, 0x0, 0x0, 0x0, 0x3c,
    0xfb, 0x9, 0x61, 0x0, 0x0, 0x0, 0x0, 0x0,
    0x0, 0x71,

    /* U+98DF "食" */
    0x0, 0x0, 0x0, 0x0, 0x0, 0x0, 0x0, 0x0,
    0x0, 0x0, 0x0, 0x0, 0x0, 0x0, 0x9, 0xd3,
    0x0, 0x0, 0x0, 0x0, 0x0, 0x0, 0x0, 0x0,
    0x7f, 0xf7, 0x0, 0x0, 0x0, 0x0, 0x0, 0x0,
    0x0, 0x9, 0xfe, 0xcf, 0x90, 0x0, 0x0, 0x0,
    0x0, 0x0, 0x3, 0xcf, 0xd4, 0x1b, 0xfd, 0x50,
    0x0, 0x0, 0x0, 0x1, 0x9f, 0xfa, 0x5f, 0xb0,
    0x7f, 0xfd, 0x60, 0x0, 0x4, 0xaf, 0xff, 0xc7,
    0x7e, 0xf8, 0x79, 0xff, 0xff, 0xa4, 0x1d, 0xfe,
    0xef, 0xff, 0xff, 0xff, 0xff, 0xff, 0x9f, 0xf2,
    0x3, 0x50, 0xcf, 0x0, 0x0, 0x0, 0x0, 0xfe,
    0x0, 0x20, 0x0, 0x0, 0xcf, 0x77, 0x77, 0x77,
    0x77, 0xfe, 0x0, 0x0, 0x0, 0x0, 0xcf, 0xff,
    0xff, 0xff, 0xff, 0xfe, 0x0, 0x0, 0x0, 0x0,
    0xcf, 0x0, 0x0, 0x0, 0x0, 0xfe, 0x0, 0x0,
    0x0, 0x0, 0xcf, 0x88, 0x88, 0x88, 0x88, 0xfe,
    0x0, 0x0, 0x0, 0x0, 0xcf, 0xff, 0xff, 0xff,
    0xff, 0xff, 0xb2, 0x0, 0x0, 0x0, 0xcf, 0x0,
    0x8, 0xb3, 0x0, 0x7f, 0xf6, 0x0, 0x0, 0x0,
    0xcf, 0x0, 0x8, 0xff, 0xbd, 0xfc, 0x20, 0x0,
    0x0, 0x0, 0xcf, 0x0, 0x2, 0x69, 0xff, 0xe2,
    0x0, 0x0, 0x0, 0x0, 0xef, 0xad, 0xff, 0xd0,
    0x2b, 0xff, 0x80, 0x0, 0x0, 0x4, 0xff, 0xfe,
    0xb8, 0x40, 0x0, 0x4d, 0xfb, 0x0, 0x0, 0x0,
    0x84, 0x10, 0x0, 0x0, 0x0, 0x0, 0x81, 0x0,

    /* U+9996 "首" */
    0x0, 0x2, 0xa6, 0x0, 0x0, 0x0, 0x5a, 0x50,
    0x0, 0x0, 0x0, 0x2e, 0xf4, 0x0, 0x0, 0xe,
    0xf5, 0x0, 0x0, 0x11, 0x11, 0x6f, 0xb1, 0x11,
    0x19, 0xfa, 0x11, 0x11, 0xf, 0xff, 0xff, 0xff,
    0xff, 0xff, 0xff, 0xff, 0xff, 0xf0, 0xab, 0xbb,
    0xbb, 0xbb, 0xff, 0xbb, 0xbb, 0xbb, 0xbb, 0x0,
    0x0, 0x0, 0x0, 0x5f, 0xd0, 0x0, 0x0, 0x0,
    0x0, 0x0, 0x9b, 0xbb, 0xbd, 0xfe, 0xbb, 0xbb,
    0xb8, 0x0, 0x0, 0xd, 0xff, 0xff, 0xff, 0xff,
    0xff, 0xff, 0xc0, 0x0, 0x0, 0xdf, 0x10, 0x0,
    0x0, 0x0, 0x2, 0xfc, 0x0, 0x0, 0xd, 0xf8,
    0x88, 0x88, 0x88, 0x88, 0x9f, 0xc0, 0x0, 0x0,
    0xdf, 0xff, 0xff, 0xff, 0xff, 0xff, 0xfc, 0x0,
    0x0, 0xd, 0xf1, 0x0, 0x0, 0x0, 0x0, 0x2f,
    0xc0, 0x0, 0x0, 0xdf, 0x54, 0x44, 0x44, 0x44,
    0x46, 0xfc, 0x0, 0x0, 0xd, 0xff, 0xff, 0xff,
    0xff, 0xff, 0xff, 0xc0, 0x0, 0x0, 0xdf, 0x43,
    0x33, 0x33, 0x33, 0x35, 0xfc, 0x0, 0x0, 0xd,
    0xf1, 0x0, 0x0, 0x0, 0x0, 0x3f, 0xc0, 0x0,
    0x0, 0xdf, 0xff, 0xff, 0xff, 0xff, 0xff, 0xfc,
    0x0, 0x0, 0xd, 0xfa, 0xaa, 0xaa, 0xaa, 0xaa,
    0xbf, 0xc0, 0x0, 0x0, 0xdf, 0x10, 0x0, 0x0,
    0x0, 0x2, 0xfc, 0x0, 0x0,

    /* U+9AD8 "高" */
    0x0, 0x0, 0x0, 0x2, 0xca, 0x0, 0x0, 0x0,
    0x0, 0x0, 0x0, 0x0, 0x1, 0xff, 0x10, 0x0,
    0x0, 0x0, 0xde, 0xee, 0xee, 0xee, 0xff, 0xfe,
    0xee, 0xee, 0xea, 0xab, 0xbb, 0xbb, 0xbb, 0xbb,
    0xbb, 0xbb, 0xbb, 0xb8, 0x0, 0x4, 0x44, 0x44,
    0x44, 0x44, 0x44, 0x40, 0x0, 0x0, 0xf, 0xff,
    0xff, 0xff, 0xff, 0xff, 0xf2, 0x0, 0x0, 0xf,
    0xe0, 0x0, 0x0, 0x0, 0xd, 0xf2, 0x0, 0x0,
    0xf, 0xf6, 0x66, 0x66, 0x66, 0x6e, 0xf2, 0x0,
    0x0, 0xf, 0xff, 0xff, 0xff, 0xff, 0xff, 0xf2,
    0x0, 0x0, 0x0, 0x0, 0x0, 0x0, 0x0, 0x0,
    0x1, 0x10, 0x4f, 0xff, 0xff, 0xff, 0xff, 0xff,
    0xff, 0xff, 0xf3, 0x4f, 0xd8, 0x88, 0x88, 0x88,
    0x88, 0x88, 0x8d, 0xf3, 0x4f, 0x90, 0x27, 0x76,
    0x66, 0x66, 0x61, 0xb, 0xf3, 0x4f, 0x90, 0x7f,
    0xff, 0xff, 0xff, 0xf3, 0xb, 0xf3, 0x4f, 0x90,
    0x7f, 0x50, 0x0, 0x8, 0xf3, 0xb, 0xf3, 0x4f,
    0x90, 0x7f, 0xfe, 0xee, 0xef, 0xf3, 0xb, 0xf3,
    0x4f, 0x90, 0x7f, 0xa6, 0x66, 0x66, 0x61, 0xb,
    0xf3, 0x4f, 0x90, 0x25, 0x20, 0x0, 0x0, 0x5,
    0x5d, 0xf3, 0x4f, 0x90, 0x0, 0x0, 0x0, 0x0,
    0xb, 0xff, 0xb0, 0x0, 0x0, 0x0, 0x0, 0x0,
    0x0, 0x0, 0x0, 0x0,

    /* U+9F50 "齐" */
    0x0, 0x0, 0x0, 0x0, 0x0, 0x0, 0x0, 0x0,
    0x0, 0x0, 0x0, 0x0, 0x0, 0x0, 0x4d, 0xa0,
    0x0, 0x0, 0x0, 0x0, 0x0, 0x0, 0x0, 0x0,
    0xe, 0xf4, 0x0, 0x0, 0x0, 0x0, 0xe, 0xff,
    0xff, 0xff, 0xff, 0xff, 0xff, 0xff, 0xff, 0x90,
    0x9, 0xaa, 0xdf, 0xda, 0xaa, 0xaa, 0xbf, 0xfc,
    0xaa, 0x60, 0x0, 0x0, 0x1e, 0xf3, 0x0, 0x0,
    0xaf, 0xc0, 0x0, 0x0, 0x0, 0x0, 0x2, 0xef,
    0x60, 0xa, 0xfe, 0x10, 0x0, 0x0, 0x0, 0x0,
    0x0, 0x3e, 0xfc, 0xdf, 0xd2, 0x0, 0x0, 0x0,
    0x0, 0x0, 0x0, 0x6, 0xff, 0xff, 0x71, 0x0,
    0x0, 0x0, 0x0, 0x3, 0x6a, 0xff, 0xfc, 0xdf,
    0xff, 0xc8, 0x53, 0x10, 0x1d, 0xff, 0xff, 0xe9,
    0x30, 0x4, 0x9e, 0xff, 0xff, 0xe0, 0x9, 0xeb,
    0x79, 0x50, 0x0, 0x0, 0x5, 0x76, 0x9c, 0x50,
    0x0, 0x0, 0xf, 0xe0, 0x0, 0x0, 0x2f, 0xc0,
    0x0, 0x0, 0x0, 0x0, 0xf, 0xe0, 0x0, 0x0,
    0x2f, 0xc0, 0x0, 0x0, 0x0, 0x0, 0xf, 0xd0,
    0x0, 0x0, 0x2f, 0xc0, 0x0, 0x0, 0x0, 0x0,
    0x3f, 0xc0, 0x0, 0x0, 0x2f, 0xc0, 0x0, 0x0,
    0x0, 0x0, 0x9f, 0x80, 0x0, 0x0, 0x2f, 0xc0,
    0x0, 0x0, 0x0, 0x5, 0xff, 0x20, 0x0, 0x0,
    0x2f, 0xc0, 0x0, 0x0, 0x0, 0x7f, 0xf7, 0x0,
    0x0, 0x0, 0x2f, 0xc0, 0x0, 0x0, 0x0, 0x1c,
    0x60, 0x0, 0x0, 0x0, 0x2f, 0xc0, 0x0, 0x0,
    0x0, 0x0, 0x0, 0x0, 0x0, 0x0, 0x0, 0x0,
    0x0, 0x0,

    /* U+FF01 "！" */
    0x5f, 0xf5, 0x4f, 0xf4, 0x4f, 0xf4, 0x3f, 0xf3,
    0x2f, 0xf2, 0x1f, 0xf1, 0xf, 0xf0, 0xf, 0xf0,
    0xe, 0xe0, 0xd, 0xd0, 0x0, 0x0, 0x0, 0x0,
    0x1c, 0xc1, 0x7f, 0xf7, 0x3f, 0xf3, 0x0, 0x0,

    /* U+FF0C "，" */
    0x1, 0xbd, 0x50, 0x7, 0xff, 0xf0, 0x4, 0xff,
    0xf2, 0x0, 0x2b, 0xf0, 0x0, 0x1e, 0xb0, 0x4,
    0xdf, 0x20, 0xd, 0xd3, 0x0, 0x2, 0x0, 0x0,

    /* U+FF1F "？" */
    0x0, 0x0, 0x11, 0x0, 0x0, 0x0, 0x7e, 0xff,
    0xf9, 0x0, 0xc, 0xff, 0xcd, 0xff, 0xa0, 0x1c,
    0xb1, 0x0, 0x6f, 0xf1, 0x0, 0x0, 0x0, 0xf,
    0xf4, 0x0, 0x0, 0x0, 0x1f, 0xf2, 0x0, 0x0,
    0x0, 0xcf, 0xa0, 0x0, 0x0, 0xc, 0xfb, 0x0,
    0x0, 0x0, 0xaf, 0xb0, 0x0, 0x0, 0x3, 0xff,
    0x10, 0x0, 0x0, 0x5, 0xfb, 0x0, 0x0, 0x0,
    0x0, 0x21, 0x0, 0x0, 0x0, 0x0, 0x0, 0x0,
    0x0, 0x0, 0x4, 0xda, 0x0, 0x0, 0x0, 0xb,
    0xff, 0x30, 0x0, 0x0, 0x7, 0xfd, 0x0, 0x0,
    0x0, 0x0, 0x10, 0x0, 0x0
};


/*---------------------
 *  GLYPH DESCRIPTION
 *--------------------*/

static const lv_font_fmt_txt_glyph_dsc_t glyph_dsc[] = {
    {.bitmap_index = 0, .adv_w = 0, .box_w = 0, .box_h = 0, .ofs_x = 0, .ofs_y = 0} /* id = 0 reserved */,
    {.bitmap_index = 0, .adv_w = 72, .box_w = 0, .box_h = 0, .ofs_x = 0, .ofs_y = 0},
    {.bitmap_index = 0, .adv_w = 110, .box_w = 4, .box_h = 14, .ofs_x = 1, .ofs_y = 0},
    {.bitmap_index = 28, .adv_w = 166, .box_w = 8, .box_h = 7, .ofs_x = 1, .ofs_y = 8},
    {.bitmap_index = 56, .adv_w = 182, .box_w = 11, .box_h = 14, .ofs_x = 0, .ofs_y = 0},
    {.bitmap_index = 133, .adv_w = 182, .box_w = 10, .box_h = 19, .ofs_x = 1, .ofs_y = -2},
    {.bitmap_index = 228, .adv_w = 300, .box_w = 19, .box_h = 14, .ofs_x = 0, .ofs_y = 0},
    {.bitmap_index = 361, .adv_w = 226, .box_w = 14, .box_h = 14, .ofs_x = 0, .ofs_y = 0},
    {.bitmap_index = 459, .adv_w = 95, .box_w = 4, .box_h = 7, .ofs_x = 1, .ofs_y = 8},
    {.bitmap_index = 473, .adv_w = 114, .box_w = 6, .box_h = 21, .ofs_x = 1, .ofs_y = -4},
    {.bitmap_index = 536, .adv_w = 114, .box_w = 6, .box_h = 21, .ofs_x = 0, .ofs_y = -4},
    {.bitmap_index = 599, .adv_w = 155, .box_w = 8, .box_h = 7, .ofs_x = 1, .ofs_y = 8},
    {.bitmap_index = 627, .adv_w = 182, .box_w = 11, .box_h = 11, .ofs_x = 0, .ofs_y = 2},
    {.bitmap_index = 688, .adv_w = 95, .box_w = 4, .box_h = 7, .ofs_x = 1, .ofs_y = -4},
    {.bitmap_index = 702, .adv_w = 114, .box_w = 7, .box_h = 2, .ofs_x = 0, .ofs_y = 5},
    {.bitmap_index = 709, .adv_w = 95, .box_w = 4, .box_h = 4, .ofs_x = 1, .ofs_y = 0},
    {.bitmap_index = 717, .adv_w = 125, .box_w = 8, .box_h = 19, .ofs_x = 0, .ofs_y = -4},
    {.bitmap_index = 793, .adv_w = 182, .box_w = 11, .box_h = 14, .ofs_x = 0, .ofs_y = 0},
    {.bitmap_index = 870, .adv_w = 182, .box_w = 10, .box_h = 14, .ofs_x = 1, .ofs_y = 0},
    {.bitmap_index = 940, .adv_w = 182, .box_w = 11, .box_h = 14, .ofs_x = 0, .ofs_y = 0},
    {.bitmap_index = 1017, .adv_w = 182, .box_w = 11, .box_h = 14, .ofs_x = 0, .ofs_y = 0},
    {.bitmap_index = 1094, .adv_w = 182, .box_w = 11, .box_h = 14, .ofs_x = 0, .ofs_y = 0},
    {.bitmap_index = 1171, .adv_w = 182, .box_w = 11, .box_h = 14, .ofs_x = 0, .ofs_y = 0},
    {.bitmap_index = 1248, .adv_w = 182, .box_w = 10, .box_h = 14, .ofs_x = 1, .ofs_y = 0},
    {.bitmap_index = 1318, .adv_w = 182, .box_w = 10, .box_h = 14, .ofs_x = 1, .ofs_y = 0},
    {.bitmap_index = 1388, .adv_w = 182, .box_w = 11, .box_h = 14, .ofs_x = 0, .ofs_y = 0},
    {.bitmap_index = 1465, .adv_w = 182, .box_w = 11, .box_h = 14, .ofs_x = 0, .ofs_y = 0},
    {.bitmap_index = 1542, .adv_w = 95, .box_w = 4, .box_h = 11, .ofs_x = 1, .ofs_y = 0},
    {.bitmap_index = 1564, .adv_w = 95, .box_w = 4, .box_h = 15, .ofs_x = 1, .ofs_y = -4},
    {.bitmap_index = 1594, .adv_w = 182, .box_w = 11, .box_h = 10, .ofs_x = 0, .ofs_y = 2},
    {.bitmap_index = 1649, .adv_w = 182, .box_w = 11, .box_h = 7, .ofs_x = 0, .ofs_y = 4},
    {.bitmap_index = 1688, .adv_w = 182, .box_w = 11, .box_h = 10, .ofs_x = 0, .ofs_y = 2},
    {.bitmap_index = 1743, .adv_w = 157, .box_w = 9, .box_h = 14, .ofs_x = 0, .ofs_y = 0},
    {.bitmap_index = 1806, .adv_w = 311, .box_w = 18, .box_h = 19, .ofs_x = 1, .ofs_y = -5},
    {.bitmap_index = 1977, .adv_w = 199, .box_w = 13, .box_h = 14, .ofs_x = 0, .ofs_y = 0},
    {.bitmap_index = 2068, .adv_w = 213, .box_w = 12, .box_h = 14, .ofs_x = 1, .ofs_y = 0},
    {.bitmap_index = 2152, .adv_w = 207, .box_w = 12, .box_h = 14, .ofs_x = 1, .ofs_y = 0},
    {.bitmap_index = 2236, .adv_w = 224, .box_w = 12, .box_h = 14, .ofs_x = 1, .ofs_y = 0},
    {.bitmap_index = 2320, .adv_w = 192, .box_w = 10, .box_h = 14, .ofs_x = 1, .ofs_y = 0},
    {.bitmap_index = 2390, .adv_w = 181, .box_w = 10, .box_h = 14, .ofs_x = 1, .ofs_y = 0},
    {.bitmap_index = 2460, .adv_w = 224, .box_w = 12, .box_h = 14, .ofs_x = 1, .ofs_y = 0},
    {.bitmap_index = 2544, .adv_w = 237, .box_w = 12, .box_h = 14, .ofs_x = 1, .ofs_y = 0},
    {.bitmap_index = 2628, .adv_w = 99, .box_w = 4, .box_h = 14, .ofs_x = 1, .ofs_y = 0},
    {.bitmap_index = 2656, .adv_w = 176, .box_w = 10, .box_h = 14, .ofs_x = 0, .ofs_y = 0},
    {.bitmap_index = 2726, .adv_w = 212, .box_w = 13, .box_h = 14, .ofs_x = 1, .ofs_y = 0},
    {.bitmap_index = 2817, .adv_w = 179, .box_w = 10, .box_h = 14, .ofs_x = 1, .ofs_y = 0},
    {.bitmap_index = 2887, .adv_w = 266, .box_w = 14, .box_h = 14, .ofs_x = 1, .ofs_y = 0},
    {.bitmap_index = 2985, .adv_w = 235, .box_w = 12, .box_h = 14, .ofs_x = 1, .ofs_y = 0},
    {.bitmap_index = 3069, .adv_w = 241, .box_w = 13, .box_h = 14, .ofs_x = 1, .ofs_y = 0},
    {.bitmap_index = 3160, .adv_w = 207, .box_w = 12, .box_h = 14, .ofs_x = 1, .ofs_y = 0},
    {.bitmap_index = 3244, .adv_w = 241, .box_w = 14, .box_h = 18, .ofs_x = 1, .ofs_y = -4},
    {.bitmap_index = 3370, .adv_w = 210, .box_w = 12, .box_h = 14, .ofs_x = 1, .ofs_y = 0},
    {.bitmap_index = 3454, .adv_w = 195, .box_w = 12, .box_h = 14, .ofs_x = 0, .ofs_y = 0},
    {.bitmap_index = 3538, .adv_w = 196, .box_w = 12, .box_h = 14, .ofs_x = 0, .ofs_y = 0},
    {.bitmap_index = 3622, .adv_w = 235, .box_w = 12, .box_h = 14, .ofs_x = 1, .ofs_y = 0},
    {.bitmap_index = 3706, .adv_w = 190, .box_w = 13, .box_h = 14, .ofs_x = -1, .ofs_y = 0},
    {.bitmap_index = 3797, .adv_w = 286, .box_w = 18, .box_h = 14, .ofs_x = 0, .ofs_y = 0},
    {.bitmap_index = 3923, .adv_w = 191, .box_w = 12, .box_h = 14, .ofs_x = 0, .ofs_y = 0},
    {.bitmap_index = 4007, .adv_w = 177, .box_w = 13, .box_h = 14, .ofs_x = -1, .ofs_y = 0},
    {.bitmap_index = 4098, .adv_w = 194, .box_w = 12, .box_h = 14, .ofs_x = 0, .ofs_y = 0},
    {.bitmap_index = 4182, .adv_w = 114, .box_w = 5, .box_h = 20, .ofs_x = 2, .ofs_y = -5},
    {.bitmap_index = 4232, .adv_w = 125, .box_w = 8, .box_h = 19, .ofs_x = 0, .ofs_y = -4},
    {.bitmap_index = 4308, .adv_w = 114, .box_w = 6, .box_h = 20, .ofs_x = 0, .ofs_y = -5},
    {.bitmap_index = 4368, .adv_w = 182, .box_w = 10, .box_h = 9, .ofs_x = 1, .ofs_y = 6},
    {.bitmap_index = 4413, .adv_w = 180, .box_w = 11, .box_h = 3, .ofs_x = 0, .ofs_y = -4},
    {.bitmap_index = 4430, .adv_w = 197, .box_w = 6, .box_h = 6, .ofs_x = 2, .ofs_y = 12},
    {.bitmap_index = 4448, .adv_w = 184, .box_w = 9, .box_h = 11, .ofs_x = 1, .ofs_y = 0},
    {.bitmap_index = 4498, .adv_w = 201, .box_w = 11, .box_h = 15, .ofs_x = 1, .ofs_y = 0},
    {.bitmap_index = 4581, .adv_w = 165, .box_w = 10, .box_h = 11, .ofs_x = 0, .ofs_y = 0},
    {.bitmap_index = 4636, .adv_w = 202, .box_w = 10, .box_h = 15, .ofs_x = 1, .ofs_y = 0},
    {.bitmap_index = 4711, .adv_w = 181, .box_w = 11, .box_h = 11, .ofs_x = 0, .ofs_y = 0},
    {.bitmap_index = 4772, .adv_w = 111, .box_w = 8, .box_h = 15, .ofs_x = 0, .ofs_y = 0},
    {.bitmap_index = 4832, .adv_w = 185, .box_w = 12, .box_h = 15, .ofs_x = 0, .ofs_y = -4},
    {.bitmap_index = 4922, .adv_w = 199, .box_w = 10, .box_h = 15, .ofs_x = 1, .ofs_y = 0},
    {.bitmap_index = 4997, .adv_w = 92, .box_w = 4, .box_h = 15, .ofs_x = 1, .ofs_y = 0},
    {.bitmap_index = 5027, .adv_w = 92, .box_w = 6, .box_h = 19, .ofs_x = -1, .ofs_y = -4},
    {.bitmap_index = 5084, .adv_w = 184, .box_w = 11, .box_h = 15, .ofs_x = 1, .ofs_y = 0},
    {.bitmap_index = 5167, .adv_w = 95, .box_w = 5, .box_h = 15, .ofs_x = 1, .ofs_y = 0},
    {.bitmap_index = 5205, .adv_w = 302, .box_w = 17, .box_h = 11, .ofs_x = 1, .ofs_y = 0},
    {.bitmap_index = 5299, .adv_w = 200, .box_w = 10, .box_h = 11, .ofs_x = 1, .ofs_y = 0},
    {.bitmap_index = 5354, .adv_w = 197, .box_w = 12, .box_h = 11, .ofs_x = 0, .ofs_y = 0},
    {.bitmap_index = 5420, .adv_w = 202, .box_w = 11, .box_h = 15, .ofs_x = 1, .ofs_y = -4},
    {.bitmap_index = 5503, .adv_w = 202, .box_w = 10, .box_h = 15, .ofs_x = 1, .ofs_y = -4},
    {.bitmap_index = 5578, .adv_w = 131, .box_w = 8, .box_h = 11, .ofs_x = 1, .ofs_y = 0},
    {.bitmap_index = 5622, .adv_w = 154, .box_w = 9, .box_h = 11, .ofs_x = 0, .ofs_y = 0},
    {.bitmap_index = 5672, .adv_w = 127, .box_w = 8, .box_h = 14, .ofs_x = 0, .ofs_y = 0},
    {.bitmap_index = 5728, .adv_w = 198, .box_w = 10, .box_h = 11, .ofs_x = 1, .ofs_y = 0},
    {.bitmap_index = 5783, .adv_w = 174, .box_w = 11, .box_h = 11, .ofs_x = 0, .ofs_y = 0},
    {.bitmap_index = 5844, .adv_w = 265, .box_w = 17, .box_h = 11, .ofs_x = 0, .ofs_y = 0},
    {.bitmap_index = 5938, .adv_w = 168, .box_w = 11, .box_h = 11, .ofs_x = 0, .ofs_y = 0},
    {.bitmap_index = 5999, .adv_w = 174, .box_w = 11, .box_h = 15, .ofs_x = 0, .ofs_y = -4},
    {.bitmap_index = 6082, .adv_w = 157, .box_w = 10, .box_h = 11, .ofs_x = 0, .ofs_y = 0},
    {.bitmap_index = 6137, .adv_w = 114, .box_w = 7, .box_h = 20, .ofs_x = 0, .ofs_y = -5},
    {.bitmap_index = 6207, .adv_w = 90, .box_w = 2, .box_h = 22, .ofs_x = 2, .ofs_y = -5},
    {.bitmap_index = 6229, .adv_w = 114, .box_w = 7, .box_h = 20, .ofs_x = 0, .ofs_y = -5},
    {.bitmap_index = 6299, .adv_w = 182, .box_w = 11, .box_h = 4, .ofs_x = 0, .ofs_y = 6},
    {.bitmap_index = 6321, .adv_w = 320, .box_w = 7, .box_h = 7, .ofs_x = 0, .ofs_y = -2},
    {.bitmap_index = 6346, .adv_w = 320, .box_w = 20, .box_h = 3, .ofs_x = 0, .ofs_y = 6},
    {.bitmap_index = 6376, .adv_w = 320, .box_w = 18, .box_h = 16, .ofs_x = 1, .ofs_y = -1},
    {.bitmap_index = 6520, .adv_w = 320, .box_w = 19, .box_h = 18, .ofs_x = 0, .ofs_y = -1},
    {.bitmap_index = 6691, .adv_w = 320, .box_w = 19, .box_h = 18, .ofs_x = 1, .ofs_y = -2},
    {.bitmap_index = 6862, .adv_w = 320, .box_w = 20, .box_h = 18, .ofs_x = 0, .ofs_y = -2},
    {.bitmap_index = 7042, .adv_w = 320, .box_w = 20, .box_h = 19, .ofs_x = 0, .ofs_y = -2},
    {.bitmap_index = 7232, .adv_w = 320, .box_w = 17, .box_h = 19, .ofs_x = 2, .ofs_y = -2},
    {.bitmap_index = 7394, .adv_w = 320, .box_w = 20, .box_h = 19, .ofs_x = 0, .ofs_y = -2},
    {.bitmap_index = 7584, .adv_w = 320, .box_w = 17, .box_h = 19, .ofs_x = 1, .ofs_y = -3},
    {.bitmap_index = 7746, .adv_w = 320, .box_w = 18, .box_h = 15, .ofs_x = 1, .ofs_y = 0},
    {.bitmap_index = 7881, .adv_w = 320, .box_w = 18, .box_h = 16, .ofs_x = 1, .ofs_y = -1},
    {.bitmap_index = 8025, .adv_w = 320, .box_w = 20, .box_h = 19, .ofs_x = 0, .ofs_y = -2},
    {.bitmap_index = 8215, .adv_w = 320, .box_w = 18, .box_h = 20, .ofs_x = 1, .ofs_y = -3},
    {.bitmap_index = 8395, .adv_w = 320, .box_w = 20, .box_h = 19, .ofs_x = 0, .ofs_y = -2},
    {.bitmap_index = 8585, .adv_w = 320, .box_w = 19, .box_h = 20, .ofs_x = 0, .ofs_y = -3},
    {.bitmap_index = 8775, .adv_w = 320, .box_w = 20, .box_h = 19, .ofs_x = 0, .ofs_y = -2},
    {.bitmap_index = 8965, .adv_w = 320, .box_w = 19, .box_h = 19, .ofs_x = 1, .ofs_y = -2},
    {.bitmap_index = 9146, .adv_w = 320, .box_w = 20, .box_h = 19, .ofs_x = 0, .ofs_y = -2},
    {.bitmap_index = 9336, .adv_w = 320, .box_w = 20, .box_h = 20, .ofs_x = 0, .ofs_y = -3},
    {.bitmap_index = 9536, .adv_w = 320, .box_w = 20, .box_h = 19, .ofs_x = 0, .ofs_y = -2},
    {.bitmap_index = 9726, .adv_w = 320, .box_w = 19, .box_h = 19, .ofs_x = 0, .ofs_y = -2},
    {.bitmap_index = 9907, .adv_w = 320, .box_w = 20, .box_h = 20, .ofs_x = 0, .ofs_y = -3},
    {.bitmap_index = 10107, .adv_w = 320, .box_w = 20, .box_h = 19, .ofs_x = 0, .ofs_y = -2},
    {.bitmap_index = 10297, .adv_w = 320, .box_w = 20, .box_h = 19, .ofs_x = 0, .ofs_y = -2},
    {.bitmap_index = 10487, .adv_w = 320, .box_w = 20, .box_h = 20, .ofs_x = 0, .ofs_y = -2},
    {.bitmap_index = 10687, .adv_w = 320, .box_w = 20, .box_h = 19, .ofs_x = 0, .ofs_y = -2},
    {.bitmap_index = 10877, .adv_w = 320, .box_w = 20, .box_h = 20, .ofs_x = 0, .ofs_y = -3},
    {.bitmap_index = 11077, .adv_w = 320, .box_w = 19, .box_h = 20, .ofs_x = 0, .ofs_y = -3},
    {.bitmap_index = 11267, .adv_w = 320, .box_w = 20, .box_h = 19, .ofs_x = 0, .ofs_y = -2},
    {.bitmap_index = 11457, .adv_w = 320, .box_w = 20, .box_h = 19, .ofs_x = 0, .ofs_y = -2},
    {.bitmap_index = 11647, .adv_w = 320, .box_w = 20, .box_h = 20, .ofs_x = 0, .ofs_y = -3},
    {.bitmap_index = 11847, .adv_w = 320, .box_w = 20, .box_h = 21, .ofs_x = 0, .ofs_y = -3},
    {.bitmap_index = 12057, .adv_w = 320, .box_w = 19, .box_h = 21, .ofs_x = 1, .ofs_y = -3},
    {.bitmap_index = 12257, .adv_w = 320, .box_w = 20, .box_h = 20, .ofs_x = 0, .ofs_y = -3},
    {.bitmap_index = 12457, .adv_w = 320, .box_w = 20, .box_h = 19, .ofs_x = 0, .ofs_y = -2},
    {.bitmap_index = 12647, .adv_w = 320, .box_w = 20, .box_h = 20, .ofs_x = 0, .ofs_y = -2},
    {.bitmap_index = 12847, .adv_w = 320, .box_w = 20, .box_h = 18, .ofs_x = 0, .ofs_y = -2},
    {.bitmap_index = 13027, .adv_w = 320, .box_w = 20, .box_h = 19, .ofs_x = 0, .ofs_y = -2},
    {.bitmap_index = 13217, .adv_w = 320, .box_w = 20, .box_h = 20, .ofs_x = 0, .ofs_y = -2},
    {.bitmap_index = 13417, .adv_w = 320, .box_w = 20, .box_h = 19, .ofs_x = 0, .ofs_y = -3},
    {.bitmap_index = 13607, .adv_w = 320, .box_w = 20, .box_h = 19, .ofs_x = 0, .ofs_y = -2},
    {.bitmap_index = 13797, .adv_w = 320, .box_w = 17, .box_h = 19, .ofs_x = 1, .ofs_y = -2},
    {.bitmap_index = 13959, .adv_w = 320, .box_w = 18, .box_h = 19, .ofs_x = 1, .ofs_y = -2},
    {.bitmap_index = 14130, .adv_w = 320, .box_w = 20, .box_h = 20, .ofs_x = 0, .ofs_y = -3},
    {.bitmap_index = 14330, .adv_w = 320, .box_w = 19, .box_h = 19, .ofs_x = 0, .ofs_y = -3},
    {.bitmap_index = 14511, .adv_w = 320, .box_w = 19, .box_h = 20, .ofs_x = 0, .ofs_y = -3},
    {.bitmap_index = 14701, .adv_w = 320, .box_w = 18, .box_h = 19, .ofs_x = 1, .ofs_y = -2},
    {.bitmap_index = 14872, .adv_w = 320, .box_w = 19, .box_h = 19, .ofs_x = 1, .ofs_y = -2},
    {.bitmap_index = 15053, .adv_w = 320, .box_w = 19, .box_h = 21, .ofs_x = 0, .ofs_y = -3},
    {.bitmap_index = 15253, .adv_w = 320, .box_w = 19, .box_h = 20, .ofs_x = 0, .ofs_y = -3},
    {.bitmap_index = 15443, .adv_w = 320, .box_w = 19, .box_h = 20, .ofs_x = 0, .ofs_y = -3},
    {.bitmap_index = 15633, .adv_w = 320, .box_w = 18, .box_h = 20, .ofs_x = 1, .ofs_y = -3},
    {.bitmap_index = 15813, .adv_w = 320, .box_w = 19, .box_h = 20, .ofs_x = 1, .ofs_y = -2},
    {.bitmap_index = 16003, .adv_w = 320, .box_w = 19, .box_h = 19, .ofs_x = 1, .ofs_y = -2},
    {.bitmap_index = 16184, .adv_w = 320, .box_w = 18, .box_h = 18, .ofs_x = 1, .ofs_y = -2},
    {.bitmap_index = 16346, .adv_w = 320, .box_w = 19, .box_h = 19, .ofs_x = 0, .ofs_y = -3},
    {.bitmap_index = 16527, .adv_w = 320, .box_w = 20, .box_h = 18, .ofs_x = 0, .ofs_y = -2},
    {.bitmap_index = 16707, .adv_w = 320, .box_w = 19, .box_h = 19, .ofs_x = 0, .ofs_y = -2},
    {.bitmap_index = 16888, .adv_w = 320, .box_w = 20, .box_h = 20, .ofs_x = 0, .ofs_y = -2},
    {.bitmap_index = 17088, .adv_w = 320, .box_w = 20, .box_h = 19, .ofs_x = 0, .ofs_y = -3},
    {.bitmap_index = 17278, .adv_w = 320, .box_w = 19, .box_h = 20, .ofs_x = 1, .ofs_y = -2},
    {.bitmap_index = 17468, .adv_w = 320, .box_w = 19, .box_h = 19, .ofs_x = 0, .ofs_y = -2},
    {.bitmap_index = 17649, .adv_w = 320, .box_w = 19, .box_h = 19, .ofs_x = 1, .ofs_y = -3},
    {.bitmap_index = 17830, .adv_w = 320, .box_w = 19, .box_h = 20, .ofs_x = 0, .ofs_y = -3},
    {.bitmap_index = 18020, .adv_w = 320, .box_w = 19, .box_h = 19, .ofs_x = 1, .ofs_y = -2},
    {.bitmap_index = 18201, .adv_w = 320, .box_w = 20, .box_h = 21, .ofs_x = 0, .ofs_y = -3},
    {.bitmap_index = 18411, .adv_w = 320, .box_w = 18, .box_h = 18, .ofs_x = 1, .ofs_y = -2},
    {.bitmap_index = 18573, .adv_w = 320, .box_w = 20, .box_h = 20, .ofs_x = 0, .ofs_y = -3},
    {.bitmap_index = 18773, .adv_w = 320, .box_w = 18, .box_h = 21, .ofs_x = 1, .ofs_y = -3},
    {.bitmap_index = 18962, .adv_w = 320, .box_w = 19, .box_h = 18, .ofs_x = 1, .ofs_y = -2},
    {.bitmap_index = 19133, .adv_w = 320, .box_w = 20, .box_h = 20, .ofs_x = 0, .ofs_y = -2},
    {.bitmap_index = 19333, .adv_w = 320, .box_w = 19, .box_h = 19, .ofs_x = 0, .ofs_y = -2},
    {.bitmap_index = 19514, .adv_w = 320, .box_w = 20, .box_h = 20, .ofs_x = 0, .ofs_y = -3},
    {.bitmap_index = 19714, .adv_w = 320, .box_w = 18, .box_h = 18, .ofs_x = 1, .ofs_y = -2},
    {.bitmap_index = 19876, .adv_w = 320, .box_w = 18, .box_h = 19, .ofs_x = 1, .ofs_y = -2},
    {.bitmap_index = 20047, .adv_w = 320, .box_w = 18, .box_h = 18, .ofs_x = 1, .ofs_y = -2},
    {.bitmap_index = 20209, .adv_w = 320, .box_w = 18, .box_h = 19, .ofs_x = 1, .ofs_y = -2},
    {.bitmap_index = 20380, .adv_w = 320, .box_w = 19, .box_h = 19, .ofs_x = 0, .ofs_y = -2},
    {.bitmap_index = 20561, .adv_w = 320, .box_w = 20, .box_h = 19, .ofs_x = 0, .ofs_y = -2},
    {.bitmap_index = 20751, .adv_w = 320, .box_w = 19, .box_h = 20, .ofs_x = 0, .ofs_y = -3},
    {.bitmap_index = 20941, .adv_w = 320, .box_w = 20, .box_h = 19, .ofs_x = 0, .ofs_y = -2},
    {.bitmap_index = 21131, .adv_w = 320, .box_w = 19, .box_h = 19, .ofs_x = 0, .ofs_y = -2},
    {.bitmap_index = 21312, .adv_w = 320, .box_w = 20, .box_h = 19, .ofs_x = 0, .ofs_y = -2},
    {.bitmap_index = 21502, .adv_w = 320, .box_w = 20, .box_h = 20, .ofs_x = 0, .ofs_y = -3},
    {.bitmap_index = 21702, .adv_w = 320, .box_w = 20, .box_h = 19, .ofs_x = 0, .ofs_y = -2},
    {.bitmap_index = 21892, .adv_w = 320, .box_w = 20, .box_h = 19, .ofs_x = 0, .ofs_y = -2},
    {.bitmap_index = 22082, .adv_w = 320, .box_w = 20, .box_h = 20, .ofs_x = 0, .ofs_y = -2},
    {.bitmap_index = 22282, .adv_w = 320, .box_w = 20, .box_h = 20, .ofs_x = 0, .ofs_y = -3},
    {.bitmap_index = 22482, .adv_w = 320, .box_w = 20, .box_h = 20, .ofs_x = 0, .ofs_y = -3},
    {.bitmap_index = 22682, .adv_w = 320, .box_w = 18, .box_h = 21, .ofs_x = 1, .ofs_y = -3},
    {.bitmap_index = 22871, .adv_w = 320, .box_w = 20, .box_h = 20, .ofs_x = 0, .ofs_y = -3},
    {.bitmap_index = 23071, .adv_w = 320, .box_w = 18, .box_h = 20, .ofs_x = 1, .ofs_y = -2},
    {.bitmap_index = 23251, .adv_w = 320, .box_w = 20, .box_h = 21, .ofs_x = 0, .ofs_y = -3},
    {.bitmap_index = 23461, .adv_w = 320, .box_w = 18, .box_h = 21, .ofs_x = 1, .ofs_y = -3},
    {.bitmap_index = 23650, .adv_w = 320, .box_w = 20, .box_h = 19, .ofs_x = 0, .ofs_y = -2},
    {.bitmap_index = 23840, .adv_w = 320, .box_w = 20, .box_h = 20, .ofs_x = 0, .ofs_y = -3},
    {.bitmap_index = 24040, .adv_w = 320, .box_w = 20, .box_h = 20, .ofs_x = 0, .ofs_y = -3},
    {.bitmap_index = 24240, .adv_w = 320, .box_w = 20, .box_h = 19, .ofs_x = 0, .ofs_y = -2},
    {.bitmap_index = 24430, .adv_w = 320, .box_w = 19, .box_h = 18, .ofs_x = 0, .ofs_y = -2},
    {.bitmap_index = 24601, .adv_w = 320, .box_w = 19, .box_h = 18, .ofs_x = 0, .ofs_y = -2},
    {.bitmap_index = 24772, .adv_w = 320, .box_w = 20, .box_h = 19, .ofs_x = 0, .ofs_y = -3},
    {.bitmap_index = 24962, .adv_w = 320, .box_w = 20, .box_h = 19, .ofs_x = 0, .ofs_y = -2},
    {.bitmap_index = 25152, .adv_w = 320, .box_w = 18, .box_h = 18, .ofs_x = 2, .ofs_y = -2},
    {.bitmap_index = 25314, .adv_w = 320, .box_w = 19, .box_h = 18, .ofs_x = 1, .ofs_y = -2},
    {.bitmap_index = 25485, .adv_w = 320, .box_w = 20, .box_h = 19, .ofs_x = 0, .ofs_y = -2},
    {.bitmap_index = 25675, .adv_w = 320, .box_w = 20, .box_h = 18, .ofs_x = 0, .ofs_y = -2},
    {.bitmap_index = 25855, .adv_w = 320, .box_w = 19, .box_h = 20, .ofs_x = 1, .ofs_y = -3},
    {.bitmap_index = 26045, .adv_w = 320, .box_w = 20, .box_h = 20, .ofs_x = 0, .ofs_y = -2},
    {.bitmap_index = 26245, .adv_w = 320, .box_w = 20, .box_h = 19, .ofs_x = 0, .ofs_y = -2},
    {.bitmap_index = 26435, .adv_w = 320, .box_w = 19, .box_h = 19, .ofs_x = 1, .ofs_y = -3},
    {.bitmap_index = 26616, .adv_w = 320, .box_w = 19, .box_h = 20, .ofs_x = 1, .ofs_y = -3},
    {.bitmap_index = 26806, .adv_w = 320, .box_w = 16, .box_h = 19, .ofs_x = 2, .ofs_y = -2},
    {.bitmap_index = 26958, .adv_w = 320, .box_w = 20, .box_h = 21, .ofs_x = 0, .ofs_y = -3},
    {.bitmap_index = 27168, .adv_w = 320, .box_w = 19, .box_h = 20, .ofs_x = 0, .ofs_y = -3},
    {.bitmap_index = 27358, .adv_w = 320, .box_w = 19, .box_h = 19, .ofs_x = 0, .ofs_y = -2},
    {.bitmap_index = 27539, .adv_w = 320, .box_w = 20, .box_h = 20, .ofs_x = 0, .ofs_y = -3},
    {.bitmap_index = 27739, .adv_w = 320, .box_w = 20, .box_h = 18, .ofs_x = 0, .ofs_y = -2},
    {.bitmap_index = 27919, .adv_w = 320, .box_w = 20, .box_h = 20, .ofs_x = 0, .ofs_y = -3},
    {.bitmap_index = 28119, .adv_w = 320, .box_w = 20, .box_h = 19, .ofs_x = 0, .ofs_y = -2},
    {.bitmap_index = 28309, .adv_w = 320, .box_w = 20, .box_h = 19, .ofs_x = 0, .ofs_y = -2},
    {.bitmap_index = 28499, .adv_w = 320, .box_w = 20, .box_h = 19, .ofs_x = 0, .ofs_y = -2},
    {.bitmap_index = 28689, .adv_w = 320, .box_w = 19, .box_h = 21, .ofs_x = 0, .ofs_y = -3},
    {.bitmap_index = 28889, .adv_w = 320, .box_w = 19, .box_h = 20, .ofs_x = 1, .ofs_y = -3},
    {.bitmap_index = 29079, .adv_w = 320, .box_w = 19, .box_h = 20, .ofs_x = 1, .ofs_y = -3},
    {.bitmap_index = 29269, .adv_w = 320, .box_w = 20, .box_h = 20, .ofs_x = 0, .ofs_y = -3},
    {.bitmap_index = 29469, .adv_w = 320, .box_w = 20, .box_h = 20, .ofs_x = 0, .ofs_y = -3},
    {.bitmap_index = 29669, .adv_w = 320, .box_w = 20, .box_h = 20, .ofs_x = 0, .ofs_y = -3},
    {.bitmap_index = 29869, .adv_w = 320, .box_w = 19, .box_h = 19, .ofs_x = 0, .ofs_y = -2},
    {.bitmap_index = 30050, .adv_w = 320, .box_w = 20, .box_h = 19, .ofs_x = 0, .ofs_y = -2},
    {.bitmap_index = 30240, .adv_w = 320, .box_w = 20, .box_h = 20, .ofs_x = 0, .ofs_y = -2},
    {.bitmap_index = 30440, .adv_w = 320, .box_w = 20, .box_h = 19, .ofs_x = 0, .ofs_y = -2},
    {.bitmap_index = 30630, .adv_w = 320, .box_w = 20, .box_h = 20, .ofs_x = 0, .ofs_y = -3},
    {.bitmap_index = 30830, .adv_w = 320, .box_w = 20, .box_h = 20, .ofs_x = 0, .ofs_y = -3},
    {.bitmap_index = 31030, .adv_w = 320, .box_w = 20, .box_h = 19, .ofs_x = 0, .ofs_y = -2},
    {.bitmap_index = 31220, .adv_w = 320, .box_w = 19, .box_h = 20, .ofs_x = 0, .ofs_y = -3},
    {.bitmap_index = 31410, .adv_w = 320, .box_w = 20, .box_h = 20, .ofs_x = 0, .ofs_y = -3},
    {.bitmap_index = 31610, .adv_w = 320, .box_w = 20, .box_h = 20, .ofs_x = 0, .ofs_y = -3},
    {.bitmap_index = 31810, .adv_w = 320, .box_w = 18, .box_h = 20, .ofs_x = 1, .ofs_y = -3},
    {.bitmap_index = 31990, .adv_w = 320, .box_w = 20, .box_h = 20, .ofs_x = 0, .ofs_y = -3},
    {.bitmap_index = 32190, .adv_w = 320, .box_w = 20, .box_h = 20, .ofs_x = 0, .ofs_y = -3},
    {.bitmap_index = 32390, .adv_w = 320, .box_w = 20, .box_h = 20, .ofs_x = 0, .ofs_y = -3},
    {.bitmap_index = 32590, .adv_w = 320, .box_w = 20, .box_h = 20, .ofs_x = 0, .ofs_y = -3},
    {.bitmap_index = 32790, .adv_w = 320, .box_w = 20, .box_h = 19, .ofs_x = 0, .ofs_y = -2},
    {.bitmap_index = 32980, .adv_w = 320, .box_w = 20, .box_h = 20, .ofs_x = 0, .ofs_y = -3},
    {.bitmap_index = 33180, .adv_w = 320, .box_w = 20, .box_h = 20, .ofs_x = 0, .ofs_y = -3},
    {.bitmap_index = 33380, .adv_w = 320, .box_w = 20, .box_h = 19, .ofs_x = 0, .ofs_y = -2},
    {.bitmap_index = 33570, .adv_w = 320, .box_w = 20, .box_h = 20, .ofs_x = 0, .ofs_y = -3},
    {.bitmap_index = 33770, .adv_w = 320, .box_w = 20, .box_h = 19, .ofs_x = 0, .ofs_y = -2},
    {.bitmap_index = 33960, .adv_w = 320, .box_w = 20, .box_h = 20, .ofs_x = 0, .ofs_y = -2},
    {.bitmap_index = 34160, .adv_w = 320, .box_w = 20, .box_h = 19, .ofs_x = 0, .ofs_y = -2},
    {.bitmap_index = 34350, .adv_w = 320, .box_w = 19, .box_h = 20, .ofs_x = 1, .ofs_y = -3},
    {.bitmap_index = 34540, .adv_w = 320, .box_w = 20, .box_h = 20, .ofs_x = 0, .ofs_y = -2},
    {.bitmap_index = 34740, .adv_w = 320, .box_w = 20, .box_h = 21, .ofs_x = 0, .ofs_y = -3},
    {.bitmap_index = 34950, .adv_w = 320, .box_w = 20, .box_h = 20, .ofs_x = 0, .ofs_y = -3},
    {.bitmap_index = 35150, .adv_w = 320, .box_w = 20, .box_h = 19, .ofs_x = 0, .ofs_y = -3},
    {.bitmap_index = 35340, .adv_w = 320, .box_w = 19, .box_h = 20, .ofs_x = 1, .ofs_y = -3},
    {.bitmap_index = 35530, .adv_w = 320, .box_w = 19, .box_h = 21, .ofs_x = 0, .ofs_y = -3},
    {.bitmap_index = 35730, .adv_w = 320, .box_w = 19, .box_h = 20, .ofs_x = 1, .ofs_y = -3},
    {.bitmap_index = 35920, .adv_w = 320, .box_w = 20, .box_h = 19, .ofs_x = 0, .ofs_y = -3},
    {.bitmap_index = 36110, .adv_w = 320, .box_w = 20, .box_h = 19, .ofs_x = 0, .ofs_y = -2},
    {.bitmap_index = 36300, .adv_w = 320, .box_w = 19, .box_h = 19, .ofs_x = 0, .ofs_y = -2},
    {.bitmap_index = 36481, .adv_w = 320, .box_w = 19, .box_h = 20, .ofs_x = 0, .ofs_y = -3},
    {.bitmap_index = 36671, .adv_w = 320, .box_w = 19, .box_h = 20, .ofs_x = 0, .ofs_y = -3},
    {.bitmap_index = 36861, .adv_w = 320, .box_w = 20, .box_h = 19, .ofs_x = 0, .ofs_y = -2},
    {.bitmap_index = 37051, .adv_w = 320, .box_w = 20, .box_h = 19, .ofs_x = 0, .ofs_y = -2},
    {.bitmap_index = 37241, .adv_w = 320, .box_w = 20, .box_h = 19, .ofs_x = 0, .ofs_y = -2},
    {.bitmap_index = 37431, .adv_w = 320, .box_w = 20, .box_h = 19, .ofs_x = 0, .ofs_y = -2},
    {.bitmap_index = 37621, .adv_w = 320, .box_w = 20, .box_h = 20, .ofs_x = 0, .ofs_y = -3},
    {.bitmap_index = 37821, .adv_w = 320, .box_w = 20, .box_h = 20, .ofs_x = 0, .ofs_y = -2},
    {.bitmap_index = 38021, .adv_w = 320, .box_w = 20, .box_h = 20, .ofs_x = 0, .ofs_y = -3},
    {.bitmap_index = 38221, .adv_w = 320, .box_w = 20, .box_h = 20, .ofs_x = 0, .ofs_y = -2},
    {.bitmap_index = 38421, .adv_w = 320, .box_w = 20, .box_h = 20, .ofs_x = 0, .ofs_y = -3},
    {.bitmap_index = 38621, .adv_w = 320, .box_w = 20, .box_h = 21, .ofs_x = 0, .ofs_y = -3},
    {.bitmap_index = 38831, .adv_w = 320, .box_w = 20, .box_h = 20, .ofs_x = 0, .ofs_y = -3},
    {.bitmap_index = 39031, .adv_w = 320, .box_w = 20, .box_h = 20, .ofs_x = 0, .ofs_y = -3},
    {.bitmap_index = 39231, .adv_w = 320, .box_w = 20, .box_h = 19, .ofs_x = 0, .ofs_y = -2},
    {.bitmap_index = 39421, .adv_w = 320, .box_w = 20, .box_h = 20, .ofs_x = 0, .ofs_y = -3},
    {.bitmap_index = 39621, .adv_w = 320, .box_w = 20, .box_h = 20, .ofs_x = 0, .ofs_y = -2},
    {.bitmap_index = 39821, .adv_w = 320, .box_w = 19, .box_h = 18, .ofs_x = 1, .ofs_y = -1},
    {.bitmap_index = 39992, .adv_w = 320, .box_w = 19, .box_h = 19, .ofs_x = 0, .ofs_y = -2},
    {.bitmap_index = 40173, .adv_w = 320, .box_w = 20, .box_h = 19, .ofs_x = 0, .ofs_y = -2},
    {.bitmap_index = 40363, .adv_w = 320, .box_w = 20, .box_h = 19, .ofs_x = 0, .ofs_y = -2},
    {.bitmap_index = 40553, .adv_w = 320, .box_w = 20, .box_h = 20, .ofs_x = 0, .ofs_y = -3},
    {.bitmap_index = 40753, .adv_w = 320, .box_w = 20, .box_h = 19, .ofs_x = 0, .ofs_y = -2},
    {.bitmap_index = 40943, .adv_w = 320, .box_w = 20, .box_h = 19, .ofs_x = 0, .ofs_y = -2},
    {.bitmap_index = 41133, .adv_w = 320, .box_w = 19, .box_h = 20, .ofs_x = 0, .ofs_y = -3},
    {.bitmap_index = 41323, .adv_w = 320, .box_w = 19, .box_h = 19, .ofs_x = 0, .ofs_y = -2},
    {.bitmap_index = 41504, .adv_w = 320, .box_w = 19, .box_h = 19, .ofs_x = 0, .ofs_y = -2},
    {.bitmap_index = 41685, .adv_w = 320, .box_w = 20, .box_h = 19, .ofs_x = 0, .ofs_y = -2},
    {.bitmap_index = 41875, .adv_w = 320, .box_w = 20, .box_h = 20, .ofs_x = 0, .ofs_y = -3},
    {.bitmap_index = 42075, .adv_w = 320, .box_w = 20, .box_h = 20, .ofs_x = 0, .ofs_y = -3},
    {.bitmap_index = 42275, .adv_w = 320, .box_w = 20, .box_h = 19, .ofs_x = 0, .ofs_y = -2},
    {.bitmap_index = 42465, .adv_w = 320, .box_w = 20, .box_h = 20, .ofs_x = 0, .ofs_y = -2},
    {.bitmap_index = 42665, .adv_w = 320, .box_w = 20, .box_h = 19, .ofs_x = 0, .ofs_y = -2},
    {.bitmap_index = 42855, .adv_w = 320, .box_w = 20, .box_h = 20, .ofs_x = 0, .ofs_y = -3},
    {.bitmap_index = 43055, .adv_w = 320, .box_w = 20, .box_h = 19, .ofs_x = 0, .ofs_y = -2},
    {.bitmap_index = 43245, .adv_w = 320, .box_w = 20, .box_h = 20, .ofs_x = 0, .ofs_y = -3},
    {.bitmap_index = 43445, .adv_w = 320, .box_w = 19, .box_h = 20, .ofs_x = 0, .ofs_y = -3},
    {.bitmap_index = 43635, .adv_w = 320, .box_w = 20, .box_h = 20, .ofs_x = 0, .ofs_y = -3},
    {.bitmap_index = 43835, .adv_w = 320, .box_w = 20, .box_h = 20, .ofs_x = 0, .ofs_y = -3},
    {.bitmap_index = 44035, .adv_w = 320, .box_w = 20, .box_h = 19, .ofs_x = 0, .ofs_y = -3},
    {.bitmap_index = 44225, .adv_w = 320, .box_w = 20, .box_h = 20, .ofs_x = 0, .ofs_y = -3},
    {.bitmap_index = 44425, .adv_w = 320, .box_w = 20, .box_h = 20, .ofs_x = 0, .ofs_y = -2},
    {.bitmap_index = 44625, .adv_w = 320, .box_w = 20, .box_h = 17, .ofs_x = 0, .ofs_y = -1},
    {.bitmap_index = 44795, .adv_w = 320, .box_w = 20, .box_h = 18, .ofs_x = 0, .ofs_y = -1},
    {.bitmap_index = 44975, .adv_w = 320, .box_w = 18, .box_h = 19, .ofs_x = 0, .ofs_y = -3},
    {.bitmap_index = 45146, .adv_w = 320, .box_w = 17, .box_h = 19, .ofs_x = 2, .ofs_y = -2},
    {.bitmap_index = 45308, .adv_w = 320, .box_w = 20, .box_h = 20, .ofs_x = 0, .ofs_y = -3},
    {.bitmap_index = 45508, .adv_w = 320, .box_w = 18, .box_h = 20, .ofs_x = 1, .ofs_y = -3},
    {.bitmap_index = 45688, .adv_w = 320, .box_w = 18, .box_h = 20, .ofs_x = 1, .ofs_y = -3},
    {.bitmap_index = 45868, .adv_w = 320, .box_w = 20, .box_h = 18, .ofs_x = 0, .ofs_y = -1},
    {.bitmap_index = 46048, .adv_w = 320, .box_w = 20, .box_h = 20, .ofs_x = 0, .ofs_y = -2},
    {.bitmap_index = 46248, .adv_w = 320, .box_w = 14, .box_h = 18, .ofs_x = 3, .ofs_y = -2},
    {.bitmap_index = 46374, .adv_w = 320, .box_w = 19, .box_h = 20, .ofs_x = 0, .ofs_y = -3},
    {.bitmap_index = 46564, .adv_w = 320, .box_w = 19, .box_h = 19, .ofs_x = 0, .ofs_y = -2},
    {.bitmap_index = 46745, .adv_w = 320, .box_w = 20, .box_h = 19, .ofs_x = 0, .ofs_y = -2},
    {.bitmap_index = 46935, .adv_w = 320, .box_w = 19, .box_h = 20, .ofs_x = 0, .ofs_y = -3},
    {.bitmap_index = 47125, .adv_w = 320, .box_w = 20, .box_h = 19, .ofs_x = 0, .ofs_y = -2},
    {.bitmap_index = 47315, .adv_w = 320, .box_w = 20, .box_h = 19, .ofs_x = 0, .ofs_y = -2},
    {.bitmap_index = 47505, .adv_w = 320, .box_w = 19, .box_h = 19, .ofs_x = 0, .ofs_y = -3},
    {.bitmap_index = 47686, .adv_w = 320, .box_w = 20, .box_h = 19, .ofs_x = 0, .ofs_y = -2},
    {.bitmap_index = 47876, .adv_w = 320, .box_w = 20, .box_h = 20, .ofs_x = 0, .ofs_y = -3},
    {.bitmap_index = 48076, .adv_w = 320, .box_w = 20, .box_h = 19, .ofs_x = 0, .ofs_y = -2},
    {.bitmap_index = 48266, .adv_w = 320, .box_w = 20, .box_h = 19, .ofs_x = 0, .ofs_y = -2},
    {.bitmap_index = 48456, .adv_w = 320, .box_w = 18, .box_h = 19, .ofs_x = 1, .ofs_y = -1},
    {.bitmap_index = 48627, .adv_w = 320, .box_w = 19, .box_h = 21, .ofs_x = 0, .ofs_y = -3},
    {.bitmap_index = 48827, .adv_w = 320, .box_w = 19, .box_h = 18, .ofs_x = 1, .ofs_y = -1},
    {.bitmap_index = 48998, .adv_w = 320, .box_w = 20, .box_h = 19, .ofs_x = 0, .ofs_y = -2},
    {.bitmap_index = 49188, .adv_w = 320, .box_w = 20, .box_h = 21, .ofs_x = 0, .ofs_y = -3},
    {.bitmap_index = 49398, .adv_w = 320, .box_w = 20, .box_h = 20, .ofs_x = 0, .ofs_y = -3},
    {.bitmap_index = 49598, .adv_w = 320, .box_w = 19, .box_h = 19, .ofs_x = 1, .ofs_y = -2},
    {.bitmap_index = 49779, .adv_w = 320, .box_w = 20, .box_h = 19, .ofs_x = 0, .ofs_y = -2},
    {.bitmap_index = 49969, .adv_w = 320, .box_w = 20, .box_h = 20, .ofs_x = 0, .ofs_y = -2},
    {.bitmap_index = 50169, .adv_w = 320, .box_w = 19, .box_h = 20, .ofs_x = 0, .ofs_y = -3},
    {.bitmap_index = 50359, .adv_w = 320, .box_w = 20, .box_h = 19, .ofs_x = 0, .ofs_y = -2},
    {.bitmap_index = 50549, .adv_w = 320, .box_w = 20, .box_h = 20, .ofs_x = 0, .ofs_y = -3},
    {.bitmap_index = 50749, .adv_w = 320, .box_w = 20, .box_h = 18, .ofs_x = 0, .ofs_y = -1},
    {.bitmap_index = 50929, .adv_w = 320, .box_w = 20, .box_h = 19, .ofs_x = 0, .ofs_y = -2},
    {.bitmap_index = 51119, .adv_w = 320, .box_w = 20, .box_h = 19, .ofs_x = 0, .ofs_y = -2},
    {.bitmap_index = 51309, .adv_w = 320, .box_w = 20, .box_h = 21, .ofs_x = 0, .ofs_y = -3},
    {.bitmap_index = 51519, .adv_w = 320, .box_w = 18, .box_h = 19, .ofs_x = 1, .ofs_y = -2},
    {.bitmap_index = 51690, .adv_w = 320, .box_w = 20, .box_h = 19, .ofs_x = 0, .ofs_y = -2},
    {.bitmap_index = 51880, .adv_w = 320, .box_w = 19, .box_h = 19, .ofs_x = 0, .ofs_y = -2},
    {.bitmap_index = 52061, .adv_w = 320, .box_w = 15, .box_h = 20, .ofs_x = 3, .ofs_y = -3},
    {.bitmap_index = 52211, .adv_w = 320, .box_w = 20, .box_h = 19, .ofs_x = 0, .ofs_y = -2},
    {.bitmap_index = 52401, .adv_w = 320, .box_w = 19, .box_h = 19, .ofs_x = 1, .ofs_y = -2},
    {.bitmap_index = 52582, .adv_w = 320, .box_w = 20, .box_h = 19, .ofs_x = 0, .ofs_y = -2},
    {.bitmap_index = 52772, .adv_w = 320, .box_w = 20, .box_h = 20, .ofs_x = 0, .ofs_y = -2},
    {.bitmap_index = 52972, .adv_w = 320, .box_w = 20, .box_h = 20, .ofs_x = 0, .ofs_y = -3},
    {.bitmap_index = 53172, .adv_w = 320, .box_w = 20, .box_h = 19, .ofs_x = 0, .ofs_y = -2},
    {.bitmap_index = 53362, .adv_w = 320, .box_w = 19, .box_h = 18, .ofs_x = 1, .ofs_y = -2},
    {.bitmap_index = 53533, .adv_w = 320, .box_w = 20, .box_h = 20, .ofs_x = 0, .ofs_y = -3},
    {.bitmap_index = 53733, .adv_w = 320, .box_w = 20, .box_h = 19, .ofs_x = 0, .ofs_y = -2},
    {.bitmap_index = 53923, .adv_w = 320, .box_w = 20, .box_h = 19, .ofs_x = 0, .ofs_y = -2},
    {.bitmap_index = 54113, .adv_w = 320, .box_w = 20, .box_h = 19, .ofs_x = 0, .ofs_y = -2},
    {.bitmap_index = 54303, .adv_w = 320, .box_w = 20, .box_h = 19, .ofs_x = 0, .ofs_y = -2},
    {.bitmap_index = 54493, .adv_w = 320, .box_w = 19, .box_h = 19, .ofs_x = 1, .ofs_y = -2},
    {.bitmap_index = 54674, .adv_w = 320, .box_w = 19, .box_h = 19, .ofs_x = 1, .ofs_y = -2},
    {.bitmap_index = 54855, .adv_w = 320, .box_w = 19, .box_h = 19, .ofs_x = 0, .ofs_y = -2},
    {.bitmap_index = 55036, .adv_w = 320, .box_w = 20, .box_h = 19, .ofs_x = 0, .ofs_y = -2},
    {.bitmap_index = 55226, .adv_w = 320, .box_w = 20, .box_h = 19, .ofs_x = 0, .ofs_y = -2},
    {.bitmap_index = 55416, .adv_w = 320, .box_w = 19, .box_h = 20, .ofs_x = 0, .ofs_y = -3},
    {.bitmap_index = 55606, .adv_w = 320, .box_w = 20, .box_h = 19, .ofs_x = 0, .ofs_y = -2},
    {.bitmap_index = 55796, .adv_w = 320, .box_w = 20, .box_h = 20, .ofs_x = 0, .ofs_y = -2},
    {.bitmap_index = 55996, .adv_w = 320, .box_w = 20, .box_h = 20, .ofs_x = 0, .ofs_y = -3},
    {.bitmap_index = 56196, .adv_w = 320, .box_w = 20, .box_h = 19, .ofs_x = 0, .ofs_y = -2},
    {.bitmap_index = 56386, .adv_w = 320, .box_w = 20, .box_h = 20, .ofs_x = 0, .ofs_y = -3},
    {.bitmap_index = 56586, .adv_w = 320, .box_w = 20, .box_h = 19, .ofs_x = 0, .ofs_y = -2},
    {.bitmap_index = 56776, .adv_w = 320, .box_w = 20, .box_h = 20, .ofs_x = 0, .ofs_y = -3},
    {.bitmap_index = 56976, .adv_w = 320, .box_w = 20, .box_h = 20, .ofs_x = 0, .ofs_y = -3},
    {.bitmap_index = 57176, .adv_w = 320, .box_w = 20, .box_h = 20, .ofs_x = 0, .ofs_y = -3},
    {.bitmap_index = 57376, .adv_w = 320, .box_w = 20, .box_h = 20, .ofs_x = 0, .ofs_y = -3},
    {.bitmap_index = 57576, .adv_w = 320, .box_w = 20, .box_h = 19, .ofs_x = 0, .ofs_y = -2},
    {.bitmap_index = 57766, .adv_w = 320, .box_w = 20, .box_h = 19, .ofs_x = 0, .ofs_y = -2},
    {.bitmap_index = 57956, .adv_w = 320, .box_w = 20, .box_h = 20, .ofs_x = 0, .ofs_y = -3},
    {.bitmap_index = 58156, .adv_w = 320, .box_w = 20, .box_h = 20, .ofs_x = 0, .ofs_y = -3},
    {.bitmap_index = 58356, .adv_w = 320, .box_w = 20, .box_h = 20, .ofs_x = 0, .ofs_y = -3},
    {.bitmap_index = 58556, .adv_w = 320, .box_w = 20, .box_h = 20, .ofs_x = 0, .ofs_y = -3},
    {.bitmap_index = 58756, .adv_w = 320, .box_w = 20, .box_h = 20, .ofs_x = 0, .ofs_y = -3},
    {.bitmap_index = 58956, .adv_w = 320, .box_w = 20, .box_h = 20, .ofs_x = 0, .ofs_y = -3},
    {.bitmap_index = 59156, .adv_w = 320, .box_w = 20, .box_h = 20, .ofs_x = 0, .ofs_y = -2},
    {.bitmap_index = 59356, .adv_w = 320, .box_w = 20, .box_h = 20, .ofs_x = 0, .ofs_y = -2},
    {.bitmap_index = 59556, .adv_w = 320, .box_w = 20, .box_h = 20, .ofs_x = 0, .ofs_y = -3},
    {.bitmap_index = 59756, .adv_w = 320, .box_w = 19, .box_h = 20, .ofs_x = 1, .ofs_y = -3},
    {.bitmap_index = 59946, .adv_w = 320, .box_w = 20, .box_h = 18, .ofs_x = 0, .ofs_y = -1},
    {.bitmap_index = 60126, .adv_w = 320, .box_w = 20, .box_h = 19, .ofs_x = 0, .ofs_y = -2},
    {.bitmap_index = 60316, .adv_w = 320, .box_w = 20, .box_h = 21, .ofs_x = 0, .ofs_y = -3},
    {.bitmap_index = 60526, .adv_w = 320, .box_w = 18, .box_h = 20, .ofs_x = 1, .ofs_y = -3},
    {.bitmap_index = 60706, .adv_w = 320, .box_w = 19, .box_h = 19, .ofs_x = 1, .ofs_y = -2},
    {.bitmap_index = 60887, .adv_w = 320, .box_w = 19, .box_h = 21, .ofs_x = 1, .ofs_y = -3},
    {.bitmap_index = 61087, .adv_w = 320, .box_w = 19, .box_h = 20, .ofs_x = 1, .ofs_y = -3},
    {.bitmap_index = 61277, .adv_w = 320, .box_w = 19, .box_h = 20, .ofs_x = 1, .ofs_y = -2},
    {.bitmap_index = 61467, .adv_w = 320, .box_w = 18, .box_h = 20, .ofs_x = 1, .ofs_y = -3},
    {.bitmap_index = 61647, .adv_w = 320, .box_w = 20, .box_h = 19, .ofs_x = 0, .ofs_y = -2},
    {.bitmap_index = 61837, .adv_w = 320, .box_w = 18, .box_h = 18, .ofs_x = 1, .ofs_y = -2},
    {.bitmap_index = 61999, .adv_w = 320, .box_w = 20, .box_h = 20, .ofs_x = 0, .ofs_y = -2},
    {.bitmap_index = 62199, .adv_w = 320, .box_w = 19, .box_h = 19, .ofs_x = 1, .ofs_y = -2},
    {.bitmap_index = 62380, .adv_w = 320, .box_w = 18, .box_h = 20, .ofs_x = 1, .ofs_y = -3},
    {.bitmap_index = 62560, .adv_w = 320, .box_w = 20, .box_h = 21, .ofs_x = 0, .ofs_y = -3},
    {.bitmap_index = 62770, .adv_w = 320, .box_w = 4, .box_h = 16, .ofs_x = 3, .ofs_y = -1},
    {.bitmap_index = 62802, .adv_w = 320, .box_w = 6, .box_h = 8, .ofs_x = 2, .ofs_y = -3},
    {.bitmap_index = 62826, .adv_w = 320, .box_w = 10, .box_h = 17, .ofs_x = 0, .ofs_y = -1}
};

/*---------------------
 *  CHARACTER MAPPING
 *--------------------*/

static const uint16_t unicode_list_1[] = {
    0x0, 0x1dfe, 0x1e07, 0x1e08, 0x1e09, 0x1e0b, 0x1e28, 0x1e2b,
    0x1e4e, 0x1e84, 0x1e8a, 0x1e92, 0x1e99, 0x1eac, 0x1ec9, 0x1ecb,
    0x1ecc, 0x1ee3, 0x1f18, 0x1f1e, 0x1f44, 0x1f4b, 0x1f4c, 0x1f4d,
    0x1f51, 0x1f57, 0x1f5e, 0x1f99, 0x1fa5, 0x1fdb, 0x2017, 0x203c,
    0x205a, 0x2143, 0x2146, 0x2163, 0x2166, 0x2169, 0x2171, 0x2176,
    0x218b, 0x21c4, 0x21f8, 0x21f9, 0x2204, 0x2205, 0x2222, 0x222e,
    0x224b, 0x2299, 0x229d, 0x229e, 0x22a6, 0x233f, 0x235f, 0x2371,
    0x2383, 0x23c8, 0x23cb, 0x23cf, 0x23d4, 0x23d6, 0x23de, 0x23ed,
    0x23f1, 0x2401, 0x2406, 0x240a, 0x240c, 0x240f, 0x2425, 0x247b,
    0x248a, 0x2666, 0x26d9, 0x26dc, 0x26eb, 0x2706, 0x2726, 0x272e,
    0x2745, 0x2755, 0x2804, 0x2869, 0x2905, 0x290b, 0x2925, 0x292f,
    0x297b, 0x29c9, 0x2b55, 0x2b56, 0x2b87, 0x2b8a, 0x2ba9, 0x2bf7,
    0x2c04, 0x2c0d, 0x2c0f, 0x2c3e, 0x2c40, 0x2c4d, 0x2de4, 0x2def,
    0x2df0, 0x2e53, 0x2e71, 0x2e74, 0x2e92, 0x2ea4, 0x2efe, 0x2f1e,
    0x2f51, 0x2f83, 0x2f95, 0x2fc4, 0x2fe9, 0x301b, 0x3060, 0x30c3,
    0x311d, 0x320d, 0x320e, 0x3214, 0x3216, 0x323e, 0x3249, 0x3251,
    0x3269, 0x327c, 0x32a0, 0x32d4, 0x32ff, 0x3307, 0x330f, 0x331f,
    0x3360, 0x336c, 0x338a, 0x33a3, 0x33a6, 0x33ce, 0x33d0, 0x349c,
    0x34a2, 0x353c, 0x3546, 0x356a, 0x356e, 0x3572, 0x359a, 0x35ab,
    0x35ae, 0x35b7, 0x35d5, 0x35de, 0x35f4, 0x3678, 0x3680, 0x36f2,
    0x36fe, 0x3707, 0x371b, 0x371d, 0x3728, 0x372a, 0x3738, 0x375d,
    0x375f, 0x3763, 0x377d, 0x37e3, 0x3805, 0x381f, 0x3837, 0x383a,
    0x3861, 0x38c9, 0x3b1f, 0x3b60, 0x3b63, 0x3c5e, 0x3c9f, 0x3cbd,
    0x3cd3, 0x3cdf, 0x3d49, 0x3d86, 0x3e03, 0x3e27, 0x3e36, 0x3ecf,
    0x3ed8, 0x3edf, 0x406b, 0x406d, 0x40b7, 0x4182, 0x4245, 0x424a,
    0x4267, 0x43a7, 0x43ae, 0x4401, 0x4404, 0x451d, 0x4526, 0x4533,
    0x454a, 0x4557, 0x4682, 0x46c8, 0x46d6, 0x46ec, 0x46f6, 0x4709,
    0x4814, 0x486c, 0x488b, 0x488c, 0x4938, 0x49d0, 0x49f9, 0x4a0b,
    0x4a31, 0x4a78, 0x4a7d, 0x4ac9, 0x4b2a, 0x4b47, 0x4cbc, 0x4ebd,
    0x4ec2, 0x4ec6, 0x4ecb, 0x4ecd, 0x4ed1, 0x4ee5, 0x4eeb, 0x4efd,
    0x4f16, 0x4f6c, 0x4f8c, 0x4ff9, 0x51e8, 0x5270, 0x5280, 0x543b,
    0x56c5, 0x5855, 0x58a9, 0x597f, 0x59e1, 0x5b9f, 0x5ba2, 0x5ba7,
    0x5bae, 0x5bbf, 0x5bd3, 0x5be4, 0x5bf5, 0x5bf9, 0x5c01, 0x5d23,
    0x5d28, 0x5d88, 0x5dcf, 0x5ded, 0x5e27, 0x5ea9, 0x5f6a, 0x5f8f,
    0x5fb7, 0x5fbc, 0x5fc5, 0x5fd2, 0x5fd9, 0x5ff5, 0x6018, 0x601d,
    0x6039, 0x60b9, 0x60e6, 0x60fb, 0x614b, 0x61cb, 0x61cd, 0x64fe,
    0x65ed, 0x664b, 0x6662, 0x668d, 0x669a, 0x66f5, 0x6757, 0x6873,
    0x68dd, 0x6994, 0x6ad6, 0x6f4e, 0xceff, 0xcf0a, 0xcf1d
};

/*Collect the unicode lists and glyph_id offsets*/
static const lv_font_fmt_txt_cmap_t cmaps[] =
{
    {
        .range_start = 32, .range_length = 95, .glyph_id_start = 1,
        .unicode_list = NULL, .glyph_id_ofs_list = NULL, .list_length = 0, .type = LV_FONT_FMT_TXT_CMAP_FORMAT0_TINY
    },
    {
        .range_start = 12290, .range_length = 53022, .glyph_id_start = 96,
        .unicode_list = unicode_list_1, .glyph_id_ofs_list = NULL, .list_length = 303, .type = LV_FONT_FMT_TXT_CMAP_SPARSE_TINY
    }
};



/*--------------------
 *  ALL CUSTOM DATA
 *--------------------*/

#if LVGL_VERSION_MAJOR == 8
/*Store all the custom data of the font*/
static  lv_font_fmt_txt_glyph_cache_t cache;
#endif

#if LVGL_VERSION_MAJOR >= 8
static const lv_font_fmt_txt_dsc_t font_dsc = {
#else
static lv_font_fmt_txt_dsc_t font_dsc = {
#endif
    .glyph_bitmap = glyph_bitmap,
    .glyph_dsc = glyph_dsc,
    .cmaps = cmaps,
    .kern_dsc = NULL,
    .kern_scale = 0,
    .cmap_num = 2,
    .bpp = 4,
    .kern_classes = 0,
    .bitmap_format = 0,
#if LVGL_VERSION_MAJOR == 8
    .cache = &cache
#endif
};



/*-----------------
 *  PUBLIC FONT
 *----------------*/

/*Initialize a public general font descriptor*/
#if LVGL_VERSION_MAJOR >= 8
const lv_font_t lobby_zh_20 = {
#else
lv_font_t lobby_zh_20 = {
#endif
    .get_glyph_dsc = lv_font_get_glyph_dsc_fmt_txt,    /*Function pointer to get glyph's data*/
    .get_glyph_bitmap = lv_font_get_bitmap_fmt_txt,    /*Function pointer to get glyph's bitmap*/
    .line_height = 23,          /*The maximum line height required by the font*/
    .base_line = 5,             /*Baseline measured from the bottom of the line*/
#if !(LVGL_VERSION_MAJOR == 6 && LVGL_VERSION_MINOR == 0)
    .subpx = LV_FONT_SUBPX_NONE,
#endif
#if LV_VERSION_CHECK(7, 4, 0) || LVGL_VERSION_MAJOR >= 8
    .underline_position = -2,
    .underline_thickness = 1,
#endif
    .dsc = &font_dsc,          /*The custom font data. Will be accessed by `get_glyph_bitmap/dsc` */
#if LV_VERSION_CHECK(8, 2, 0) || LVGL_VERSION_MAJOR >= 9
    .fallback = NULL,
#endif
    .user_data = NULL,
};



#endif /*#if LOBBY_ZH_20*/

