/*******************************************************************************
 * Size: 28 px
 * Bpp: 4
 * Source: Noto Sans SC (OFL); see tools/generate_fonts.py
 ******************************************************************************/

#ifdef LV_LVGL_H_INCLUDE_SIMPLE
#include "lvgl.h"
#else
#include "lvgl.h"
#endif

#ifndef LOBBY_ZH_28
#define LOBBY_ZH_28 1
#endif

#if LOBBY_ZH_28

/*-----------------
 *    BITMAPS
 *----------------*/

/*Store the image of the glyphs*/
static LV_ATTRIBUTE_LARGE_CONST const uint8_t glyph_bitmap[] = {
    /* U+0020 " " */

    /* U+0021 "!" */
    0xd, 0xff, 0x60, 0xcf, 0xf6, 0xc, 0xff, 0x60,
    0xbf, 0xf5, 0xa, 0xff, 0x50, 0xaf, 0xf4, 0x9,
    0xff, 0x30, 0x9f, 0xf2, 0x8, 0xff, 0x20, 0x7f,
    0xf1, 0x7, 0xff, 0x0, 0x6f, 0xf0, 0x5, 0xff,
    0x0, 0x5f, 0xe0, 0x3, 0xba, 0x0, 0x0, 0x0,
    0x2, 0x97, 0x1, 0xff, 0xfa, 0x5f, 0xff, 0xf3,
    0xff, 0xfd, 0x8, 0xfd, 0x30,

    /* U+0022 "\"" */
    0x8f, 0xfd, 0x0, 0x5f, 0xff, 0x7f, 0xfc, 0x0,
    0x5f, 0xff, 0x7f, 0xfc, 0x0, 0x4f, 0xfe, 0x6f,
    0xfb, 0x0, 0x3f, 0xfe, 0x4f, 0xf9, 0x0, 0x2f,
    0xfc, 0x2f, 0xf8, 0x0, 0xf, 0xfa, 0x1f, 0xf6,
    0x0, 0xe, 0xf8, 0xf, 0xf4, 0x0, 0xc, 0xf6,
    0xd, 0xf2, 0x0, 0xa, 0xf4,

    /* U+0023 "#" */
    0x0, 0x0, 0xbf, 0x40, 0x0, 0xdf, 0x20, 0x0,
    0x0, 0xd, 0xf2, 0x0, 0xf, 0xf0, 0x0, 0x0,
    0x0, 0xff, 0x0, 0x1, 0xfe, 0x0, 0x0, 0x0,
    0x1f, 0xe0, 0x0, 0x3f, 0xc0, 0x0, 0x0, 0x3,
    0xfc, 0x0, 0x5, 0xfa, 0x0, 0x0, 0x0, 0x5f,
    0xa0, 0x0, 0x7f, 0x90, 0x0, 0x4f, 0xff, 0xff,
    0xff, 0xff, 0xff, 0xff, 0x4, 0xff, 0xff, 0xff,
    0xff, 0xff, 0xff, 0xf0, 0x3, 0x3c, 0xf7, 0x33,
    0x3d, 0xf6, 0x33, 0x0, 0x0, 0xcf, 0x20, 0x0,
    0xef, 0x10, 0x0, 0x0, 0xe, 0xf1, 0x0, 0xf,
    0xf0, 0x0, 0x0, 0x0, 0xff, 0x0, 0x2, 0xfd,
    0x0, 0x0, 0x22, 0x4f, 0xd2, 0x22, 0x6f, 0xc2,
    0x21, 0xe, 0xff, 0xff, 0xff, 0xff, 0xff, 0xff,
    0x60, 0xef, 0xff, 0xff, 0xff, 0xff, 0xff, 0xf6,
    0x0, 0x8, 0xf8, 0x0, 0xa, 0xf6, 0x0, 0x0,
    0x0, 0xaf, 0x60, 0x0, 0xcf, 0x40, 0x0, 0x0,
    0xc, 0xf4, 0x0, 0xe, 0xf2, 0x0, 0x0, 0x0,
    0xef, 0x10, 0x0, 0xff, 0x0, 0x0, 0x0, 0xf,
    0xf0, 0x0, 0x2f, 0xe0, 0x0, 0x0, 0x2, 0xfd,
    0x0, 0x4, 0xfc, 0x0, 0x0, 0x0,

    /* U+0024 "$" */
    0x0, 0x0, 0x1, 0xff, 0x30, 0x0, 0x0, 0x0,
    0x0, 0x1, 0xff, 0x30, 0x0, 0x0, 0x0, 0x0,
    0x1, 0xff, 0x30, 0x0, 0x0, 0x0, 0x0, 0x7d,
    0xff, 0xea, 0x30, 0x0, 0x0, 0x2d, 0xff, 0xff,
    0xff, 0xf9, 0x0, 0x0, 0xdf, 0xff, 0xcb, 0xdf,
    0xff, 0x70, 0x5, 0xff, 0xf3, 0x0, 0x3, 0xdc,
    0x0, 0x9, 0xff, 0x80, 0x0, 0x0, 0x11, 0x0,
    0xb, 0xff, 0x60, 0x0, 0x0, 0x0, 0x0, 0xa,
    0xff, 0xa0, 0x0, 0x0, 0x0, 0x0, 0x5, 0xff,
    0xf7, 0x0, 0x0, 0x0, 0x0, 0x0, 0xcf, 0xff,
    0xc3, 0x0, 0x0, 0x0, 0x0, 0x1b, 0xff, 0xff,
    0xb3, 0x0, 0x0, 0x0, 0x0, 0x6e, 0xff, 0xff,
    0x90, 0x0, 0x0, 0x0, 0x0, 0x7f, 0xff, 0xfb,
    0x0, 0x0, 0x0, 0x0, 0x1, 0xbf, 0xff, 0x70,
    0x0, 0x0, 0x0, 0x0, 0xb, 0xff, 0xd0, 0x0,
    0x0, 0x0, 0x0, 0x2, 0xff, 0xf0, 0x0, 0x0,
    0x0, 0x0, 0x1, 0xff, 0xf0, 0x3, 0x40, 0x0,
    0x0, 0x3, 0xff, 0xe0, 0xd, 0xfa, 0x20, 0x0,
    0x1c, 0xff, 0x90, 0x4f, 0xff, 0xfd, 0xbc, 0xff,
    0xff, 0x20, 0x4, 0xdf, 0xff, 0xff, 0xff, 0xe4,
    0x0, 0x0, 0x5, 0xae, 0xff, 0xd8, 0x10, 0x0,
    0x0, 0x0, 0x1, 0xff, 0x30, 0x0, 0x0, 0x0,
    0x0, 0x1, 0xff, 0x30, 0x0, 0x0, 0x0, 0x0,
    0x1, 0xff, 0x30, 0x0, 0x0,

    /* U+0025 "%" */
    0x0, 0x5c, 0xff, 0xb2, 0x0, 0x0, 0x0, 0x0,
    0x8f, 0x80, 0x0, 0x0, 0x0, 0x7f, 0xff, 0xff,
    0xf3, 0x0, 0x0, 0x0, 0x1f, 0xe1, 0x0, 0x0,
    0x0, 0x2f, 0xf8, 0x1, 0xcf, 0xd0, 0x0, 0x0,
    0x9, 0xf7, 0x0, 0x0, 0x0, 0x9, 0xfd, 0x0,
    0x2, 0xff, 0x40, 0x0, 0x2, 0xfe, 0x0, 0x0,
    0x0, 0x0, 0xdf, 0x80, 0x0, 0xe, 0xf8, 0x0,
    0x0, 0xaf, 0x60, 0x0, 0x0, 0x0, 0xf, 0xf6,
    0x0, 0x0, 0xcf, 0xa0, 0x0, 0x3f, 0xd0, 0x0,
    0x0, 0x0, 0x0, 0xff, 0x50, 0x0, 0xb, 0xfa,
    0x0, 0xb, 0xf4, 0x0, 0x0, 0x0, 0x0, 0xe,
    0xf6, 0x0, 0x0, 0xcf, 0x90, 0x4, 0xfc, 0x0,
    0x0, 0x0, 0x0, 0x0, 0xcf, 0x80, 0x0, 0xe,
    0xf7, 0x0, 0xcf, 0x30, 0x8, 0xef, 0xd8, 0x0,
    0x8, 0xfd, 0x0, 0x3, 0xff, 0x30, 0x5f, 0xb0,
    0xc, 0xff, 0xff, 0xfc, 0x0, 0x1f, 0xf9, 0x2,
    0xdf, 0xc0, 0xd, 0xf2, 0x8, 0xff, 0x30, 0x4f,
    0xf7, 0x0, 0x6f, 0xff, 0xff, 0xe2, 0x6, 0xf9,
    0x0, 0xef, 0x70, 0x0, 0x8f, 0xd0, 0x0, 0x4b,
    0xed, 0x91, 0x0, 0xef, 0x10, 0x2f, 0xf2, 0x0,
    0x3, 0xff, 0x10, 0x0, 0x0, 0x0, 0x0, 0x8f,
    0x80, 0x4, 0xff, 0x0, 0x0, 0x1f, 0xf3, 0x0,
    0x0, 0x0, 0x0, 0x1f, 0xf1, 0x0, 0x5f, 0xf0,
    0x0, 0x0, 0xff, 0x40, 0x0, 0x0, 0x0, 0x9,
    0xf7, 0x0, 0x4, 0xff, 0x0, 0x0, 0x1f, 0xf3,
    0x0, 0x0, 0x0, 0x2, 0xfe, 0x0, 0x0, 0x2f,
    0xf2, 0x0, 0x3, 0xff, 0x10, 0x0, 0x0, 0x0,
    0xaf, 0x60, 0x0, 0x0, 0xef, 0x70, 0x0, 0x8f,
    0xd0, 0x0, 0x0, 0x0, 0x3f, 0xd0, 0x0, 0x0,
    0x7, 0xff, 0x40, 0x4f, 0xf6, 0x0, 0x0, 0x0,
    0xb, 0xf5, 0x0, 0x0, 0x0, 0xc, 0xff, 0xff,
    0xfb, 0x0, 0x0, 0x0, 0x4, 0xfc, 0x0, 0x0,
    0x0, 0x0, 0x8, 0xef, 0xd8, 0x0, 0x0,

    /* U+0026 "&" */
    0x0, 0x0, 0x1, 0x9e, 0xfe, 0xa2, 0x0, 0x0,
    0x0, 0x0, 0x0, 0x0, 0x2e, 0xff, 0xff, 0xff,
    0x20, 0x0, 0x0, 0x0, 0x0, 0x0, 0xcf, 0xf9,
    0x47, 0xff, 0xa0, 0x0, 0x0, 0x0, 0x0, 0x3,
    0xff, 0xa0, 0x0, 0xbf, 0xe0, 0x0, 0x0, 0x0,
    0x0, 0x6, 0xff, 0x50, 0x0, 0x9f, 0xf0, 0x0,
    0x0, 0x0, 0x0, 0x6, 0xff, 0x50, 0x0, 0xdf,
    0xc0, 0x0, 0x0, 0x0, 0x0, 0x3, 0xff, 0x80,
    0x9, 0xff, 0x50, 0x0, 0x0, 0x0, 0x0, 0x0,
    0xff, 0xd2, 0xbf, 0xf8, 0x0, 0x0, 0x0, 0x0,
    0x0, 0x0, 0x9f, 0xff, 0xff, 0x80, 0x0, 0x0,
    0x0, 0x0, 0x0, 0x0, 0x4f, 0xff, 0xe4, 0x0,
    0x0, 0x0, 0x77, 0x70, 0x0, 0x6, 0xff, 0xff,
    0xb0, 0x0, 0x0, 0x3, 0xff, 0xb0, 0x0, 0x7f,
    0xff, 0xef, 0xf7, 0x0, 0x0, 0x9, 0xff, 0x50,
    0x4, 0xff, 0xf4, 0x2f, 0xff, 0x60, 0x0, 0x1f,
    0xfe, 0x0, 0xb, 0xff, 0x80, 0x5, 0xff, 0xf6,
    0x0, 0x9f, 0xf7, 0x0, 0xf, 0xff, 0x20, 0x0,
    0x6f, 0xff, 0x84, 0xff, 0xe0, 0x0, 0xf, 0xff,
    0x10, 0x0, 0x7, 0xff, 0xff, 0xff, 0x40, 0x0,
    0xe, 0xff, 0x60, 0x0, 0x0, 0x6f, 0xff, 0xfb,
    0x0, 0x0, 0x9, 0xff, 0xe3, 0x0, 0x0, 0x6f,
    0xff, 0xff, 0xb3, 0x0, 0x1, 0xff, 0xff, 0xc9,
    0xae, 0xff, 0xfe, 0xff, 0xff, 0xd1, 0x0, 0x3e,
    0xff, 0xff, 0xff, 0xff, 0x70, 0x5d, 0xff, 0xe0,
    0x0, 0x0, 0x7c, 0xff, 0xec, 0x71, 0x0, 0x0,
    0x5b, 0x90,

    /* U+0027 "'" */
    0x8f, 0xfd, 0x7f, 0xfc, 0x7f, 0xfc, 0x6f, 0xfb,
    0x4f, 0xf9, 0x2f, 0xf8, 0x1f, 0xf6, 0xf, 0xf4,
    0xd, 0xf2,

    /* U+0028 "(" */
    0x0, 0x0, 0x20, 0x0, 0x0, 0xd, 0xf5, 0x0,
    0x6, 0xff, 0x20, 0x0, 0xef, 0xa0, 0x0, 0x5f,
    0xf2, 0x0, 0xc, 0xfc, 0x0, 0x1, 0xff, 0x70,
    0x0, 0x7f, 0xf2, 0x0, 0xb, 0xfe, 0x0, 0x0,
    0xff, 0xb0, 0x0, 0x2f, 0xf8, 0x0, 0x4, 0xff,
    0x60, 0x0, 0x6f, 0xf4, 0x0, 0x7, 0xff, 0x30,
    0x0, 0x8f, 0xf2, 0x0, 0x8, 0xff, 0x20, 0x0,
    0x7f, 0xf3, 0x0, 0x6, 0xff, 0x40, 0x0, 0x5f,
    0xf5, 0x0, 0x3, 0xff, 0x70, 0x0, 0xf, 0xfa,
    0x0, 0x0, 0xcf, 0xd0, 0x0, 0x8, 0xff, 0x10,
    0x0, 0x3f, 0xf6, 0x0, 0x0, 0xdf, 0xb0, 0x0,
    0x7, 0xff, 0x10, 0x0, 0x1f, 0xf8, 0x0, 0x0,
    0x8f, 0xe1, 0x0, 0x1, 0xef, 0x60, 0x0, 0x5,
    0x40,

    /* U+0029 ")" */
    0x1, 0x20, 0x0, 0x6, 0xfc, 0x0, 0x0, 0x3f,
    0xf5, 0x0, 0x0, 0xbf, 0xd0, 0x0, 0x3, 0xff,
    0x40, 0x0, 0xd, 0xfb, 0x0, 0x0, 0x8f, 0xf1,
    0x0, 0x3, 0xff, 0x60, 0x0, 0xf, 0xfb, 0x0,
    0x0, 0xcf, 0xe0, 0x0, 0x9, 0xff, 0x10, 0x0,
    0x6f, 0xf4, 0x0, 0x5, 0xff, 0x50, 0x0, 0x3f,
    0xf6, 0x0, 0x3, 0xff, 0x70, 0x0, 0x3f, 0xf7,
    0x0, 0x3, 0xff, 0x60, 0x0, 0x4f, 0xf6, 0x0,
    0x6, 0xff, 0x40, 0x0, 0x8f, 0xf2, 0x0, 0xb,
    0xff, 0x0, 0x0, 0xef, 0xc0, 0x0, 0x2f, 0xf7,
    0x0, 0x6, 0xff, 0x20, 0x0, 0xcf, 0xd0, 0x0,
    0x2f, 0xf6, 0x0, 0x9, 0xfe, 0x0, 0x1, 0xff,
    0x70, 0x0, 0x7f, 0xe0, 0x0, 0x0, 0x44, 0x0,
    0x0,

    /* U+002A "*" */
    0x0, 0x0, 0x3f, 0xb0, 0x0, 0x0, 0x0, 0x4,
    0xfc, 0x0, 0x0, 0x2, 0x0, 0x5f, 0xe0, 0x0,
    0x11, 0xfe, 0xbb, 0xff, 0x9d, 0xf9, 0x2d, 0xff,
    0xff, 0xff, 0xff, 0x90, 0x4, 0xcf, 0xff, 0xf8,
    0x10, 0x0, 0x9, 0xff, 0xff, 0x20, 0x0, 0x2,
    0xff, 0xae, 0xfb, 0x0, 0x0, 0xbf, 0xb0, 0x3f,
    0xf4, 0x0, 0x5, 0xc1, 0x0, 0x5b, 0x10, 0x0,
    0x0, 0x0, 0x0, 0x0, 0x0,

    /* U+002B "+" */
    0x0, 0x0, 0x2, 0xaa, 0x20, 0x0, 0x0, 0x0,
    0x0, 0x4, 0xff, 0x30, 0x0, 0x0, 0x0, 0x0,
    0x4, 0xff, 0x30, 0x0, 0x0, 0x0, 0x0, 0x4,
    0xff, 0x30, 0x0, 0x0, 0x0, 0x0, 0x4, 0xff,
    0x30, 0x0, 0x0, 0x0, 0x0, 0x4, 0xff, 0x30,
    0x0, 0x0, 0x56, 0x66, 0x69, 0xff, 0x86, 0x66,
    0x65, 0xff, 0xff, 0xff, 0xff, 0xff, 0xff, 0xfe,
    0xff, 0xff, 0xff, 0xff, 0xff, 0xff, 0xfe, 0x0,
    0x0, 0x4, 0xff, 0x30, 0x0, 0x0, 0x0, 0x0,
    0x4, 0xff, 0x30, 0x0, 0x0, 0x0, 0x0, 0x4,
    0xff, 0x30, 0x0, 0x0, 0x0, 0x0, 0x4, 0xff,
    0x30, 0x0, 0x0, 0x0, 0x0, 0x4, 0xff, 0x30,
    0x0, 0x0, 0x0, 0x0, 0x4, 0xff, 0x30, 0x0,
    0x0,

    /* U+002C "," */
    0x0, 0x12, 0x0, 0x5, 0xff, 0xd1, 0xd, 0xff,
    0xf8, 0xd, 0xff, 0xfb, 0x3, 0xdf, 0xfc, 0x0,
    0x8, 0xfb, 0x0, 0xd, 0xf7, 0x0, 0x8f, 0xf1,
    0x2b, 0xff, 0x50, 0x4f, 0xf5, 0x0, 0x8, 0x10,
    0x0,

    /* U+002D "-" */
    0x46, 0x66, 0x66, 0x64, 0xbf, 0xff, 0xff, 0xfb,
    0xbf, 0xff, 0xff, 0xfb,

    /* U+002E "." */
    0x7, 0x92, 0xa, 0xff, 0xf1, 0xff, 0xff, 0x5d,
    0xff, 0xf3, 0x3d, 0xf7, 0x0,

    /* U+002F "/" */
    0x0, 0x0, 0x0, 0x0, 0xff, 0x30, 0x0, 0x0,
    0x0, 0x4f, 0xe0, 0x0, 0x0, 0x0, 0x9, 0xfa,
    0x0, 0x0, 0x0, 0x0, 0xdf, 0x50, 0x0, 0x0,
    0x0, 0x2f, 0xf1, 0x0, 0x0, 0x0, 0x6, 0xfd,
    0x0, 0x0, 0x0, 0x0, 0xaf, 0x80, 0x0, 0x0,
    0x0, 0xf, 0xf4, 0x0, 0x0, 0x0, 0x3, 0xff,
    0x0, 0x0, 0x0, 0x0, 0x8f, 0xb0, 0x0, 0x0,
    0x0, 0xc, 0xf6, 0x0, 0x0, 0x0, 0x1, 0xff,
    0x20, 0x0, 0x0, 0x0, 0x5f, 0xe0, 0x0, 0x0,
    0x0, 0xa, 0xf9, 0x0, 0x0, 0x0, 0x0, 0xef,
    0x50, 0x0, 0x0, 0x0, 0x2f, 0xf1, 0x0, 0x0,
    0x0, 0x7, 0xfc, 0x0, 0x0, 0x0, 0x0, 0xbf,
    0x80, 0x0, 0x0, 0x0, 0xf, 0xf3, 0x0, 0x0,
    0x0, 0x4, 0xff, 0x0, 0x0, 0x0, 0x0, 0x9f,
    0xa0, 0x0, 0x0, 0x0, 0xd, 0xf6, 0x0, 0x0,
    0x0, 0x2, 0xff, 0x20, 0x0, 0x0, 0x0, 0x6f,
    0xd0, 0x0, 0x0, 0x0, 0xa, 0xf9, 0x0, 0x0,
    0x0, 0x0, 0xff, 0x40, 0x0, 0x0, 0x0, 0x3f,
    0xf0, 0x0, 0x0, 0x0, 0x8, 0xfb, 0x0, 0x0,
    0x0, 0x0,

    /* U+0030 "0" */
    0x0, 0x0, 0x7c, 0xff, 0xd7, 0x0, 0x0, 0x0,
    0x1d, 0xff, 0xff, 0xff, 0xc1, 0x0, 0x0, 0xcf,
    0xff, 0xaa, 0xff, 0xfb, 0x0, 0x6, 0xff, 0xe2,
    0x0, 0x2e, 0xff, 0x50, 0xd, 0xff, 0x60, 0x0,
    0x5, 0xff, 0xc0, 0x2f, 0xff, 0x0, 0x0, 0x0,
    0xff, 0xf1, 0x5f, 0xfb, 0x0, 0x0, 0x0, 0xbf,
    0xf5, 0x8f, 0xf9, 0x0, 0x0, 0x0, 0x9f, 0xf7,
    0x9f, 0xf7, 0x0, 0x0, 0x0, 0x7f, 0xf9, 0xaf,
    0xf7, 0x0, 0x0, 0x0, 0x7f, 0xf9, 0xbf, 0xf6,
    0x0, 0x0, 0x0, 0x7f, 0xfa, 0xaf, 0xf7, 0x0,
    0x0, 0x0, 0x7f, 0xf9, 0x9f, 0xf7, 0x0, 0x0,
    0x0, 0x8f, 0xf8, 0x7f, 0xf9, 0x0, 0x0, 0x0,
    0x9f, 0xf7, 0x5f, 0xfc, 0x0, 0x0, 0x0, 0xcf,
    0xf4, 0x1f, 0xff, 0x0, 0x0, 0x0, 0xff, 0xf1,
    0xc, 0xff, 0x60, 0x0, 0x6, 0xff, 0xb0, 0x5,
    0xff, 0xe2, 0x0, 0x2e, 0xff, 0x40, 0x0, 0xbf,
    0xff, 0xba, 0xff, 0xfb, 0x0, 0x0, 0x1c, 0xff,
    0xff, 0xff, 0xc1, 0x0, 0x0, 0x0, 0x7c, 0xff,
    0xc7, 0x0, 0x0,

    /* U+0031 "1" */
    0x0, 0x0, 0x5d, 0xff, 0x20, 0x0, 0x0, 0x5a,
    0xef, 0xff, 0xf2, 0x0, 0x0, 0xc, 0xff, 0xff,
    0xff, 0x20, 0x0, 0x0, 0x8b, 0xbb, 0xff, 0xf2,
    0x0, 0x0, 0x0, 0x0, 0x1f, 0xff, 0x20, 0x0,
    0x0, 0x0, 0x1, 0xff, 0xf2, 0x0, 0x0, 0x0,
    0x0, 0x1f, 0xff, 0x20, 0x0, 0x0, 0x0, 0x1,
    0xff, 0xf2, 0x0, 0x0, 0x0, 0x0, 0x1f, 0xff,
    0x20, 0x0, 0x0, 0x0, 0x1, 0xff, 0xf2, 0x0,
    0x0, 0x0, 0x0, 0x1f, 0xff, 0x20, 0x0, 0x0,
    0x0, 0x1, 0xff, 0xf2, 0x0, 0x0, 0x0, 0x0,
    0x1f, 0xff, 0x20, 0x0, 0x0, 0x0, 0x1, 0xff,
    0xf2, 0x0, 0x0, 0x0, 0x0, 0x1f, 0xff, 0x20,
    0x0, 0x0, 0x0, 0x1, 0xff, 0xf2, 0x0, 0x0,
    0x0, 0x0, 0x1f, 0xff, 0x20, 0x0, 0x0, 0x0,
    0x1, 0xff, 0xf2, 0x0, 0x0, 0x6b, 0xbb, 0xbf,
    0xff, 0xbb, 0xbb, 0x1a, 0xff, 0xff, 0xff, 0xff,
    0xff, 0xf2, 0xaf, 0xff, 0xff, 0xff, 0xff, 0xff,
    0x20,

    /* U+0032 "2" */
    0x0, 0x7, 0xcf, 0xfe, 0xb4, 0x0, 0x0, 0x4,
    0xef, 0xff, 0xff, 0xff, 0x90, 0x0, 0x5f, 0xff,
    0xea, 0xae, 0xff, 0xf8, 0x0, 0x8f, 0xf7, 0x0,
    0x0, 0x9f, 0xff, 0x10, 0x7, 0x40, 0x0, 0x0,
    0xe, 0xff, 0x60, 0x0, 0x0, 0x0, 0x0, 0xa,
    0xff, 0x80, 0x0, 0x0, 0x0, 0x0, 0x9, 0xff,
    0x80, 0x0, 0x0, 0x0, 0x0, 0xb, 0xff, 0x70,
    0x0, 0x0, 0x0, 0x0, 0xf, 0xff, 0x30, 0x0,
    0x0, 0x0, 0x0, 0x6f, 0xfe, 0x0, 0x0, 0x0,
    0x0, 0x0, 0xdf, 0xf7, 0x0, 0x0, 0x0, 0x0,
    0x8, 0xff, 0xd0, 0x0, 0x0, 0x0, 0x0, 0x4f,
    0xff, 0x40, 0x0, 0x0, 0x0, 0x2, 0xff, 0xf8,
    0x0, 0x0, 0x0, 0x0, 0x1e, 0xff, 0xb0, 0x0,
    0x0, 0x0, 0x1, 0xdf, 0xfc, 0x0, 0x0, 0x0,
    0x0, 0x1d, 0xff, 0xd1, 0x0, 0x0, 0x0, 0x2,
    0xef, 0xfd, 0x10, 0x0, 0x0, 0x0, 0x3e, 0xff,
    0xfb, 0xbc, 0xdd, 0xdd, 0xd7, 0xcf, 0xff, 0xff,
    0xff, 0xff, 0xff, 0xf9, 0xcf, 0xff, 0xff, 0xff,
    0xff, 0xff, 0xf9,

    /* U+0033 "3" */
    0x0, 0x0, 0x6c, 0xff, 0xec, 0x70, 0x0, 0x0,
    0x4, 0xef, 0xff, 0xff, 0xff, 0xe3, 0x0, 0x4,
    0xff, 0xfe, 0xba, 0xdf, 0xff, 0xe1, 0x0, 0xa,
    0xf6, 0x0, 0x0, 0x5f, 0xff, 0x70, 0x0, 0x2,
    0x0, 0x0, 0x0, 0xbf, 0xfa, 0x0, 0x0, 0x0,
    0x0, 0x0, 0x9, 0xff, 0xa0, 0x0, 0x0, 0x0,
    0x0, 0x0, 0xdf, 0xf7, 0x0, 0x0, 0x0, 0x0,
    0x0, 0x9f, 0xfe, 0x10, 0x0, 0x0, 0x7, 0x8a,
    0xff, 0xfe, 0x30, 0x0, 0x0, 0x0, 0xff, 0xff,
    0xfa, 0x0, 0x0, 0x0, 0x0, 0xf, 0xff, 0xff,
    0xfc, 0x20, 0x0, 0x0, 0x0, 0x1, 0x26, 0xdf,
    0xff, 0x20, 0x0, 0x0, 0x0, 0x0, 0x0, 0xaf,
    0xfc, 0x0, 0x0, 0x0, 0x0, 0x0, 0x1, 0xff,
    0xf3, 0x0, 0x0, 0x0, 0x0, 0x0, 0xe, 0xff,
    0x50, 0x0, 0x0, 0x0, 0x0, 0x0, 0xff, 0xf5,
    0x1, 0xb1, 0x0, 0x0, 0x0, 0x4f, 0xff, 0x30,
    0xcf, 0xf6, 0x0, 0x0, 0x4e, 0xff, 0xd0, 0xc,
    0xff, 0xff, 0xcb, 0xdf, 0xff, 0xf3, 0x0, 0x9,
    0xff, 0xff, 0xff, 0xff, 0xe4, 0x0, 0x0, 0x2,
    0x8d, 0xff, 0xec, 0x70, 0x0, 0x0,

    /* U+0034 "4" */
    0x0, 0x0, 0x0, 0x0, 0x8f, 0xff, 0x80, 0x0,
    0x0, 0x0, 0x0, 0x2, 0xff, 0xff, 0x80, 0x0,
    0x0, 0x0, 0x0, 0xc, 0xff, 0xff, 0x80, 0x0,
    0x0, 0x0, 0x0, 0x6f, 0xfd, 0xff, 0x80, 0x0,
    0x0, 0x0, 0x1, 0xef, 0xe7, 0xff, 0x80, 0x0,
    0x0, 0x0, 0x9, 0xff, 0x77, 0xff, 0x80, 0x0,
    0x0, 0x0, 0x3f, 0xfe, 0x8, 0xff, 0x80, 0x0,
    0x0, 0x0, 0xdf, 0xf4, 0x8, 0xff, 0x80, 0x0,
    0x0, 0x7, 0xff, 0xa0, 0x8, 0xff, 0x80, 0x0,
    0x0, 0x1f, 0xff, 0x10, 0x8, 0xff, 0x80, 0x0,
    0x0, 0xaf, 0xf6, 0x0, 0x8, 0xff, 0x80, 0x0,
    0x4, 0xff, 0xc0, 0x0, 0x8, 0xff, 0x80, 0x0,
    0xd, 0xff, 0x20, 0x0, 0x8, 0xff, 0x80, 0x0,
    0x6f, 0xff, 0xff, 0xff, 0xff, 0xff, 0xff, 0xf2,
    0x7f, 0xff, 0xff, 0xff, 0xff, 0xff, 0xff, 0xf2,
    0x39, 0x99, 0x99, 0x99, 0x9c, 0xff, 0xc9, 0x91,
    0x0, 0x0, 0x0, 0x0, 0x8, 0xff, 0x80, 0x0,
    0x0, 0x0, 0x0, 0x0, 0x8, 0xff, 0x80, 0x0,
    0x0, 0x0, 0x0, 0x0, 0x8, 0xff, 0x80, 0x0,
    0x0, 0x0, 0x0, 0x0, 0x8, 0xff, 0x80, 0x0,
    0x0, 0x0, 0x0, 0x0, 0x8, 0xff, 0x80, 0x0,

    /* U+0035 "5" */
    0x0, 0xf, 0xff, 0xff, 0xff, 0xff, 0xf7, 0x0,
    0x1, 0xff, 0xff, 0xff, 0xff, 0xff, 0x70, 0x0,
    0x2f, 0xff, 0xcc, 0xcc, 0xcc, 0xc5, 0x0, 0x3,
    0xff, 0xc0, 0x0, 0x0, 0x0, 0x0, 0x0, 0x4f,
    0xfa, 0x0, 0x0, 0x0, 0x0, 0x0, 0x5, 0xff,
    0x80, 0x0, 0x0, 0x0, 0x0, 0x0, 0x6f, 0xf7,
    0x0, 0x0, 0x0, 0x0, 0x0, 0x7, 0xff, 0xab,
    0xff, 0xe9, 0x20, 0x0, 0x0, 0x8f, 0xff, 0xff,
    0xff, 0xff, 0x70, 0x0, 0x6, 0xff, 0xc7, 0x69,
    0xff, 0xff, 0x50, 0x0, 0x4, 0x40, 0x0, 0x1,
    0xdf, 0xfd, 0x0, 0x0, 0x0, 0x0, 0x0, 0x4,
    0xff, 0xf3, 0x0, 0x0, 0x0, 0x0, 0x0, 0xe,
    0xff, 0x60, 0x0, 0x0, 0x0, 0x0, 0x0, 0xcf,
    0xf7, 0x0, 0x0, 0x0, 0x0, 0x0, 0xd, 0xff,
    0x60, 0x0, 0x0, 0x0, 0x0, 0x1, 0xff, 0xf4,
    0x1, 0xa1, 0x0, 0x0, 0x0, 0x8f, 0xff, 0x0,
    0xbf, 0xd5, 0x0, 0x0, 0x7f, 0xff, 0x80, 0x1c,
    0xff, 0xfe, 0xcb, 0xef, 0xff, 0xd0, 0x0, 0x9,
    0xff, 0xff, 0xff, 0xff, 0xc1, 0x0, 0x0, 0x2,
    0x8d, 0xff, 0xeb, 0x50, 0x0, 0x0,

    /* U+0036 "6" */
    0x0, 0x0, 0x6, 0xcf, 0xfe, 0xa3, 0x0, 0x0,
    0x3, 0xdf, 0xff, 0xff, 0xff, 0x90, 0x0, 0x2e,
    0xff, 0xfc, 0xac, 0xff, 0xf2, 0x0, 0xcf, 0xfc,
    0x20, 0x0, 0x3c, 0x30, 0x5, 0xff, 0xe1, 0x0,
    0x0, 0x0, 0x0, 0xb, 0xff, 0x60, 0x0, 0x0,
    0x0, 0x0, 0xf, 0xff, 0x0, 0x0, 0x0, 0x0,
    0x0, 0x3f, 0xfc, 0x0, 0x25, 0x53, 0x0, 0x0,
    0x6f, 0xf9, 0x1b, 0xff, 0xff, 0xe5, 0x0, 0x7f,
    0xfa, 0xef, 0xff, 0xff, 0xff, 0x50, 0x8f, 0xff,
    0xf9, 0x20, 0x2b, 0xff, 0xf1, 0x8f, 0xff, 0x50,
    0x0, 0x0, 0xdf, 0xf6, 0x7f, 0xfa, 0x0, 0x0,
    0x0, 0x7f, 0xfa, 0x5f, 0xfa, 0x0, 0x0, 0x0,
    0x4f, 0xfc, 0x2f, 0xfd, 0x0, 0x0, 0x0, 0x4f,
    0xfc, 0xe, 0xff, 0x10, 0x0, 0x0, 0x6f, 0xfa,
    0x8, 0xff, 0x80, 0x0, 0x0, 0xbf, 0xf6, 0x1,
    0xff, 0xf5, 0x0, 0x5, 0xff, 0xf1, 0x0, 0x6f,
    0xff, 0xb8, 0xbf, 0xff, 0x60, 0x0, 0x7, 0xff,
    0xff, 0xff, 0xf8, 0x0, 0x0, 0x0, 0x3a, 0xef,
    0xea, 0x30, 0x0,

    /* U+0037 "7" */
    0x9f, 0xff, 0xff, 0xff, 0xff, 0xff, 0xfa, 0x9f,
    0xff, 0xff, 0xff, 0xff, 0xff, 0xfa, 0x7c, 0xcc,
    0xcc, 0xcc, 0xcc, 0xff, 0xf4, 0x0, 0x0, 0x0,
    0x0, 0x6, 0xff, 0x80, 0x0, 0x0, 0x0, 0x0,
    0x1f, 0xfd, 0x0, 0x0, 0x0, 0x0, 0x0, 0xaf,
    0xf4, 0x0, 0x0, 0x0, 0x0, 0x3, 0xff, 0xb0,
    0x0, 0x0, 0x0, 0x0, 0xb, 0xff, 0x30, 0x0,
    0x0, 0x0, 0x0, 0x2f, 0xfc, 0x0, 0x0, 0x0,
    0x0, 0x0, 0x9f, 0xf6, 0x0, 0x0, 0x0, 0x0,
    0x0, 0xef, 0xf1, 0x0, 0x0, 0x0, 0x0, 0x3,
    0xff, 0xc0, 0x0, 0x0, 0x0, 0x0, 0x8, 0xff,
    0x90, 0x0, 0x0, 0x0, 0x0, 0xb, 0xff, 0x60,
    0x0, 0x0, 0x0, 0x0, 0xe, 0xff, 0x30, 0x0,
    0x0, 0x0, 0x0, 0x1f, 0xff, 0x10, 0x0, 0x0,
    0x0, 0x0, 0x3f, 0xff, 0x0, 0x0, 0x0, 0x0,
    0x0, 0x5f, 0xfe, 0x0, 0x0, 0x0, 0x0, 0x0,
    0x6f, 0xfd, 0x0, 0x0, 0x0, 0x0, 0x0, 0x8f,
    0xfc, 0x0, 0x0, 0x0, 0x0, 0x0, 0x9f, 0xfb,
    0x0, 0x0, 0x0,

    /* U+0038 "8" */
    0x0, 0x1, 0x8d, 0xff, 0xd9, 0x20, 0x0, 0x0,
    0x3e, 0xff, 0xff, 0xff, 0xf5, 0x0, 0x1, 0xef,
    0xfc, 0x66, 0xaf, 0xff, 0x20, 0x7, 0xff, 0xa0,
    0x0, 0x8, 0xff, 0x90, 0xb, 0xff, 0x30, 0x0,
    0x0, 0xff, 0xd0, 0xc, 0xff, 0x10, 0x0, 0x0,
    0xdf, 0xe0, 0xa, 0xff, 0x40, 0x0, 0x0, 0xef,
    0xc0, 0x4, 0xff, 0xd0, 0x0, 0x2, 0xff, 0x60,
    0x0, 0x9f, 0xfd, 0x40, 0xb, 0xfc, 0x0, 0x0,
    0x9, 0xff, 0xfc, 0x9f, 0xd1, 0x0, 0x0, 0x9,
    0xff, 0xff, 0xff, 0x90, 0x0, 0x1, 0xdf, 0xd3,
    0x6d, 0xff, 0xfc, 0x10, 0xb, 0xff, 0x20, 0x0,
    0x6e, 0xff, 0xb0, 0x4f, 0xf8, 0x0, 0x0, 0x2,
    0xff, 0xf4, 0x9f, 0xf3, 0x0, 0x0, 0x0, 0x8f,
    0xf9, 0xbf, 0xf2, 0x0, 0x0, 0x0, 0x6f, 0xfa,
    0x9f, 0xf6, 0x0, 0x0, 0x0, 0x8f, 0xf9, 0x5f,
    0xfe, 0x30, 0x0, 0x2, 0xff, 0xf4, 0xb, 0xff,
    0xfa, 0x66, 0x9f, 0xff, 0xb0, 0x0, 0xaf, 0xff,
    0xff, 0xff, 0xfb, 0x0, 0x0, 0x4, 0xad, 0xff,
    0xea, 0x40, 0x0,

    /* U+0039 "9" */
    0x0, 0x4, 0xbe, 0xfe, 0xa3, 0x0, 0x0, 0x0,
    0x9f, 0xff, 0xff, 0xff, 0x80, 0x0, 0x8, 0xff,
    0xfa, 0x8b, 0xff, 0xf7, 0x0, 0x2f, 0xff, 0x40,
    0x0, 0x4f, 0xff, 0x20, 0x8f, 0xf9, 0x0, 0x0,
    0x8, 0xff, 0x90, 0xbf, 0xf5, 0x0, 0x0, 0x1,
    0xff, 0xe0, 0xdf, 0xf3, 0x0, 0x0, 0x0, 0xdf,
    0xf2, 0xcf, 0xf4, 0x0, 0x0, 0x0, 0xaf, 0xf5,
    0xaf, 0xf7, 0x0, 0x0, 0x0, 0xdf, 0xf6, 0x5f,
    0xfe, 0x10, 0x0, 0xb, 0xff, 0xf7, 0xd, 0xff,
    0xe8, 0x68, 0xef, 0xef, 0xf7, 0x2, 0xef, 0xff,
    0xff, 0xf8, 0x9f, 0xf6, 0x0, 0x18, 0xdf, 0xfb,
    0x40, 0xaf, 0xf5, 0x0, 0x0, 0x0, 0x0, 0x0,
    0xdf, 0xf2, 0x0, 0x0, 0x0, 0x0, 0x1, 0xff,
    0xf0, 0x0, 0x0, 0x0, 0x0, 0x7, 0xff, 0xa0,
    0x0, 0x0, 0x0, 0x0, 0x1e, 0xff, 0x40, 0x5,
    0xe4, 0x0, 0x2, 0xdf, 0xfc, 0x0, 0x3f, 0xff,
    0xeb, 0xdf, 0xff, 0xe2, 0x0, 0x9, 0xff, 0xff,
    0xff, 0xfd, 0x20, 0x0, 0x0, 0x3a, 0xef, 0xfc,
    0x60, 0x0, 0x0,

    /* U+003A ":" */
    0x3d, 0xf7, 0xd, 0xff, 0xf3, 0xff, 0xff, 0x5a,
    0xff, 0xf1, 0x7, 0x82, 0x0, 0x0, 0x0, 0x0,
    0x0, 0x0, 0x0, 0x0, 0x0, 0x0, 0x0, 0x0,
    0x0, 0x0, 0x0, 0x0, 0x79, 0x20, 0xaf, 0xff,
    0x1f, 0xff, 0xf5, 0xdf, 0xff, 0x33, 0xdf, 0x70,

    /* U+003B ";" */
    0x3, 0xdf, 0x70, 0xd, 0xff, 0xf3, 0xf, 0xff,
    0xf5, 0xa, 0xff, 0xf1, 0x0, 0x78, 0x20, 0x0,
    0x0, 0x0, 0x0, 0x0, 0x0, 0x0, 0x0, 0x0,
    0x0, 0x0, 0x0, 0x0, 0x0, 0x0, 0x0, 0x0,
    0x0, 0x0, 0x12, 0x0, 0x5, 0xff, 0xd1, 0xd,
    0xff, 0xf8, 0xd, 0xff, 0xfb, 0x3, 0xdf, 0xfc,
    0x0, 0x8, 0xfb, 0x0, 0xd, 0xf7, 0x0, 0x8f,
    0xf1, 0x2b, 0xff, 0x50, 0x4f, 0xf5, 0x0, 0x8,
    0x10, 0x0,

    /* U+003C "<" */
    0x0, 0x0, 0x0, 0x0, 0x0, 0x0, 0x1, 0x0,
    0x0, 0x0, 0x0, 0x0, 0x5, 0xbe, 0x0, 0x0,
    0x0, 0x0, 0x28, 0xef, 0xfe, 0x0, 0x0, 0x0,
    0x5c, 0xff, 0xff, 0xf9, 0x0, 0x2, 0x9e, 0xff,
    0xff, 0xb5, 0x0, 0x6, 0xcf, 0xff, 0xfd, 0x71,
    0x0, 0x0, 0xef, 0xff, 0xe9, 0x30, 0x0, 0x0,
    0x0, 0xff, 0xfc, 0x20, 0x0, 0x0, 0x0, 0x0,
    0xcf, 0xff, 0xfb, 0x50, 0x0, 0x0, 0x0, 0x3,
    0x9f, 0xff, 0xff, 0xa4, 0x0, 0x0, 0x0, 0x0,
    0x6c, 0xff, 0xff, 0xe8, 0x20, 0x0, 0x0, 0x0,
    0x29, 0xff, 0xff, 0xfb, 0x0, 0x0, 0x0, 0x0,
    0x6, 0xcf, 0xfe, 0x0, 0x0, 0x0, 0x0, 0x0,
    0x2, 0x8d, 0x0, 0x0, 0x0, 0x0, 0x0, 0x0,
    0x0,

    /* U+003D "=" */
    0xff, 0xff, 0xff, 0xff, 0xff, 0xff, 0xfe, 0xff,
    0xff, 0xff, 0xff, 0xff, 0xff, 0xfe, 0x55, 0x55,
    0x55, 0x55, 0x55, 0x55, 0x55, 0x0, 0x0, 0x0,
    0x0, 0x0, 0x0, 0x0, 0x0, 0x0, 0x0, 0x0,
    0x0, 0x0, 0x0, 0x0, 0x0, 0x0, 0x0, 0x0,
    0x0, 0x0, 0x0, 0x0, 0x0, 0x0, 0x0, 0x0,
    0x0, 0xff, 0xff, 0xff, 0xff, 0xff, 0xff, 0xfe,
    0xff, 0xff, 0xff, 0xff, 0xff, 0xff, 0xfe, 0x56,
    0x66, 0x66, 0x66, 0x66, 0x66, 0x65,

    /* U+003E ">" */
    0x10, 0x0, 0x0, 0x0, 0x0, 0x0, 0x0, 0xeb,
    0x40, 0x0, 0x0, 0x0, 0x0, 0x0, 0xff, 0xfe,
    0x82, 0x0, 0x0, 0x0, 0x0, 0x9f, 0xff, 0xff,
    0xb5, 0x0, 0x0, 0x0, 0x0, 0x6b, 0xff, 0xff,
    0xe8, 0x20, 0x0, 0x0, 0x0, 0x17, 0xdf, 0xff,
    0xfc, 0x60, 0x0, 0x0, 0x0, 0x3, 0x9e, 0xff,
    0xfd, 0x0, 0x0, 0x0, 0x0, 0x2, 0xcf, 0xfe,
    0x0, 0x0, 0x0, 0x6, 0xbf, 0xff, 0xfb, 0x0,
    0x0, 0x4a, 0xff, 0xff, 0xf9, 0x30, 0x3, 0x9e,
    0xff, 0xff, 0xc6, 0x0, 0x0, 0xcf, 0xff, 0xfe,
    0x92, 0x0, 0x0, 0x0, 0xff, 0xfc, 0x50, 0x0,
    0x0, 0x0, 0x0, 0xd8, 0x20, 0x0, 0x0, 0x0,
    0x0, 0x0, 0x0, 0x0, 0x0, 0x0, 0x0, 0x0,
    0x0,

    /* U+003F "?" */
    0x0, 0x29, 0xdf, 0xfc, 0x81, 0x0, 0x7, 0xff,
    0xff, 0xff, 0xfe, 0x20, 0x7f, 0xff, 0xca, 0xdf,
    0xff, 0xc0, 0x1c, 0xc2, 0x0, 0x7, 0xff, 0xf2,
    0x0, 0x0, 0x0, 0x0, 0xef, 0xf4, 0x0, 0x0,
    0x0, 0x0, 0xdf, 0xf4, 0x0, 0x0, 0x0, 0x2,
    0xff, 0xf0, 0x0, 0x0, 0x0, 0xc, 0xff, 0x70,
    0x0, 0x0, 0x0, 0xaf, 0xfb, 0x0, 0x0, 0x0,
    0x8, 0xff, 0xd0, 0x0, 0x0, 0x0, 0x3f, 0xfe,
    0x10, 0x0, 0x0, 0x0, 0xbf, 0xf5, 0x0, 0x0,
    0x0, 0x0, 0xff, 0xe0, 0x0, 0x0, 0x0, 0x1,
    0xff, 0xc0, 0x0, 0x0, 0x0, 0x0, 0x22, 0x10,
    0x0, 0x0, 0x0, 0x0, 0x0, 0x0, 0x0, 0x0,
    0x0, 0x0, 0x59, 0x50, 0x0, 0x0, 0x0, 0x6,
    0xff, 0xf4, 0x0, 0x0, 0x0, 0xb, 0xff, 0xf9,
    0x0, 0x0, 0x0, 0x9, 0xff, 0xf7, 0x0, 0x0,
    0x0, 0x1, 0xcf, 0xb0, 0x0, 0x0,

    /* U+0040 "@" */
    0x0, 0x0, 0x0, 0x0, 0x3, 0x8c, 0xef, 0xfe,
    0xc8, 0x30, 0x0, 0x0, 0x0, 0x0, 0x0, 0x0,
    0x4c, 0xff, 0xff, 0xff, 0xff, 0xff, 0xb2, 0x0,
    0x0, 0x0, 0x0, 0x1, 0xaf, 0xff, 0xa6, 0x31,
    0x23, 0x6b, 0xff, 0xf4, 0x0, 0x0, 0x0, 0x1,
    0xdf, 0xf9, 0x10, 0x0, 0x0, 0x0, 0x3, 0xdf,
    0xf4, 0x0, 0x0, 0x1, 0xdf, 0xf4, 0x0, 0x0,
    0x0, 0x0, 0x0, 0x0, 0xcf, 0xe1, 0x0, 0x0,
    0xbf, 0xf3, 0x0, 0x0, 0x0, 0x0, 0x0, 0x0,
    0x1, 0xef, 0x80, 0x0, 0x6f, 0xf5, 0x0, 0x0,
    0x0, 0x0, 0x0, 0x0, 0x0, 0x6, 0xfe, 0x0,
    0xe, 0xfa, 0x0, 0x0, 0x4, 0xbf, 0xf9, 0x1b,
    0xb0, 0x0, 0xf, 0xf4, 0x5, 0xff, 0x20, 0x0,
    0x8, 0xff, 0xff, 0xfd, 0xfc, 0x0, 0x0, 0xcf,
    0x70, 0xbf, 0xa0, 0x0, 0x6, 0xff, 0xc4, 0x4c,
    0xff, 0x90, 0x0, 0x9, 0xf9, 0xf, 0xf5, 0x0,
    0x1, 0xff, 0xb0, 0x0, 0x1f, 0xf6, 0x0, 0x0,
    0x8f, 0xa3, 0xff, 0x10, 0x0, 0x8f, 0xf2, 0x0,
    0x3, 0xff, 0x30, 0x0, 0x8, 0xf9, 0x5f, 0xf0,
    0x0, 0xd, 0xfb, 0x0, 0x0, 0x6f, 0xf0, 0x0,
    0x0, 0xaf, 0x86, 0xfe, 0x0, 0x0, 0xff, 0x70,
    0x0, 0x9, 0xfc, 0x0, 0x0, 0xe, 0xf4, 0x6f,
    0xd0, 0x0, 0x1f, 0xf7, 0x0, 0x0, 0xcf, 0x90,
    0x0, 0x5, 0xff, 0x6, 0xfe, 0x0, 0x0, 0xff,
    0xa0, 0x0, 0x4f, 0xf9, 0x0, 0x1, 0xef, 0x80,
    0x4f, 0xf0, 0x0, 0xc, 0xff, 0x84, 0x8f, 0xff,
    0xe2, 0x4, 0xdf, 0xd0, 0x1, 0xff, 0x40, 0x0,
    0x4f, 0xff, 0xff, 0xd3, 0xff, 0xff, 0xff, 0xd2,
    0x0, 0xd, 0xf9, 0x0, 0x0, 0x5e, 0xff, 0xa1,
    0x4, 0xdf, 0xfe, 0x80, 0x0, 0x0, 0x7f, 0xf2,
    0x0, 0x0, 0x1, 0x0, 0x0, 0x0, 0x11, 0x0,
    0x0, 0x0, 0x1, 0xef, 0xc0, 0x0, 0x0, 0x0,
    0x0, 0x0, 0x0, 0x0, 0x0, 0x0, 0x0, 0x6,
    0xff, 0xa0, 0x0, 0x0, 0x0, 0x0, 0x0, 0x0,
    0x0, 0x0, 0x0, 0x0, 0x9, 0xff, 0xd3, 0x0,
    0x0, 0x0, 0x0, 0x32, 0x0, 0x0, 0x0, 0x0,
    0x0, 0x8, 0xff, 0xfc, 0x74, 0x22, 0x37, 0xcf,
    0x90, 0x0, 0x0, 0x0, 0x0, 0x0, 0x3, 0xcf,
    0xff, 0xff, 0xff, 0xff, 0xf9, 0x0, 0x0, 0x0,
    0x0, 0x0, 0x0, 0x0, 0x38, 0xce, 0xff, 0xeb,
    0x72, 0x0, 0x0, 0x0, 0x0,

    /* U+0041 "A" */
    0x0, 0x0, 0x0, 0x5f, 0xff, 0xb0, 0x0, 0x0,
    0x0, 0x0, 0x0, 0x0, 0xaf, 0xff, 0xf1, 0x0,
    0x0, 0x0, 0x0, 0x0, 0x0, 0xff, 0xef, 0xf6,
    0x0, 0x0, 0x0, 0x0, 0x0, 0x4, 0xff, 0x6f,
    0xfb, 0x0, 0x0, 0x0, 0x0, 0x0, 0xa, 0xff,
    0x1c, 0xff, 0x10, 0x0, 0x0, 0x0, 0x0, 0xf,
    0xfd, 0x8, 0xff, 0x50, 0x0, 0x0, 0x0, 0x0,
    0x4f, 0xf8, 0x3, 0xff, 0xb0, 0x0, 0x0, 0x0,
    0x0, 0x9f, 0xf4, 0x0, 0xff, 0xf0, 0x0, 0x0,
    0x0, 0x0, 0xef, 0xf0, 0x0, 0xaf, 0xf5, 0x0,
    0x0, 0x0, 0x4, 0xff, 0xa0, 0x0, 0x6f, 0xfa,
    0x0, 0x0, 0x0, 0x9, 0xff, 0x60, 0x0, 0x1f,
    0xff, 0x0, 0x0, 0x0, 0xe, 0xff, 0x10, 0x0,
    0xc, 0xff, 0x50, 0x0, 0x0, 0x3f, 0xff, 0x99,
    0x99, 0x9d, 0xff, 0xa0, 0x0, 0x0, 0x9f, 0xff,
    0xff, 0xff, 0xff, 0xff, 0xf0, 0x0, 0x0, 0xef,
    0xff, 0xff, 0xff, 0xff, 0xff, 0xf4, 0x0, 0x3,
    0xff, 0xe0, 0x0, 0x0, 0x0, 0xaf, 0xfa, 0x0,
    0x8, 0xff, 0xa0, 0x0, 0x0, 0x0, 0x5f, 0xfe,
    0x0, 0xd, 0xff, 0x50, 0x0, 0x0, 0x0, 0x1f,
    0xff, 0x40, 0x2f, 0xff, 0x10, 0x0, 0x0, 0x0,
    0xc, 0xff, 0x90, 0x8f, 0xfc, 0x0, 0x0, 0x0,
    0x0, 0x7, 0xff, 0xe0, 0xdf, 0xf7, 0x0, 0x0,
    0x0, 0x0, 0x2, 0xff, 0xf4,

    /* U+0042 "B" */
    0x4f, 0xff, 0xff, 0xff, 0xec, 0x93, 0x0, 0x0,
    0x4f, 0xff, 0xff, 0xff, 0xff, 0xff, 0xa0, 0x0,
    0x4f, 0xff, 0x99, 0x99, 0xbf, 0xff, 0xf9, 0x0,
    0x4f, 0xff, 0x0, 0x0, 0x0, 0xaf, 0xff, 0x10,
    0x4f, 0xff, 0x0, 0x0, 0x0, 0xf, 0xff, 0x50,
    0x4f, 0xff, 0x0, 0x0, 0x0, 0xd, 0xff, 0x50,
    0x4f, 0xff, 0x0, 0x0, 0x0, 0xe, 0xff, 0x30,
    0x4f, 0xff, 0x0, 0x0, 0x0, 0x5f, 0xfe, 0x0,
    0x4f, 0xff, 0x0, 0x0, 0x28, 0xff, 0xf5, 0x0,
    0x4f, 0xff, 0xff, 0xff, 0xff, 0xfe, 0x50, 0x0,
    0x4f, 0xff, 0xff, 0xff, 0xff, 0xfe, 0x91, 0x0,
    0x4f, 0xff, 0x88, 0x88, 0x9b, 0xff, 0xff, 0x30,
    0x4f, 0xff, 0x0, 0x0, 0x0, 0x1a, 0xff, 0xe0,
    0x4f, 0xff, 0x0, 0x0, 0x0, 0x0, 0xef, 0xf5,
    0x4f, 0xff, 0x0, 0x0, 0x0, 0x0, 0xbf, 0xf7,
    0x4f, 0xff, 0x0, 0x0, 0x0, 0x0, 0xcf, 0xf7,
    0x4f, 0xff, 0x0, 0x0, 0x0, 0x1, 0xff, 0xf5,
    0x4f, 0xff, 0x0, 0x0, 0x0, 0x3d, 0xff, 0xe0,
    0x4f, 0xff, 0x99, 0x99, 0xad, 0xff, 0xff, 0x50,
    0x4f, 0xff, 0xff, 0xff, 0xff, 0xff, 0xe5, 0x0,
    0x4f, 0xff, 0xff, 0xff, 0xfd, 0xa6, 0x0, 0x0,

    /* U+0043 "C" */
    0x0, 0x0, 0x0, 0x5b, 0xef, 0xfd, 0x82, 0x0,
    0x0, 0x0, 0x4, 0xef, 0xff, 0xff, 0xff, 0xf7,
    0x0, 0x0, 0x6, 0xff, 0xff, 0xfe, 0xef, 0xff,
    0xf7, 0x0, 0x4, 0xff, 0xfe, 0x61, 0x0, 0x18,
    0xfe, 0x10, 0x0, 0xef, 0xfe, 0x20, 0x0, 0x0,
    0x3, 0x30, 0x0, 0x7f, 0xff, 0x30, 0x0, 0x0,
    0x0, 0x0, 0x0, 0xd, 0xff, 0xa0, 0x0, 0x0,
    0x0, 0x0, 0x0, 0x1, 0xff, 0xf4, 0x0, 0x0,
    0x0, 0x0, 0x0, 0x0, 0x4f, 0xff, 0x10, 0x0,
    0x0, 0x0, 0x0, 0x0, 0x6, 0xff, 0xf0, 0x0,
    0x0, 0x0, 0x0, 0x0, 0x0, 0x6f, 0xfe, 0x0,
    0x0, 0x0, 0x0, 0x0, 0x0, 0x6, 0xff, 0xf0,
    0x0, 0x0, 0x0, 0x0, 0x0, 0x0, 0x4f, 0xff,
    0x10, 0x0, 0x0, 0x0, 0x0, 0x0, 0x2, 0xff,
    0xf5, 0x0, 0x0, 0x0, 0x0, 0x0, 0x0, 0xe,
    0xff, 0xa0, 0x0, 0x0, 0x0, 0x0, 0x0, 0x0,
    0x8f, 0xff, 0x30, 0x0, 0x0, 0x0, 0x0, 0x0,
    0x1, 0xff, 0xfd, 0x10, 0x0, 0x0, 0x3, 0xc1,
    0x0, 0x6, 0xff, 0xfe, 0x61, 0x0, 0x28, 0xff,
    0xb0, 0x0, 0x8, 0xff, 0xff, 0xfe, 0xff, 0xff,
    0xfa, 0x0, 0x0, 0x5, 0xef, 0xff, 0xff, 0xff,
    0xf8, 0x0, 0x0, 0x0, 0x0, 0x6b, 0xef, 0xfd,
    0x82, 0x0, 0x0,

    /* U+0044 "D" */
    0x4f, 0xff, 0xff, 0xfe, 0xc9, 0x30, 0x0, 0x0,
    0x4f, 0xff, 0xff, 0xff, 0xff, 0xfc, 0x20, 0x0,
    0x4f, 0xff, 0xbb, 0xbd, 0xff, 0xff, 0xf4, 0x0,
    0x4f, 0xff, 0x0, 0x0, 0x18, 0xff, 0xff, 0x20,
    0x4f, 0xff, 0x0, 0x0, 0x0, 0x4f, 0xff, 0xb0,
    0x4f, 0xff, 0x0, 0x0, 0x0, 0x7, 0xff, 0xf3,
    0x4f, 0xff, 0x0, 0x0, 0x0, 0x0, 0xff, 0xf8,
    0x4f, 0xff, 0x0, 0x0, 0x0, 0x0, 0xaf, 0xfb,
    0x4f, 0xff, 0x0, 0x0, 0x0, 0x0, 0x8f, 0xfe,
    0x4f, 0xff, 0x0, 0x0, 0x0, 0x0, 0x6f, 0xff,
    0x4f, 0xff, 0x0, 0x0, 0x0, 0x0, 0x5f, 0xff,
    0x4f, 0xff, 0x0, 0x0, 0x0, 0x0, 0x6f, 0xff,
    0x4f, 0xff, 0x0, 0x0, 0x0, 0x0, 0x8f, 0xfe,
    0x4f, 0xff, 0x0, 0x0, 0x0, 0x0, 0xbf, 0xfb,
    0x4f, 0xff, 0x0, 0x0, 0x0, 0x0, 0xff, 0xf7,
    0x4f, 0xff, 0x0, 0x0, 0x0, 0x8, 0xff, 0xf2,
    0x4f, 0xff, 0x0, 0x0, 0x0, 0x4f, 0xff, 0xa0,
    0x4f, 0xff, 0x0, 0x0, 0x18, 0xff, 0xff, 0x20,
    0x4f, 0xff, 0xbb, 0xbd, 0xff, 0xff, 0xf4, 0x0,
    0x4f, 0xff, 0xff, 0xff, 0xff, 0xfc, 0x20, 0x0,
    0x4f, 0xff, 0xff, 0xff, 0xc9, 0x40, 0x0, 0x0,

    /* U+0045 "E" */
    0x4f, 0xff, 0xff, 0xff, 0xff, 0xff, 0xe0, 0x4f,
    0xff, 0xff, 0xff, 0xff, 0xff, 0xe0, 0x4f, 0xff,
    0xcc, 0xcc, 0xcc, 0xcc, 0xb0, 0x4f, 0xff, 0x0,
    0x0, 0x0, 0x0, 0x0, 0x4f, 0xff, 0x0, 0x0,
    0x0, 0x0, 0x0, 0x4f, 0xff, 0x0, 0x0, 0x0,
    0x0, 0x0, 0x4f, 0xff, 0x0, 0x0, 0x0, 0x0,
    0x0, 0x4f, 0xff, 0x0, 0x0, 0x0, 0x0, 0x0,
    0x4f, 0xff, 0x0, 0x0, 0x0, 0x0, 0x0, 0x4f,
    0xff, 0xff, 0xff, 0xff, 0xf8, 0x0, 0x4f, 0xff,
    0xff, 0xff, 0xff, 0xf8, 0x0, 0x4f, 0xff, 0xcc,
    0xcc, 0xcc, 0xc6, 0x0, 0x4f, 0xff, 0x0, 0x0,
    0x0, 0x0, 0x0, 0x4f, 0xff, 0x0, 0x0, 0x0,
    0x0, 0x0, 0x4f, 0xff, 0x0, 0x0, 0x0, 0x0,
    0x0, 0x4f, 0xff, 0x0, 0x0, 0x0, 0x0, 0x0,
    0x4f, 0xff, 0x0, 0x0, 0x0, 0x0, 0x0, 0x4f,
    0xff, 0x0, 0x0, 0x0, 0x0, 0x0, 0x4f, 0xff,
    0xdd, 0xdd, 0xdd, 0xdd, 0xd2, 0x4f, 0xff, 0xff,
    0xff, 0xff, 0xff, 0xf3, 0x4f, 0xff, 0xff, 0xff,
    0xff, 0xff, 0xf3,

    /* U+0046 "F" */
    0x4f, 0xff, 0xff, 0xff, 0xff, 0xff, 0xe4, 0xff,
    0xff, 0xff, 0xff, 0xff, 0xfe, 0x4f, 0xff, 0xcc,
    0xcc, 0xcc, 0xcc, 0xb4, 0xff, 0xf0, 0x0, 0x0,
    0x0, 0x0, 0x4f, 0xff, 0x0, 0x0, 0x0, 0x0,
    0x4, 0xff, 0xf0, 0x0, 0x0, 0x0, 0x0, 0x4f,
    0xff, 0x0, 0x0, 0x0, 0x0, 0x4, 0xff, 0xf0,
    0x0, 0x0, 0x0, 0x0, 0x4f, 0xff, 0x0, 0x0,
    0x0, 0x0, 0x4, 0xff, 0xfc, 0xcc, 0xcc, 0xcc,
    0x70, 0x4f, 0xff, 0xff, 0xff, 0xff, 0xf9, 0x4,
    0xff, 0xff, 0xff, 0xff, 0xff, 0x90, 0x4f, 0xff,
    0x0, 0x0, 0x0, 0x0, 0x4, 0xff, 0xf0, 0x0,
    0x0, 0x0, 0x0, 0x4f, 0xff, 0x0, 0x0, 0x0,
    0x0, 0x4, 0xff, 0xf0, 0x0, 0x0, 0x0, 0x0,
    0x4f, 0xff, 0x0, 0x0, 0x0, 0x0, 0x4, 0xff,
    0xf0, 0x0, 0x0, 0x0, 0x0, 0x4f, 0xff, 0x0,
    0x0, 0x0, 0x0, 0x4, 0xff, 0xf0, 0x0, 0x0,
    0x0, 0x0, 0x4f, 0xff, 0x0, 0x0, 0x0, 0x0,
    0x0,

    /* U+0047 "G" */
    0x0, 0x0, 0x0, 0x5a, 0xdf, 0xfe, 0xb5, 0x0,
    0x0, 0x0, 0x3, 0xdf, 0xff, 0xff, 0xff, 0xfc,
    0x20, 0x0, 0x5, 0xff, 0xff, 0xfe, 0xef, 0xff,
    0xff, 0x10, 0x4, 0xff, 0xff, 0x81, 0x0, 0x3,
    0xbf, 0x80, 0x0, 0xef, 0xfe, 0x20, 0x0, 0x0,
    0x0, 0x40, 0x0, 0x6f, 0xff, 0x40, 0x0, 0x0,
    0x0, 0x0, 0x0, 0xd, 0xff, 0xb0, 0x0, 0x0,
    0x0, 0x0, 0x0, 0x1, 0xff, 0xf5, 0x0, 0x0,
    0x0, 0x0, 0x0, 0x0, 0x4f, 0xff, 0x10, 0x0,
    0x0, 0x0, 0x0, 0x0, 0x6, 0xff, 0xf0, 0x0,
    0x0, 0x4b, 0xbb, 0xbb, 0xb7, 0x6f, 0xfe, 0x0,
    0x0, 0x6, 0xff, 0xff, 0xff, 0xa6, 0xff, 0xf0,
    0x0, 0x0, 0x6f, 0xff, 0xff, 0xfa, 0x5f, 0xff,
    0x10, 0x0, 0x0, 0x0, 0x5, 0xff, 0xa2, 0xff,
    0xf5, 0x0, 0x0, 0x0, 0x0, 0x5f, 0xfa, 0xe,
    0xff, 0xa0, 0x0, 0x0, 0x0, 0x5, 0xff, 0xa0,
    0x8f, 0xff, 0x30, 0x0, 0x0, 0x0, 0x5f, 0xfa,
    0x1, 0xef, 0xfe, 0x20, 0x0, 0x0, 0x5, 0xff,
    0xa0, 0x5, 0xff, 0xff, 0x82, 0x0, 0x4, 0xcf,
    0xfa, 0x0, 0x7, 0xff, 0xff, 0xff, 0xef, 0xff,
    0xff, 0x80, 0x0, 0x4, 0xef, 0xff, 0xff, 0xff,
    0xff, 0x70, 0x0, 0x0, 0x0, 0x5a, 0xdf, 0xfe,
    0xb7, 0x10, 0x0,

    /* U+0048 "H" */
    0x4f, 0xff, 0x0, 0x0, 0x0, 0x0, 0x3f, 0xff,
    0x4, 0xff, 0xf0, 0x0, 0x0, 0x0, 0x3, 0xff,
    0xf0, 0x4f, 0xff, 0x0, 0x0, 0x0, 0x0, 0x3f,
    0xff, 0x4, 0xff, 0xf0, 0x0, 0x0, 0x0, 0x3,
    0xff, 0xf0, 0x4f, 0xff, 0x0, 0x0, 0x0, 0x0,
    0x3f, 0xff, 0x4, 0xff, 0xf0, 0x0, 0x0, 0x0,
    0x3, 0xff, 0xf0, 0x4f, 0xff, 0x0, 0x0, 0x0,
    0x0, 0x3f, 0xff, 0x4, 0xff, 0xf0, 0x0, 0x0,
    0x0, 0x3, 0xff, 0xf0, 0x4f, 0xff, 0x0, 0x0,
    0x0, 0x0, 0x3f, 0xff, 0x4, 0xff, 0xff, 0xff,
    0xff, 0xff, 0xff, 0xff, 0xf0, 0x4f, 0xff, 0xff,
    0xff, 0xff, 0xff, 0xff, 0xff, 0x4, 0xff, 0xfd,
    0xdd, 0xdd, 0xdd, 0xde, 0xff, 0xf0, 0x4f, 0xff,
    0x0, 0x0, 0x0, 0x0, 0x3f, 0xff, 0x4, 0xff,
    0xf0, 0x0, 0x0, 0x0, 0x3, 0xff, 0xf0, 0x4f,
    0xff, 0x0, 0x0, 0x0, 0x0, 0x3f, 0xff, 0x4,
    0xff, 0xf0, 0x0, 0x0, 0x0, 0x3, 0xff, 0xf0,
    0x4f, 0xff, 0x0, 0x0, 0x0, 0x0, 0x3f, 0xff,
    0x4, 0xff, 0xf0, 0x0, 0x0, 0x0, 0x3, 0xff,
    0xf0, 0x4f, 0xff, 0x0, 0x0, 0x0, 0x0, 0x3f,
    0xff, 0x4, 0xff, 0xf0, 0x0, 0x0, 0x0, 0x3,
    0xff, 0xf0, 0x4f, 0xff, 0x0, 0x0, 0x0, 0x0,
    0x3f, 0xff, 0x0,

    /* U+0049 "I" */
    0x4f, 0xff, 0x4f, 0xff, 0x4f, 0xff, 0x4f, 0xff,
    0x4f, 0xff, 0x4f, 0xff, 0x4f, 0xff, 0x4f, 0xff,
    0x4f, 0xff, 0x4f, 0xff, 0x4f, 0xff, 0x4f, 0xff,
    0x4f, 0xff, 0x4f, 0xff, 0x4f, 0xff, 0x4f, 0xff,
    0x4f, 0xff, 0x4f, 0xff, 0x4f, 0xff, 0x4f, 0xff,
    0x4f, 0xff,

    /* U+004A "J" */
    0x0, 0x0, 0x0, 0x0, 0x7, 0xff, 0xc0, 0x0,
    0x0, 0x0, 0x0, 0x7f, 0xfc, 0x0, 0x0, 0x0,
    0x0, 0x7, 0xff, 0xc0, 0x0, 0x0, 0x0, 0x0,
    0x7f, 0xfc, 0x0, 0x0, 0x0, 0x0, 0x7, 0xff,
    0xc0, 0x0, 0x0, 0x0, 0x0, 0x7f, 0xfc, 0x0,
    0x0, 0x0, 0x0, 0x7, 0xff, 0xc0, 0x0, 0x0,
    0x0, 0x0, 0x7f, 0xfc, 0x0, 0x0, 0x0, 0x0,
    0x7, 0xff, 0xc0, 0x0, 0x0, 0x0, 0x0, 0x7f,
    0xfc, 0x0, 0x0, 0x0, 0x0, 0x7, 0xff, 0xc0,
    0x0, 0x0, 0x0, 0x0, 0x7f, 0xfc, 0x0, 0x0,
    0x0, 0x0, 0x7, 0xff, 0xc0, 0x0, 0x0, 0x0,
    0x0, 0x7f, 0xfc, 0x0, 0x0, 0x0, 0x0, 0x8,
    0xff, 0xc0, 0x0, 0x0, 0x0, 0x0, 0x9f, 0xfb,
    0x1, 0xa8, 0x0, 0x0, 0xd, 0xff, 0x80, 0xef,
    0xf8, 0x0, 0x19, 0xff, 0xf3, 0x8, 0xff, 0xff,
    0xef, 0xff, 0xfb, 0x0, 0x8, 0xff, 0xff, 0xff,
    0xfd, 0x10, 0x0, 0x3, 0xae, 0xff, 0xd7, 0x0,
    0x0,

    /* U+004B "K" */
    0x4f, 0xff, 0x0, 0x0, 0x0, 0x8, 0xff, 0xf2,
    0x4, 0xff, 0xf0, 0x0, 0x0, 0x5, 0xff, 0xf5,
    0x0, 0x4f, 0xff, 0x0, 0x0, 0x2, 0xff, 0xf8,
    0x0, 0x4, 0xff, 0xf0, 0x0, 0x0, 0xdf, 0xfc,
    0x0, 0x0, 0x4f, 0xff, 0x0, 0x0, 0xaf, 0xfe,
    0x10, 0x0, 0x4, 0xff, 0xf0, 0x0, 0x7f, 0xff,
    0x30, 0x0, 0x0, 0x4f, 0xff, 0x0, 0x4f, 0xff,
    0x60, 0x0, 0x0, 0x4, 0xff, 0xf0, 0x1e, 0xff,
    0x90, 0x0, 0x0, 0x0, 0x4f, 0xff, 0xc, 0xff,
    0xf5, 0x0, 0x0, 0x0, 0x4, 0xff, 0xf9, 0xff,
    0xff, 0xd0, 0x0, 0x0, 0x0, 0x4f, 0xff, 0xff,
    0xff, 0xff, 0x70, 0x0, 0x0, 0x4, 0xff, 0xff,
    0xf8, 0x6f, 0xff, 0x10, 0x0, 0x0, 0x4f, 0xff,
    0xfb, 0x0, 0xdf, 0xfa, 0x0, 0x0, 0x4, 0xff,
    0xfd, 0x10, 0x4, 0xff, 0xf3, 0x0, 0x0, 0x4f,
    0xff, 0x20, 0x0, 0xb, 0xff, 0xc0, 0x0, 0x4,
    0xff, 0xf0, 0x0, 0x0, 0x2f, 0xff, 0x60, 0x0,
    0x4f, 0xff, 0x0, 0x0, 0x0, 0x9f, 0xfe, 0x0,
    0x4, 0xff, 0xf0, 0x0, 0x0, 0x1, 0xff, 0xf8,
    0x0, 0x4f, 0xff, 0x0, 0x0, 0x0, 0x7, 0xff,
    0xf2, 0x4, 0xff, 0xf0, 0x0, 0x0, 0x0, 0xd,
    0xff, 0xb0, 0x4f, 0xff, 0x0, 0x0, 0x0, 0x0,
    0x5f, 0xff, 0x40,

    /* U+004C "L" */
    0x4f, 0xff, 0x0, 0x0, 0x0, 0x0, 0x4, 0xff,
    0xf0, 0x0, 0x0, 0x0, 0x0, 0x4f, 0xff, 0x0,
    0x0, 0x0, 0x0, 0x4, 0xff, 0xf0, 0x0, 0x0,
    0x0, 0x0, 0x4f, 0xff, 0x0, 0x0, 0x0, 0x0,
    0x4, 0xff, 0xf0, 0x0, 0x0, 0x0, 0x0, 0x4f,
    0xff, 0x0, 0x0, 0x0, 0x0, 0x4, 0xff, 0xf0,
    0x0, 0x0, 0x0, 0x0, 0x4f, 0xff, 0x0, 0x0,
    0x0, 0x0, 0x4, 0xff, 0xf0, 0x0, 0x0, 0x0,
    0x0, 0x4f, 0xff, 0x0, 0x0, 0x0, 0x0, 0x4,
    0xff, 0xf0, 0x0, 0x0, 0x0, 0x0, 0x4f, 0xff,
    0x0, 0x0, 0x0, 0x0, 0x4, 0xff, 0xf0, 0x0,
    0x0, 0x0, 0x0, 0x4f, 0xff, 0x0, 0x0, 0x0,
    0x0, 0x4, 0xff, 0xf0, 0x0, 0x0, 0x0, 0x0,
    0x4f, 0xff, 0x0, 0x0, 0x0, 0x0, 0x4, 0xff,
    0xf0, 0x0, 0x0, 0x0, 0x0, 0x4f, 0xff, 0xdd,
    0xdd, 0xdd, 0xdd, 0x94, 0xff, 0xff, 0xff, 0xff,
    0xff, 0xfb, 0x4f, 0xff, 0xff, 0xff, 0xff, 0xff,
    0xb0,

    /* U+004D "M" */
    0x4f, 0xff, 0xa0, 0x0, 0x0, 0x0, 0x0, 0x6f,
    0xff, 0x84, 0xff, 0xff, 0x0, 0x0, 0x0, 0x0,
    0xc, 0xff, 0xf8, 0x4f, 0xff, 0xf5, 0x0, 0x0,
    0x0, 0x1, 0xff, 0xff, 0x84, 0xff, 0xff, 0xb0,
    0x0, 0x0, 0x0, 0x7f, 0xff, 0xf8, 0x4f, 0xfd,
    0xff, 0x10, 0x0, 0x0, 0xc, 0xfc, 0xff, 0x84,
    0xff, 0x9f, 0xf6, 0x0, 0x0, 0x2, 0xff, 0x8f,
    0xf8, 0x4f, 0xf7, 0xdf, 0xc0, 0x0, 0x0, 0x7f,
    0xf5, 0xff, 0x84, 0xff, 0x88, 0xff, 0x10, 0x0,
    0xd, 0xfb, 0x5f, 0xf8, 0x4f, 0xf9, 0x3f, 0xf7,
    0x0, 0x2, 0xff, 0x56, 0xff, 0x84, 0xff, 0xa0,
    0xdf, 0xd0, 0x0, 0x8f, 0xf0, 0x7f, 0xf8, 0x4f,
    0xfa, 0x7, 0xff, 0x20, 0xd, 0xfa, 0x7, 0xff,
    0x84, 0xff, 0xa0, 0x1f, 0xf8, 0x3, 0xff, 0x40,
    0x7f, 0xf8, 0x4f, 0xfa, 0x0, 0xcf, 0xd0, 0x8f,
    0xe0, 0x7, 0xff, 0x84, 0xff, 0xa0, 0x6, 0xff,
    0x2d, 0xf8, 0x0, 0x7f, 0xf8, 0x4f, 0xfa, 0x0,
    0x1f, 0xfa, 0xff, 0x30, 0x7, 0xff, 0x84, 0xff,
    0xa0, 0x0, 0xaf, 0xff, 0xd0, 0x0, 0x7f, 0xf8,
    0x4f, 0xfa, 0x0, 0x5, 0xff, 0xf7, 0x0, 0x7,
    0xff, 0x84, 0xff, 0xa0, 0x0, 0xe, 0xff, 0x20,
    0x0, 0x7f, 0xf8, 0x4f, 0xfa, 0x0, 0x0, 0x9f,
    0xb0, 0x0, 0x7, 0xff, 0x84, 0xff, 0xa0, 0x0,
    0x0, 0x0, 0x0, 0x0, 0x7f, 0xf8, 0x4f, 0xfa,
    0x0, 0x0, 0x0, 0x0, 0x0, 0x7, 0xff, 0x80,

    /* U+004E "N" */
    0x4f, 0xff, 0x50, 0x0, 0x0, 0x0, 0x4f, 0xfd,
    0x4f, 0xff, 0xd0, 0x0, 0x0, 0x0, 0x4f, 0xfd,
    0x4f, 0xff, 0xf6, 0x0, 0x0, 0x0, 0x4f, 0xfd,
    0x4f, 0xff, 0xfe, 0x10, 0x0, 0x0, 0x4f, 0xfd,
    0x4f, 0xfc, 0xff, 0x80, 0x0, 0x0, 0x4f, 0xfd,
    0x4f, 0xf8, 0xdf, 0xf1, 0x0, 0x0, 0x4f, 0xfd,
    0x4f, 0xf9, 0x6f, 0xfa, 0x0, 0x0, 0x4f, 0xfd,
    0x4f, 0xfa, 0xd, 0xff, 0x30, 0x0, 0x4f, 0xfd,
    0x4f, 0xfb, 0x6, 0xff, 0xc0, 0x0, 0x4f, 0xfd,
    0x4f, 0xfc, 0x0, 0xdf, 0xf4, 0x0, 0x4f, 0xfd,
    0x4f, 0xfc, 0x0, 0x4f, 0xfd, 0x0, 0x4f, 0xfd,
    0x4f, 0xfc, 0x0, 0xb, 0xff, 0x60, 0x3f, 0xfd,
    0x4f, 0xfc, 0x0, 0x3, 0xff, 0xe0, 0x2f, 0xfd,
    0x4f, 0xfc, 0x0, 0x0, 0xaf, 0xf7, 0x1f, 0xfd,
    0x4f, 0xfc, 0x0, 0x0, 0x1f, 0xfe, 0xf, 0xfd,
    0x4f, 0xfc, 0x0, 0x0, 0x8, 0xff, 0x6f, 0xfd,
    0x4f, 0xfc, 0x0, 0x0, 0x0, 0xef, 0xee, 0xfd,
    0x4f, 0xfc, 0x0, 0x0, 0x0, 0x6f, 0xff, 0xfd,
    0x4f, 0xfc, 0x0, 0x0, 0x0, 0xd, 0xff, 0xfd,
    0x4f, 0xfc, 0x0, 0x0, 0x0, 0x5, 0xff, 0xfd,
    0x4f, 0xfc, 0x0, 0x0, 0x0, 0x0, 0xcf, 0xfd,

    /* U+004F "O" */
    0x0, 0x0, 0x1, 0x8c, 0xff, 0xfc, 0x82, 0x0,
    0x0, 0x0, 0x0, 0x7, 0xff, 0xff, 0xff, 0xff,
    0xf9, 0x0, 0x0, 0x0, 0xa, 0xff, 0xff, 0xfe,
    0xff, 0xff, 0xfb, 0x0, 0x0, 0x7, 0xff, 0xfd,
    0x40, 0x0, 0x3c, 0xff, 0xf9, 0x0, 0x2, 0xff,
    0xfc, 0x0, 0x0, 0x0, 0xa, 0xff, 0xf3, 0x0,
    0x9f, 0xff, 0x10, 0x0, 0x0, 0x0, 0xe, 0xff,
    0xa0, 0xe, 0xff, 0x90, 0x0, 0x0, 0x0, 0x0,
    0x7f, 0xff, 0x2, 0xff, 0xf4, 0x0, 0x0, 0x0,
    0x0, 0x2, 0xff, 0xf4, 0x5f, 0xff, 0x10, 0x0,
    0x0, 0x0, 0x0, 0xe, 0xff, 0x66, 0xff, 0xf0,
    0x0, 0x0, 0x0, 0x0, 0x0, 0xdf, 0xf8, 0x6f,
    0xfe, 0x0, 0x0, 0x0, 0x0, 0x0, 0xc, 0xff,
    0x86, 0xff, 0xf0, 0x0, 0x0, 0x0, 0x0, 0x0,
    0xdf, 0xf8, 0x4f, 0xff, 0x10, 0x0, 0x0, 0x0,
    0x0, 0xf, 0xff, 0x62, 0xff, 0xf4, 0x0, 0x0,
    0x0, 0x0, 0x2, 0xff, 0xf3, 0xe, 0xff, 0xa0,
    0x0, 0x0, 0x0, 0x0, 0x8f, 0xff, 0x0, 0x8f,
    0xff, 0x20, 0x0, 0x0, 0x0, 0x1e, 0xff, 0xa0,
    0x1, 0xff, 0xfc, 0x10, 0x0, 0x0, 0xb, 0xff,
    0xf2, 0x0, 0x6, 0xff, 0xfd, 0x50, 0x0, 0x4c,
    0xff, 0xf8, 0x0, 0x0, 0x9, 0xff, 0xff, 0xfe,
    0xff, 0xff, 0xfb, 0x0, 0x0, 0x0, 0x6, 0xff,
    0xff, 0xff, 0xff, 0xf8, 0x0, 0x0, 0x0, 0x0,
    0x1, 0x7c, 0xef, 0xfc, 0x82, 0x0, 0x0, 0x0,

    /* U+0050 "P" */
    0x4f, 0xff, 0xff, 0xff, 0xec, 0x83, 0x0, 0x4,
    0xff, 0xff, 0xff, 0xff, 0xff, 0xfa, 0x0, 0x4f,
    0xff, 0xaa, 0xab, 0xdf, 0xff, 0xfb, 0x4, 0xff,
    0xf0, 0x0, 0x0, 0x19, 0xff, 0xf5, 0x4f, 0xff,
    0x0, 0x0, 0x0, 0xb, 0xff, 0xa4, 0xff, 0xf0,
    0x0, 0x0, 0x0, 0x7f, 0xfd, 0x4f, 0xff, 0x0,
    0x0, 0x0, 0x6, 0xff, 0xd4, 0xff, 0xf0, 0x0,
    0x0, 0x0, 0x7f, 0xfc, 0x4f, 0xff, 0x0, 0x0,
    0x0, 0xd, 0xff, 0x94, 0xff, 0xf0, 0x0, 0x0,
    0x2b, 0xff, 0xf2, 0x4f, 0xff, 0xaa, 0xab, 0xdf,
    0xff, 0xf8, 0x4, 0xff, 0xff, 0xff, 0xff, 0xff,
    0xf7, 0x0, 0x4f, 0xff, 0xff, 0xff, 0xec, 0x71,
    0x0, 0x4, 0xff, 0xf0, 0x0, 0x0, 0x0, 0x0,
    0x0, 0x4f, 0xff, 0x0, 0x0, 0x0, 0x0, 0x0,
    0x4, 0xff, 0xf0, 0x0, 0x0, 0x0, 0x0, 0x0,
    0x4f, 0xff, 0x0, 0x0, 0x0, 0x0, 0x0, 0x4,
    0xff, 0xf0, 0x0, 0x0, 0x0, 0x0, 0x0, 0x4f,
    0xff, 0x0, 0x0, 0x0, 0x0, 0x0, 0x4, 0xff,
    0xf0, 0x0, 0x0, 0x0, 0x0, 0x0, 0x4f, 0xff,
    0x0, 0x0, 0x0, 0x0, 0x0, 0x0,

    /* U+0051 "Q" */
    0x0, 0x0, 0x1, 0x8c, 0xff, 0xfc, 0x82, 0x0,
    0x0, 0x0, 0x0, 0x0, 0x7f, 0xff, 0xff, 0xff,
    0xff, 0x90, 0x0, 0x0, 0x0, 0xa, 0xff, 0xff,
    0xfe, 0xff, 0xff, 0xfb, 0x0, 0x0, 0x0, 0x7f,
    0xff, 0xd4, 0x0, 0x3, 0xcf, 0xff, 0x90, 0x0,
    0x2, 0xff, 0xfc, 0x0, 0x0, 0x0, 0xa, 0xff,
    0xf3, 0x0, 0x9, 0xff, 0xf1, 0x0, 0x0, 0x0,
    0x0, 0xef, 0xfa, 0x0, 0xe, 0xff, 0x90, 0x0,
    0x0, 0x0, 0x0, 0x7f, 0xff, 0x0, 0x2f, 0xff,
    0x40, 0x0, 0x0, 0x0, 0x0, 0x2f, 0xff, 0x40,
    0x5f, 0xff, 0x10, 0x0, 0x0, 0x0, 0x0, 0xe,
    0xff, 0x60, 0x6f, 0xff, 0x0, 0x0, 0x0, 0x0,
    0x0, 0xd, 0xff, 0x80, 0x6f, 0xfe, 0x0, 0x0,
    0x0, 0x0, 0x0, 0xc, 0xff, 0x80, 0x6f, 0xff,
    0x0, 0x0, 0x0, 0x0, 0x0, 0xd, 0xff, 0x80,
    0x4f, 0xff, 0x10, 0x0, 0x0, 0x0, 0x0, 0xf,
    0xff, 0x60, 0x2f, 0xff, 0x40, 0x0, 0x0, 0x0,
    0x0, 0x2f, 0xff, 0x30, 0xe, 0xff, 0x90, 0x0,
    0x0, 0x0, 0x0, 0x7f, 0xff, 0x0, 0x8, 0xff,
    0xf1, 0x0, 0x0, 0x0, 0x0, 0xef, 0xfa, 0x0,
    0x1, 0xff, 0xfb, 0x0, 0x0, 0x0, 0x9, 0xff,
    0xf2, 0x0, 0x0, 0x6f, 0xff, 0xc2, 0x0, 0x2,
    0xbf, 0xff, 0x80, 0x0, 0x0, 0x9, 0xff, 0xff,
    0xdc, 0xdf, 0xff, 0xfb, 0x0, 0x0, 0x0, 0x0,
    0x6f, 0xff, 0xff, 0xff, 0xff, 0x80, 0x0, 0x0,
    0x0, 0x0, 0x1, 0x7c, 0xff, 0xfe, 0x82, 0x0,
    0x0, 0x0, 0x0, 0x0, 0x0, 0x0, 0xaf, 0xfe,
    0x10, 0x0, 0x0, 0x0, 0x0, 0x0, 0x0, 0x0,
    0x1e, 0xff, 0xe5, 0x0, 0x0, 0x0, 0x0, 0x0,
    0x0, 0x0, 0x3, 0xff, 0xff, 0xfc, 0xbc, 0xb0,
    0x0, 0x0, 0x0, 0x0, 0x0, 0x3d, 0xff, 0xff,
    0xff, 0xf0, 0x0, 0x0, 0x0, 0x0, 0x0, 0x0,
    0x5a, 0xef, 0xfe, 0xa1,

    /* U+0052 "R" */
    0x4f, 0xff, 0xff, 0xff, 0xfd, 0xa4, 0x0, 0x0,
    0x4f, 0xff, 0xff, 0xff, 0xff, 0xff, 0xc1, 0x0,
    0x4f, 0xff, 0xaa, 0xab, 0xcf, 0xff, 0xfd, 0x0,
    0x4f, 0xff, 0x0, 0x0, 0x0, 0x7f, 0xff, 0x70,
    0x4f, 0xff, 0x0, 0x0, 0x0, 0xa, 0xff, 0xb0,
    0x4f, 0xff, 0x0, 0x0, 0x0, 0x5, 0xff, 0xd0,
    0x4f, 0xff, 0x0, 0x0, 0x0, 0x5, 0xff, 0xe0,
    0x4f, 0xff, 0x0, 0x0, 0x0, 0x8, 0xff, 0xc0,
    0x4f, 0xff, 0x0, 0x0, 0x0, 0x1e, 0xff, 0x80,
    0x4f, 0xff, 0x0, 0x0, 0x26, 0xef, 0xff, 0x20,
    0x4f, 0xff, 0xff, 0xff, 0xff, 0xff, 0xf5, 0x0,
    0x4f, 0xff, 0xff, 0xff, 0xff, 0xfd, 0x40, 0x0,
    0x4f, 0xff, 0xaa, 0xad, 0xff, 0xd0, 0x0, 0x0,
    0x4f, 0xff, 0x0, 0x3, 0xff, 0xf5, 0x0, 0x0,
    0x4f, 0xff, 0x0, 0x0, 0xaf, 0xfe, 0x0, 0x0,
    0x4f, 0xff, 0x0, 0x0, 0x1f, 0xff, 0x70, 0x0,
    0x4f, 0xff, 0x0, 0x0, 0x8, 0xff, 0xf1, 0x0,
    0x4f, 0xff, 0x0, 0x0, 0x0, 0xef, 0xfa, 0x0,
    0x4f, 0xff, 0x0, 0x0, 0x0, 0x6f, 0xff, 0x30,
    0x4f, 0xff, 0x0, 0x0, 0x0, 0xd, 0xff, 0xc0,
    0x4f, 0xff, 0x0, 0x0, 0x0, 0x4, 0xff, 0xf5,

    /* U+0053 "S" */
    0x0, 0x0, 0x4a, 0xef, 0xfd, 0x93, 0x0, 0x0,
    0x0, 0xbf, 0xff, 0xff, 0xff, 0xfb, 0x10, 0x0,
    0xcf, 0xff, 0xfe, 0xef, 0xff, 0xfe, 0x0, 0x5f,
    0xff, 0x81, 0x0, 0x6, 0xdf, 0x70, 0xb, 0xff,
    0xb0, 0x0, 0x0, 0x0, 0x60, 0x0, 0xcf, 0xf8,
    0x0, 0x0, 0x0, 0x0, 0x0, 0xb, 0xff, 0xc0,
    0x0, 0x0, 0x0, 0x0, 0x0, 0x7f, 0xff, 0xa1,
    0x0, 0x0, 0x0, 0x0, 0x0, 0xdf, 0xff, 0xfa,
    0x30, 0x0, 0x0, 0x0, 0x1, 0xcf, 0xff, 0xff,
    0xc6, 0x0, 0x0, 0x0, 0x0, 0x6d, 0xff, 0xff,
    0xfe, 0x50, 0x0, 0x0, 0x0, 0x4, 0xbf, 0xff,
    0xff, 0x70, 0x0, 0x0, 0x0, 0x0, 0x29, 0xff,
    0xff, 0x30, 0x0, 0x0, 0x0, 0x0, 0x3, 0xff,
    0xfa, 0x0, 0x0, 0x0, 0x0, 0x0, 0x9, 0xff,
    0xc0, 0x0, 0x0, 0x0, 0x0, 0x0, 0x8f, 0xfd,
    0x8, 0xd3, 0x0, 0x0, 0x0, 0xc, 0xff, 0xa5,
    0xff, 0xfa, 0x40, 0x0, 0x2b, 0xff, 0xf4, 0x3e,
    0xff, 0xff, 0xfe, 0xff, 0xff, 0xfa, 0x0, 0x1a,
    0xff, 0xff, 0xff, 0xff, 0xf9, 0x0, 0x0, 0x2,
    0x8c, 0xef, 0xfd, 0x92, 0x0, 0x0,

    /* U+0054 "T" */
    0x2f, 0xff, 0xff, 0xff, 0xff, 0xff, 0xff, 0xff,
    0x32, 0xff, 0xff, 0xff, 0xff, 0xff, 0xff, 0xff,
    0xf3, 0x1c, 0xcc, 0xcc, 0xcf, 0xff, 0xdc, 0xcc,
    0xcc, 0x20, 0x0, 0x0, 0x1, 0xff, 0xf3, 0x0,
    0x0, 0x0, 0x0, 0x0, 0x0, 0x1f, 0xff, 0x30,
    0x0, 0x0, 0x0, 0x0, 0x0, 0x1, 0xff, 0xf3,
    0x0, 0x0, 0x0, 0x0, 0x0, 0x0, 0x1f, 0xff,
    0x30, 0x0, 0x0, 0x0, 0x0, 0x0, 0x1, 0xff,
    0xf3, 0x0, 0x0, 0x0, 0x0, 0x0, 0x0, 0x1f,
    0xff, 0x30, 0x0, 0x0, 0x0, 0x0, 0x0, 0x1,
    0xff, 0xf3, 0x0, 0x0, 0x0, 0x0, 0x0, 0x0,
    0x1f, 0xff, 0x30, 0x0, 0x0, 0x0, 0x0, 0x0,
    0x1, 0xff, 0xf3, 0x0, 0x0, 0x0, 0x0, 0x0,
    0x0, 0x1f, 0xff, 0x30, 0x0, 0x0, 0x0, 0x0,
    0x0, 0x1, 0xff, 0xf3, 0x0, 0x0, 0x0, 0x0,
    0x0, 0x0, 0x1f, 0xff, 0x30, 0x0, 0x0, 0x0,
    0x0, 0x0, 0x1, 0xff, 0xf3, 0x0, 0x0, 0x0,
    0x0, 0x0, 0x0, 0x1f, 0xff, 0x30, 0x0, 0x0,
    0x0, 0x0, 0x0, 0x1, 0xff, 0xf3, 0x0, 0x0,
    0x0, 0x0, 0x0, 0x0, 0x1f, 0xff, 0x30, 0x0,
    0x0, 0x0, 0x0, 0x0, 0x1, 0xff, 0xf3, 0x0,
    0x0, 0x0, 0x0, 0x0, 0x0, 0x1f, 0xff, 0x30,
    0x0, 0x0, 0x0,

    /* U+0055 "U" */
    0x6f, 0xfd, 0x0, 0x0, 0x0, 0x0, 0x3f, 0xfe,
    0x6f, 0xfd, 0x0, 0x0, 0x0, 0x0, 0x3f, 0xfe,
    0x6f, 0xfd, 0x0, 0x0, 0x0, 0x0, 0x3f, 0xfe,
    0x6f, 0xfd, 0x0, 0x0, 0x0, 0x0, 0x3f, 0xfe,
    0x6f, 0xfd, 0x0, 0x0, 0x0, 0x0, 0x3f, 0xfe,
    0x6f, 0xfd, 0x0, 0x0, 0x0, 0x0, 0x3f, 0xfe,
    0x6f, 0xfd, 0x0, 0x0, 0x0, 0x0, 0x3f, 0xfe,
    0x6f, 0xfd, 0x0, 0x0, 0x0, 0x0, 0x3f, 0xfe,
    0x6f, 0xfd, 0x0, 0x0, 0x0, 0x0, 0x3f, 0xfe,
    0x6f, 0xfd, 0x0, 0x0, 0x0, 0x0, 0x3f, 0xfe,
    0x6f, 0xfd, 0x0, 0x0, 0x0, 0x0, 0x3f, 0xfe,
    0x6f, 0xfd, 0x0, 0x0, 0x0, 0x0, 0x3f, 0xfe,
    0x5f, 0xfe, 0x0, 0x0, 0x0, 0x0, 0x3f, 0xfe,
    0x5f, 0xff, 0x0, 0x0, 0x0, 0x0, 0x4f, 0xfd,
    0x3f, 0xff, 0x10, 0x0, 0x0, 0x0, 0x7f, 0xfb,
    0xf, 0xff, 0x60, 0x0, 0x0, 0x0, 0xcf, 0xf8,
    0xa, 0xff, 0xe0, 0x0, 0x0, 0x5, 0xff, 0xf3,
    0x3, 0xff, 0xfc, 0x30, 0x0, 0x6f, 0xff, 0xc0,
    0x0, 0x9f, 0xff, 0xff, 0xef, 0xff, 0xff, 0x20,
    0x0, 0x9, 0xff, 0xff, 0xff, 0xff, 0xe3, 0x0,
    0x0, 0x0, 0x39, 0xdf, 0xfe, 0xc7, 0x0, 0x0,

    /* U+0056 "V" */
    0xe, 0xff, 0x80, 0x0, 0x0, 0x0, 0x0, 0xcf,
    0xf9, 0x9, 0xff, 0xd0, 0x0, 0x0, 0x0, 0x0,
    0xff, 0xf4, 0x4, 0xff, 0xf1, 0x0, 0x0, 0x0,
    0x4, 0xff, 0xe0, 0x0, 0xff, 0xf5, 0x0, 0x0,
    0x0, 0x9, 0xff, 0xa0, 0x0, 0xaf, 0xfa, 0x0,
    0x0, 0x0, 0xd, 0xff, 0x50, 0x0, 0x5f, 0xfe,
    0x0, 0x0, 0x0, 0x2f, 0xff, 0x0, 0x0, 0x1f,
    0xff, 0x30, 0x0, 0x0, 0x6f, 0xfb, 0x0, 0x0,
    0xc, 0xff, 0x70, 0x0, 0x0, 0xbf, 0xf6, 0x0,
    0x0, 0x7, 0xff, 0xc0, 0x0, 0x0, 0xff, 0xf1,
    0x0, 0x0, 0x2, 0xff, 0xf1, 0x0, 0x4, 0xff,
    0xc0, 0x0, 0x0, 0x0, 0xdf, 0xf5, 0x0, 0x8,
    0xff, 0x70, 0x0, 0x0, 0x0, 0x8f, 0xf9, 0x0,
    0xd, 0xff, 0x20, 0x0, 0x0, 0x0, 0x3f, 0xfe,
    0x0, 0x1f, 0xfd, 0x0, 0x0, 0x0, 0x0, 0xe,
    0xff, 0x20, 0x5f, 0xf8, 0x0, 0x0, 0x0, 0x0,
    0x9, 0xff, 0x60, 0xaf, 0xf4, 0x0, 0x0, 0x0,
    0x0, 0x4, 0xff, 0xb0, 0xef, 0xe0, 0x0, 0x0,
    0x0, 0x0, 0x0, 0xff, 0xf3, 0xff, 0xa0, 0x0,
    0x0, 0x0, 0x0, 0x0, 0xaf, 0xfb, 0xff, 0x50,
    0x0, 0x0, 0x0, 0x0, 0x0, 0x5f, 0xff, 0xff,
    0x0, 0x0, 0x0, 0x0, 0x0, 0x0, 0x1f, 0xff,
    0xfb, 0x0, 0x0, 0x0, 0x0, 0x0, 0x0, 0xb,
    0xff, 0xf6, 0x0, 0x0, 0x0,

    /* U+0057 "W" */
    0x4f, 0xff, 0x0, 0x0, 0x0, 0xf, 0xff, 0x30,
    0x0, 0x0, 0xd, 0xff, 0x41, 0xff, 0xf3, 0x0,
    0x0, 0x3, 0xff, 0xf6, 0x0, 0x0, 0x0, 0xff,
    0xf1, 0xd, 0xff, 0x60, 0x0, 0x0, 0x6f, 0xff,
    0xa0, 0x0, 0x0, 0x3f, 0xfe, 0x0, 0xaf, 0xf9,
    0x0, 0x0, 0xa, 0xff, 0xfe, 0x0, 0x0, 0x6,
    0xff, 0xa0, 0x7, 0xff, 0xc0, 0x0, 0x0, 0xef,
    0xef, 0xf2, 0x0, 0x0, 0x8f, 0xf7, 0x0, 0x4f,
    0xff, 0x0, 0x0, 0x2f, 0xf8, 0xff, 0x60, 0x0,
    0xb, 0xff, 0x40, 0x1, 0xff, 0xf1, 0x0, 0x6,
    0xff, 0x2f, 0xfa, 0x0, 0x0, 0xef, 0xf1, 0x0,
    0xd, 0xff, 0x40, 0x0, 0xaf, 0xd0, 0xdf, 0xe0,
    0x0, 0x1f, 0xfe, 0x0, 0x0, 0xaf, 0xf7, 0x0,
    0xe, 0xfa, 0xa, 0xff, 0x20, 0x4, 0xff, 0xb0,
    0x0, 0x7, 0xff, 0xa0, 0x1, 0xff, 0x70, 0x6f,
    0xf6, 0x0, 0x7f, 0xf8, 0x0, 0x0, 0x4f, 0xfd,
    0x0, 0x5f, 0xf3, 0x3, 0xff, 0x90, 0xa, 0xff,
    0x50, 0x0, 0x1, 0xff, 0xf0, 0x9, 0xff, 0x0,
    0xf, 0xfd, 0x0, 0xcf, 0xf2, 0x0, 0x0, 0xe,
    0xff, 0x20, 0xcf, 0xb0, 0x0, 0xbf, 0xf0, 0xf,
    0xff, 0x0, 0x0, 0x0, 0xaf, 0xf5, 0xf, 0xf8,
    0x0, 0x7, 0xff, 0x41, 0xff, 0xb0, 0x0, 0x0,
    0x7, 0xff, 0x83, 0xff, 0x40, 0x0, 0x3f, 0xf7,
    0x3f, 0xf8, 0x0, 0x0, 0x0, 0x4f, 0xfa, 0x6f,
    0xf0, 0x0, 0x0, 0xff, 0xa6, 0xff, 0x50, 0x0,
    0x0, 0x1, 0xff, 0xda, 0xfd, 0x0, 0x0, 0xc,
    0xfd, 0x9f, 0xf2, 0x0, 0x0, 0x0, 0xe, 0xff,
    0xdf, 0x90, 0x0, 0x0, 0x8f, 0xfd, 0xff, 0x0,
    0x0, 0x0, 0x0, 0xaf, 0xff, 0xf5, 0x0, 0x0,
    0x4, 0xff, 0xff, 0xc0, 0x0, 0x0, 0x0, 0x7,
    0xff, 0xff, 0x10, 0x0, 0x0, 0x1f, 0xff, 0xf9,
    0x0, 0x0, 0x0, 0x0, 0x4f, 0xff, 0xe0, 0x0,
    0x0, 0x0, 0xdf, 0xff, 0x60, 0x0, 0x0,

    /* U+0058 "X" */
    0xe, 0xff, 0xa0, 0x0, 0x0, 0x0, 0xcf, 0xf9,
    0x0, 0x5f, 0xff, 0x30, 0x0, 0x0, 0x4f, 0xff,
    0x10, 0x0, 0xdf, 0xfb, 0x0, 0x0, 0xc, 0xff,
    0x80, 0x0, 0x4, 0xff, 0xf3, 0x0, 0x4, 0xff,
    0xe1, 0x0, 0x0, 0xb, 0xff, 0xb0, 0x0, 0xcf,
    0xf7, 0x0, 0x0, 0x0, 0x3f, 0xff, 0x30, 0x3f,
    0xfe, 0x0, 0x0, 0x0, 0x0, 0xaf, 0xfb, 0xa,
    0xff, 0x60, 0x0, 0x0, 0x0, 0x2, 0xff, 0xf5,
    0xff, 0xd0, 0x0, 0x0, 0x0, 0x0, 0x8, 0xff,
    0xff, 0xf5, 0x0, 0x0, 0x0, 0x0, 0x0, 0x1e,
    0xff, 0xfc, 0x0, 0x0, 0x0, 0x0, 0x0, 0x0,
    0xdf, 0xff, 0x80, 0x0, 0x0, 0x0, 0x0, 0x0,
    0x5f, 0xff, 0xff, 0x10, 0x0, 0x0, 0x0, 0x0,
    0xe, 0xff, 0xcf, 0xf9, 0x0, 0x0, 0x0, 0x0,
    0x7, 0xff, 0x93, 0xff, 0xf2, 0x0, 0x0, 0x0,
    0x1, 0xef, 0xf2, 0xb, 0xff, 0xa0, 0x0, 0x0,
    0x0, 0x8f, 0xfa, 0x0, 0x3f, 0xff, 0x30, 0x0,
    0x0, 0x1f, 0xff, 0x20, 0x0, 0xbf, 0xfc, 0x0,
    0x0, 0xa, 0xff, 0xa0, 0x0, 0x2, 0xff, 0xf5,
    0x0, 0x3, 0xff, 0xf2, 0x0, 0x0, 0xa, 0xff,
    0xd0, 0x0, 0xbf, 0xfa, 0x0, 0x0, 0x0, 0x2f,
    0xff, 0x70, 0x4f, 0xff, 0x20, 0x0, 0x0, 0x0,
    0x9f, 0xfe, 0x10,

    /* U+0059 "Y" */
    0xd, 0xff, 0x90, 0x0, 0x0, 0x0, 0x1f, 0xff,
    0x50, 0x5f, 0xff, 0x10, 0x0, 0x0, 0x7, 0xff,
    0xd0, 0x0, 0xef, 0xf7, 0x0, 0x0, 0x0, 0xef,
    0xf6, 0x0, 0x6, 0xff, 0xd0, 0x0, 0x0, 0x5f,
    0xfe, 0x0, 0x0, 0xe, 0xff, 0x40, 0x0, 0xc,
    0xff, 0x60, 0x0, 0x0, 0x7f, 0xfb, 0x0, 0x3,
    0xff, 0xe0, 0x0, 0x0, 0x1, 0xff, 0xf2, 0x0,
    0x9f, 0xf7, 0x0, 0x0, 0x0, 0x8, 0xff, 0x80,
    0x1f, 0xff, 0x10, 0x0, 0x0, 0x0, 0x1f, 0xfe,
    0x7, 0xff, 0x80, 0x0, 0x0, 0x0, 0x0, 0x9f,
    0xf6, 0xdf, 0xf1, 0x0, 0x0, 0x0, 0x0, 0x2,
    0xff, 0xff, 0xf9, 0x0, 0x0, 0x0, 0x0, 0x0,
    0xa, 0xff, 0xff, 0x20, 0x0, 0x0, 0x0, 0x0,
    0x0, 0x2f, 0xff, 0xa0, 0x0, 0x0, 0x0, 0x0,
    0x0, 0x0, 0xef, 0xf5, 0x0, 0x0, 0x0, 0x0,
    0x0, 0x0, 0xe, 0xff, 0x50, 0x0, 0x0, 0x0,
    0x0, 0x0, 0x0, 0xef, 0xf5, 0x0, 0x0, 0x0,
    0x0, 0x0, 0x0, 0xe, 0xff, 0x50, 0x0, 0x0,
    0x0, 0x0, 0x0, 0x0, 0xef, 0xf5, 0x0, 0x0,
    0x0, 0x0, 0x0, 0x0, 0xe, 0xff, 0x50, 0x0,
    0x0, 0x0, 0x0, 0x0, 0x0, 0xef, 0xf5, 0x0,
    0x0, 0x0, 0x0, 0x0, 0x0, 0xe, 0xff, 0x50,
    0x0, 0x0, 0x0,

    /* U+005A "Z" */
    0xb, 0xff, 0xff, 0xff, 0xff, 0xff, 0xff, 0xa0,
    0xbf, 0xff, 0xff, 0xff, 0xff, 0xff, 0xfa, 0x9,
    0xcc, 0xcc, 0xcc, 0xcc, 0xef, 0xff, 0x50, 0x0,
    0x0, 0x0, 0x0, 0xd, 0xff, 0xb0, 0x0, 0x0,
    0x0, 0x0, 0x7, 0xff, 0xf1, 0x0, 0x0, 0x0,
    0x0, 0x2, 0xff, 0xf6, 0x0, 0x0, 0x0, 0x0,
    0x0, 0xbf, 0xfc, 0x0, 0x0, 0x0, 0x0, 0x0,
    0x6f, 0xff, 0x20, 0x0, 0x0, 0x0, 0x0, 0x1e,
    0xff, 0x80, 0x0, 0x0, 0x0, 0x0, 0xa, 0xff,
    0xd0, 0x0, 0x0, 0x0, 0x0, 0x4, 0xff, 0xf3,
    0x0, 0x0, 0x0, 0x0, 0x0, 0xdf, 0xf9, 0x0,
    0x0, 0x0, 0x0, 0x0, 0x8f, 0xfe, 0x10, 0x0,
    0x0, 0x0, 0x0, 0x3f, 0xff, 0x50, 0x0, 0x0,
    0x0, 0x0, 0xc, 0xff, 0xb0, 0x0, 0x0, 0x0,
    0x0, 0x7, 0xff, 0xf1, 0x0, 0x0, 0x0, 0x0,
    0x2, 0xff, 0xf6, 0x0, 0x0, 0x0, 0x0, 0x0,
    0xbf, 0xfc, 0x0, 0x0, 0x0, 0x0, 0x0, 0x5f,
    0xff, 0xed, 0xdd, 0xdd, 0xdd, 0xdd, 0x9b, 0xff,
    0xff, 0xff, 0xff, 0xff, 0xff, 0xfc, 0xbf, 0xff,
    0xff, 0xff, 0xff, 0xff, 0xff, 0xc0,

    /* U+005B "[" */
    0x1f, 0xff, 0xff, 0xd1, 0xff, 0xed, 0xdb, 0x1f,
    0xf5, 0x0, 0x1, 0xff, 0x50, 0x0, 0x1f, 0xf5,
    0x0, 0x1, 0xff, 0x50, 0x0, 0x1f, 0xf5, 0x0,
    0x1, 0xff, 0x50, 0x0, 0x1f, 0xf5, 0x0, 0x1,
    0xff, 0x50, 0x0, 0x1f, 0xf5, 0x0, 0x1, 0xff,
    0x50, 0x0, 0x1f, 0xf5, 0x0, 0x1, 0xff, 0x50,
    0x0, 0x1f, 0xf5, 0x0, 0x1, 0xff, 0x50, 0x0,
    0x1f, 0xf5, 0x0, 0x1, 0xff, 0x50, 0x0, 0x1f,
    0xf5, 0x0, 0x1, 0xff, 0x50, 0x0, 0x1f, 0xf5,
    0x0, 0x1, 0xff, 0x50, 0x0, 0x1f, 0xf5, 0x0,
    0x1, 0xff, 0x50, 0x0, 0x1f, 0xf5, 0x0, 0x1,
    0xff, 0x50, 0x0, 0x1f, 0xff, 0xff, 0xd1, 0xdd,
    0xdd, 0xdb,

    /* U+005C "\\" */
    0x4f, 0xe0, 0x0, 0x0, 0x0, 0x0, 0xff, 0x30,
    0x0, 0x0, 0x0, 0xb, 0xf7, 0x0, 0x0, 0x0,
    0x0, 0x7f, 0xc0, 0x0, 0x0, 0x0, 0x2, 0xff,
    0x0, 0x0, 0x0, 0x0, 0xe, 0xf5, 0x0, 0x0,
    0x0, 0x0, 0x9f, 0x90, 0x0, 0x0, 0x0, 0x5,
    0xfe, 0x0, 0x0, 0x0, 0x0, 0x1f, 0xf2, 0x0,
    0x0, 0x0, 0x0, 0xcf, 0x60, 0x0, 0x0, 0x0,
    0x8, 0xfb, 0x0, 0x0, 0x0, 0x0, 0x3f, 0xf0,
    0x0, 0x0, 0x0, 0x0, 0xef, 0x40, 0x0, 0x0,
    0x0, 0xa, 0xf8, 0x0, 0x0, 0x0, 0x0, 0x6f,
    0xd0, 0x0, 0x0, 0x0, 0x1, 0xff, 0x10, 0x0,
    0x0, 0x0, 0xd, 0xf5, 0x0, 0x0, 0x0, 0x0,
    0x9f, 0xa0, 0x0, 0x0, 0x0, 0x4, 0xfe, 0x0,
    0x0, 0x0, 0x0, 0xf, 0xf3, 0x0, 0x0, 0x0,
    0x0, 0xbf, 0x70, 0x0, 0x0, 0x0, 0x7, 0xfc,
    0x0, 0x0, 0x0, 0x0, 0x2f, 0xf0, 0x0, 0x0,
    0x0, 0x0, 0xef, 0x50, 0x0, 0x0, 0x0, 0xa,
    0xf9, 0x0, 0x0, 0x0, 0x0, 0x5f, 0xd0, 0x0,
    0x0, 0x0, 0x1, 0xff, 0x20, 0x0, 0x0, 0x0,
    0xc, 0xf6,

    /* U+005D "]" */
    0xef, 0xff, 0xff, 0x1b, 0xdd, 0xef, 0xf1, 0x0,
    0x6, 0xff, 0x10, 0x0, 0x6f, 0xf1, 0x0, 0x6,
    0xff, 0x10, 0x0, 0x6f, 0xf1, 0x0, 0x6, 0xff,
    0x10, 0x0, 0x6f, 0xf1, 0x0, 0x6, 0xff, 0x10,
    0x0, 0x6f, 0xf1, 0x0, 0x6, 0xff, 0x10, 0x0,
    0x6f, 0xf1, 0x0, 0x6, 0xff, 0x10, 0x0, 0x6f,
    0xf1, 0x0, 0x6, 0xff, 0x10, 0x0, 0x6f, 0xf1,
    0x0, 0x6, 0xff, 0x10, 0x0, 0x6f, 0xf1, 0x0,
    0x6, 0xff, 0x10, 0x0, 0x6f, 0xf1, 0x0, 0x6,
    0xff, 0x10, 0x0, 0x6f, 0xf1, 0x0, 0x6, 0xff,
    0x10, 0x0, 0x6f, 0xf1, 0x0, 0x6, 0xff, 0x10,
    0x0, 0x6f, 0xf1, 0xef, 0xff, 0xff, 0x1b, 0xdd,
    0xdd, 0xd0,

    /* U+005E "^" */
    0x0, 0x0, 0x3, 0x88, 0x30, 0x0, 0x0, 0x0,
    0x0, 0xc, 0xff, 0xb0, 0x0, 0x0, 0x0, 0x0,
    0x2f, 0xff, 0xf2, 0x0, 0x0, 0x0, 0x0, 0x8f,
    0xef, 0xf8, 0x0, 0x0, 0x0, 0x0, 0xef, 0x99,
    0xfe, 0x0, 0x0, 0x0, 0x5, 0xff, 0x34, 0xff,
    0x40, 0x0, 0x0, 0xb, 0xfe, 0x0, 0xef, 0xa0,
    0x0, 0x0, 0x1f, 0xf8, 0x0, 0x9f, 0xf1, 0x0,
    0x0, 0x7f, 0xf2, 0x0, 0x3f, 0xf7, 0x0, 0x0,
    0xdf, 0xc0, 0x0, 0xd, 0xfd, 0x0, 0x3, 0xff,
    0x70, 0x0, 0x7, 0xff, 0x30, 0xa, 0xff, 0x10,
    0x0, 0x2, 0xff, 0x90, 0xf, 0xfb, 0x0, 0x0,
    0x0, 0xcf, 0xf0,

    /* U+005F "_" */
    0x0, 0x0, 0x0, 0x0, 0x0, 0x0, 0x0, 0x0,
    0x9f, 0xff, 0xff, 0xff, 0xff, 0xff, 0xff, 0xf6,
    0x9f, 0xff, 0xff, 0xff, 0xff, 0xff, 0xff, 0xf6,

    /* U+0060 "`" */
    0x0, 0x10, 0x0, 0x0, 0x2, 0xe9, 0x0, 0x0,
    0x1e, 0xff, 0x60, 0x0, 0x9, 0xff, 0xf4, 0x0,
    0x0, 0x9f, 0xfe, 0x20, 0x0, 0x8, 0xff, 0xd1,
    0x0, 0x0, 0x7f, 0xe2, 0x0, 0x0, 0x6, 0x20,

    /* U+0061 "a" */
    0x0, 0x2, 0x8c, 0xff, 0xea, 0x30, 0x0, 0x2b,
    0xff, 0xff, 0xff, 0xff, 0x50, 0x9, 0xff, 0xfd,
    0xbb, 0xff, 0xff, 0x10, 0x1e, 0x92, 0x0, 0x2,
    0xef, 0xf8, 0x0, 0x0, 0x0, 0x0, 0x7, 0xff,
    0xc0, 0x0, 0x0, 0x0, 0x0, 0x5f, 0xfe, 0x0,
    0x0, 0x5, 0x9c, 0xef, 0xff, 0xf0, 0x1, 0x9f,
    0xff, 0xff, 0xff, 0xff, 0x3, 0xef, 0xfe, 0x95,
    0x24, 0xff, 0xf0, 0xef, 0xf9, 0x0, 0x0, 0x4f,
    0xff, 0x5f, 0xfc, 0x0, 0x0, 0x4, 0xff, 0xf7,
    0xff, 0xa0, 0x0, 0x0, 0x5f, 0xff, 0x5f, 0xfe,
    0x10, 0x0, 0x6f, 0xff, 0xf1, 0xff, 0xff, 0xaa,
    0xef, 0xff, 0xff, 0x6, 0xff, 0xff, 0xff, 0xe4,
    0xdf, 0xf0, 0x4, 0xcf, 0xfd, 0x70, 0xb, 0xff,

    /* U+0062 "b" */
    0x9f, 0xfa, 0x0, 0x0, 0x0, 0x0, 0x0, 0x9,
    0xff, 0xa0, 0x0, 0x0, 0x0, 0x0, 0x0, 0x9f,
    0xfa, 0x0, 0x0, 0x0, 0x0, 0x0, 0x9, 0xff,
    0xa0, 0x0, 0x0, 0x0, 0x0, 0x0, 0x9f, 0xfa,
    0x0, 0x0, 0x0, 0x0, 0x0, 0x9, 0xff, 0xa0,
    0x0, 0x0, 0x0, 0x0, 0x0, 0x9f, 0xfa, 0x0,
    0x0, 0x0, 0x0, 0x0, 0x9, 0xff, 0x90, 0x4b,
    0xff, 0xd8, 0x10, 0x0, 0x9f, 0xfa, 0xbf, 0xff,
    0xff, 0xfe, 0x20, 0x9, 0xff, 0xff, 0xfd, 0xce,
    0xff, 0xfd, 0x0, 0x9f, 0xff, 0xc3, 0x0, 0x7,
    0xff, 0xf6, 0x9, 0xff, 0xc0, 0x0, 0x0, 0xb,
    0xff, 0xc0, 0x9f, 0xfa, 0x0, 0x0, 0x0, 0x5f,
    0xff, 0x9, 0xff, 0xa0, 0x0, 0x0, 0x2, 0xff,
    0xf2, 0x9f, 0xfa, 0x0, 0x0, 0x0, 0x1f, 0xff,
    0x39, 0xff, 0xa0, 0x0, 0x0, 0x2, 0xff, 0xf3,
    0x9f, 0xfa, 0x0, 0x0, 0x0, 0x4f, 0xff, 0x19,
    0xff, 0xa0, 0x0, 0x0, 0x8, 0xff, 0xe0, 0x9f,
    0xfa, 0x0, 0x0, 0x1, 0xef, 0xf9, 0x9, 0xff,
    0xf8, 0x0, 0x2, 0xcf, 0xff, 0x20, 0x9f, 0xff,
    0xff, 0xcc, 0xff, 0xff, 0x70, 0x9, 0xff, 0x7e,
    0xff, 0xff, 0xff, 0x80, 0x0, 0x9f, 0xf0, 0x18,
    0xdf, 0xea, 0x30, 0x0, 0x0,

    /* U+0063 "c" */
    0x0, 0x0, 0x39, 0xdf, 0xfd, 0x70, 0x0, 0x0,
    0x9f, 0xff, 0xff, 0xff, 0xe2, 0x0, 0xbf, 0xff,
    0xfc, 0xbf, 0xfd, 0x10, 0x7f, 0xff, 0xa1, 0x0,
    0x9, 0x30, 0xf, 0xff, 0xb0, 0x0, 0x0, 0x0,
    0x5, 0xff, 0xf2, 0x0, 0x0, 0x0, 0x0, 0x8f,
    0xfd, 0x0, 0x0, 0x0, 0x0, 0xa, 0xff, 0xb0,
    0x0, 0x0, 0x0, 0x0, 0xaf, 0xfb, 0x0, 0x0,
    0x0, 0x0, 0x8, 0xff, 0xd0, 0x0, 0x0, 0x0,
    0x0, 0x5f, 0xff, 0x20, 0x0, 0x0, 0x0, 0x1,
    0xff, 0xfa, 0x0, 0x0, 0x0, 0x0, 0x8, 0xff,
    0xf9, 0x0, 0x0, 0x7b, 0x0, 0xc, 0xff, 0xff,
    0xcc, 0xff, 0xf6, 0x0, 0x1b, 0xff, 0xff, 0xff,
    0xfe, 0x30, 0x0, 0x4, 0xbe, 0xff, 0xc7, 0x0,

    /* U+0064 "d" */
    0x0, 0x0, 0x0, 0x0, 0x0, 0xf, 0xff, 0x30,
    0x0, 0x0, 0x0, 0x0, 0x0, 0xff, 0xf3, 0x0,
    0x0, 0x0, 0x0, 0x0, 0xf, 0xff, 0x30, 0x0,
    0x0, 0x0, 0x0, 0x0, 0xff, 0xf3, 0x0, 0x0,
    0x0, 0x0, 0x0, 0xf, 0xff, 0x30, 0x0, 0x0,
    0x0, 0x0, 0x0, 0xff, 0xf3, 0x0, 0x0, 0x0,
    0x0, 0x0, 0xf, 0xff, 0x30, 0x0, 0x6, 0xcf,
    0xfc, 0x60, 0xef, 0xf3, 0x0, 0x1c, 0xff, 0xff,
    0xff, 0xbe, 0xff, 0x30, 0xd, 0xff, 0xfe, 0xcd,
    0xff, 0xff, 0xf3, 0x8, 0xff, 0xf8, 0x0, 0x2,
    0xbf, 0xff, 0x30, 0xff, 0xfa, 0x0, 0x0, 0x0,
    0xff, 0xf3, 0x4f, 0xff, 0x20, 0x0, 0x0, 0xf,
    0xff, 0x37, 0xff, 0xe0, 0x0, 0x0, 0x0, 0xff,
    0xf3, 0x9f, 0xfc, 0x0, 0x0, 0x0, 0xf, 0xff,
    0x39, 0xff, 0xc0, 0x0, 0x0, 0x0, 0xff, 0xf3,
    0x8f, 0xfd, 0x0, 0x0, 0x0, 0xf, 0xff, 0x35,
    0xff, 0xf1, 0x0, 0x0, 0x0, 0xff, 0xf3, 0x1f,
    0xff, 0x70, 0x0, 0x0, 0x2f, 0xff, 0x30, 0xbf,
    0xff, 0x50, 0x0, 0x4e, 0xff, 0xf3, 0x2, 0xff,
    0xff, 0xec, 0xef, 0xff, 0xff, 0x30, 0x5, 0xff,
    0xff, 0xff, 0xf9, 0xaf, 0xf3, 0x0, 0x2, 0x9e,
    0xff, 0xb4, 0x7, 0xff, 0x30,

    /* U+0065 "e" */
    0x0, 0x0, 0x4b, 0xef, 0xea, 0x40, 0x0, 0x0,
    0xa, 0xff, 0xff, 0xff, 0xf8, 0x0, 0x0, 0xcf,
    0xff, 0xb9, 0xbf, 0xff, 0x60, 0x7, 0xff, 0xe2,
    0x0, 0x3, 0xff, 0xe0, 0xf, 0xff, 0x30, 0x0,
    0x0, 0x8f, 0xf4, 0x5f, 0xfc, 0x0, 0x0, 0x0,
    0x3f, 0xf8, 0x8f, 0xfa, 0x44, 0x44, 0x44, 0x5f,
    0xfa, 0xaf, 0xff, 0xff, 0xff, 0xff, 0xff, 0xfa,
    0xaf, 0xff, 0xff, 0xff, 0xff, 0xff, 0xf9, 0x8f,
    0xf9, 0x0, 0x0, 0x0, 0x0, 0x0, 0x5f, 0xfd,
    0x0, 0x0, 0x0, 0x0, 0x0, 0x1f, 0xff, 0x60,
    0x0, 0x0, 0x0, 0x0, 0x8, 0xff, 0xf6, 0x0,
    0x0, 0x6, 0x10, 0x0, 0xcf, 0xff, 0xea, 0x9b,
    0xff, 0x90, 0x0, 0xa, 0xff, 0xff, 0xff, 0xff,
    0xa0, 0x0, 0x0, 0x4a, 0xef, 0xfd, 0x92, 0x0,

    /* U+0066 "f" */
    0x0, 0x0, 0x8, 0xdf, 0xfc, 0x40, 0x0, 0xd,
    0xff, 0xff, 0xf4, 0x0, 0x7, 0xff, 0xfc, 0xac,
    0x0, 0x0, 0xdf, 0xf9, 0x0, 0x0, 0x0, 0xf,
    0xff, 0x40, 0x0, 0x0, 0x0, 0xff, 0xf3, 0x0,
    0x0, 0x0, 0xf, 0xff, 0x30, 0x0, 0x1, 0xdf,
    0xff, 0xff, 0xff, 0x40, 0x2f, 0xff, 0xff, 0xff,
    0xf4, 0x1, 0xaa, 0xff, 0xfb, 0xaa, 0x30, 0x0,
    0xf, 0xff, 0x30, 0x0, 0x0, 0x0, 0xff, 0xf3,
    0x0, 0x0, 0x0, 0xf, 0xff, 0x30, 0x0, 0x0,
    0x0, 0xff, 0xf3, 0x0, 0x0, 0x0, 0xf, 0xff,
    0x30, 0x0, 0x0, 0x0, 0xff, 0xf3, 0x0, 0x0,
    0x0, 0xf, 0xff, 0x30, 0x0, 0x0, 0x0, 0xff,
    0xf3, 0x0, 0x0, 0x0, 0xf, 0xff, 0x30, 0x0,
    0x0, 0x0, 0xff, 0xf3, 0x0, 0x0, 0x0, 0xf,
    0xff, 0x30, 0x0, 0x0, 0x0, 0xff, 0xf3, 0x0,
    0x0, 0x0, 0xf, 0xff, 0x30, 0x0, 0x0,

    /* U+0067 "g" */
    0x0, 0x3, 0xae, 0xff, 0xff, 0xff, 0xff, 0x80,
    0x8, 0xff, 0xff, 0xff, 0xff, 0xff, 0xf8, 0x6,
    0xff, 0xf9, 0x56, 0xcf, 0xfe, 0x77, 0x30, 0xef,
    0xf6, 0x0, 0x0, 0xcf, 0xf3, 0x0, 0x1f, 0xff,
    0x0, 0x0, 0x5, 0xff, 0x80, 0x2, 0xff, 0xf0,
    0x0, 0x0, 0x5f, 0xf8, 0x0, 0xe, 0xff, 0x30,
    0x0, 0x9, 0xff, 0x60, 0x0, 0x6f, 0xfe, 0x40,
    0x18, 0xff, 0xe1, 0x0, 0x0, 0x8f, 0xff, 0xff,
    0xff, 0xf4, 0x0, 0x0, 0xa, 0xfd, 0xef, 0xfe,
    0x92, 0x0, 0x0, 0x6, 0xff, 0x10, 0x11, 0x0,
    0x0, 0x0, 0x0, 0xcf, 0xd0, 0x0, 0x0, 0x0,
    0x0, 0x0, 0xd, 0xff, 0x20, 0x0, 0x0, 0x0,
    0x0, 0x0, 0x9f, 0xff, 0xa9, 0x99, 0x98, 0x62,
    0x0, 0x1, 0xdf, 0xff, 0xff, 0xff, 0xff, 0xfa,
    0x0, 0x2d, 0xfd, 0xff, 0xff, 0xff, 0xff, 0xf7,
    0x1e, 0xf9, 0x0, 0x0, 0x0, 0x3c, 0xff, 0xb9,
    0xff, 0x20, 0x0, 0x0, 0x0, 0x6f, 0xfb, 0xaf,
    0xf5, 0x0, 0x0, 0x0, 0x1c, 0xff, 0x66, 0xff,
    0xf9, 0x42, 0x24, 0x7e, 0xff, 0xb0, 0x9, 0xff,
    0xff, 0xff, 0xff, 0xff, 0x80, 0x0, 0x3, 0x9c,
    0xff, 0xfe, 0xb7, 0x10, 0x0,

    /* U+0068 "h" */
    0x9f, 0xfa, 0x0, 0x0, 0x0, 0x0, 0x0, 0x9f,
    0xfa, 0x0, 0x0, 0x0, 0x0, 0x0, 0x9f, 0xfa,
    0x0, 0x0, 0x0, 0x0, 0x0, 0x9f, 0xfa, 0x0,
    0x0, 0x0, 0x0, 0x0, 0x9f, 0xfa, 0x0, 0x0,
    0x0, 0x0, 0x0, 0x9f, 0xfa, 0x0, 0x0, 0x0,
    0x0, 0x0, 0x9f, 0xfa, 0x0, 0x0, 0x0, 0x0,
    0x0, 0x9f, 0xf9, 0x2, 0xae, 0xfe, 0xa1, 0x0,
    0x9f, 0xf8, 0x6f, 0xff, 0xff, 0xfe, 0x10, 0x9f,
    0xfe, 0xff, 0xfd, 0xff, 0xff, 0x90, 0x9f, 0xff,
    0xf6, 0x0, 0x1c, 0xff, 0xe0, 0x9f, 0xfe, 0x30,
    0x0, 0x4, 0xff, 0xf1, 0x9f, 0xfa, 0x0, 0x0,
    0x0, 0xff, 0xf3, 0x9f, 0xfa, 0x0, 0x0, 0x0,
    0xff, 0xf3, 0x9f, 0xfa, 0x0, 0x0, 0x0, 0xff,
    0xf3, 0x9f, 0xfa, 0x0, 0x0, 0x0, 0xff, 0xf3,
    0x9f, 0xfa, 0x0, 0x0, 0x0, 0xff, 0xf3, 0x9f,
    0xfa, 0x0, 0x0, 0x0, 0xff, 0xf3, 0x9f, 0xfa,
    0x0, 0x0, 0x0, 0xff, 0xf3, 0x9f, 0xfa, 0x0,
    0x0, 0x0, 0xff, 0xf3, 0x9f, 0xfa, 0x0, 0x0,
    0x0, 0xff, 0xf3, 0x9f, 0xfa, 0x0, 0x0, 0x0,
    0xff, 0xf3, 0x9f, 0xfa, 0x0, 0x0, 0x0, 0xff,
    0xf3,

    /* U+0069 "i" */
    0x5e, 0xe6, 0xe, 0xff, 0xf0, 0xdf, 0xff, 0x4,
    0xdd, 0x50, 0x0, 0x0, 0x0, 0x0, 0x0, 0x0,
    0x0, 0x9, 0xff, 0xa0, 0x9f, 0xfa, 0x9, 0xff,
    0xa0, 0x9f, 0xfa, 0x9, 0xff, 0xa0, 0x9f, 0xfa,
    0x9, 0xff, 0xa0, 0x9f, 0xfa, 0x9, 0xff, 0xa0,
    0x9f, 0xfa, 0x9, 0xff, 0xa0, 0x9f, 0xfa, 0x9,
    0xff, 0xa0, 0x9f, 0xfa, 0x9, 0xff, 0xa0, 0x9f,
    0xfa, 0x0,

    /* U+006A "j" */
    0x0, 0x0, 0x5e, 0xe6, 0x0, 0x0, 0xe, 0xff,
    0xf0, 0x0, 0x0, 0xdf, 0xff, 0x0, 0x0, 0x4,
    0xdd, 0x50, 0x0, 0x0, 0x0, 0x0, 0x0, 0x0,
    0x0, 0x0, 0x0, 0x0, 0x0, 0x0, 0x0, 0x0,
    0x0, 0x9, 0xff, 0xb0, 0x0, 0x0, 0x9f, 0xfb,
    0x0, 0x0, 0x9, 0xff, 0xb0, 0x0, 0x0, 0x9f,
    0xfb, 0x0, 0x0, 0x9, 0xff, 0xb0, 0x0, 0x0,
    0x9f, 0xfb, 0x0, 0x0, 0x9, 0xff, 0xb0, 0x0,
    0x0, 0x9f, 0xfb, 0x0, 0x0, 0x9, 0xff, 0xb0,
    0x0, 0x0, 0x9f, 0xfb, 0x0, 0x0, 0x9, 0xff,
    0xb0, 0x0, 0x0, 0x9f, 0xfb, 0x0, 0x0, 0x9,
    0xff, 0xb0, 0x0, 0x0, 0x9f, 0xfb, 0x0, 0x0,
    0x9, 0xff, 0xb0, 0x0, 0x0, 0x9f, 0xfb, 0x0,
    0x0, 0x9, 0xff, 0xa0, 0x0, 0x0, 0xaf, 0xfa,
    0x0, 0x0, 0xd, 0xff, 0x70, 0xa, 0x9c, 0xff,
    0xf2, 0x1, 0xff, 0xff, 0xf9, 0x0, 0x2d, 0xff,
    0xd7, 0x0, 0x0,

    /* U+006B "k" */
    0x9f, 0xf9, 0x0, 0x0, 0x0, 0x0, 0x0, 0x9f,
    0xf9, 0x0, 0x0, 0x0, 0x0, 0x0, 0x9f, 0xf9,
    0x0, 0x0, 0x0, 0x0, 0x0, 0x9f, 0xf9, 0x0,
    0x0, 0x0, 0x0, 0x0, 0x9f, 0xf9, 0x0, 0x0,
    0x0, 0x0, 0x0, 0x9f, 0xf9, 0x0, 0x0, 0x0,
    0x0, 0x0, 0x9f, 0xf9, 0x0, 0x0, 0x0, 0x0,
    0x0, 0x9f, 0xf9, 0x0, 0x0, 0xb, 0xff, 0xd0,
    0x9f, 0xf9, 0x0, 0x0, 0x7f, 0xfe, 0x20, 0x9f,
    0xf9, 0x0, 0x4, 0xff, 0xf4, 0x0, 0x9f, 0xf9,
    0x0, 0x1e, 0xff, 0x70, 0x0, 0x9f, 0xf9, 0x0,
    0xcf, 0xfa, 0x0, 0x0, 0x9f, 0xf9, 0x8, 0xff,
    0xd0, 0x0, 0x0, 0x9f, 0xf9, 0x5f, 0xff, 0x30,
    0x0, 0x0, 0x9f, 0xfb, 0xff, 0xff, 0xa0, 0x0,
    0x0, 0x9f, 0xff, 0xff, 0xff, 0xf4, 0x0, 0x0,
    0x9f, 0xff, 0xf8, 0x6f, 0xfd, 0x0, 0x0, 0x9f,
    0xff, 0xb0, 0xd, 0xff, 0x70, 0x0, 0x9f, 0xfd,
    0x0, 0x4, 0xff, 0xf2, 0x0, 0x9f, 0xf9, 0x0,
    0x0, 0xaf, 0xfb, 0x0, 0x9f, 0xf9, 0x0, 0x0,
    0x2f, 0xff, 0x50, 0x9f, 0xf9, 0x0, 0x0, 0x8,
    0xff, 0xe0, 0x9f, 0xf9, 0x0, 0x0, 0x0, 0xef,
    0xf8,

    /* U+006C "l" */
    0x9f, 0xfa, 0x0, 0x9f, 0xfa, 0x0, 0x9f, 0xfa,
    0x0, 0x9f, 0xfa, 0x0, 0x9f, 0xfa, 0x0, 0x9f,
    0xfa, 0x0, 0x9f, 0xfa, 0x0, 0x9f, 0xfa, 0x0,
    0x9f, 0xfa, 0x0, 0x9f, 0xfa, 0x0, 0x9f, 0xfa,
    0x0, 0x9f, 0xfa, 0x0, 0x9f, 0xfa, 0x0, 0x9f,
    0xfa, 0x0, 0x9f, 0xfa, 0x0, 0x9f, 0xfa, 0x0,
    0x9f, 0xfa, 0x0, 0x9f, 0xfa, 0x0, 0x9f, 0xfa,
    0x0, 0x8f, 0xfb, 0x0, 0x6f, 0xff, 0xc0, 0x1f,
    0xff, 0xf2, 0x4, 0xdf, 0xe3,

    /* U+006D "m" */
    0x9f, 0xf1, 0x3, 0xbf, 0xfd, 0x70, 0x0, 0x19,
    0xef, 0xe9, 0x10, 0x9, 0xff, 0x37, 0xff, 0xff,
    0xff, 0xa0, 0x3e, 0xff, 0xff, 0xfd, 0x0, 0x9f,
    0xfc, 0xff, 0xee, 0xff, 0xff, 0x7f, 0xff, 0xdf,
    0xff, 0xf8, 0x9, 0xff, 0xfe, 0x50, 0x3, 0xff,
    0xff, 0xf8, 0x0, 0x1d, 0xff, 0xd0, 0x9f, 0xfe,
    0x20, 0x0, 0x9, 0xff, 0xf5, 0x0, 0x0, 0x5f,
    0xff, 0x9, 0xff, 0xa0, 0x0, 0x0, 0x6f, 0xfe,
    0x0, 0x0, 0x2, 0xff, 0xf2, 0x9f, 0xfa, 0x0,
    0x0, 0x5, 0xff, 0xe0, 0x0, 0x0, 0x1f, 0xff,
    0x29, 0xff, 0xa0, 0x0, 0x0, 0x5f, 0xfe, 0x0,
    0x0, 0x1, 0xff, 0xf2, 0x9f, 0xfa, 0x0, 0x0,
    0x5, 0xff, 0xe0, 0x0, 0x0, 0x1f, 0xff, 0x29,
    0xff, 0xa0, 0x0, 0x0, 0x5f, 0xfe, 0x0, 0x0,
    0x1, 0xff, 0xf2, 0x9f, 0xfa, 0x0, 0x0, 0x5,
    0xff, 0xe0, 0x0, 0x0, 0x1f, 0xff, 0x29, 0xff,
    0xa0, 0x0, 0x0, 0x5f, 0xfe, 0x0, 0x0, 0x1,
    0xff, 0xf2, 0x9f, 0xfa, 0x0, 0x0, 0x5, 0xff,
    0xe0, 0x0, 0x0, 0x1f, 0xff, 0x29, 0xff, 0xa0,
    0x0, 0x0, 0x5f, 0xfe, 0x0, 0x0, 0x1, 0xff,
    0xf2, 0x9f, 0xfa, 0x0, 0x0, 0x5, 0xff, 0xe0,
    0x0, 0x0, 0x1f, 0xff, 0x29, 0xff, 0xa0, 0x0,
    0x0, 0x5f, 0xfe, 0x0, 0x0, 0x1, 0xff, 0xf2,

    /* U+006E "n" */
    0x9f, 0xf1, 0x2, 0xae, 0xfe, 0xa1, 0x0, 0x9f,
    0xf3, 0x6f, 0xff, 0xff, 0xfe, 0x10, 0x9f, 0xfc,
    0xff, 0xfd, 0xff, 0xff, 0x90, 0x9f, 0xff, 0xf6,
    0x0, 0x1c, 0xff, 0xe0, 0x9f, 0xfe, 0x30, 0x0,
    0x4, 0xff, 0xf1, 0x9f, 0xfa, 0x0, 0x0, 0x0,
    0xff, 0xf3, 0x9f, 0xfa, 0x0, 0x0, 0x0, 0xff,
    0xf3, 0x9f, 0xfa, 0x0, 0x0, 0x0, 0xff, 0xf3,
    0x9f, 0xfa, 0x0, 0x0, 0x0, 0xff, 0xf3, 0x9f,
    0xfa, 0x0, 0x0, 0x0, 0xff, 0xf3, 0x9f, 0xfa,
    0x0, 0x0, 0x0, 0xff, 0xf3, 0x9f, 0xfa, 0x0,
    0x0, 0x0, 0xff, 0xf3, 0x9f, 0xfa, 0x0, 0x0,
    0x0, 0xff, 0xf3, 0x9f, 0xfa, 0x0, 0x0, 0x0,
    0xff, 0xf3, 0x9f, 0xfa, 0x0, 0x0, 0x0, 0xff,
    0xf3, 0x9f, 0xfa, 0x0, 0x0, 0x0, 0xff, 0xf3,

    /* U+006F "o" */
    0x0, 0x0, 0x4a, 0xef, 0xeb, 0x60, 0x0, 0x0,
    0x0, 0xaf, 0xff, 0xff, 0xff, 0xd2, 0x0, 0x0,
    0xcf, 0xff, 0xeb, 0xdf, 0xff, 0xe1, 0x0, 0x8f,
    0xff, 0x60, 0x0, 0x4e, 0xff, 0xb0, 0x1f, 0xff,
    0x80, 0x0, 0x0, 0x5f, 0xff, 0x35, 0xff, 0xf1,
    0x0, 0x0, 0x0, 0xdf, 0xf8, 0x8f, 0xfc, 0x0,
    0x0, 0x0, 0x9, 0xff, 0xba, 0xff, 0xb0, 0x0,
    0x0, 0x0, 0x7f, 0xfd, 0xaf, 0xfb, 0x0, 0x0,
    0x0, 0x7, 0xff, 0xd8, 0xff, 0xc0, 0x0, 0x0,
    0x0, 0x9f, 0xfb, 0x5f, 0xff, 0x10, 0x0, 0x0,
    0xd, 0xff, 0x81, 0xff, 0xf8, 0x0, 0x0, 0x4,
    0xff, 0xf3, 0x8, 0xff, 0xf6, 0x0, 0x4, 0xef,
    0xfb, 0x0, 0xc, 0xff, 0xfe, 0xbd, 0xff, 0xfe,
    0x10, 0x0, 0xa, 0xff, 0xff, 0xff, 0xfc, 0x10,
    0x0, 0x0, 0x4, 0xae, 0xfe, 0xb5, 0x0, 0x0,

    /* U+0070 "p" */
    0x9f, 0xf2, 0x5, 0xbf, 0xfd, 0x81, 0x0, 0x9,
    0xff, 0x6b, 0xff, 0xff, 0xff, 0xe2, 0x0, 0x9f,
    0xff, 0xff, 0xdc, 0xef, 0xff, 0xd0, 0x9, 0xff,
    0xfd, 0x30, 0x0, 0x7f, 0xff, 0x70, 0x9f, 0xfc,
    0x0, 0x0, 0x0, 0xbf, 0xfc, 0x9, 0xff, 0xa0,
    0x0, 0x0, 0x5, 0xff, 0xf0, 0x9f, 0xfa, 0x0,
    0x0, 0x0, 0x2f, 0xff, 0x29, 0xff, 0xa0, 0x0,
    0x0, 0x1, 0xff, 0xf3, 0x9f, 0xfa, 0x0, 0x0,
    0x0, 0x2f, 0xff, 0x39, 0xff, 0xa0, 0x0, 0x0,
    0x4, 0xff, 0xf1, 0x9f, 0xfa, 0x0, 0x0, 0x0,
    0x8f, 0xfe, 0x9, 0xff, 0xa0, 0x0, 0x0, 0x1e,
    0xff, 0x90, 0x9f, 0xff, 0x81, 0x0, 0x2c, 0xff,
    0xf2, 0x9, 0xff, 0xff, 0xfc, 0xcf, 0xff, 0xf7,
    0x0, 0x9f, 0xfc, 0xef, 0xff, 0xff, 0xf8, 0x0,
    0x9, 0xff, 0x90, 0x8d, 0xfe, 0xa3, 0x0, 0x0,
    0x9f, 0xfa, 0x0, 0x0, 0x0, 0x0, 0x0, 0x9,
    0xff, 0xa0, 0x0, 0x0, 0x0, 0x0, 0x0, 0x9f,
    0xfa, 0x0, 0x0, 0x0, 0x0, 0x0, 0x9, 0xff,
    0xa0, 0x0, 0x0, 0x0, 0x0, 0x0, 0x9f, 0xfa,
    0x0, 0x0, 0x0, 0x0, 0x0, 0x9, 0xff, 0xa0,
    0x0, 0x0, 0x0, 0x0, 0x0,

    /* U+0071 "q" */
    0x0, 0x0, 0x6c, 0xff, 0xd7, 0x6, 0xff, 0x30,
    0x1, 0xcf, 0xff, 0xff, 0xfd, 0xbf, 0xf3, 0x0,
    0xdf, 0xff, 0xec, 0xdf, 0xff, 0xff, 0x30, 0x8f,
    0xff, 0x80, 0x0, 0x2b, 0xff, 0xf3, 0xf, 0xff,
    0xa0, 0x0, 0x0, 0xf, 0xff, 0x34, 0xff, 0xf2,
    0x0, 0x0, 0x0, 0xff, 0xf3, 0x7f, 0xfe, 0x0,
    0x0, 0x0, 0xf, 0xff, 0x39, 0xff, 0xc0, 0x0,
    0x0, 0x0, 0xff, 0xf3, 0x9f, 0xfc, 0x0, 0x0,
    0x0, 0xf, 0xff, 0x38, 0xff, 0xd0, 0x0, 0x0,
    0x0, 0xff, 0xf3, 0x5f, 0xff, 0x10, 0x0, 0x0,
    0xf, 0xff, 0x31, 0xff, 0xf7, 0x0, 0x0, 0x2,
    0xff, 0xf3, 0xb, 0xff, 0xf5, 0x0, 0x4, 0xef,
    0xff, 0x30, 0x2f, 0xff, 0xfe, 0xce, 0xff, 0xff,
    0xf3, 0x0, 0x5f, 0xff, 0xff, 0xff, 0x7e, 0xff,
    0x30, 0x0, 0x29, 0xef, 0xea, 0x30, 0xff, 0xf3,
    0x0, 0x0, 0x0, 0x0, 0x0, 0xf, 0xff, 0x30,
    0x0, 0x0, 0x0, 0x0, 0x0, 0xff, 0xf3, 0x0,
    0x0, 0x0, 0x0, 0x0, 0xf, 0xff, 0x30, 0x0,
    0x0, 0x0, 0x0, 0x0, 0xff, 0xf3, 0x0, 0x0,
    0x0, 0x0, 0x0, 0xf, 0xff, 0x30, 0x0, 0x0,
    0x0, 0x0, 0x0, 0xff, 0xf3,

    /* U+0072 "r" */
    0x9f, 0xf1, 0x3, 0xbf, 0xf6, 0x9f, 0xf3, 0x5f,
    0xff, 0xf4, 0x9f, 0xf7, 0xff, 0xff, 0xf1, 0x9f,
    0xff, 0xfa, 0x10, 0x0, 0x9f, 0xff, 0xa0, 0x0,
    0x0, 0x9f, 0xff, 0x10, 0x0, 0x0, 0x9f, 0xfa,
    0x0, 0x0, 0x0, 0x9f, 0xfa, 0x0, 0x0, 0x0,
    0x9f, 0xfa, 0x0, 0x0, 0x0, 0x9f, 0xfa, 0x0,
    0x0, 0x0, 0x9f, 0xfa, 0x0, 0x0, 0x0, 0x9f,
    0xfa, 0x0, 0x0, 0x0, 0x9f, 0xfa, 0x0, 0x0,
    0x0, 0x9f, 0xfa, 0x0, 0x0, 0x0, 0x9f, 0xfa,
    0x0, 0x0, 0x0, 0x9f, 0xfa, 0x0, 0x0, 0x0,

    /* U+0073 "s" */
    0x0, 0x1, 0x8d, 0xff, 0xea, 0x30, 0x0, 0x2,
    0xef, 0xff, 0xff, 0xff, 0xa0, 0x0, 0xdf, 0xfe,
    0x98, 0xbf, 0xfa, 0x0, 0x3f, 0xfe, 0x10, 0x0,
    0x29, 0x0, 0x4, 0xff, 0xc0, 0x0, 0x0, 0x0,
    0x0, 0x2f, 0xff, 0x50, 0x0, 0x0, 0x0, 0x0,
    0xaf, 0xff, 0xc6, 0x0, 0x0, 0x0, 0x0, 0xaf,
    0xff, 0xff, 0x91, 0x0, 0x0, 0x0, 0x3a, 0xff,
    0xff, 0xe3, 0x0, 0x0, 0x0, 0x1, 0x7e, 0xff,
    0xe1, 0x0, 0x0, 0x0, 0x0, 0x1e, 0xff, 0x50,
    0x0, 0x0, 0x0, 0x0, 0xaf, 0xf7, 0x3, 0xf7,
    0x0, 0x0, 0x1e, 0xff, 0x40, 0xdf, 0xfe, 0x98,
    0x9e, 0xff, 0xd0, 0x5, 0xef, 0xff, 0xff, 0xff,
    0xe2, 0x0, 0x0, 0x5b, 0xef, 0xfc, 0x81, 0x0,

    /* U+0074 "t" */
    0x0, 0x4, 0x88, 0x10, 0x0, 0x0, 0x0, 0x9f,
    0xf2, 0x0, 0x0, 0x0, 0xb, 0xff, 0x20, 0x0,
    0x0, 0x0, 0xcf, 0xf2, 0x0, 0x0, 0x0, 0xd,
    0xff, 0x20, 0x0, 0x3, 0xdf, 0xff, 0xff, 0xff,
    0xf2, 0x4f, 0xff, 0xff, 0xff, 0xff, 0x23, 0xaa,
    0xff, 0xfb, 0xaa, 0xa1, 0x0, 0x1f, 0xff, 0x20,
    0x0, 0x0, 0x1, 0xff, 0xf2, 0x0, 0x0, 0x0,
    0x1f, 0xff, 0x20, 0x0, 0x0, 0x1, 0xff, 0xf2,
    0x0, 0x0, 0x0, 0x1f, 0xff, 0x20, 0x0, 0x0,
    0x1, 0xff, 0xf2, 0x0, 0x0, 0x0, 0x1f, 0xff,
    0x20, 0x0, 0x0, 0x0, 0xff, 0xf2, 0x0, 0x0,
    0x0, 0xf, 0xff, 0x40, 0x0, 0x0, 0x0, 0xdf,
    0xfa, 0x0, 0x0, 0x0, 0x8, 0xff, 0xfc, 0xad,
    0x20, 0x0, 0x1e, 0xff, 0xff, 0xf6, 0x0, 0x0,
    0x19, 0xef, 0xeb, 0x40,

    /* U+0075 "u" */
    0xcf, 0xf7, 0x0, 0x0, 0x4, 0xff, 0xfc, 0xff,
    0x70, 0x0, 0x0, 0x4f, 0xff, 0xcf, 0xf7, 0x0,
    0x0, 0x4, 0xff, 0xfc, 0xff, 0x70, 0x0, 0x0,
    0x4f, 0xff, 0xcf, 0xf7, 0x0, 0x0, 0x4, 0xff,
    0xfc, 0xff, 0x70, 0x0, 0x0, 0x4f, 0xff, 0xcf,
    0xf7, 0x0, 0x0, 0x4, 0xff, 0xfc, 0xff, 0x70,
    0x0, 0x0, 0x4f, 0xff, 0xcf, 0xf7, 0x0, 0x0,
    0x4, 0xff, 0xfc, 0xff, 0x70, 0x0, 0x0, 0x4f,
    0xff, 0xcf, 0xf8, 0x0, 0x0, 0x4, 0xff, 0xfa,
    0xff, 0xb0, 0x0, 0x0, 0xcf, 0xff, 0x7f, 0xff,
    0x50, 0x2, 0xcf, 0xff, 0xf2, 0xff, 0xff, 0xed,
    0xff, 0xbe, 0xff, 0x8, 0xff, 0xff, 0xff, 0xa0,
    0xdf, 0xf0, 0x6, 0xcf, 0xfc, 0x50, 0xb, 0xff,

    /* U+0076 "v" */
    0x7f, 0xfd, 0x0, 0x0, 0x0, 0x6, 0xff, 0xb1,
    0xff, 0xf2, 0x0, 0x0, 0x0, 0xbf, 0xf6, 0xc,
    0xff, 0x60, 0x0, 0x0, 0xf, 0xff, 0x10, 0x6f,
    0xfb, 0x0, 0x0, 0x5, 0xff, 0xb0, 0x1, 0xff,
    0xf1, 0x0, 0x0, 0xaf, 0xf6, 0x0, 0xc, 0xff,
    0x50, 0x0, 0xe, 0xff, 0x10, 0x0, 0x6f, 0xfa,
    0x0, 0x4, 0xff, 0xb0, 0x0, 0x1, 0xff, 0xf0,
    0x0, 0x9f, 0xf6, 0x0, 0x0, 0xb, 0xff, 0x40,
    0xd, 0xff, 0x10, 0x0, 0x0, 0x6f, 0xf8, 0x2,
    0xff, 0xb0, 0x0, 0x0, 0x1, 0xff, 0xd0, 0x6f,
    0xf6, 0x0, 0x0, 0x0, 0xb, 0xff, 0x1b, 0xff,
    0x10, 0x0, 0x0, 0x0, 0x6f, 0xf6, 0xff, 0xb0,
    0x0, 0x0, 0x0, 0x1, 0xff, 0xef, 0xf6, 0x0,
    0x0, 0x0, 0x0, 0xb, 0xff, 0xff, 0x10, 0x0,
    0x0, 0x0, 0x0, 0x6f, 0xff, 0xb0, 0x0, 0x0,

    /* U+0077 "w" */
    0x2f, 0xff, 0x10, 0x0, 0x0, 0xef, 0xf4, 0x0,
    0x0, 0xb, 0xff, 0x50, 0xdf, 0xf5, 0x0, 0x0,
    0x3f, 0xff, 0x80, 0x0, 0x0, 0xef, 0xf1, 0x9,
    0xff, 0x90, 0x0, 0x7, 0xff, 0xfc, 0x0, 0x0,
    0x2f, 0xfd, 0x0, 0x5f, 0xfd, 0x0, 0x0, 0xbf,
    0xef, 0xf1, 0x0, 0x6, 0xff, 0x90, 0x1, 0xff,
    0xf1, 0x0, 0xe, 0xf7, 0xff, 0x50, 0x0, 0xaf,
    0xf5, 0x0, 0xd, 0xff, 0x40, 0x3, 0xff, 0x1f,
    0xf9, 0x0, 0xd, 0xff, 0x10, 0x0, 0x9f, 0xf8,
    0x0, 0x7f, 0xe0, 0xbf, 0xd0, 0x1, 0xff, 0xd0,
    0x0, 0x4, 0xff, 0xc0, 0xb, 0xfb, 0x8, 0xff,
    0x10, 0x5f, 0xf9, 0x0, 0x0, 0xf, 0xff, 0x0,
    0xff, 0x70, 0x4f, 0xf5, 0x8, 0xff, 0x50, 0x0,
    0x0, 0xcf, 0xf3, 0x2f, 0xf3, 0x0, 0xff, 0x90,
    0xbf, 0xf1, 0x0, 0x0, 0x8, 0xff, 0x66, 0xff,
    0x0, 0xc, 0xfc, 0xf, 0xfd, 0x0, 0x0, 0x0,
    0x4f, 0xf9, 0xaf, 0xc0, 0x0, 0x8f, 0xf2, 0xff,
    0x90, 0x0, 0x0, 0x0, 0xff, 0xcd, 0xf8, 0x0,
    0x4, 0xff, 0x9f, 0xf5, 0x0, 0x0, 0x0, 0xb,
    0xff, 0xff, 0x40, 0x0, 0xf, 0xff, 0xff, 0x10,
    0x0, 0x0, 0x0, 0x7f, 0xff, 0xf0, 0x0, 0x0,
    0xcf, 0xff, 0xd0, 0x0, 0x0, 0x0, 0x3, 0xff,
    0xfc, 0x0, 0x0, 0x8, 0xff, 0xf9, 0x0, 0x0,

    /* U+0078 "x" */
    0xe, 0xff, 0x90, 0x0, 0x0, 0xaf, 0xfa, 0x0,
    0x5f, 0xff, 0x20, 0x0, 0x3f, 0xff, 0x10, 0x0,
    0xbf, 0xfb, 0x0, 0xb, 0xff, 0x70, 0x0, 0x2,
    0xff, 0xf4, 0x3, 0xff, 0xe0, 0x0, 0x0, 0x8,
    0xff, 0xc0, 0xaf, 0xf5, 0x0, 0x0, 0x0, 0xd,
    0xff, 0x7f, 0xfc, 0x0, 0x0, 0x0, 0x0, 0x4f,
    0xff, 0xff, 0x30, 0x0, 0x0, 0x0, 0x0, 0xcf,
    0xff, 0x90, 0x0, 0x0, 0x0, 0x0, 0x2f, 0xff,
    0xfa, 0x0, 0x0, 0x0, 0x0, 0xa, 0xff, 0xff,
    0xf4, 0x0, 0x0, 0x0, 0x4, 0xff, 0xa6, 0xff,
    0xd0, 0x0, 0x0, 0x0, 0xdf, 0xf2, 0xc, 0xff,
    0x70, 0x0, 0x0, 0x7f, 0xfa, 0x0, 0x4f, 0xff,
    0x20, 0x0, 0x1f, 0xff, 0x20, 0x0, 0xbf, 0xfb,
    0x0, 0xa, 0xff, 0x90, 0x0, 0x2, 0xff, 0xf5,
    0x4, 0xff, 0xf1, 0x0, 0x0, 0x8, 0xff, 0xe1,

    /* U+0079 "y" */
    0x6f, 0xfd, 0x0, 0x0, 0x0, 0x6, 0xff, 0xb0,
    0xff, 0xf3, 0x0, 0x0, 0x0, 0xbf, 0xf5, 0x9,
    0xff, 0x80, 0x0, 0x0, 0xf, 0xff, 0x0, 0x3f,
    0xfe, 0x0, 0x0, 0x5, 0xff, 0xa0, 0x0, 0xdf,
    0xf4, 0x0, 0x0, 0xaf, 0xf5, 0x0, 0x6, 0xff,
    0x90, 0x0, 0xf, 0xff, 0x0, 0x0, 0x1f, 0xff,
    0x0, 0x4, 0xff, 0xa0, 0x0, 0x0, 0xaf, 0xf5,
    0x0, 0x9f, 0xf4, 0x0, 0x0, 0x3, 0xff, 0xa0,
    0xe, 0xfe, 0x0, 0x0, 0x0, 0xd, 0xff, 0x2,
    0xff, 0x90, 0x0, 0x0, 0x0, 0x7f, 0xf5, 0x7f,
    0xf4, 0x0, 0x0, 0x0, 0x1, 0xff, 0xab, 0xfe,
    0x0, 0x0, 0x0, 0x0, 0xa, 0xff, 0xff, 0x90,
    0x0, 0x0, 0x0, 0x0, 0x4f, 0xff, 0xf3, 0x0,
    0x0, 0x0, 0x0, 0x0, 0xdf, 0xfe, 0x0, 0x0,
    0x0, 0x0, 0x0, 0x9, 0xff, 0x80, 0x0, 0x0,
    0x0, 0x0, 0x0, 0xdf, 0xf3, 0x0, 0x0, 0x0,
    0x0, 0x0, 0x4f, 0xfc, 0x0, 0x0, 0x0, 0x0,
    0x0, 0x2e, 0xff, 0x50, 0x0, 0x0, 0x0, 0x3b,
    0xbf, 0xff, 0xb0, 0x0, 0x0, 0x0, 0x8, 0xff,
    0xff, 0xd1, 0x0, 0x0, 0x0, 0x0, 0x9f, 0xfd,
    0x80, 0x0, 0x0, 0x0, 0x0,

    /* U+007A "z" */
    0x2f, 0xff, 0xff, 0xff, 0xff, 0xfb, 0x2f, 0xff,
    0xff, 0xff, 0xff, 0xfa, 0x1a, 0xaa, 0xaa, 0xad,
    0xff, 0xf3, 0x0, 0x0, 0x0, 0xe, 0xff, 0x80,
    0x0, 0x0, 0x0, 0x9f, 0xfd, 0x0, 0x0, 0x0,
    0x4, 0xff, 0xf4, 0x0, 0x0, 0x0, 0xd, 0xff,
    0x90, 0x0, 0x0, 0x0, 0x9f, 0xfe, 0x0, 0x0,
    0x0, 0x3, 0xff, 0xf4, 0x0, 0x0, 0x0, 0xd,
    0xff, 0xa0, 0x0, 0x0, 0x0, 0x8f, 0xfe, 0x10,
    0x0, 0x0, 0x3, 0xff, 0xf5, 0x0, 0x0, 0x0,
    0xd, 0xff, 0xa0, 0x0, 0x0, 0x0, 0x7f, 0xff,
    0xb9, 0x99, 0x99, 0x99, 0xff, 0xff, 0xff, 0xff,
    0xff, 0xff, 0xff, 0xff, 0xff, 0xff, 0xff, 0xff,

    /* U+007B "{" */
    0x0, 0x3, 0xbf, 0xfd, 0x0, 0x1e, 0xff, 0xeb,
    0x0, 0x5f, 0xf8, 0x0, 0x0, 0x8f, 0xf3, 0x0,
    0x0, 0x9f, 0xf1, 0x0, 0x0, 0x8f, 0xf1, 0x0,
    0x0, 0x7f, 0xf2, 0x0, 0x0, 0x6f, 0xf3, 0x0,
    0x0, 0x5f, 0xf3, 0x0, 0x0, 0x4f, 0xf3, 0x0,
    0x0, 0x4f, 0xf3, 0x0, 0x0, 0x7f, 0xf2, 0x0,
    0x5, 0xef, 0xe0, 0x0, 0xff, 0xfd, 0x30, 0x0,
    0xff, 0xfd, 0x30, 0x0, 0x4, 0xef, 0xe0, 0x0,
    0x0, 0x7f, 0xf2, 0x0, 0x0, 0x4f, 0xf3, 0x0,
    0x0, 0x4f, 0xf3, 0x0, 0x0, 0x5f, 0xf3, 0x0,
    0x0, 0x6f, 0xf2, 0x0, 0x0, 0x8f, 0xf2, 0x0,
    0x0, 0x8f, 0xf1, 0x0, 0x0, 0x8f, 0xf1, 0x0,
    0x0, 0x8f, 0xf3, 0x0, 0x0, 0x5f, 0xfa, 0x10,
    0x0, 0xd, 0xff, 0xfd, 0x0, 0x1, 0x8c, 0xdb,

    /* U+007C "|" */
    0x2f, 0xf0, 0x2f, 0xf0, 0x2f, 0xf0, 0x2f, 0xf0,
    0x2f, 0xf0, 0x2f, 0xf0, 0x2f, 0xf0, 0x2f, 0xf0,
    0x2f, 0xf0, 0x2f, 0xf0, 0x2f, 0xf0, 0x2f, 0xf0,
    0x2f, 0xf0, 0x2f, 0xf0, 0x2f, 0xf0, 0x2f, 0xf0,
    0x2f, 0xf0, 0x2f, 0xf0, 0x2f, 0xf0, 0x2f, 0xf0,
    0x2f, 0xf0, 0x2f, 0xf0, 0x2f, 0xf0, 0x2f, 0xf0,
    0x2f, 0xf0, 0x2f, 0xf0, 0x2f, 0xf0, 0x2f, 0xf0,
    0x2f, 0xf0, 0x2f, 0xf0, 0x2f, 0xf0, 0x2f, 0xf0,

    /* U+007D "}" */
    0xef, 0xfb, 0x20, 0x0, 0xbe, 0xff, 0xe0, 0x0,
    0x0, 0x9f, 0xf4, 0x0, 0x0, 0x3f, 0xf7, 0x0,
    0x0, 0x2f, 0xf7, 0x0, 0x0, 0x2f, 0xf7, 0x0,
    0x0, 0x2f, 0xf6, 0x0, 0x0, 0x3f, 0xf5, 0x0,
    0x0, 0x4f, 0xf4, 0x0, 0x0, 0x4f, 0xf3, 0x0,
    0x0, 0x4f, 0xf3, 0x0, 0x0, 0x3f, 0xf6, 0x0,
    0x0, 0xe, 0xfe, 0x40, 0x0, 0x3, 0xdf, 0xfe,
    0x0, 0x4, 0xdf, 0xfe, 0x0, 0xe, 0xfe, 0x40,
    0x0, 0x3f, 0xf6, 0x0, 0x0, 0x4f, 0xf3, 0x0,
    0x0, 0x4f, 0xf3, 0x0, 0x0, 0x4f, 0xf4, 0x0,
    0x0, 0x3f, 0xf5, 0x0, 0x0, 0x2f, 0xf7, 0x0,
    0x0, 0x2f, 0xf7, 0x0, 0x0, 0x2f, 0xf7, 0x0,
    0x0, 0x4f, 0xf7, 0x0, 0x1, 0xbf, 0xf4, 0x0,
    0xef, 0xff, 0xd0, 0x0, 0xbc, 0xc8, 0x10, 0x0,

    /* U+007E "~" */
    0x0, 0x8e, 0xfc, 0x40, 0x0, 0x0, 0x10, 0xc,
    0xff, 0xff, 0xf8, 0x0, 0x5, 0xe4, 0x9f, 0xf9,
    0x7d, 0xff, 0xd7, 0x9f, 0xf9, 0x5e, 0x50, 0x0,
    0x8f, 0xff, 0xff, 0xb0, 0x1, 0x0, 0x0, 0x4,
    0xcf, 0xe8, 0x0,

    /* U+3002 "。" */
    0x0, 0x6c, 0xeb, 0x50, 0x0, 0xbf, 0xfd, 0xff,
    0x90, 0x7f, 0xa0, 0x1, 0xcf, 0x4d, 0xe0, 0x0,
    0x1, 0xfa, 0xfc, 0x0, 0x0, 0xe, 0xcd, 0xe0,
    0x0, 0x1, 0xfb, 0x8f, 0x80, 0x0, 0xaf, 0x50,
    0xcf, 0xdb, 0xef, 0xa0, 0x0, 0x8e, 0xfd, 0x70,
    0x0,

    /* U+4E00 "一" */
    0x22, 0x22, 0x22, 0x22, 0x22, 0x22, 0x22, 0x22,
    0x22, 0x22, 0x22, 0x22, 0x22, 0xdf, 0xff, 0xff,
    0xff, 0xff, 0xff, 0xff, 0xff, 0xff, 0xff, 0xff,
    0xff, 0xff, 0xdf, 0xff, 0xff, 0xff, 0xff, 0xff,
    0xff, 0xff, 0xff, 0xff, 0xff, 0xff, 0xff, 0x9c,
    0xcc, 0xcc, 0xcc, 0xcc, 0xcc, 0xcc, 0xcc, 0xcc,
    0xcc, 0xcc, 0xcc, 0xcb,

    /* U+4E09 "三" */
    0x0, 0x9f, 0xff, 0xff, 0xff, 0xff, 0xff, 0xff,
    0xff, 0xff, 0xff, 0xf9, 0x0, 0x0, 0x9f, 0xff,
    0xff, 0xff, 0xff, 0xff, 0xff, 0xff, 0xff, 0xff,
    0xfa, 0x0, 0x0, 0x7c, 0xcc, 0xcc, 0xcc, 0xcc,
    0xcc, 0xcc, 0xcc, 0xcc, 0xcc, 0xc7, 0x0, 0x0,
    0x0, 0x0, 0x0, 0x0, 0x0, 0x0, 0x0, 0x0,
    0x0, 0x0, 0x0, 0x0, 0x0, 0x0, 0x0, 0x0,
    0x0, 0x0, 0x0, 0x0, 0x0, 0x0, 0x0, 0x0,
    0x0, 0x0, 0x0, 0x0, 0x0, 0x0, 0x0, 0x0,
    0x0, 0x0, 0x0, 0x0, 0x0, 0x0, 0x0, 0x0,
    0x0, 0x0, 0x0, 0x0, 0x0, 0x0, 0x0, 0x0,
    0x0, 0x0, 0x0, 0x0, 0x0, 0x0, 0x0, 0x0,
    0x0, 0x0, 0x0, 0x0, 0x0, 0x0, 0x0, 0x0,
    0x0, 0x0, 0x0, 0x0, 0x0, 0x0, 0x0, 0x0,
    0x0, 0x0, 0x0, 0x0, 0x0, 0x0, 0x0, 0x8b,
    0xbb, 0xbb, 0xbb, 0xbb, 0xbb, 0xbb, 0xbb, 0xb5,
    0x0, 0x0, 0x0, 0x0, 0xbf, 0xff, 0xff, 0xff,
    0xff, 0xff, 0xff, 0xff, 0xf7, 0x0, 0x0, 0x0,
    0x0, 0xbf, 0xff, 0xff, 0xff, 0xff, 0xff, 0xff,
    0xff, 0xf6, 0x0, 0x0, 0x0, 0x0, 0x0, 0x0,
    0x0, 0x0, 0x0, 0x0, 0x0, 0x0, 0x0, 0x0,
    0x0, 0x0, 0x0, 0x0, 0x0, 0x0, 0x0, 0x0,
    0x0, 0x0, 0x0, 0x0, 0x0, 0x0, 0x0, 0x0,
    0x0, 0x0, 0x0, 0x0, 0x0, 0x0, 0x0, 0x0,
    0x0, 0x0, 0x0, 0x0, 0x0, 0x0, 0x0, 0x0,
    0x0, 0x0, 0x0, 0x0, 0x0, 0x0, 0x0, 0x0,
    0x0, 0x0, 0x0, 0x0, 0x0, 0x0, 0x0, 0x0,
    0x0, 0x0, 0x0, 0x0, 0x0, 0x0, 0x0, 0x0,
    0x0, 0x0, 0x0, 0x0, 0x0, 0x0, 0x0, 0x0,
    0x0, 0x0, 0x0, 0x0, 0x0, 0x0, 0x0, 0x0,
    0x0, 0x0, 0x0, 0x0, 0x0, 0x0, 0x0, 0x3f,
    0xff, 0xff, 0xff, 0xff, 0xff, 0xff, 0xff, 0xff,
    0xff, 0xff, 0xff, 0xf2, 0x3f, 0xff, 0xff, 0xff,
    0xff, 0xff, 0xff, 0xff, 0xff, 0xff, 0xff, 0xff,
    0xf2, 0x2a, 0xaa, 0xaa, 0xaa, 0xaa, 0xaa, 0xaa,
    0xaa, 0xaa, 0xaa, 0xaa, 0xaa, 0xa1,

    /* U+4E0A "上" */
    0x0, 0x0, 0x0, 0x0, 0x0, 0x25, 0x51, 0x0,
    0x0, 0x0, 0x0, 0x0, 0x0, 0x0, 0x0, 0x0,
    0x0, 0x0, 0x7f, 0xf6, 0x0, 0x0, 0x0, 0x0,
    0x0, 0x0, 0x0, 0x0, 0x0, 0x0, 0x0, 0x7f,
    0xf6, 0x0, 0x0, 0x0, 0x0, 0x0, 0x0, 0x0,
    0x0, 0x0, 0x0, 0x0, 0x7f, 0xf6, 0x0, 0x0,
    0x0, 0x0, 0x0, 0x0, 0x0, 0x0, 0x0, 0x0,
    0x0, 0x7f, 0xf6, 0x0, 0x0, 0x0, 0x0, 0x0,
    0x0, 0x0, 0x0, 0x0, 0x0, 0x0, 0x7f, 0xf6,
    0x0, 0x0, 0x0, 0x0, 0x0, 0x0, 0x0, 0x0,
    0x0, 0x0, 0x0, 0x7f, 0xf6, 0x0, 0x0, 0x0,
    0x0, 0x0, 0x0, 0x0, 0x0, 0x0, 0x0, 0x0,
    0x7f, 0xf6, 0x0, 0x0, 0x0, 0x0, 0x0, 0x0,
    0x0, 0x0, 0x0, 0x0, 0x0, 0x7f, 0xf6, 0x0,
    0x0, 0x0, 0x0, 0x0, 0x0, 0x0, 0x0, 0x0,
    0x0, 0x0, 0x7f, 0xff, 0xff, 0xff, 0xff, 0xff,
    0xf9, 0x0, 0x0, 0x0, 0x0, 0x0, 0x0, 0x7f,
    0xff, 0xff, 0xff, 0xff, 0xff, 0xfa, 0x0, 0x0,
    0x0, 0x0, 0x0, 0x0, 0x7f, 0xfd, 0xbb, 0xbb,
    0xbb, 0xbb, 0xb7, 0x0, 0x0, 0x0, 0x0, 0x0,
    0x0, 0x7f, 0xf6, 0x0, 0x0, 0x0, 0x0, 0x0,
    0x0, 0x0, 0x0, 0x0, 0x0, 0x0, 0x7f, 0xf6,
    0x0, 0x0, 0x0, 0x0, 0x0, 0x0, 0x0, 0x0,
    0x0, 0x0, 0x0, 0x7f, 0xf6, 0x0, 0x0, 0x0,
    0x0, 0x0, 0x0, 0x0, 0x0, 0x0, 0x0, 0x0,
    0x7f, 0xf6, 0x0, 0x0, 0x0, 0x0, 0x0, 0x0,
    0x0, 0x0, 0x0, 0x0, 0x0, 0x7f, 0xf6, 0x0,
    0x0, 0x0, 0x0, 0x0, 0x0, 0x0, 0x0, 0x0,
    0x0, 0x0, 0x7f, 0xf6, 0x0, 0x0, 0x0, 0x0,
    0x0, 0x0, 0x0, 0x0, 0x0, 0x0, 0x0, 0x7f,
    0xf6, 0x0, 0x0, 0x0, 0x0, 0x0, 0x0, 0x0,
    0x0, 0x0, 0x0, 0x0, 0x7f, 0xf6, 0x0, 0x0,
    0x0, 0x0, 0x0, 0x0, 0x0, 0x0, 0x0, 0x0,
    0x0, 0x7f, 0xf6, 0x0, 0x0, 0x0, 0x0, 0x0,
    0x0, 0x0, 0x0, 0x0, 0x0, 0x0, 0x7f, 0xf6,
    0x0, 0x0, 0x0, 0x0, 0x0, 0x0, 0x57, 0x77,
    0x77, 0x77, 0x77, 0xbf, 0xfb, 0x77, 0x77, 0x77,
    0x77, 0x77, 0x74, 0xcf, 0xff, 0xff, 0xff, 0xff,
    0xff, 0xff, 0xff, 0xff, 0xff, 0xff, 0xff, 0xf9,
    0xcf, 0xff, 0xff, 0xff, 0xff, 0xff, 0xff, 0xff,
    0xff, 0xff, 0xff, 0xff, 0xf9, 0x23, 0x33, 0x33,
    0x33, 0x33, 0x33, 0x33, 0x33, 0x33, 0x33, 0x33,
    0x33, 0x31,

    /* U+4E0B "下" */
    0x5b, 0xbb, 0xbb, 0xbb, 0xbb, 0xbb, 0xbb, 0xbb,
    0xbb, 0xbb, 0xbb, 0xbb, 0xb5, 0x7f, 0xff, 0xff,
    0xff, 0xff, 0xff, 0xff, 0xff, 0xff, 0xff, 0xff,
    0xff, 0xf8, 0x7f, 0xff, 0xff, 0xff, 0xff, 0xff,
    0xff, 0xff, 0xff, 0xff, 0xff, 0xff, 0xf8, 0x0,
    0x0, 0x0, 0x0, 0x0, 0xf, 0xfd, 0x0, 0x0,
    0x0, 0x0, 0x0, 0x0, 0x0, 0x0, 0x0, 0x0,
    0x0, 0xf, 0xfd, 0x0, 0x0, 0x0, 0x0, 0x0,
    0x0, 0x0, 0x0, 0x0, 0x0, 0x0, 0xf, 0xfd,
    0x0, 0x0, 0x0, 0x0, 0x0, 0x0, 0x0, 0x0,
    0x0, 0x0, 0x0, 0xf, 0xfd, 0x0, 0x0, 0x0,
    0x0, 0x0, 0x0, 0x0, 0x0, 0x0, 0x0, 0x0,
    0xf, 0xfe, 0xa3, 0x0, 0x0, 0x0, 0x0, 0x0,
    0x0, 0x0, 0x0, 0x0, 0x0, 0xf, 0xff, 0xff,
    0xb3, 0x0, 0x0, 0x0, 0x0, 0x0, 0x0, 0x0,
    0x0, 0x0, 0xf, 0xff, 0xff, 0xff, 0xa1, 0x0,
    0x0, 0x0, 0x0, 0x0, 0x0, 0x0, 0x0, 0xf,
    0xfd, 0x4d, 0xff, 0xff, 0x70, 0x0, 0x0, 0x0,
    0x0, 0x0, 0x0, 0x0, 0xf, 0xfd, 0x0, 0x7f,
    0xff, 0xfd, 0x40, 0x0, 0x0, 0x0, 0x0, 0x0,
    0x0, 0xf, 0xfd, 0x0, 0x1, 0xaf, 0xff, 0xf9,
    0x0, 0x0, 0x0, 0x0, 0x0, 0x0, 0xf, 0xfd,
    0x0, 0x0, 0x4, 0xef, 0xfa, 0x0, 0x0, 0x0,
    0x0, 0x0, 0x0, 0xf, 0xfd, 0x0, 0x0, 0x0,
    0x1b, 0xd0, 0x0, 0x0, 0x0, 0x0, 0x0, 0x0,
    0xf, 0xfd, 0x0, 0x0, 0x0, 0x0, 0x10, 0x0,
    0x0, 0x0, 0x0, 0x0, 0x0, 0xf, 0xfd, 0x0,
    0x0, 0x0, 0x0, 0x0, 0x0, 0x0, 0x0, 0x0,
    0x0, 0x0, 0xf, 0xfd, 0x0, 0x0, 0x0, 0x0,
    0x0, 0x0, 0x0, 0x0, 0x0, 0x0, 0x0, 0xf,
    0xfd, 0x0, 0x0, 0x0, 0x0, 0x0, 0x0, 0x0,
    0x0, 0x0, 0x0, 0x0, 0xf, 0xfd, 0x0, 0x0,
    0x0, 0x0, 0x0, 0x0, 0x0, 0x0, 0x0, 0x0,
    0x0, 0xf, 0xfd, 0x0, 0x0, 0x0, 0x0, 0x0,
    0x0, 0x0, 0x0, 0x0, 0x0, 0x0, 0xf, 0xfd,
    0x0, 0x0, 0x0, 0x0, 0x0, 0x0, 0x0, 0x0,
    0x0, 0x0, 0x0, 0xf, 0xfd, 0x0, 0x0, 0x0,
    0x0, 0x0, 0x0, 0x0, 0x0, 0x0, 0x0, 0x0,
    0xf, 0xfd, 0x0, 0x0, 0x0, 0x0, 0x0, 0x0,

    /* U+4E0D "不" */
    0x1b, 0xbb, 0xbb, 0xbb, 0xbb, 0xbb, 0xbb, 0xbb,
    0xbb, 0xbb, 0xbb, 0xbb, 0xb1, 0x2, 0xff, 0xff,
    0xff, 0xff, 0xff, 0xff, 0xff, 0xff, 0xff, 0xff,
    0xff, 0xff, 0x20, 0x2f, 0xff, 0xff, 0xff, 0xff,
    0xff, 0xff, 0xff, 0xff, 0xff, 0xff, 0xff, 0xf2,
    0x0, 0x0, 0x0, 0x0, 0x0, 0x0, 0x8, 0xff,
    0xe0, 0x0, 0x0, 0x0, 0x0, 0x0, 0x0, 0x0,
    0x0, 0x0, 0x0, 0x3, 0xff, 0xf5, 0x0, 0x0,
    0x0, 0x0, 0x0, 0x0, 0x0, 0x0, 0x0, 0x0,
    0x0, 0xdf, 0xfa, 0x0, 0x0, 0x0, 0x0, 0x0,
    0x0, 0x0, 0x0, 0x0, 0x0, 0x0, 0xbf, 0xff,
    0x60, 0x0, 0x0, 0x0, 0x0, 0x0, 0x0, 0x0,
    0x0, 0x0, 0x0, 0x9f, 0xff, 0xf6, 0x19, 0x20,
    0x0, 0x0, 0x0, 0x0, 0x0, 0x0, 0x0, 0x0,
    0x8f, 0xff, 0xff, 0x9d, 0xff, 0x60, 0x0, 0x0,
    0x0, 0x0, 0x0, 0x0, 0x0, 0x8f, 0xff, 0xdf,
    0xf7, 0x9f, 0xff, 0xb1, 0x0, 0x0, 0x0, 0x0,
    0x0, 0x0, 0xaf, 0xff, 0x87, 0xff, 0x60, 0x5f,
    0xff, 0xe4, 0x0, 0x0, 0x0, 0x0, 0x2, 0xcf,
    0xff, 0x70, 0x7f, 0xf6, 0x0, 0x2d, 0xff, 0xf7,
    0x0, 0x0, 0x0, 0x6, 0xff, 0xff, 0x60, 0x7,
    0xff, 0x60, 0x0, 0xa, 0xff, 0xfa, 0x0, 0x0,
    0x2b, 0xff, 0xfe, 0x40, 0x0, 0x7f, 0xf6, 0x0,
    0x0, 0x8, 0xff, 0xfc, 0x10, 0x8f, 0xff, 0xfb,
    0x10, 0x0, 0x7, 0xff, 0x60, 0x0, 0x0, 0x6,
    0xff, 0xfc, 0x2, 0xff, 0xe6, 0x0, 0x0, 0x0,
    0x7f, 0xf6, 0x0, 0x0, 0x0, 0x4, 0xfe, 0x30,
    0x5, 0x91, 0x0, 0x0, 0x0, 0x7, 0xff, 0x60,
    0x0, 0x0, 0x0, 0x4, 0x20, 0x0, 0x0, 0x0,
    0x0, 0x0, 0x0, 0x7f, 0xf6, 0x0, 0x0, 0x0,
    0x0, 0x0, 0x0, 0x0, 0x0, 0x0, 0x0, 0x0,
    0x7, 0xff, 0x60, 0x0, 0x0, 0x0, 0x0, 0x0,
    0x0, 0x0, 0x0, 0x0, 0x0, 0x0, 0x7f, 0xf6,
    0x0, 0x0, 0x0, 0x0, 0x0, 0x0, 0x0, 0x0,
    0x0, 0x0, 0x0, 0x7, 0xff, 0x60, 0x0, 0x0,
    0x0, 0x0, 0x0, 0x0, 0x0, 0x0, 0x0, 0x0,
    0x0, 0x7f, 0xf6, 0x0, 0x0, 0x0, 0x0, 0x0,
    0x0, 0x0, 0x0, 0x0, 0x0, 0x0, 0x7, 0xff,
    0x60, 0x0, 0x0, 0x0, 0x0, 0x0, 0x0, 0x0,
    0x0, 0x0, 0x0, 0x0, 0x7f, 0xf6, 0x0, 0x0,
    0x0, 0x0, 0x0, 0x0,

    /* U+4E2A "个" */
    0x0, 0x0, 0x0, 0x0, 0x0, 0x0, 0x0, 0x0,
    0x0, 0x0, 0x0, 0x0, 0x0, 0x0, 0x0, 0x0,
    0x0, 0x0, 0x0, 0x0, 0x7, 0xb3, 0x0, 0x0,
    0x0, 0x0, 0x0, 0x0, 0x0, 0x0, 0x0, 0x0,
    0x0, 0x0, 0x2f, 0xfe, 0x0, 0x0, 0x0, 0x0,
    0x0, 0x0, 0x0, 0x0, 0x0, 0x0, 0x0, 0x1,
    0xdf, 0xfa, 0x0, 0x0, 0x0, 0x0, 0x0, 0x0,
    0x0, 0x0, 0x0, 0x0, 0x0, 0xb, 0xff, 0xff,
    0x70, 0x0, 0x0, 0x0, 0x0, 0x0, 0x0, 0x0,
    0x0, 0x0, 0x0, 0xbf, 0xfd, 0xff, 0xf8, 0x0,
    0x0, 0x0, 0x0, 0x0, 0x0, 0x0, 0x0, 0x0,
    0x1c, 0xff, 0xe1, 0x4f, 0xff, 0x90, 0x0, 0x0,
    0x0, 0x0, 0x0, 0x0, 0x0, 0x3, 0xef, 0xfe,
    0x20, 0x4, 0xff, 0xfc, 0x10, 0x0, 0x0, 0x0,
    0x0, 0x0, 0x0, 0x7f, 0xff, 0xd2, 0x0, 0x0,
    0x3e, 0xff, 0xe5, 0x0, 0x0, 0x0, 0x0, 0x0,
    0x3c, 0xff, 0xfc, 0x10, 0x35, 0x50, 0x2, 0xdf,
    0xff, 0xa1, 0x0, 0x0, 0x0, 0x2a, 0xff, 0xff,
    0x90, 0x0, 0xaf, 0xf2, 0x0, 0x1b, 0xff, 0xff,
    0x80, 0x0, 0x1b, 0xff, 0xff, 0xe5, 0x0, 0x0,
    0xaf, 0xf2, 0x0, 0x0, 0x7f, 0xff, 0xfe, 0x70,
    0x9, 0xff, 0xf9, 0x10, 0x0, 0x0, 0xaf, 0xf2,
    0x0, 0x0, 0x2, 0xcf, 0xff, 0x50, 0x0, 0xdb,
    0x30, 0x0, 0x0, 0x0, 0xaf, 0xf2, 0x0, 0x0,
    0x0, 0x5, 0xe9, 0x0, 0x0, 0x0, 0x0, 0x0,
    0x0, 0x0, 0xaf, 0xf2, 0x0, 0x0, 0x0, 0x0,
    0x0, 0x0, 0x0, 0x0, 0x0, 0x0, 0x0, 0x0,
    0xaf, 0xf2, 0x0, 0x0, 0x0, 0x0, 0x0, 0x0,
    0x0, 0x0, 0x0, 0x0, 0x0, 0x0, 0xaf, 0xf2,
    0x0, 0x0, 0x0, 0x0, 0x0, 0x0, 0x0, 0x0,
    0x0, 0x0, 0x0, 0x0, 0xaf, 0xf2, 0x0, 0x0,
    0x0, 0x0, 0x0, 0x0, 0x0, 0x0, 0x0, 0x0,
    0x0, 0x0, 0xaf, 0xf2, 0x0, 0x0, 0x0, 0x0,
    0x0, 0x0, 0x0, 0x0, 0x0, 0x0, 0x0, 0x0,
    0xaf, 0xf2, 0x0, 0x0, 0x0, 0x0, 0x0, 0x0,
    0x0, 0x0, 0x0, 0x0, 0x0, 0x0, 0xaf, 0xf2,
    0x0, 0x0, 0x0, 0x0, 0x0, 0x0, 0x0, 0x0,
    0x0, 0x0, 0x0, 0x0, 0xaf, 0xf2, 0x0, 0x0,
    0x0, 0x0, 0x0, 0x0, 0x0, 0x0, 0x0, 0x0,
    0x0, 0x0, 0xaf, 0xf2, 0x0, 0x0, 0x0, 0x0,
    0x0, 0x0, 0x0, 0x0, 0x0, 0x0, 0x0, 0x0,
    0xaf, 0xf2, 0x0, 0x0, 0x0, 0x0, 0x0, 0x0,
    0x0, 0x0, 0x0, 0x0, 0x0, 0x0, 0xaf, 0xf2,
    0x0, 0x0, 0x0, 0x0, 0x0, 0x0, 0x0, 0x0,
    0x0, 0x0, 0x0, 0x0, 0xaf, 0xf2, 0x0, 0x0,
    0x0, 0x0, 0x0, 0x0, 0x0, 0x0, 0x0, 0x0,
    0x0, 0x0, 0xaf, 0xf2, 0x0, 0x0, 0x0, 0x0,
    0x0, 0x0,

    /* U+4E2D "中" */
    0x0, 0x0, 0x0, 0x0, 0x0, 0x69, 0x90, 0x0,
    0x0, 0x0, 0x0, 0x0, 0x0, 0x0, 0x0, 0x0,
    0x0, 0xaf, 0xf1, 0x0, 0x0, 0x0, 0x0, 0x0,
    0x0, 0x0, 0x0, 0x0, 0x0, 0xaf, 0xf1, 0x0,
    0x0, 0x0, 0x0, 0x0, 0x0, 0x0, 0x0, 0x0,
    0x0, 0xaf, 0xf1, 0x0, 0x0, 0x0, 0x0, 0x0,
    0x0, 0x0, 0x0, 0x0, 0x0, 0xaf, 0xf1, 0x0,
    0x0, 0x0, 0x0, 0x0, 0x4a, 0xaa, 0xaa, 0xaa,
    0xaa, 0xef, 0xfb, 0xaa, 0xaa, 0xaa, 0xaa, 0xa2,
    0x6f, 0xff, 0xff, 0xff, 0xff, 0xff, 0xff, 0xff,
    0xff, 0xff, 0xff, 0xf4, 0x6f, 0xff, 0xff, 0xff,
    0xff, 0xff, 0xff, 0xff, 0xff, 0xff, 0xff, 0xf4,
    0x6f, 0xf3, 0x0, 0x0, 0x0, 0xaf, 0xf1, 0x0,
    0x0, 0x0, 0x7f, 0xf4, 0x6f, 0xf3, 0x0, 0x0,
    0x0, 0xaf, 0xf1, 0x0, 0x0, 0x0, 0x7f, 0xf4,
    0x6f, 0xf3, 0x0, 0x0, 0x0, 0xaf, 0xf1, 0x0,
    0x0, 0x0, 0x7f, 0xf4, 0x6f, 0xf3, 0x0, 0x0,
    0x0, 0xaf, 0xf1, 0x0, 0x0, 0x0, 0x7f, 0xf4,
    0x6f, 0xf3, 0x0, 0x0, 0x0, 0xaf, 0xf1, 0x0,
    0x0, 0x0, 0x7f, 0xf4, 0x6f, 0xf3, 0x0, 0x0,
    0x0, 0xaf, 0xf1, 0x0, 0x0, 0x0, 0x7f, 0xf4,
    0x6f, 0xf4, 0x0, 0x0, 0x0, 0xbf, 0xf2, 0x0,
    0x0, 0x0, 0x8f, 0xf4, 0x6f, 0xff, 0xff, 0xff,
    0xff, 0xff, 0xff, 0xff, 0xff, 0xff, 0xff, 0xf4,
    0x6f, 0xff, 0xff, 0xff, 0xff, 0xff, 0xff, 0xff,
    0xff, 0xff, 0xff, 0xf4, 0x6f, 0xfa, 0x99, 0x99,
    0x99, 0xdf, 0xf9, 0x99, 0x99, 0x99, 0xcf, 0xf4,
    0x6f, 0xf3, 0x0, 0x0, 0x0, 0xaf, 0xf1, 0x0,
    0x0, 0x0, 0x7f, 0xf4, 0x13, 0x30, 0x0, 0x0,
    0x0, 0xaf, 0xf1, 0x0, 0x0, 0x0, 0x1, 0x10,
    0x0, 0x0, 0x0, 0x0, 0x0, 0xaf, 0xf1, 0x0,
    0x0, 0x0, 0x0, 0x0, 0x0, 0x0, 0x0, 0x0,
    0x0, 0xaf, 0xf1, 0x0, 0x0, 0x0, 0x0, 0x0,
    0x0, 0x0, 0x0, 0x0, 0x0, 0xaf, 0xf1, 0x0,
    0x0, 0x0, 0x0, 0x0, 0x0, 0x0, 0x0, 0x0,
    0x0, 0xaf, 0xf1, 0x0, 0x0, 0x0, 0x0, 0x0,
    0x0, 0x0, 0x0, 0x0, 0x0, 0xaf, 0xf1, 0x0,
    0x0, 0x0, 0x0, 0x0, 0x0, 0x0, 0x0, 0x0,
    0x0, 0xaf, 0xf1, 0x0, 0x0, 0x0, 0x0, 0x0,

    /* U+4E50 "乐" */
    0x0, 0x0, 0x0, 0x0, 0x0, 0x0, 0x0, 0x0,
    0x0, 0x0, 0x1, 0x42, 0x0, 0x0, 0x0, 0x0,
    0x0, 0x0, 0x0, 0x1, 0x23, 0x56, 0x8a, 0xce,
    0xff, 0xd0, 0x0, 0x0, 0x0, 0x5c, 0xcd, 0xde,
    0xff, 0xff, 0xff, 0xff, 0xff, 0xff, 0xff, 0x70,
    0x0, 0x0, 0x7, 0xff, 0xff, 0xff, 0xff, 0xff,
    0xff, 0xfe, 0xca, 0x85, 0x20, 0x0, 0x0, 0x0,
    0x8f, 0xfb, 0x98, 0x87, 0x65, 0x43, 0x10, 0x0,
    0x0, 0x0, 0x0, 0x0, 0x0, 0x9, 0xff, 0x10,
    0x0, 0x0, 0x0, 0x0, 0x0, 0x0, 0x0, 0x0,
    0x0, 0x0, 0x0, 0xcf, 0xf0, 0x0, 0x0, 0xc,
    0xfe, 0x0, 0x0, 0x0, 0x0, 0x0, 0x0, 0x0,
    0xe, 0xfd, 0x0, 0x0, 0x0, 0xcf, 0xf0, 0x0,
    0x0, 0x0, 0x0, 0x0, 0x0, 0x0, 0xff, 0xa0,
    0x0, 0x0, 0xc, 0xff, 0x0, 0x0, 0x0, 0x0,
    0x0, 0x0, 0x0, 0x3f, 0xf7, 0x0, 0x0, 0x0,
    0xcf, 0xf0, 0x0, 0x0, 0x0, 0x0, 0x0, 0x0,
    0x7, 0xff, 0x30, 0x0, 0x0, 0xc, 0xff, 0x0,
    0x0, 0x0, 0x0, 0x0, 0x0, 0x0, 0xdf, 0xfb,
    0xaa, 0xaa, 0xaa, 0xef, 0xfa, 0xaa, 0xaa, 0xaa,
    0xaa, 0x90, 0x0, 0x1f, 0xff, 0xff, 0xff, 0xff,
    0xff, 0xff, 0xff, 0xff, 0xff, 0xff, 0xfe, 0x0,
    0x0, 0xbf, 0xff, 0xff, 0xff, 0xff, 0xff, 0xff,
    0xff, 0xff, 0xff, 0xff, 0xe0, 0x0, 0x2, 0x10,
    0x0, 0x0, 0x0, 0xc, 0xff, 0x0, 0x0, 0x0,
    0x0, 0x0, 0x0, 0x0, 0x0, 0x0, 0x0, 0x0,
    0x0, 0xcf, 0xf0, 0x0, 0x0, 0x0, 0x0, 0x0,
    0x0, 0x0, 0x0, 0xc9, 0x40, 0x0, 0xc, 0xff,
    0x0, 0x1, 0x8c, 0x10, 0x0, 0x0, 0x0, 0x0,
    0x8f, 0xf8, 0x0, 0x0, 0xcf, 0xf0, 0x0, 0x6f,
    0xfc, 0x0, 0x0, 0x0, 0x0, 0x4f, 0xfd, 0x0,
    0x0, 0xc, 0xff, 0x0, 0x0, 0x8f, 0xf9, 0x0,
    0x0, 0x0, 0x1e, 0xff, 0x30, 0x0, 0x0, 0xcf,
    0xf0, 0x0, 0x0, 0xbf, 0xf6, 0x0, 0x0, 0xd,
    0xff, 0x70, 0x0, 0x0, 0xc, 0xff, 0x0, 0x0,
    0x1, 0xef, 0xf3, 0x0, 0xc, 0xff, 0xa0, 0x0,
    0x0, 0x0, 0xcf, 0xf0, 0x0, 0x0, 0x4, 0xff,
    0xe1, 0xb, 0xff, 0xc0, 0x0, 0x0, 0x0, 0xc,
    0xff, 0x0, 0x0, 0x0, 0x9, 0xff, 0xa0, 0x1c,
    0xd1, 0x0, 0x1, 0xba, 0xab, 0xff, 0xe0, 0x0,
    0x0, 0x0, 0xe, 0xc4, 0x0, 0x1, 0x0, 0x0,
    0xc, 0xff, 0xff, 0xfa, 0x0, 0x0, 0x0, 0x0,
    0x10, 0x0, 0x0, 0x0, 0x0, 0x0, 0x7f, 0xfe,
    0xc8, 0x0, 0x0, 0x0, 0x0, 0x0, 0x0,

    /* U+4E86 "了" */
    0x19, 0x99, 0x99, 0x99, 0x99, 0x99, 0x99, 0x99,
    0x99, 0x99, 0xa8, 0x0, 0x2f, 0xff, 0xff, 0xff,
    0xff, 0xff, 0xff, 0xff, 0xff, 0xff, 0xff, 0xd2,
    0x2f, 0xff, 0xff, 0xff, 0xff, 0xff, 0xff, 0xff,
    0xff, 0xff, 0xff, 0xb0, 0x0, 0x0, 0x0, 0x0,
    0x0, 0x0, 0x0, 0x0, 0x9, 0xff, 0xfb, 0x0,
    0x0, 0x0, 0x0, 0x0, 0x0, 0x0, 0x0, 0x1,
    0xbf, 0xff, 0x80, 0x0, 0x0, 0x0, 0x0, 0x0,
    0x0, 0x0, 0x0, 0x4e, 0xff, 0xf5, 0x0, 0x0,
    0x0, 0x0, 0x0, 0x0, 0x0, 0x0, 0x19, 0xff,
    0xfc, 0x20, 0x0, 0x0, 0x0, 0x0, 0x0, 0x0,
    0x0, 0x7, 0xef, 0xff, 0x80, 0x0, 0x0, 0x0,
    0x0, 0x0, 0x0, 0x0, 0x0, 0x1f, 0xff, 0xc2,
    0x0, 0x0, 0x0, 0x0, 0x0, 0x0, 0x0, 0x0,
    0x0, 0x1f, 0xfc, 0x0, 0x0, 0x0, 0x0, 0x0,
    0x0, 0x0, 0x0, 0x0, 0x0, 0x1f, 0xfb, 0x0,
    0x0, 0x0, 0x0, 0x0, 0x0, 0x0, 0x0, 0x0,
    0x0, 0x1f, 0xfb, 0x0, 0x0, 0x0, 0x0, 0x0,
    0x0, 0x0, 0x0, 0x0, 0x0, 0x1f, 0xfb, 0x0,
    0x0, 0x0, 0x0, 0x0, 0x0, 0x0, 0x0, 0x0,
    0x0, 0x1f, 0xfb, 0x0, 0x0, 0x0, 0x0, 0x0,
    0x0, 0x0, 0x0, 0x0, 0x0, 0x1f, 0xfb, 0x0,
    0x0, 0x0, 0x0, 0x0, 0x0, 0x0, 0x0, 0x0,
    0x0, 0x1f, 0xfb, 0x0, 0x0, 0x0, 0x0, 0x0,
    0x0, 0x0, 0x0, 0x0, 0x0, 0x1f, 0xfb, 0x0,
    0x0, 0x0, 0x0, 0x0, 0x0, 0x0, 0x0, 0x0,
    0x0, 0x1f, 0xfb, 0x0, 0x0, 0x0, 0x0, 0x0,
    0x0, 0x0, 0x0, 0x0, 0x0, 0x1f, 0xfb, 0x0,
    0x0, 0x0, 0x0, 0x0, 0x0, 0x0, 0x0, 0x0,
    0x0, 0x1f, 0xfb, 0x0, 0x0, 0x0, 0x0, 0x0,
    0x0, 0x0, 0x0, 0x0, 0x0, 0x1f, 0xfb, 0x0,
    0x0, 0x0, 0x0, 0x0, 0x0, 0x0, 0x7, 0x99,
    0x99, 0xbf, 0xfa, 0x0, 0x0, 0x0, 0x0, 0x0,
    0x0, 0x0, 0x6, 0xff, 0xff, 0xff, 0xf6, 0x0,
    0x0, 0x0, 0x0, 0x0, 0x0, 0x0, 0x0, 0xff,
    0xff, 0xec, 0x60, 0x0, 0x0, 0x0, 0x0, 0x0,
    0x0, 0x0, 0x0, 0x0, 0x0, 0x0, 0x0, 0x0,
    0x0, 0x0, 0x0, 0x0,

    /* U+4E8C "二" */
    0x0, 0xb, 0xdd, 0xdd, 0xdd, 0xdd, 0xdd, 0xdd,
    0xdd, 0xdd, 0xdd, 0xd4, 0x0, 0x0, 0xd, 0xff,
    0xff, 0xff, 0xff, 0xff, 0xff, 0xff, 0xff, 0xff,
    0xf5, 0x0, 0x0, 0xd, 0xff, 0xff, 0xff, 0xff,
    0xff, 0xff, 0xff, 0xff, 0xff, 0xf5, 0x0, 0x0,
    0x0, 0x0, 0x0, 0x0, 0x0, 0x0, 0x0, 0x0,
    0x0, 0x0, 0x0, 0x0, 0x0, 0x0, 0x0, 0x0,
    0x0, 0x0, 0x0, 0x0, 0x0, 0x0, 0x0, 0x0,
    0x0, 0x0, 0x0, 0x0, 0x0, 0x0, 0x0, 0x0,
    0x0, 0x0, 0x0, 0x0, 0x0, 0x0, 0x0, 0x0,
    0x0, 0x0, 0x0, 0x0, 0x0, 0x0, 0x0, 0x0,
    0x0, 0x0, 0x0, 0x0, 0x0, 0x0, 0x0, 0x0,
    0x0, 0x0, 0x0, 0x0, 0x0, 0x0, 0x0, 0x0,
    0x0, 0x0, 0x0, 0x0, 0x0, 0x0, 0x0, 0x0,
    0x0, 0x0, 0x0, 0x0, 0x0, 0x0, 0x0, 0x0,
    0x0, 0x0, 0x0, 0x0, 0x0, 0x0, 0x0, 0x0,
    0x0, 0x0, 0x0, 0x0, 0x0, 0x0, 0x0, 0x0,
    0x0, 0x0, 0x0, 0x0, 0x0, 0x0, 0x0, 0x0,
    0x0, 0x0, 0x0, 0x0, 0x0, 0x0, 0x0, 0x0,
    0x0, 0x0, 0x0, 0x0, 0x0, 0x0, 0x0, 0x0,
    0x0, 0x0, 0x0, 0x0, 0x0, 0x0, 0x0, 0x0,
    0x0, 0x0, 0x0, 0x0, 0x0, 0x0, 0x0, 0x0,
    0x0, 0x0, 0x0, 0x0, 0x0, 0x0, 0x0, 0x0,
    0x0, 0x0, 0x0, 0x0, 0x0, 0x0, 0x0, 0x0,
    0x0, 0x0, 0x0, 0x0, 0x0, 0x0, 0x0, 0x0,
    0x0, 0x0, 0x0, 0x0, 0x0, 0x0, 0x0, 0x0,
    0x1, 0x11, 0x11, 0x11, 0x11, 0x11, 0x11, 0x11,
    0x11, 0x11, 0x11, 0x11, 0x10, 0x3f, 0xff, 0xff,
    0xff, 0xff, 0xff, 0xff, 0xff, 0xff, 0xff, 0xff,
    0xff, 0xfb, 0x3f, 0xff, 0xff, 0xff, 0xff, 0xff,
    0xff, 0xff, 0xff, 0xff, 0xff, 0xff, 0xfb, 0x3f,
    0xff, 0xff, 0xff, 0xff, 0xff, 0xff, 0xff, 0xff,
    0xff, 0xff, 0xff, 0xfa,

    /* U+4E94 "五" */
    0x0, 0xaf, 0xff, 0xff, 0xff, 0xff, 0xff, 0xff,
    0xff, 0xff, 0xff, 0xfb, 0x0, 0x0, 0xaf, 0xff,
    0xff, 0xff, 0xff, 0xff, 0xff, 0xff, 0xff, 0xff,
    0xfc, 0x0, 0x0, 0x6a, 0xaa, 0xaa, 0xaa, 0xff,
    0xfa, 0xaa, 0xaa, 0xaa, 0xaa, 0xa7, 0x0, 0x0,
    0x0, 0x0, 0x0, 0x0, 0xff, 0xd0, 0x0, 0x0,
    0x0, 0x0, 0x0, 0x0, 0x0, 0x0, 0x0, 0x0,
    0x2, 0xff, 0xb0, 0x0, 0x0, 0x0, 0x0, 0x0,
    0x0, 0x0, 0x0, 0x0, 0x0, 0x5, 0xff, 0x90,
    0x0, 0x0, 0x0, 0x0, 0x0, 0x0, 0x0, 0x0,
    0x0, 0x0, 0x7, 0xff, 0x60, 0x0, 0x0, 0x0,
    0x0, 0x0, 0x0, 0x0, 0x0, 0x0, 0x0, 0x9,
    0xff, 0x40, 0x0, 0x0, 0x0, 0x0, 0x0, 0x0,
    0x0, 0x3, 0xff, 0xff, 0xff, 0xff, 0xff, 0xff,
    0xff, 0xff, 0xd0, 0x0, 0x0, 0x0, 0x3, 0xff,
    0xff, 0xff, 0xff, 0xff, 0xff, 0xff, 0xff, 0xd0,
    0x0, 0x0, 0x0, 0x2, 0xaa, 0xaa, 0xbf, 0xfe,
    0xaa, 0xaa, 0xaa, 0xff, 0xc0, 0x0, 0x0, 0x0,
    0x0, 0x0, 0x0, 0x4f, 0xf9, 0x0, 0x0, 0x1,
    0xff, 0xb0, 0x0, 0x0, 0x0, 0x0, 0x0, 0x0,
    0x6f, 0xf7, 0x0, 0x0, 0x3, 0xff, 0xa0, 0x0,
    0x0, 0x0, 0x0, 0x0, 0x0, 0x9f, 0xf4, 0x0,
    0x0, 0x4, 0xff, 0x80, 0x0, 0x0, 0x0, 0x0,
    0x0, 0x0, 0xcf, 0xf1, 0x0, 0x0, 0x5, 0xff,
    0x70, 0x0, 0x0, 0x0, 0x0, 0x0, 0x0, 0xff,
    0xe0, 0x0, 0x0, 0x7, 0xff, 0x50, 0x0, 0x0,
    0x0, 0x0, 0x0, 0x2, 0xff, 0xb0, 0x0, 0x0,
    0x8, 0xff, 0x40, 0x0, 0x0, 0x0, 0x0, 0x0,
    0x5, 0xff, 0x80, 0x0, 0x0, 0xa, 0xff, 0x20,
    0x0, 0x0, 0x0, 0x0, 0x0, 0x8, 0xff, 0x50,
    0x0, 0x0, 0xc, 0xff, 0x0, 0x0, 0x0, 0x2a,
    0xaa, 0xaa, 0xae, 0xff, 0xba, 0xaa, 0xaa, 0xaf,
    0xff, 0xaa, 0xaa, 0xa7, 0x3f, 0xff, 0xff, 0xff,
    0xff, 0xff, 0xff, 0xff, 0xff, 0xff, 0xff, 0xff,
    0xfc, 0x3f, 0xff, 0xff, 0xff, 0xff, 0xff, 0xff,
    0xff, 0xff, 0xff, 0xff, 0xff, 0xfc,

    /* U+4E9B "些" */
    0x0, 0x0, 0x0, 0x6a, 0x90, 0x0, 0x0, 0x7a,
    0x90, 0x0, 0x0, 0x0, 0x0, 0x0, 0x0, 0x0,
    0xa, 0xff, 0x0, 0x0, 0xb, 0xff, 0x0, 0x0,
    0x0, 0x0, 0x0, 0x0, 0x0, 0x0, 0xaf, 0xf0,
    0x0, 0x0, 0xbf, 0xf0, 0x0, 0x0, 0x0, 0x0,
    0x0, 0xb, 0xb3, 0xa, 0xff, 0x0, 0x0, 0xb,
    0xff, 0x0, 0x0, 0x3b, 0x40, 0x0, 0x1, 0xff,
    0x50, 0xaf, 0xf1, 0x11, 0x0, 0xbf, 0xf0, 0x5,
    0xcf, 0xff, 0x40, 0x0, 0x1f, 0xf5, 0xa, 0xff,
    0xff, 0xfe, 0xb, 0xff, 0x8e, 0xff, 0xff, 0xc5,
    0x0, 0x1, 0xff, 0x50, 0xaf, 0xff, 0xff, 0xe0,
    0xbf, 0xff, 0xff, 0xe9, 0x30, 0x0, 0x0, 0x1f,
    0xf5, 0xa, 0xff, 0x55, 0x54, 0xb, 0xff, 0xe9,
    0x40, 0x0, 0x0, 0x0, 0x1, 0xff, 0x50, 0xaf,
    0xf0, 0x0, 0x0, 0xbf, 0xf0, 0x0, 0x0, 0x0,
    0x0, 0x0, 0x1f, 0xf5, 0xa, 0xff, 0x0, 0x0,
    0xb, 0xff, 0x0, 0x0, 0x0, 0x7a, 0x40, 0x1,
    0xff, 0x50, 0xaf, 0xf0, 0x0, 0x0, 0xbf, 0xf0,
    0x0, 0x0, 0x8, 0xff, 0x0, 0x1f, 0xf5, 0xa,
    0xff, 0x0, 0x2, 0xb, 0xff, 0x0, 0x0, 0x0,
    0xaf, 0xd0, 0x1, 0xff, 0x86, 0xdf, 0xfd, 0xef,
    0xf2, 0xaf, 0xfa, 0x88, 0x88, 0x9f, 0xfa, 0x9,
    0xff, 0xff, 0xff, 0xff, 0xff, 0xff, 0x26, 0xff,
    0xff, 0xff, 0xff, 0xff, 0x40, 0x9f, 0xff, 0xff,
    0xfe, 0xcb, 0x97, 0x50, 0x8, 0xdf, 0xff, 0xff,
    0xfd, 0x60, 0x5, 0xa8, 0x64, 0x20, 0x0, 0x0,
    0x0, 0x0, 0x0, 0x0, 0x0, 0x0, 0x0, 0x0,
    0x0, 0x0, 0x0, 0x0, 0x0, 0x0, 0x0, 0x0,
    0x0, 0x0, 0x0, 0x0, 0x0, 0x0, 0x0, 0x3f,
    0xff, 0xff, 0xff, 0xff, 0xff, 0xff, 0xff, 0xff,
    0xfc, 0x0, 0x0, 0x0, 0x4, 0xff, 0xff, 0xff,
    0xff, 0xff, 0xff, 0xff, 0xff, 0xff, 0xd0, 0x0,
    0x0, 0x0, 0x29, 0x99, 0x99, 0x99, 0x99, 0x99,
    0x99, 0x99, 0x99, 0x97, 0x0, 0x0, 0x0, 0x0,
    0x0, 0x0, 0x0, 0x0, 0x0, 0x0, 0x0, 0x0,
    0x0, 0x0, 0x0, 0x0, 0x0, 0x0, 0x0, 0x0,
    0x0, 0x0, 0x0, 0x0, 0x0, 0x0, 0x0, 0x0,
    0x0, 0x0, 0x0, 0x0, 0x0, 0x0, 0x0, 0x0,
    0x0, 0x0, 0x0, 0x0, 0x0, 0x0, 0x5, 0xff,
    0xff, 0xff, 0xff, 0xff, 0xff, 0xff, 0xff, 0xff,
    0xff, 0xff, 0xff, 0xc0, 0x5f, 0xff, 0xff, 0xff,
    0xff, 0xff, 0xff, 0xff, 0xff, 0xff, 0xff, 0xff,
    0xfc, 0x3, 0xaa, 0xaa, 0xaa, 0xaa, 0xaa, 0xaa,
    0xaa, 0xaa, 0xaa, 0xaa, 0xaa, 0xaa, 0x80,

    /* U+4EAE "亮" */
    0x0, 0x0, 0x0, 0x0, 0x0, 0x6, 0xaa, 0x0,
    0x0, 0x0, 0x0, 0x0, 0x0, 0x0, 0x0, 0x0,
    0x0, 0x0, 0xa, 0xff, 0x50, 0x0, 0x0, 0x0,
    0x0, 0x0, 0x23, 0x33, 0x33, 0x33, 0x33, 0x36,
    0xff, 0xd3, 0x33, 0x33, 0x33, 0x33, 0x30, 0xaf,
    0xff, 0xff, 0xff, 0xff, 0xff, 0xff, 0xff, 0xff,
    0xff, 0xff, 0xff, 0xf3, 0xaf, 0xff, 0xff, 0xff,
    0xff, 0xff, 0xff, 0xff, 0xff, 0xff, 0xff, 0xff,
    0xf3, 0x0, 0x0, 0x0, 0x0, 0x0, 0x0, 0x0,
    0x0, 0x0, 0x0, 0x0, 0x0, 0x0, 0x0, 0x0,
    0x7c, 0xcc, 0xcc, 0xcc, 0xcc, 0xcc, 0xcc, 0xcc,
    0xc6, 0x0, 0x0, 0x0, 0x0, 0x9f, 0xff, 0xff,
    0xff, 0xff, 0xff, 0xff, 0xff, 0xf9, 0x0, 0x0,
    0x0, 0x0, 0x9f, 0xf2, 0x0, 0x0, 0x0, 0x0,
    0x0, 0x2f, 0xf9, 0x0, 0x0, 0x0, 0x0, 0x9f,
    0xf1, 0x0, 0x0, 0x0, 0x0, 0x0, 0x2f, 0xf9,
    0x0, 0x0, 0x0, 0x0, 0x9f, 0xfc, 0xcc, 0xcc,
    0xcc, 0xcc, 0xcc, 0xcf, 0xf9, 0x0, 0x0, 0x0,
    0x0, 0x9f, 0xff, 0xff, 0xff, 0xff, 0xff, 0xff,
    0xff, 0xf9, 0x0, 0x0, 0x0, 0x0, 0x0, 0x0,
    0x0, 0x0, 0x0, 0x0, 0x0, 0x0, 0x0, 0x0,
    0x0, 0x3, 0x33, 0x33, 0x33, 0x33, 0x33, 0x33,
    0x33, 0x33, 0x33, 0x33, 0x33, 0x20, 0x3f, 0xff,
    0xff, 0xff, 0xff, 0xff, 0xff, 0xff, 0xff, 0xff,
    0xff, 0xff, 0xd0, 0x3f, 0xfe, 0xdd, 0xdd, 0xdd,
    0xdd, 0xdd, 0xdd, 0xdd, 0xdd, 0xdd, 0xff, 0xd0,
    0x3f, 0xf5, 0x0, 0x0, 0x0, 0x0, 0x0, 0x0,
    0x0, 0x0, 0x0, 0xbf, 0xd0, 0x3f, 0xf5, 0x0,
    0xc, 0xff, 0xff, 0xff, 0xff, 0xff, 0xb0, 0x0,
    0xbf, 0xd0, 0x2c, 0xc4, 0x0, 0xe, 0xff, 0xff,
    0xff, 0xff, 0xff, 0xb0, 0x0, 0x9c, 0x90, 0x0,
    0x0, 0x0, 0x1f, 0xfc, 0x44, 0x44, 0x45, 0xff,
    0xb0, 0x0, 0x0, 0x0, 0x0, 0x0, 0x0, 0x5f,
    0xf8, 0x0, 0x0, 0x1, 0xff, 0xb0, 0x0, 0x2,
    0x0, 0x0, 0x0, 0x0, 0xdf, 0xf3, 0x0, 0x0,
    0x1, 0xff, 0xb0, 0x0, 0x1f, 0xa1, 0x0, 0x0,
    0x1b, 0xff, 0xc0, 0x0, 0x0, 0x1, 0xff, 0xb0,
    0x0, 0x2f, 0xf2, 0x0, 0x49, 0xff, 0xfe, 0x20,
    0x0, 0x0, 0x0, 0xff, 0xe5, 0x44, 0x9f, 0xf0,
    0x5f, 0xff, 0xff, 0xc2, 0x0, 0x0, 0x0, 0x0,
    0xdf, 0xff, 0xff, 0xff, 0xb0, 0xb, 0xff, 0xb5,
    0x0, 0x0, 0x0, 0x0, 0x0, 0x4c, 0xff, 0xff,
    0xfc, 0x20, 0x2, 0x41, 0x0, 0x0, 0x0, 0x0,
    0x0, 0x0, 0x0, 0x0, 0x0, 0x0, 0x0,

    /* U+4ECB "介" */
    0x0, 0x0, 0x0, 0x0, 0x0, 0x0, 0x1, 0x0,
    0x0, 0x0, 0x0, 0x0, 0x0, 0x0, 0x0, 0x0,
    0x0, 0x0, 0x0, 0x0, 0xb, 0xc2, 0x0, 0x0,
    0x0, 0x0, 0x0, 0x0, 0x0, 0x0, 0x0, 0x0,
    0x0, 0x0, 0x7f, 0xfb, 0x0, 0x0, 0x0, 0x0,
    0x0, 0x0, 0x0, 0x0, 0x0, 0x0, 0x0, 0x5,
    0xff, 0xfd, 0x0, 0x0, 0x0, 0x0, 0x0, 0x0,
    0x0, 0x0, 0x0, 0x0, 0x0, 0x4f, 0xff, 0xff,
    0xc0, 0x0, 0x0, 0x0, 0x0, 0x0, 0x0, 0x0,
    0x0, 0x0, 0x6, 0xff, 0xf6, 0xaf, 0xfd, 0x10,
    0x0, 0x0, 0x0, 0x0, 0x0, 0x0, 0x0, 0x0,
    0x9f, 0xff, 0x60, 0xb, 0xff, 0xe4, 0x0, 0x0,
    0x0, 0x0, 0x0, 0x0, 0x0, 0x2c, 0xff, 0xf5,
    0x0, 0x0, 0xaf, 0xff, 0xa1, 0x0, 0x0, 0x0,
    0x0, 0x0, 0x8, 0xff, 0xfe, 0x30, 0x0, 0x0,
    0x7, 0xff, 0xff, 0x81, 0x0, 0x0, 0x0, 0x17,
    0xef, 0xff, 0xb1, 0x0, 0x0, 0x0, 0x0, 0x4e,
    0xff, 0xff, 0x93, 0x0, 0x2a, 0xff, 0xff, 0xf7,
    0x0, 0x0, 0x0, 0x0, 0x0, 0x1, 0x9f, 0xff,
    0xff, 0xd1, 0x1e, 0xff, 0xfa, 0x10, 0x0, 0x0,
    0x0, 0x0, 0x0, 0x0, 0x2, 0xaf, 0xff, 0x70,
    0x5, 0xfa, 0x30, 0x8, 0xbb, 0x0, 0x0, 0x0,
    0x1, 0xcc, 0x90, 0x2, 0x8a, 0x0, 0x0, 0x10,
    0x0, 0xb, 0xff, 0x10, 0x0, 0x0, 0x1, 0xff,
    0xb0, 0x0, 0x0, 0x0, 0x0, 0x0, 0x0, 0xb,
    0xff, 0x10, 0x0, 0x0, 0x1, 0xff, 0xb0, 0x0,
    0x0, 0x0, 0x0, 0x0, 0x0, 0xb, 0xff, 0x10,
    0x0, 0x0, 0x1, 0xff, 0xb0, 0x0, 0x0, 0x0,
    0x0, 0x0, 0x0, 0xb, 0xff, 0x0, 0x0, 0x0,
    0x1, 0xff, 0xb0, 0x0, 0x0, 0x0, 0x0, 0x0,
    0x0, 0xd, 0xff, 0x0, 0x0, 0x0, 0x1, 0xff,
    0xb0, 0x0, 0x0, 0x0, 0x0, 0x0, 0x0, 0xf,
    0xfe, 0x0, 0x0, 0x0, 0x1, 0xff, 0xb0, 0x0,
    0x0, 0x0, 0x0, 0x0, 0x0, 0x3f, 0xfb, 0x0,
    0x0, 0x0, 0x1, 0xff, 0xb0, 0x0, 0x0, 0x0,
    0x0, 0x0, 0x0, 0xaf, 0xf7, 0x0, 0x0, 0x0,
    0x1, 0xff, 0xb0, 0x0, 0x0, 0x0, 0x0, 0x0,
    0x3, 0xff, 0xf1, 0x0, 0x0, 0x0, 0x1, 0xff,
    0xb0, 0x0, 0x0, 0x0, 0x0, 0x0, 0x1e, 0xff,
    0x90, 0x0, 0x0, 0x0, 0x1, 0xff, 0xb0, 0x0,
    0x0, 0x0, 0x0, 0x2, 0xdf, 0xfe, 0x10, 0x0,
    0x0, 0x0, 0x1, 0xff, 0xb0, 0x0, 0x0, 0x0,
    0x0, 0x7f, 0xff, 0xf3, 0x0, 0x0, 0x0, 0x0,
    0x1, 0xff, 0xb0, 0x0, 0x0, 0x0, 0x0, 0xbf,
    0xfe, 0x30, 0x0, 0x0, 0x0, 0x0, 0x1, 0xff,
    0xb0, 0x0, 0x0, 0x0, 0x0, 0x9, 0x91, 0x0,
    0x0, 0x0, 0x0, 0x0, 0x1, 0xff, 0xb0, 0x0,
    0x0, 0x0,

    /* U+4ECD "仍" */
    0x0, 0x0, 0x0, 0x30, 0x0, 0x0, 0x0, 0x0,
    0x0, 0x0, 0x0, 0x0, 0x0, 0x0, 0x0, 0x1,
    0xfe, 0x60, 0x0, 0x0, 0x0, 0x0, 0x0, 0x0,
    0x0, 0x0, 0x0, 0x0, 0x7, 0xff, 0x36, 0x77,
    0x77, 0x77, 0x77, 0x77, 0x87, 0x30, 0x0, 0x0,
    0x0, 0xd, 0xfd, 0xe, 0xff, 0xff, 0xff, 0xff,
    0xff, 0xff, 0x50, 0x0, 0x0, 0x0, 0x4f, 0xf7,
    0xd, 0xff, 0xff, 0xff, 0xff, 0xff, 0xff, 0x20,
    0x0, 0x0, 0x0, 0xcf, 0xf0, 0x0, 0x0, 0xef,
    0xd0, 0x0, 0x6, 0xff, 0x0, 0x0, 0x0, 0x4,
    0xff, 0x90, 0x0, 0x0, 0xef, 0xc0, 0x0, 0xa,
    0xfc, 0x0, 0x0, 0x0, 0xd, 0xff, 0x70, 0x0,
    0x0, 0xff, 0xc0, 0x0, 0xd, 0xf9, 0x0, 0x0,
    0x0, 0x7f, 0xff, 0x70, 0x0, 0x0, 0xff, 0xb0,
    0x0, 0x1f, 0xf5, 0x0, 0x0, 0x2, 0xff, 0xff,
    0x70, 0x0, 0x0, 0xff, 0xa0, 0x0, 0x4f, 0xf2,
    0x0, 0x0, 0xd, 0xff, 0xff, 0x70, 0x0, 0x1,
    0xff, 0x90, 0x0, 0x8f, 0xff, 0xff, 0xfc, 0x3f,
    0xfd, 0xff, 0x70, 0x0, 0x3, 0xff, 0x70, 0x0,
    0xcf, 0xff, 0xff, 0xfc, 0xb, 0xf3, 0xff, 0x70,
    0x0, 0x4, 0xff, 0x60, 0x0, 0x67, 0x77, 0x7f,
    0xfb, 0x4, 0x51, 0xff, 0x70, 0x0, 0x6, 0xff,
    0x40, 0x0, 0x0, 0x0, 0xf, 0xfa, 0x0, 0x1,
    0xff, 0x70, 0x0, 0x8, 0xff, 0x20, 0x0, 0x0,
    0x0, 0xf, 0xf9, 0x0, 0x1, 0xff, 0x70, 0x0,
    0xb, 0xff, 0x0, 0x0, 0x0, 0x0, 0xf, 0xf8,
    0x0, 0x1, 0xff, 0x70, 0x0, 0xe, 0xfc, 0x0,
    0x0, 0x0, 0x0, 0x1f, 0xf7, 0x0, 0x1, 0xff,
    0x70, 0x0, 0x2f, 0xf8, 0x0, 0x0, 0x0, 0x0,
    0x3f, 0xf6, 0x0, 0x1, 0xff, 0x70, 0x0, 0x7f,
    0xf4, 0x0, 0x0, 0x0, 0x0, 0x4f, 0xf4, 0x0,
    0x1, 0xff, 0x70, 0x0, 0xdf, 0xf0, 0x0, 0x0,
    0x0, 0x0, 0x6f, 0xf3, 0x0, 0x1, 0xff, 0x70,
    0x3, 0xff, 0xa0, 0x0, 0x0, 0x0, 0x0, 0x8f,
    0xf1, 0x0, 0x1, 0xff, 0x70, 0xb, 0xff, 0x30,
    0x0, 0x0, 0x0, 0x0, 0xaf, 0xf0, 0x0, 0x1,
    0xff, 0x70, 0x5f, 0xfc, 0x0, 0x0, 0x0, 0x0,
    0x0, 0xef, 0xd0, 0x0, 0x1, 0xff, 0x72, 0xff,
    0xf3, 0x0, 0x0, 0x7, 0x87, 0x7b, 0xff, 0x90,
    0x0, 0x1, 0xff, 0x7a, 0xff, 0x90, 0x0, 0x0,
    0x8, 0xff, 0xff, 0xff, 0x20, 0x0, 0x1, 0xff,
    0x70, 0x9c, 0x0, 0x0, 0x0, 0x4, 0xff, 0xff,
    0xc4, 0x0, 0x0, 0x0, 0x33, 0x10, 0x1, 0x0,
    0x0, 0x0, 0x0, 0x0, 0x0, 0x0, 0x0,

    /* U+4ECE "从" */
    0x0, 0x0, 0x0, 0x1, 0x0, 0x0, 0x0, 0x0,
    0x0, 0x11, 0x0, 0x0, 0x0, 0x0, 0x0, 0x0,
    0x0, 0xf, 0xfd, 0x0, 0x0, 0x0, 0x2, 0xff,
    0xc0, 0x0, 0x0, 0x0, 0x0, 0x0, 0x0, 0x1f,
    0xfc, 0x0, 0x0, 0x0, 0x3, 0xff, 0xb0, 0x0,
    0x0, 0x0, 0x0, 0x0, 0x0, 0x2f, 0xfb, 0x0,
    0x0, 0x0, 0x4, 0xff, 0xa0, 0x0, 0x0, 0x0,
    0x0, 0x0, 0x0, 0x3f, 0xfa, 0x0, 0x0, 0x0,
    0x5, 0xff, 0x90, 0x0, 0x0, 0x0, 0x0, 0x0,
    0x0, 0x4f, 0xf9, 0x0, 0x0, 0x0, 0x6, 0xff,
    0x70, 0x0, 0x0, 0x0, 0x0, 0x0, 0x0, 0x5f,
    0xf8, 0x0, 0x0, 0x0, 0x8, 0xff, 0x60, 0x0,
    0x0, 0x0, 0x0, 0x0, 0x0, 0x7f, 0xf6, 0x0,
    0x0, 0x0, 0xa, 0xff, 0x40, 0x0, 0x0, 0x0,
    0x0, 0x0, 0x0, 0x8f, 0xf5, 0x0, 0x0, 0x0,
    0xc, 0xff, 0x20, 0x0, 0x0, 0x0, 0x0, 0x0,
    0x0, 0xaf, 0xf3, 0x0, 0x0, 0x0, 0xe, 0xff,
    0x0, 0x0, 0x0, 0x0, 0x0, 0x0, 0x0, 0xcf,
    0xfa, 0x0, 0x0, 0x0, 0xf, 0xff, 0x0, 0x0,
    0x0, 0x0, 0x0, 0x0, 0x0, 0xef, 0xff, 0x70,
    0x0, 0x0, 0x3f, 0xff, 0x40, 0x0, 0x0, 0x0,
    0x0, 0x0, 0x0, 0xff, 0xff, 0xf4, 0x0, 0x0,
    0x6f, 0xff, 0x80, 0x0, 0x0, 0x0, 0x0, 0x0,
    0x3, 0xff, 0xdf, 0xfe, 0x10, 0x0, 0xaf, 0xff,
    0xd0, 0x0, 0x0, 0x0, 0x0, 0x0, 0x6, 0xff,
    0x77, 0xff, 0xb0, 0x0, 0xef, 0xff, 0xf2, 0x0,
    0x0, 0x0, 0x0, 0x0, 0xa, 0xff, 0x40, 0xcf,
    0xf6, 0x2, 0xff, 0xef, 0xf8, 0x0, 0x0, 0x0,
    0x0, 0x0, 0xe, 0xff, 0x0, 0x2f, 0xff, 0x17,
    0xff, 0x9c, 0xfe, 0x0, 0x0, 0x0, 0x0, 0x0,
    0x3f, 0xfc, 0x0, 0x7, 0xff, 0x5d, 0xff, 0x46,
    0xff, 0x60, 0x0, 0x0, 0x0, 0x0, 0x8f, 0xf7,
    0x0, 0x0, 0xe7, 0x4f, 0xfe, 0x0, 0xff, 0xe0,
    0x0, 0x0, 0x0, 0x0, 0xef, 0xf2, 0x0, 0x0,
    0x20, 0xbf, 0xf8, 0x0, 0x9f, 0xf8, 0x0, 0x0,
    0x0, 0x6, 0xff, 0xd0, 0x0, 0x0, 0x4, 0xff,
    0xf1, 0x0, 0x1f, 0xff, 0x30, 0x0, 0x0, 0xe,
    0xff, 0x60, 0x0, 0x0, 0x1e, 0xff, 0x90, 0x0,
    0x7, 0xff, 0xd1, 0x0, 0x0, 0x8f, 0xfe, 0x0,
    0x0, 0x0, 0xbf, 0xfe, 0x10, 0x0, 0x0, 0xdf,
    0xfd, 0x10, 0x4, 0xff, 0xf6, 0x0, 0x0, 0xa,
    0xff, 0xf5, 0x0, 0x0, 0x0, 0x2f, 0xff, 0xd0,
    0xb, 0xff, 0xc0, 0x0, 0x0, 0x3e, 0xff, 0x90,
    0x0, 0x0, 0x0, 0x5, 0xff, 0x40, 0x0, 0x6e,
    0x20, 0x0, 0x0, 0x1, 0xbb, 0x0, 0x0, 0x0,
    0x0, 0x0, 0x57, 0x0, 0x0, 0x0, 0x0, 0x0,
    0x0, 0x0, 0x0, 0x0, 0x0, 0x0, 0x0, 0x0,
    0x0, 0x0,

    /* U+4EE5 "以" */
    0x0, 0x0, 0x0, 0x0, 0x0, 0x0, 0x0, 0x0,
    0x0, 0x7, 0x75, 0x0, 0x0, 0x0, 0x79, 0x90,
    0x0, 0x0, 0x0, 0x0, 0x0, 0x0, 0xf, 0xfc,
    0x0, 0x0, 0x0, 0xcf, 0xf1, 0x0, 0x5, 0xa0,
    0x0, 0x0, 0x0, 0x1f, 0xfb, 0x0, 0x0, 0x0,
    0xcf, 0xf1, 0x0, 0x8f, 0xf9, 0x0, 0x0, 0x0,
    0x2f, 0xfa, 0x0, 0x0, 0x0, 0xcf, 0xf1, 0x0,
    0xd, 0xff, 0x40, 0x0, 0x0, 0x4f, 0xf8, 0x0,
    0x0, 0x0, 0xcf, 0xf1, 0x0, 0x3, 0xff, 0xe1,
    0x0, 0x0, 0x5f, 0xf7, 0x0, 0x0, 0x0, 0xcf,
    0xf1, 0x0, 0x0, 0x9f, 0xf9, 0x0, 0x0, 0x7f,
    0xf5, 0x0, 0x0, 0x0, 0xcf, 0xf1, 0x0, 0x0,
    0xe, 0xff, 0x20, 0x0, 0x9f, 0xf3, 0x0, 0x0,
    0x0, 0xcf, 0xf1, 0x0, 0x0, 0x6, 0xff, 0x80,
    0x0, 0xbf, 0xf0, 0x0, 0x0, 0x0, 0xcf, 0xf1,
    0x0, 0x0, 0x0, 0xc5, 0x0, 0x0, 0xef, 0xe0,
    0x0, 0x0, 0x0, 0xcf, 0xf1, 0x0, 0x0, 0x0,
    0x0, 0x0, 0x1, 0xff, 0xb0, 0x0, 0x0, 0x0,
    0xcf, 0xf1, 0x0, 0x0, 0x0, 0x0, 0x0, 0x5,
    0xff, 0x70, 0x0, 0x0, 0x0, 0xcf, 0xf1, 0x0,
    0x0, 0x0, 0x0, 0x0, 0x9, 0xff, 0x30, 0x0,
    0x0, 0x0, 0xcf, 0xf1, 0x0, 0x0, 0x0, 0x0,
    0x0, 0xe, 0xfe, 0x0, 0x0, 0x0, 0x0, 0xcf,
    0xf1, 0x0, 0x0, 0x0, 0x0, 0x0, 0x4f, 0xfa,
    0x0, 0x0, 0x0, 0x0, 0xcf, 0xf1, 0x0, 0x7,
    0xe3, 0x0, 0x0, 0xcf, 0xf4, 0x0, 0x0, 0x0,
    0x0, 0xcf, 0xf1, 0x7, 0xef, 0xf8, 0x0, 0x4,
    0xff, 0xf1, 0x0, 0x0, 0x0, 0x0, 0xcf, 0xf9,
    0xff, 0xff, 0xe5, 0x0, 0xd, 0xff, 0xfc, 0x10,
    0x0, 0x0, 0x0, 0xef, 0xff, 0xff, 0xe7, 0x0,
    0x0, 0x9f, 0xff, 0xff, 0xc1, 0x0, 0x0, 0x7,
    0xff, 0xff, 0xe7, 0x0, 0x0, 0x8, 0xff, 0xf3,
    0xcf, 0xfc, 0x0, 0x0, 0x5f, 0xff, 0xf8, 0x0,
    0x0, 0x0, 0x9f, 0xff, 0x60, 0x1d, 0xff, 0xb0,
    0x0, 0x1e, 0xf9, 0x10, 0x0, 0x0, 0x2c, 0xff,
    0xf7, 0x0, 0x2, 0xef, 0xfa, 0x0, 0x4, 0x30,
    0x0, 0x0, 0x29, 0xff, 0xff, 0x70, 0x0, 0x0,
    0x3f, 0xff, 0x70, 0x0, 0x0, 0x0, 0x0, 0xdf,
    0xff, 0xe4, 0x0, 0x0, 0x0, 0x6, 0xff, 0xe0,
    0x0, 0x0, 0x0, 0x0, 0x2e, 0xf9, 0x10, 0x0,
    0x0, 0x0, 0x0, 0xac, 0x10, 0x0, 0x0, 0x0,
    0x0, 0x3, 0x20, 0x0, 0x0, 0x0, 0x0, 0x0,
    0x0, 0x0,

    /* U+4F1A "会" */
    0x0, 0x0, 0x0, 0x0, 0x0, 0x0, 0x8, 0x20,
    0x0, 0x0, 0x0, 0x0, 0x0, 0x0, 0x0, 0x0,
    0x0, 0x0, 0x0, 0xb, 0xff, 0x60, 0x0, 0x0,
    0x0, 0x0, 0x0, 0x0, 0x0, 0x0, 0x0, 0x0,
    0x9, 0xff, 0xf1, 0x0, 0x0, 0x0, 0x0, 0x0,
    0x0, 0x0, 0x0, 0x0, 0x0, 0xa, 0xff, 0xff,
    0xc1, 0x0, 0x0, 0x0, 0x0, 0x0, 0x0, 0x0,
    0x0, 0x0, 0x1c, 0xff, 0xe9, 0xff, 0xe3, 0x0,
    0x0, 0x0, 0x0, 0x0, 0x0, 0x0, 0x0, 0x4e,
    0xff, 0xe3, 0x6, 0xff, 0xf8, 0x0, 0x0, 0x0,
    0x0, 0x0, 0x0, 0x0, 0x9f, 0xff, 0xd2, 0x0,
    0x4, 0xef, 0xfd, 0x40, 0x0, 0x0, 0x0, 0x0,
    0x5, 0xef, 0xff, 0xa0, 0x0, 0x0, 0x2, 0xcf,
    0xff, 0xc3, 0x0, 0x0, 0x0, 0x5d, 0xff, 0xff,
    0x71, 0x11, 0x11, 0x11, 0x11, 0x8f, 0xff, 0xfc,
    0x50, 0x5, 0xdf, 0xff, 0xfe, 0xff, 0xff, 0xff,
    0xff, 0xff, 0xff, 0xfb, 0xff, 0xff, 0xe1, 0x1e,
    0xff, 0xd4, 0x5f, 0xff, 0xff, 0xff, 0xff, 0xff,
    0xfe, 0x4, 0xdf, 0xf5, 0x0, 0x3d, 0x50, 0x2,
    0x66, 0x66, 0x66, 0x66, 0x66, 0x66, 0x50, 0x0,
    0x47, 0x0, 0x0, 0x0, 0x0, 0x0, 0x0, 0x0,
    0x0, 0x0, 0x0, 0x0, 0x0, 0x0, 0x0, 0x0,
    0x0, 0x0, 0x0, 0x0, 0x0, 0x0, 0x0, 0x0,
    0x0, 0x0, 0x0, 0x0, 0x0, 0x3, 0xaa, 0xaa,
    0xaa, 0xaa, 0xaa, 0xaa, 0xaa, 0xaa, 0xaa, 0xaa,
    0xaa, 0x90, 0x0, 0x5f, 0xff, 0xff, 0xff, 0xff,
    0xff, 0xff, 0xff, 0xff, 0xff, 0xff, 0xfe, 0x0,
    0x4, 0xff, 0xff, 0xff, 0xff, 0xff, 0xff, 0xff,
    0xff, 0xff, 0xff, 0xff, 0xe0, 0x0, 0x0, 0x0,
    0x0, 0x4, 0xff, 0xf6, 0x0, 0x0, 0x3, 0x0,
    0x0, 0x0, 0x0, 0x0, 0x0, 0x0, 0x2, 0xef,
    0xf8, 0x0, 0x0, 0x4d, 0xf7, 0x0, 0x0, 0x0,
    0x0, 0x0, 0x0, 0x1, 0xdf, 0xfa, 0x0, 0x0,
    0x2, 0xef, 0xf7, 0x0, 0x0, 0x0, 0x0, 0x0,
    0x1, 0xcf, 0xfb, 0x0, 0x0, 0x0, 0x2, 0xef,
    0xf7, 0x0, 0x0, 0x0, 0x0, 0x1, 0xdf, 0xfb,
    0x0, 0x0, 0x0, 0x0, 0x15, 0xff, 0xf5, 0x0,
    0x0, 0x0, 0x3, 0xef, 0xff, 0x88, 0x9a, 0xbd,
    0xef, 0xff, 0xff, 0xff, 0xf3, 0x0, 0x0, 0x1,
    0xff, 0xff, 0xff, 0xff, 0xff, 0xff, 0xff, 0xff,
    0xff, 0xff, 0xd0, 0x0, 0x0, 0xc, 0xff, 0xff,
    0xff, 0xfd, 0xcb, 0x98, 0x75, 0x43, 0x2b, 0xff,
    0x90, 0x0, 0x0, 0x69, 0x65, 0x31, 0x0, 0x0,
    0x0, 0x0, 0x0, 0x0, 0x1e, 0xb2, 0x0, 0x0,
    0x0, 0x0, 0x0, 0x0, 0x0, 0x0, 0x0, 0x0,
    0x0, 0x0, 0x20, 0x0, 0x0,

    /* U+4F20 "传" */
    0x0, 0x0, 0x0, 0x5, 0x10, 0x0, 0x0, 0x1,
    0x53, 0x0, 0x0, 0x0, 0x0, 0x0, 0x0, 0x0,
    0x2, 0xff, 0x80, 0x0, 0x0, 0x6f, 0xf4, 0x0,
    0x0, 0x0, 0x0, 0x0, 0x0, 0x0, 0x9f, 0xf3,
    0x0, 0x0, 0xa, 0xff, 0x0, 0x0, 0x0, 0x0,
    0x0, 0x0, 0x0, 0x1f, 0xfc, 0x18, 0x88, 0x88,
    0xef, 0xe8, 0x88, 0x88, 0x88, 0x50, 0x0, 0x0,
    0x8, 0xff, 0x52, 0xff, 0xff, 0xff, 0xff, 0xff,
    0xff, 0xff, 0xf9, 0x0, 0x0, 0x1, 0xff, 0xd0,
    0x2f, 0xff, 0xff, 0xff, 0xff, 0xff, 0xff, 0xff,
    0x90, 0x0, 0x0, 0xaf, 0xf4, 0x0, 0x0, 0x0,
    0xbf, 0xe0, 0x0, 0x0, 0x0, 0x0, 0x0, 0x0,
    0x5f, 0xff, 0x0, 0x0, 0x0, 0xf, 0xfa, 0x0,
    0x0, 0x0, 0x0, 0x0, 0x0, 0x1e, 0xff, 0xf0,
    0x23, 0x33, 0x36, 0xff, 0x83, 0x33, 0x33, 0x33,
    0x33, 0x30, 0xc, 0xff, 0xff, 0xb, 0xff, 0xff,
    0xff, 0xff, 0xff, 0xff, 0xff, 0xff, 0xff, 0x9,
    0xff, 0xff, 0xf0, 0xbf, 0xff, 0xff, 0xff, 0xff,
    0xff, 0xff, 0xff, 0xff, 0xf3, 0xff, 0xfc, 0xff,
    0x2, 0x33, 0x35, 0xff, 0xa3, 0x33, 0x33, 0x33,
    0x33, 0x33, 0xb, 0xf5, 0xaf, 0xf0, 0x0, 0x0,
    0x7f, 0xf4, 0x0, 0x0, 0x0, 0x0, 0x0, 0x0,
    0x37, 0xa, 0xff, 0x0, 0x0, 0xc, 0xff, 0x0,
    0x0, 0x0, 0x0, 0x0, 0x0, 0x0, 0x0, 0xaf,
    0xf0, 0x0, 0x1, 0xff, 0xff, 0xff, 0xff, 0xff,
    0xff, 0xb2, 0x0, 0x0, 0xa, 0xff, 0x0, 0x0,
    0x6f, 0xff, 0xff, 0xff, 0xff, 0xff, 0xff, 0x50,
    0x0, 0x0, 0xaf, 0xf0, 0x0, 0x5, 0x88, 0x88,
    0x88, 0x88, 0x9f, 0xff, 0x70, 0x0, 0x0, 0xa,
    0xff, 0x0, 0x0, 0x0, 0x0, 0x0, 0x0, 0xc,
    0xff, 0x80, 0x0, 0x0, 0x0, 0xaf, 0xf0, 0x0,
    0x0, 0x0, 0x0, 0x0, 0xc, 0xff, 0x90, 0x0,
    0x0, 0x0, 0xa, 0xff, 0x0, 0x0, 0x0, 0x2d,
    0xb2, 0xb, 0xff, 0xa0, 0x0, 0x0, 0x0, 0x0,
    0xaf, 0xf0, 0x0, 0x0, 0xb, 0xff, 0xfd, 0xff,
    0xb0, 0x0, 0x0, 0x0, 0x0, 0xa, 0xff, 0x0,
    0x0, 0x0, 0x7, 0xff, 0xff, 0xc0, 0x0, 0x0,
    0x0, 0x0, 0x0, 0xaf, 0xf0, 0x0, 0x0, 0x0,
    0x2, 0xcf, 0xff, 0x60, 0x0, 0x0, 0x0, 0x0,
    0xa, 0xff, 0x0, 0x0, 0x0, 0x0, 0x0, 0x8f,
    0xff, 0xa0, 0x0, 0x0, 0x0, 0x0, 0xaf, 0xf0,
    0x0, 0x0, 0x0, 0x0, 0x0, 0x5f, 0xfe, 0x20,
    0x0, 0x0, 0x0, 0xa, 0xff, 0x0, 0x0, 0x0,
    0x0, 0x0, 0x0, 0x3c, 0x20, 0x0, 0x0, 0x0,
    0x0, 0x0, 0x0, 0x0, 0x0, 0x0, 0x0, 0x0,
    0x0, 0x0, 0x0, 0x0, 0x0,

    /* U+4F46 "但" */
    0x0, 0x0, 0x0, 0x2, 0x0, 0x0, 0x0, 0x0,
    0x0, 0x0, 0x0, 0x0, 0x0, 0x0, 0x0, 0x0,
    0x0, 0xe, 0xe8, 0x0, 0x0, 0x0, 0x0, 0x0,
    0x0, 0x0, 0x0, 0x0, 0x0, 0x0, 0x0, 0x6f,
    0xf8, 0x18, 0x88, 0x88, 0x88, 0x88, 0x88, 0x88,
    0x60, 0x0, 0x0, 0x0, 0x0, 0xdf, 0xf1, 0x2f,
    0xff, 0xff, 0xff, 0xff, 0xff, 0xff, 0xd0, 0x0,
    0x0, 0x0, 0x6, 0xff, 0x90, 0x2f, 0xff, 0xff,
    0xff, 0xff, 0xff, 0xff, 0xd0, 0x0, 0x0, 0x0,
    0xe, 0xff, 0x10, 0x2f, 0xf9, 0x0, 0x0, 0x0,
    0x0, 0xff, 0xd0, 0x0, 0x0, 0x0, 0x8f, 0xf8,
    0x0, 0x2f, 0xf9, 0x0, 0x0, 0x0, 0x0, 0xff,
    0xd0, 0x0, 0x0, 0x3, 0xff, 0xf2, 0x0, 0x2f,
    0xf9, 0x0, 0x0, 0x0, 0x0, 0xff, 0xd0, 0x0,
    0x0, 0x1d, 0xff, 0xf1, 0x0, 0x2f, 0xf9, 0x0,
    0x0, 0x0, 0x0, 0xff, 0xd0, 0x0, 0x0, 0xbf,
    0xff, 0xf1, 0x0, 0x2f, 0xfb, 0x55, 0x55, 0x55,
    0x56, 0xff, 0xd0, 0x0, 0xa, 0xff, 0xff, 0xf1,
    0x0, 0x2f, 0xff, 0xff, 0xff, 0xff, 0xff, 0xff,
    0xd0, 0x0, 0x4f, 0xff, 0xcf, 0xf1, 0x0, 0x2f,
    0xff, 0xff, 0xff, 0xff, 0xff, 0xff, 0xd0, 0x0,
    0xc, 0xf7, 0x8f, 0xf1, 0x0, 0x2f, 0xfa, 0x11,
    0x11, 0x11, 0x11, 0xff, 0xd0, 0x0, 0x4, 0x90,
    0x8f, 0xf1, 0x0, 0x2f, 0xf9, 0x0, 0x0, 0x0,
    0x0, 0xff, 0xd0, 0x0, 0x0, 0x0, 0x8f, 0xf1,
    0x0, 0x2f, 0xf9, 0x0, 0x0, 0x0, 0x0, 0xff,
    0xd0, 0x0, 0x0, 0x0, 0x8f, 0xf1, 0x0, 0x2f,
    0xf9, 0x0, 0x0, 0x0, 0x0, 0xff, 0xd0, 0x0,
    0x0, 0x0, 0x8f, 0xf1, 0x0, 0x2f, 0xf9, 0x0,
    0x0, 0x0, 0x0, 0xff, 0xd0, 0x0, 0x0, 0x0,
    0x8f, 0xf1, 0x0, 0x2f, 0xff, 0xff, 0xff, 0xff,
    0xff, 0xff, 0xd0, 0x0, 0x0, 0x0, 0x8f, 0xf1,
    0x0, 0x2f, 0xff, 0xff, 0xff, 0xff, 0xff, 0xff,
    0xd0, 0x0, 0x0, 0x0, 0x8f, 0xf1, 0x0, 0x17,
    0x77, 0x77, 0x77, 0x77, 0x77, 0x77, 0x60, 0x0,
    0x0, 0x0, 0x8f, 0xf1, 0x0, 0x0, 0x0, 0x0,
    0x0, 0x0, 0x0, 0x0, 0x0, 0x0, 0x0, 0x0,
    0x8f, 0xf1, 0x0, 0x0, 0x0, 0x0, 0x0, 0x0,
    0x0, 0x0, 0x0, 0x0, 0x0, 0x0, 0x8f, 0xf1,
    0x13, 0x33, 0x33, 0x33, 0x33, 0x33, 0x33, 0x33,
    0x33, 0x30, 0x0, 0x0, 0x8f, 0xf1, 0x5f, 0xff,
    0xff, 0xff, 0xff, 0xff, 0xff, 0xff, 0xff, 0xf0,
    0x0, 0x0, 0x8f, 0xf1, 0x5f, 0xff, 0xff, 0xff,
    0xff, 0xff, 0xff, 0xff, 0xff, 0xf0, 0x0, 0x0,
    0x8f, 0xf1, 0x14, 0x44, 0x44, 0x44, 0x44, 0x44,
    0x44, 0x44, 0x44, 0x40,

    /* U+4F4D "位" */
    0x0, 0x0, 0x0, 0x13, 0x0, 0x0, 0x0, 0x5,
    0xa7, 0x0, 0x0, 0x0, 0x0, 0x0, 0x0, 0x0,
    0x8f, 0xe2, 0x0, 0x0, 0xd, 0xfe, 0x0, 0x0,
    0x0, 0x0, 0x0, 0x0, 0x0, 0xef, 0xd0, 0x0,
    0x0, 0x7, 0xff, 0x40, 0x0, 0x0, 0x0, 0x0,
    0x0, 0x6, 0xff, 0x70, 0x0, 0x0, 0x3, 0xff,
    0x90, 0x0, 0x0, 0x0, 0x0, 0x0, 0xe, 0xfe,
    0x0, 0x0, 0x0, 0x0, 0xee, 0x80, 0x0, 0x0,
    0x0, 0x0, 0x0, 0x7f, 0xf7, 0x5, 0xaa, 0xaa,
    0xaa, 0xba, 0xaa, 0xaa, 0xaa, 0x80, 0x0, 0x1,
    0xff, 0xe0, 0x9, 0xff, 0xff, 0xff, 0xff, 0xff,
    0xff, 0xff, 0xd0, 0x0, 0xb, 0xff, 0x90, 0x8,
    0xff, 0xff, 0xff, 0xff, 0xff, 0xff, 0xff, 0xd0,
    0x0, 0x6f, 0xff, 0x90, 0x0, 0x0, 0x0, 0x0,
    0x0, 0x0, 0x0, 0x0, 0x0, 0x3, 0xff, 0xff,
    0x90, 0x0, 0x3, 0x77, 0x0, 0x0, 0x0, 0x5c,
    0x93, 0x0, 0x2e, 0xff, 0xff, 0x90, 0x0, 0xa,
    0xfe, 0x0, 0x0, 0x0, 0x8f, 0xf4, 0x0, 0xaf,
    0xfc, 0xff, 0x90, 0x0, 0x7, 0xff, 0x10, 0x0,
    0x0, 0xaf, 0xf1, 0x0, 0x3f, 0xe2, 0xff, 0x90,
    0x0, 0x4, 0xff, 0x40, 0x0, 0x0, 0xcf, 0xe0,
    0x0, 0x9, 0x21, 0xff, 0x90, 0x0, 0x1, 0xff,
    0x70, 0x0, 0x0, 0xff, 0xb0, 0x0, 0x0, 0x1,
    0xff, 0x90, 0x0, 0x0, 0xef, 0xa0, 0x0, 0x2,
    0xff, 0x70, 0x0, 0x0, 0x1, 0xff, 0x90, 0x0,
    0x0, 0xcf, 0xd0, 0x0, 0x5, 0xff, 0x40, 0x0,
    0x0, 0x1, 0xff, 0x90, 0x0, 0x0, 0x9f, 0xf0,
    0x0, 0x8, 0xff, 0x10, 0x0, 0x0, 0x1, 0xff,
    0x90, 0x0, 0x0, 0x7f, 0xf2, 0x0, 0xb, 0xfd,
    0x0, 0x0, 0x0, 0x1, 0xff, 0x90, 0x0, 0x0,
    0x5f, 0xf5, 0x0, 0xe, 0xfa, 0x0, 0x0, 0x0,
    0x1, 0xff, 0x90, 0x0, 0x0, 0x3f, 0xf7, 0x0,
    0x2f, 0xf6, 0x0, 0x0, 0x0, 0x1, 0xff, 0x90,
    0x0, 0x0, 0x1f, 0xf7, 0x0, 0x5f, 0xf2, 0x0,
    0x0, 0x0, 0x1, 0xff, 0x90, 0x0, 0x0, 0x4,
    0x0, 0x0, 0x9f, 0xd0, 0x0, 0x0, 0x0, 0x1,
    0xff, 0x90, 0x58, 0x88, 0x88, 0x88, 0x88, 0xef,
    0xd8, 0x88, 0x87, 0x0, 0x1, 0xff, 0x90, 0xbf,
    0xff, 0xff, 0xff, 0xff, 0xff, 0xff, 0xff, 0xfe,
    0x0, 0x1, 0xff, 0x90, 0xbf, 0xff, 0xff, 0xff,
    0xff, 0xff, 0xff, 0xff, 0xfe, 0x0, 0x1, 0xff,
    0x90, 0x0, 0x0, 0x0, 0x0, 0x0, 0x0, 0x0,
    0x0, 0x0,

    /* U+4F4E "低" */
    0x0, 0x0, 0x0, 0x6, 0x10, 0x0, 0x0, 0x0,
    0x0, 0x0, 0x0, 0x37, 0x0, 0x0, 0x0, 0x0,
    0x0, 0x4f, 0xf6, 0x0, 0x0, 0x0, 0x0, 0x25,
    0x9e, 0xff, 0xc0, 0x0, 0x0, 0x0, 0x0, 0xaf,
    0xf2, 0x0, 0x1, 0x47, 0xbe, 0xff, 0xff, 0xff,
    0xf7, 0x0, 0x0, 0x0, 0x1, 0xff, 0xb0, 0x6c,
    0xff, 0xff, 0xff, 0xff, 0xfc, 0x83, 0x0, 0x0,
    0x0, 0x0, 0x8, 0xff, 0x40, 0x9f, 0xff, 0xff,
    0xc9, 0xdf, 0xd0, 0x0, 0x0, 0x0, 0x0, 0x0,
    0x1f, 0xfc, 0x0, 0x9f, 0xf4, 0x10, 0x0, 0xaf,
    0xd0, 0x0, 0x0, 0x0, 0x0, 0x0, 0x9f, 0xf5,
    0x0, 0x9f, 0xf0, 0x0, 0x0, 0xaf, 0xe0, 0x0,
    0x0, 0x0, 0x0, 0x2, 0xff, 0xf1, 0x0, 0x9f,
    0xf0, 0x0, 0x0, 0x9f, 0xe0, 0x0, 0x0, 0x0,
    0x0, 0xc, 0xff, 0xf1, 0x0, 0x9f, 0xf0, 0x0,
    0x0, 0x8f, 0xf0, 0x0, 0x0, 0x0, 0x0, 0x7f,
    0xff, 0xf1, 0x0, 0x9f, 0xf0, 0x0, 0x0, 0x7f,
    0xf1, 0x0, 0x0, 0x0, 0x4, 0xff, 0xff, 0xf1,
    0x0, 0x9f, 0xf0, 0x0, 0x0, 0x6f, 0xf2, 0x0,
    0x0, 0x0, 0x2e, 0xff, 0xdf, 0xf1, 0x0, 0x9f,
    0xff, 0xff, 0xff, 0xff, 0xff, 0xff, 0xff, 0xb0,
    0xe, 0xfb, 0x7f, 0xf1, 0x0, 0x9f, 0xff, 0xff,
    0xff, 0xff, 0xff, 0xff, 0xff, 0xb0, 0x6, 0xd1,
    0x7f, 0xf1, 0x0, 0x9f, 0xf7, 0x77, 0x77, 0x7f,
    0xfb, 0x77, 0x77, 0x40, 0x0, 0x20, 0x7f, 0xf1,
    0x0, 0x9f, 0xf0, 0x0, 0x0, 0xf, 0xf9, 0x0,
    0x0, 0x0, 0x0, 0x0, 0x7f, 0xf1, 0x0, 0x9f,
    0xf0, 0x0, 0x0, 0xd, 0xfb, 0x0, 0x0, 0x0,
    0x0, 0x0, 0x7f, 0xf1, 0x0, 0x9f, 0xf0, 0x0,
    0x0, 0xa, 0xfe, 0x0, 0x0, 0x0, 0x0, 0x0,
    0x7f, 0xf1, 0x0, 0x9f, 0xf0, 0x0, 0x0, 0x7,
    0xff, 0x10, 0x0, 0x0, 0x0, 0x0, 0x7f, 0xf1,
    0x0, 0x9f, 0xf0, 0x0, 0x0, 0x4, 0xff, 0x40,
    0x0, 0x0, 0x0, 0x0, 0x7f, 0xf1, 0x0, 0x9f,
    0xf0, 0x0, 0x16, 0x11, 0xff, 0x80, 0x7, 0x20,
    0x0, 0x0, 0x7f, 0xf1, 0x0, 0x9f, 0xf0, 0x0,
    0xbf, 0x80, 0xcf, 0xd0, 0xc, 0xf2, 0x0, 0x0,
    0x7f, 0xf1, 0x0, 0x9f, 0xf0, 0x0, 0x4f, 0xe0,
    0x7f, 0xf4, 0xf, 0xf1, 0x0, 0x0, 0x7f, 0xf1,
    0x0, 0x9f, 0xf6, 0xae, 0x6c, 0xf7, 0x2f, 0xfd,
    0x8f, 0xd0, 0x0, 0x0, 0x7f, 0xf1, 0x2, 0xef,
    0xff, 0xff, 0x75, 0xfe, 0xa, 0xff, 0xff, 0x90,
    0x0, 0x0, 0x7f, 0xf1, 0x6, 0xff, 0xfe, 0xa5,
    0x10, 0xef, 0x51, 0xef, 0xff, 0x20, 0x0, 0x0,
    0x7f, 0xf1, 0x0, 0xe9, 0x40, 0x0, 0x0, 0x53,
    0x0, 0x19, 0xc4, 0x0, 0x0, 0x0, 0x0, 0x0,
    0x0, 0x0, 0x0, 0x0, 0x0, 0x0, 0x0, 0x0,
    0x0, 0x0,

    /* U+4F4F "住" */
    0x0, 0x0, 0x0, 0x9, 0x50, 0x0, 0x0, 0x5,
    0xaa, 0x0, 0x0, 0x0, 0x0, 0x0, 0x0, 0x0,
    0x3, 0xff, 0x90, 0x0, 0x0, 0xbf, 0xf4, 0x0,
    0x0, 0x0, 0x0, 0x0, 0x0, 0x0, 0xaf, 0xf3,
    0x0, 0x0, 0x2, 0xff, 0xc0, 0x0, 0x0, 0x0,
    0x0, 0x0, 0x0, 0x2f, 0xfc, 0x0, 0x0, 0x0,
    0xa, 0xff, 0x40, 0x0, 0x0, 0x0, 0x0, 0x0,
    0xa, 0xff, 0x40, 0x0, 0x0, 0x0, 0x3f, 0xe6,
    0x0, 0x0, 0x0, 0x0, 0x0, 0x2, 0xff, 0xd0,
    0x57, 0x77, 0x77, 0x77, 0xc7, 0x77, 0x77, 0x77,
    0x72, 0x0, 0x0, 0xcf, 0xf5, 0xc, 0xff, 0xff,
    0xff, 0xff, 0xff, 0xff, 0xff, 0xff, 0x40, 0x0,
    0x6f, 0xff, 0x20, 0xcf, 0xff, 0xff, 0xff, 0xff,
    0xff, 0xff, 0xff, 0xf4, 0x0, 0x2f, 0xff, 0xf2,
    0x0, 0x0, 0x0, 0x0, 0xaf, 0xf2, 0x0, 0x0,
    0x0, 0x0, 0xc, 0xff, 0xff, 0x20, 0x0, 0x0,
    0x0, 0x9, 0xff, 0x10, 0x0, 0x0, 0x0, 0xa,
    0xff, 0xff, 0xf2, 0x0, 0x0, 0x0, 0x0, 0x9f,
    0xf1, 0x0, 0x0, 0x0, 0x2, 0xff, 0xfd, 0xff,
    0x20, 0x0, 0x0, 0x0, 0x9, 0xff, 0x10, 0x0,
    0x0, 0x0, 0xa, 0xf7, 0x9f, 0xf2, 0x0, 0x0,
    0x0, 0x0, 0x9f, 0xf1, 0x0, 0x0, 0x0, 0x0,
    0x2a, 0x9, 0xff, 0x20, 0x0, 0x0, 0x0, 0xa,
    0xff, 0x20, 0x0, 0x0, 0x0, 0x0, 0x0, 0x9f,
    0xf2, 0x0, 0xdf, 0xff, 0xff, 0xff, 0xff, 0xff,
    0xff, 0xf7, 0x0, 0x0, 0x9, 0xff, 0x20, 0xd,
    0xff, 0xff, 0xff, 0xff, 0xff, 0xff, 0xff, 0x70,
    0x0, 0x0, 0x9f, 0xf2, 0x0, 0x57, 0x77, 0x77,
    0xcf, 0xf7, 0x77, 0x77, 0x73, 0x0, 0x0, 0x9,
    0xff, 0x20, 0x0, 0x0, 0x0, 0x9, 0xff, 0x10,
    0x0, 0x0, 0x0, 0x0, 0x0, 0x9f, 0xf2, 0x0,
    0x0, 0x0, 0x0, 0x9f, 0xf1, 0x0, 0x0, 0x0,
    0x0, 0x0, 0x9, 0xff, 0x20, 0x0, 0x0, 0x0,
    0x9, 0xff, 0x10, 0x0, 0x0, 0x0, 0x0, 0x0,
    0x9f, 0xf2, 0x0, 0x0, 0x0, 0x0, 0x9f, 0xf1,
    0x0, 0x0, 0x0, 0x0, 0x0, 0x9, 0xff, 0x20,
    0x0, 0x0, 0x0, 0x9, 0xff, 0x10, 0x0, 0x0,
    0x0, 0x0, 0x0, 0x9f, 0xf2, 0x0, 0x0, 0x0,
    0x0, 0xaf, 0xf2, 0x0, 0x0, 0x0, 0x0, 0x0,
    0x9, 0xff, 0x27, 0xff, 0xff, 0xff, 0xff, 0xff,
    0xff, 0xff, 0xff, 0xfb, 0x0, 0x0, 0x9f, 0xf2,
    0x7f, 0xff, 0xff, 0xff, 0xff, 0xff, 0xff, 0xff,
    0xff, 0xb0, 0x0, 0x9, 0xff, 0x23, 0x77, 0x77,
    0x77, 0x77, 0x77, 0x77, 0x77, 0x77, 0x75,

    /* U+4F53 "体" */
    0x0, 0x0, 0x0, 0x66, 0x20, 0x0, 0x0, 0x0,
    0xbb, 0x60, 0x0, 0x0, 0x0, 0x0, 0x0, 0x0,
    0x0, 0xef, 0xd0, 0x0, 0x0, 0x1, 0xff, 0x80,
    0x0, 0x0, 0x0, 0x0, 0x0, 0x0, 0x5, 0xff,
    0x70, 0x0, 0x0, 0x1, 0xff, 0x80, 0x0, 0x0,
    0x0, 0x0, 0x0, 0x0, 0xb, 0xff, 0x10, 0x0,
    0x0, 0x1, 0xff, 0x80, 0x0, 0x0, 0x0, 0x0,
    0x0, 0x0, 0x3f, 0xfa, 0x0, 0x0, 0x0, 0x1,
    0xff, 0x80, 0x0, 0x0, 0x0, 0x0, 0x0, 0x0,
    0xaf, 0xf3, 0x58, 0x88, 0x88, 0x88, 0xff, 0xc8,
    0x88, 0x88, 0x88, 0x50, 0x0, 0x3, 0xff, 0xc0,
    0xaf, 0xff, 0xff, 0xff, 0xff, 0xff, 0xff, 0xff,
    0xff, 0xa0, 0x0, 0xc, 0xff, 0x90, 0xaf, 0xff,
    0xff, 0xff, 0xff, 0xff, 0xff, 0xff, 0xff, 0xa0,
    0x0, 0x6f, 0xff, 0x90, 0x0, 0x0, 0x0, 0xaf,
    0xff, 0xff, 0x30, 0x0, 0x0, 0x0, 0x2, 0xff,
    0xff, 0x90, 0x0, 0x0, 0x0, 0xff, 0xff, 0xff,
    0x80, 0x0, 0x0, 0x0, 0x1d, 0xff, 0xff, 0x90,
    0x0, 0x0, 0x7, 0xfe, 0xff, 0xdf, 0xe0, 0x0,
    0x0, 0x0, 0x4f, 0xfd, 0xff, 0x90, 0x0, 0x0,
    0xe, 0xf8, 0xff, 0x8e, 0xf6, 0x0, 0x0, 0x0,
    0xb, 0xf2, 0xef, 0x90, 0x0, 0x0, 0x6f, 0xf2,
    0xff, 0x88, 0xfe, 0x0, 0x0, 0x0, 0x3, 0x50,
    0xef, 0x90, 0x0, 0x0, 0xef, 0x91, 0xff, 0x82,
    0xff, 0x70, 0x0, 0x0, 0x0, 0x0, 0xef, 0x90,
    0x0, 0x7, 0xff, 0x21, 0xff, 0x80, 0xaf, 0xe1,
    0x0, 0x0, 0x0, 0x0, 0xef, 0x90, 0x0, 0x2f,
    0xf9, 0x1, 0xff, 0x80, 0x2f, 0xfa, 0x0, 0x0,
    0x0, 0x0, 0xef, 0x90, 0x0, 0xcf, 0xf1, 0x1,
    0xff, 0x80, 0x9, 0xff, 0x50, 0x0, 0x0, 0x0,
    0xef, 0x90, 0x8, 0xff, 0x70, 0x1, 0xff, 0x80,
    0x1, 0xff, 0xe2, 0x0, 0x0, 0x0, 0xef, 0x90,
    0x6f, 0xfd, 0x10, 0x2, 0xff, 0x80, 0x0, 0x7f,
    0xfd, 0x10, 0x0, 0x0, 0xef, 0x96, 0xff, 0xf7,
    0xff, 0xff, 0xff, 0xff, 0xff, 0xbb, 0xff, 0xc1,
    0x0, 0x0, 0xef, 0x95, 0xff, 0x54, 0xff, 0xff,
    0xff, 0xff, 0xff, 0xb1, 0xef, 0x80, 0x0, 0x0,
    0xef, 0x90, 0x67, 0x1, 0x66, 0x66, 0xff, 0xb6,
    0x66, 0x40, 0x28, 0x0, 0x0, 0x0, 0xef, 0x90,
    0x0, 0x0, 0x0, 0x1, 0xff, 0x80, 0x0, 0x0,
    0x0, 0x0, 0x0, 0x0, 0xef, 0x90, 0x0, 0x0,
    0x0, 0x1, 0xff, 0x80, 0x0, 0x0, 0x0, 0x0,
    0x0, 0x0, 0xef, 0x90, 0x0, 0x0, 0x0, 0x1,
    0xff, 0x80, 0x0, 0x0, 0x0, 0x0, 0x0, 0x0,
    0xef, 0x90, 0x0, 0x0, 0x0, 0x1, 0xdd, 0x70,
    0x0, 0x0, 0x0, 0x0,

    /* U+4F59 "余" */
    0x0, 0x0, 0x0, 0x0, 0x0, 0x0, 0x2, 0xb3,
    0x0, 0x0, 0x0, 0x0, 0x0, 0x0, 0x0, 0x0,
    0x0, 0x0, 0x0, 0x0, 0x1e, 0xff, 0x10, 0x0,
    0x0, 0x0, 0x0, 0x0, 0x0, 0x0, 0x0, 0x0,
    0x0, 0x2, 0xdf, 0xff, 0x70, 0x0, 0x0, 0x0,
    0x0, 0x0, 0x0, 0x0, 0x0, 0x0, 0x0, 0x3e,
    0xff, 0xdf, 0xf9, 0x0, 0x0, 0x0, 0x0, 0x0,
    0x0, 0x0, 0x0, 0x0, 0x6, 0xff, 0xf4, 0x1d,
    0xff, 0xb1, 0x0, 0x0, 0x0, 0x0, 0x0, 0x0,
    0x0, 0x0, 0xaf, 0xfe, 0x40, 0x1, 0xcf, 0xfe,
    0x40, 0x0, 0x0, 0x0, 0x0, 0x0, 0x0, 0x4e,
    0xff, 0xd2, 0x0, 0x0, 0x9, 0xff, 0xfa, 0x20,
    0x0, 0x0, 0x0, 0x0, 0x2a, 0xff, 0xfa, 0x0,
    0x0, 0x0, 0x0, 0x6f, 0xff, 0xf9, 0x10, 0x0,
    0x0, 0x19, 0xff, 0xff, 0x82, 0x22, 0x22, 0x22,
    0x22, 0x24, 0xdf, 0xff, 0xf9, 0x20, 0xa, 0xff,
    0xff, 0xcf, 0xff, 0xff, 0xff, 0xff, 0xff, 0xff,
    0xfb, 0xdf, 0xff, 0xf6, 0x7, 0xff, 0xe5, 0x2f,
    0xff, 0xff, 0xff, 0xff, 0xff, 0xff, 0xf7, 0x7,
    0xef, 0xa0, 0x0, 0x97, 0x0, 0x4, 0x44, 0x44,
    0x5f, 0xfc, 0x44, 0x44, 0x42, 0x0, 0x6, 0x10,
    0x0, 0x0, 0x0, 0x0, 0x0, 0x0, 0x1f, 0xfb,
    0x0, 0x0, 0x0, 0x0, 0x0, 0x0, 0x0, 0x0,
    0x0, 0x0, 0x0, 0x0, 0x1f, 0xfb, 0x0, 0x0,
    0x0, 0x0, 0x0, 0x0, 0x0, 0x8, 0x88, 0x88,
    0x88, 0x88, 0x9f, 0xfe, 0x88, 0x88, 0x88, 0x88,
    0x86, 0x0, 0x0, 0xf, 0xff, 0xff, 0xff, 0xff,
    0xff, 0xff, 0xff, 0xff, 0xff, 0xff, 0xfb, 0x0,
    0x0, 0xf, 0xff, 0xff, 0xff, 0xff, 0xff, 0xff,
    0xff, 0xff, 0xff, 0xff, 0xfa, 0x0, 0x0, 0x0,
    0x0, 0x0, 0x0, 0x0, 0x1f, 0xfb, 0x0, 0x0,
    0x0, 0x0, 0x0, 0x0, 0x0, 0x0, 0x0, 0x9,
    0x71, 0x0, 0x1f, 0xfb, 0x0, 0x5, 0x90, 0x0,
    0x0, 0x0, 0x0, 0x0, 0x0, 0x9f, 0xfa, 0x0,
    0x1f, 0xfb, 0x0, 0x8f, 0xfd, 0x20, 0x0, 0x0,
    0x0, 0x0, 0x9, 0xff, 0xc0, 0x0, 0x1f, 0xfb,
    0x0, 0x9, 0xff, 0xe4, 0x0, 0x0, 0x0, 0x1,
    0xbf, 0xfc, 0x10, 0x0, 0x1f, 0xfb, 0x0, 0x0,
    0x7f, 0xff, 0x50, 0x0, 0x0, 0x4e, 0xff, 0xc1,
    0x0, 0x0, 0x1f, 0xfb, 0x0, 0x0, 0x6, 0xff,
    0xf6, 0x0, 0x1, 0xdf, 0xfa, 0x0, 0x18, 0x88,
    0x9f, 0xfa, 0x0, 0x0, 0x0, 0x5f, 0xfe, 0x10,
    0x0, 0x1b, 0x60, 0x0, 0xc, 0xff, 0xff, 0xf7,
    0x0, 0x0, 0x0, 0x7, 0x91, 0x0, 0x0, 0x0,
    0x0, 0x0, 0x6, 0xff, 0xec, 0x70, 0x0, 0x0,
    0x0, 0x0, 0x0, 0x0,

    /* U+4F60 "你" */
    0x0, 0x0, 0x0, 0x25, 0x0, 0x0, 0x34, 0x10,
    0x0, 0x0, 0x0, 0x0, 0x0, 0x0, 0x0, 0x0,
    0x8, 0xff, 0x20, 0xb, 0xff, 0x0, 0x0, 0x0,
    0x0, 0x0, 0x0, 0x0, 0x0, 0x0, 0xef, 0xd0,
    0x0, 0xff, 0xb0, 0x0, 0x0, 0x0, 0x0, 0x0,
    0x0, 0x0, 0x0, 0x7f, 0xf6, 0x0, 0x4f, 0xf6,
    0x0, 0x0, 0x0, 0x0, 0x0, 0x0, 0x0, 0x0,
    0xe, 0xfe, 0x0, 0x9, 0xff, 0x10, 0x0, 0x0,
    0x0, 0x0, 0x0, 0x0, 0x0, 0x7, 0xff, 0x60,
    0x0, 0xff, 0xe6, 0x66, 0x66, 0x66, 0x66, 0x67,
    0x62, 0x0, 0x2, 0xff, 0xe0, 0x0, 0x6f, 0xff,
    0xff, 0xff, 0xff, 0xff, 0xff, 0xff, 0xb0, 0x0,
    0xbf, 0xf9, 0x0, 0xe, 0xff, 0xff, 0xff, 0xff,
    0xff, 0xff, 0xff, 0xf8, 0x0, 0x7f, 0xff, 0x90,
    0x6, 0xff, 0x71, 0x11, 0x9f, 0xf2, 0x11, 0x13,
    0xff, 0x50, 0x3f, 0xff, 0xf9, 0x1, 0xef, 0xe0,
    0x0, 0x8, 0xff, 0x10, 0x0, 0x5f, 0xf2, 0x2e,
    0xff, 0xff, 0x90, 0xbf, 0xf6, 0x0, 0x0, 0x8f,
    0xf1, 0x0, 0x8, 0xff, 0x9, 0xff, 0xae, 0xf9,
    0x4, 0xec, 0x0, 0x0, 0x8, 0xff, 0x10, 0x0,
    0x7d, 0xb0, 0x1f, 0xd0, 0xef, 0x90, 0x2, 0x20,
    0x63, 0x0, 0x8f, 0xf1, 0x3, 0x84, 0x0, 0x0,
    0x61, 0xe, 0xf9, 0x0, 0x0, 0x4f, 0xf5, 0x8,
    0xff, 0x10, 0xef, 0xd0, 0x0, 0x0, 0x0, 0xef,
    0x90, 0x0, 0x9, 0xff, 0x10, 0x8f, 0xf1, 0x7,
    0xff, 0x40, 0x0, 0x0, 0xe, 0xf9, 0x0, 0x0,
    0xef, 0xc0, 0x8, 0xff, 0x10, 0x1f, 0xfb, 0x0,
    0x0, 0x0, 0xef, 0x90, 0x0, 0x4f, 0xf7, 0x0,
    0x8f, 0xf1, 0x0, 0xaf, 0xf2, 0x0, 0x0, 0xe,
    0xf9, 0x0, 0xa, 0xff, 0x10, 0x8, 0xff, 0x10,
    0x4, 0xff, 0x80, 0x0, 0x0, 0xef, 0x90, 0x2,
    0xff, 0xa0, 0x0, 0x8f, 0xf1, 0x0, 0xe, 0xfd,
    0x0, 0x0, 0xe, 0xf9, 0x0, 0xaf, 0xf3, 0x0,
    0x8, 0xff, 0x10, 0x0, 0x9f, 0xf2, 0x0, 0x0,
    0xef, 0x90, 0x5f, 0xfb, 0x0, 0x0, 0x8f, 0xf1,
    0x0, 0x5, 0xff, 0x60, 0x0, 0xe, 0xf9, 0x0,
    0x8f, 0x20, 0x0, 0x8, 0xff, 0x10, 0x0, 0x1f,
    0xb3, 0x0, 0x0, 0xef, 0x90, 0x0, 0x10, 0x0,
    0x0, 0x8f, 0xf1, 0x0, 0x0, 0x10, 0x0, 0x0,
    0xe, 0xf9, 0x0, 0x0, 0x0, 0x6a, 0xae, 0xff,
    0x0, 0x0, 0x0, 0x0, 0x0, 0x0, 0xef, 0x90,
    0x0, 0x0, 0x5, 0xff, 0xff, 0xd0, 0x0, 0x0,
    0x0, 0x0, 0x0, 0xe, 0xf9, 0x0, 0x0, 0x0,
    0xf, 0xfd, 0xa2, 0x0, 0x0, 0x0, 0x0,

    /* U+4F9B "供" */
    0x0, 0x0, 0x0, 0x7, 0x40, 0x0, 0x7, 0x73,
    0x0, 0x0, 0x58, 0x70, 0x0, 0x0, 0x0, 0x0,
    0x0, 0x2f, 0xfa, 0x0, 0x1f, 0xf8, 0x0, 0x0,
    0xaf, 0xe0, 0x0, 0x0, 0x0, 0x0, 0x0, 0x9f,
    0xf3, 0x0, 0x1f, 0xf8, 0x0, 0x0, 0xaf, 0xe0,
    0x0, 0x0, 0x0, 0x0, 0x1, 0xff, 0xc0, 0x0,
    0x1f, 0xf8, 0x0, 0x0, 0xaf, 0xe0, 0x0, 0x0,
    0x0, 0x0, 0x9, 0xff, 0x50, 0x0, 0x1f, 0xf8,
    0x0, 0x0, 0xaf, 0xe0, 0x0, 0x0, 0x0, 0x0,
    0x2f, 0xfd, 0x0, 0x0, 0x1f, 0xf8, 0x0, 0x0,
    0xaf, 0xe0, 0x0, 0x0, 0x0, 0x0, 0xcf, 0xf5,
    0x7, 0xff, 0xff, 0xff, 0xff, 0xff, 0xff, 0xff,
    0xff, 0xc0, 0x0, 0x6, 0xff, 0xf0, 0x7, 0xff,
    0xff, 0xff, 0xff, 0xff, 0xff, 0xff, 0xff, 0xc0,
    0x0, 0x2f, 0xff, 0xf0, 0x4, 0x99, 0x9f, 0xfc,
    0x99, 0x99, 0xdf, 0xf9, 0x99, 0x70, 0x1, 0xdf,
    0xff, 0xf0, 0x0, 0x0, 0x1f, 0xf8, 0x0, 0x0,
    0xaf, 0xe0, 0x0, 0x0, 0xb, 0xff, 0xff, 0xf0,
    0x0, 0x0, 0x1f, 0xf8, 0x0, 0x0, 0xaf, 0xe0,
    0x0, 0x0, 0x4f, 0xff, 0xdf, 0xf0, 0x0, 0x0,
    0x1f, 0xf8, 0x0, 0x0, 0xaf, 0xe0, 0x0, 0x0,
    0xb, 0xf4, 0xbf, 0xf0, 0x0, 0x0, 0x1f, 0xf8,
    0x0, 0x0, 0xaf, 0xe0, 0x0, 0x0, 0x3, 0x70,
    0xbf, 0xf0, 0x0, 0x0, 0x1f, 0xf8, 0x0, 0x0,
    0xaf, 0xe0, 0x0, 0x0, 0x0, 0x0, 0xbf, 0xf0,
    0x0, 0x0, 0x1f, 0xf8, 0x0, 0x0, 0xaf, 0xe0,
    0x0, 0x0, 0x0, 0x0, 0xbf, 0xf0, 0x2f, 0xff,
    0xff, 0xff, 0xff, 0xff, 0xff, 0xff, 0xff, 0xf1,
    0x0, 0x0, 0xbf, 0xf0, 0x2f, 0xff, 0xff, 0xff,
    0xff, 0xff, 0xff, 0xff, 0xff, 0xf1, 0x0, 0x0,
    0xbf, 0xf0, 0x19, 0x99, 0x99, 0x99, 0x99, 0x99,
    0x99, 0x99, 0x99, 0x90, 0x0, 0x0, 0xbf, 0xf0,
    0x0, 0x0, 0x0, 0x0, 0x0, 0x0, 0x0, 0x0,
    0x0, 0x0, 0x0, 0x0, 0xbf, 0xf0, 0x0, 0x0,
    0xc, 0xd7, 0x0, 0x0, 0x4d, 0x70, 0x0, 0x0,
    0x0, 0x0, 0xbf, 0xf0, 0x0, 0x0, 0x8f, 0xf8,
    0x0, 0x0, 0xcf, 0xf7, 0x0, 0x0, 0x0, 0x0,
    0xbf, 0xf0, 0x0, 0x5, 0xff, 0xc0, 0x0, 0x0,
    0xc, 0xff, 0x60, 0x0, 0x0, 0x0, 0xbf, 0xf0,
    0x0, 0x5f, 0xfe, 0x20, 0x0, 0x0, 0x1, 0xef,
    0xf4, 0x0, 0x0, 0x0, 0xbf, 0xf0, 0x7, 0xff,
    0xf3, 0x0, 0x0, 0x0, 0x0, 0x3f, 0xfe, 0x10,
    0x0, 0x0, 0xbf, 0xf0, 0x2e, 0xff, 0x40, 0x0,
    0x0, 0x0, 0x0, 0x6, 0xff, 0x90, 0x0, 0x0,
    0xbf, 0xf0, 0x2, 0xb3, 0x0, 0x0, 0x0, 0x0,
    0x0, 0x0, 0xb7, 0x0, 0x0, 0x0, 0x0, 0x0,
    0x0, 0x0, 0x0, 0x0, 0x0, 0x0, 0x0, 0x0,
    0x0, 0x0,

    /* U+4FA7 "侧" */
    0x0, 0x0, 0x7, 0x40, 0x0, 0x0, 0x0, 0x0,
    0x0, 0x0, 0x0, 0x0, 0x55, 0x0, 0x0, 0x0,
    0xff, 0x50, 0x0, 0x0, 0x0, 0x0, 0x0, 0x0,
    0x0, 0x1f, 0xf2, 0x0, 0x0, 0x4f, 0xf1, 0xde,
    0xee, 0xee, 0xee, 0xee, 0x0, 0x0, 0x1, 0xff,
    0x20, 0x0, 0x9, 0xfc, 0xe, 0xff, 0xff, 0xff,
    0xff, 0xf0, 0x1f, 0xe0, 0x1f, 0xf2, 0x0, 0x0,
    0xef, 0x70, 0xef, 0x20, 0x0, 0x2, 0xff, 0x2,
    0xff, 0x1, 0xff, 0x20, 0x0, 0x4f, 0xf2, 0xe,
    0xf2, 0x4, 0x40, 0x2f, 0xf0, 0x2f, 0xf0, 0x1f,
    0xf2, 0x0, 0xa, 0xff, 0x0, 0xef, 0x20, 0xff,
    0x2, 0xff, 0x2, 0xff, 0x1, 0xff, 0x20, 0x1,
    0xff, 0xf0, 0xe, 0xf2, 0xf, 0xf0, 0x2f, 0xf0,
    0x2f, 0xf0, 0x1f, 0xf2, 0x0, 0x7f, 0xff, 0x0,
    0xef, 0x20, 0xff, 0x2, 0xff, 0x2, 0xff, 0x1,
    0xff, 0x20, 0xe, 0xff, 0xf0, 0xe, 0xf2, 0xf,
    0xf0, 0x2f, 0xf0, 0x2f, 0xf0, 0x1f, 0xf2, 0x8,
    0xff, 0xff, 0x0, 0xef, 0x20, 0xff, 0x2, 0xff,
    0x2, 0xff, 0x1, 0xff, 0x20, 0xff, 0xdf, 0xf0,
    0xe, 0xf2, 0xf, 0xf0, 0x2f, 0xf0, 0x2f, 0xf0,
    0x1f, 0xf2, 0xa, 0xf5, 0xff, 0x0, 0xef, 0x20,
    0xff, 0x2, 0xff, 0x2, 0xff, 0x1, 0xff, 0x20,
    0x27, 0x3f, 0xf0, 0xe, 0xf2, 0xf, 0xf0, 0x2f,
    0xf0, 0x2f, 0xf0, 0x1f, 0xf2, 0x0, 0x3, 0xff,
    0x0, 0xef, 0x20, 0xff, 0x2, 0xff, 0x2, 0xff,
    0x1, 0xff, 0x20, 0x0, 0x3f, 0xf0, 0xe, 0xf2,
    0xf, 0xf0, 0x2f, 0xf0, 0x2f, 0xf0, 0x1f, 0xf2,
    0x0, 0x3, 0xff, 0x0, 0xef, 0x20, 0xff, 0x2,
    0xff, 0x2, 0xff, 0x1, 0xff, 0x20, 0x0, 0x3f,
    0xf0, 0xe, 0xf2, 0x1f, 0xe0, 0x2f, 0xf0, 0x2f,
    0xf0, 0x1f, 0xf2, 0x0, 0x3, 0xff, 0x0, 0xef,
    0x23, 0xfc, 0x2, 0xff, 0x2, 0xff, 0x1, 0xff,
    0x20, 0x0, 0x3f, 0xf0, 0xd, 0xe2, 0x7f, 0x90,
    0x2c, 0xc0, 0x2f, 0xf0, 0x1f, 0xf2, 0x0, 0x3,
    0xff, 0x0, 0x0, 0xd, 0xf5, 0x53, 0x0, 0x0,
    0x0, 0x1, 0xff, 0x20, 0x0, 0x3f, 0xf0, 0x0,
    0x5, 0xfe, 0x4f, 0xf3, 0x0, 0x0, 0x0, 0x1f,
    0xf2, 0x0, 0x3, 0xff, 0x0, 0x2, 0xef, 0x60,
    0x7f, 0xe1, 0x0, 0x0, 0x1, 0xff, 0x20, 0x0,
    0x3f, 0xf0, 0x3, 0xef, 0xb0, 0x0, 0xaf, 0xc0,
    0x1, 0x33, 0x5f, 0xf2, 0x0, 0x3, 0xff, 0x5,
    0xff, 0xc0, 0x0, 0x0, 0xdf, 0x70, 0x1f, 0xff,
    0xff, 0x0, 0x0, 0x3f, 0xf0, 0xc, 0x80, 0x0,
    0x0, 0x3, 0x80, 0x0, 0xcf, 0xfc, 0x40, 0x0,
    0x0, 0x0, 0x0, 0x0, 0x0, 0x0, 0x0, 0x0,
    0x0, 0x0, 0x0, 0x0, 0x0,

    /* U+4FDD "保" */
    0x0, 0x0, 0x0, 0x6, 0x30, 0x0, 0x0, 0x0,
    0x0, 0x0, 0x0, 0x0, 0x0, 0x0, 0x0, 0x0,
    0x0, 0x1f, 0xf9, 0x25, 0x55, 0x55, 0x55, 0x55,
    0x55, 0x55, 0x50, 0x0, 0x0, 0x0, 0x0, 0x8f,
    0xf4, 0x6f, 0xff, 0xff, 0xff, 0xff, 0xff, 0xff,
    0xf1, 0x0, 0x0, 0x0, 0x1, 0xff, 0xd0, 0x6f,
    0xff, 0xff, 0xff, 0xff, 0xff, 0xff, 0xf1, 0x0,
    0x0, 0x0, 0x8, 0xff, 0x50, 0x6f, 0xf1, 0x0,
    0x0, 0x0, 0x0, 0x9f, 0xf1, 0x0, 0x0, 0x0,
    0x2f, 0xfd, 0x0, 0x6f, 0xf1, 0x0, 0x0, 0x0,
    0x0, 0x9f, 0xf1, 0x0, 0x0, 0x0, 0xbf, 0xf5,
    0x0, 0x6f, 0xf1, 0x0, 0x0, 0x0, 0x0, 0x9f,
    0xf1, 0x0, 0x0, 0x5, 0xff, 0xf1, 0x0, 0x6f,
    0xf1, 0x0, 0x0, 0x0, 0x0, 0x9f, 0xf1, 0x0,
    0x0, 0x2f, 0xff, 0xf1, 0x0, 0x6f, 0xf8, 0x77,
    0x77, 0x77, 0x77, 0xcf, 0xf1, 0x0, 0x1, 0xdf,
    0xff, 0xf1, 0x0, 0x6f, 0xff, 0xff, 0xff, 0xff,
    0xff, 0xff, 0xf1, 0x0, 0xb, 0xff, 0xff, 0xf1,
    0x0, 0x6e, 0xee, 0xee, 0xff, 0xfe, 0xee, 0xee,
    0xe1, 0x0, 0x4f, 0xfe, 0x9f, 0xf1, 0x0, 0x0,
    0x0, 0x0, 0x9f, 0xf1, 0x0, 0x0, 0x0, 0x0,
    0xc, 0xf4, 0x7f, 0xf1, 0x0, 0x0, 0x0, 0x0,
    0x9f, 0xf1, 0x0, 0x0, 0x0, 0x0, 0x4, 0x60,
    0x7f, 0xf1, 0x0, 0x0, 0x0, 0x0, 0x9f, 0xf2,
    0x0, 0x0, 0x0, 0x0, 0x0, 0x0, 0x7f, 0xf1,
    0x6f, 0xff, 0xff, 0xff, 0xff, 0xff, 0xff, 0xff,
    0xff, 0xb0, 0x0, 0x0, 0x7f, 0xf1, 0x6f, 0xff,
    0xff, 0xff, 0xff, 0xff, 0xff, 0xff, 0xff, 0xb0,
    0x0, 0x0, 0x7f, 0xf1, 0x25, 0x55, 0x55, 0x8f,
    0xff, 0xff, 0xd5, 0x55, 0x55, 0x40, 0x0, 0x0,
    0x7f, 0xf1, 0x0, 0x0, 0x0, 0xcf, 0xff, 0xff,
    0xf5, 0x0, 0x0, 0x0, 0x0, 0x0, 0x7f, 0xf1,
    0x0, 0x0, 0xa, 0xff, 0xcf, 0xfc, 0xff, 0x30,
    0x0, 0x0, 0x0, 0x0, 0x7f, 0xf1, 0x0, 0x0,
    0xaf, 0xf7, 0x9f, 0xf2, 0xef, 0xe2, 0x0, 0x0,
    0x0, 0x0, 0x7f, 0xf1, 0x0, 0xb, 0xff, 0xa0,
    0x9f, 0xf1, 0x3f, 0xfe, 0x30, 0x0, 0x0, 0x0,
    0x7f, 0xf1, 0x3, 0xdf, 0xfb, 0x0, 0x9f, 0xf1,
    0x6, 0xff, 0xf6, 0x0, 0x0, 0x0, 0x7f, 0xf2,
    0x9f, 0xff, 0xb0, 0x0, 0x9f, 0xf1, 0x0, 0x6f,
    0xff, 0xb1, 0x0, 0x0, 0x7f, 0xf1, 0x9f, 0xf8,
    0x0, 0x0, 0x9f, 0xf1, 0x0, 0x6, 0xff, 0xb0,
    0x0, 0x0, 0x7f, 0xf1, 0x9, 0x40, 0x0, 0x0,
    0x9f, 0xf1, 0x0, 0x0, 0x3a, 0x0, 0x0, 0x0,
    0x6e, 0xe1, 0x0, 0x0, 0x0, 0x0, 0x9f, 0xf1,
    0x0, 0x0, 0x0, 0x0,

    /* U+5019 "候" */
    0x0, 0x0, 0x0, 0x30, 0x0, 0x0, 0x0, 0x0,
    0x0, 0x0, 0x0, 0x0, 0x0, 0x0, 0x0, 0x0,
    0x3, 0xff, 0x40, 0x0, 0x3, 0x33, 0x33, 0x33,
    0x33, 0x44, 0x10, 0x0, 0x0, 0x0, 0x8, 0xff,
    0x10, 0x0, 0xf, 0xff, 0xff, 0xff, 0xff, 0xff,
    0x70, 0x0, 0x0, 0x0, 0xe, 0xfb, 0x0, 0x0,
    0xf, 0xff, 0xff, 0xff, 0xff, 0xff, 0x50, 0x0,
    0x0, 0x0, 0x4f, 0xf5, 0x0, 0x0, 0x0, 0x0,
    0x0, 0x0, 0x5, 0xff, 0x30, 0x0, 0x0, 0x0,
    0xaf, 0xf0, 0x0, 0x0, 0x0, 0x0, 0x0, 0x0,
    0x7, 0xff, 0x0, 0x0, 0x0, 0x2, 0xff, 0x90,
    0x9a, 0x40, 0x22, 0x22, 0x22, 0x22, 0x2b, 0xfe,
    0x22, 0x20, 0x0, 0x9, 0xff, 0x60, 0xef, 0x65,
    0xff, 0xff, 0xff, 0xff, 0xff, 0xff, 0xff, 0xd0,
    0x0, 0x2f, 0xff, 0x50, 0xef, 0x65, 0xff, 0xff,
    0xff, 0xff, 0xff, 0xff, 0xff, 0xd0, 0x0, 0xbf,
    0xff, 0x50, 0xef, 0x60, 0x0, 0x8c, 0x70, 0x0,
    0x0, 0x0, 0x0, 0x0, 0x5, 0xff, 0xff, 0x50,
    0xef, 0x60, 0x0, 0xef, 0xa0, 0x0, 0x0, 0x0,
    0x0, 0x0, 0x1f, 0xff, 0xff, 0x50, 0xef, 0x60,
    0x5, 0xff, 0xb8, 0x88, 0x88, 0x88, 0x88, 0x0,
    0xc, 0xfb, 0xff, 0x50, 0xef, 0x60, 0xd, 0xff,
    0xff, 0xff, 0xff, 0xff, 0xfe, 0x0, 0x4, 0xd3,
    0xff, 0x50, 0xef, 0x60, 0x7f, 0xfc, 0xbb, 0xff,
    0xdb, 0xbb, 0xba, 0x0, 0x0, 0x22, 0xff, 0x50,
    0xef, 0x63, 0xff, 0xc0, 0x0, 0xff, 0x80, 0x0,
    0x0, 0x0, 0x0, 0x2, 0xff, 0x50, 0xef, 0x65,
    0xef, 0x20, 0x0, 0xff, 0x80, 0x0, 0x0, 0x0,
    0x0, 0x2, 0xff, 0x50, 0xef, 0x60, 0x24, 0x0,
    0x1, 0xff, 0x80, 0x0, 0x0, 0x0, 0x0, 0x2,
    0xff, 0x50, 0xef, 0x64, 0xff, 0xff, 0xff, 0xff,
    0xff, 0xff, 0xff, 0xe0, 0x0, 0x2, 0xff, 0x50,
    0xef, 0x64, 0xff, 0xff, 0xff, 0xff, 0xff, 0xff,
    0xff, 0xe0, 0x0, 0x2, 0xff, 0x50, 0xef, 0x61,
    0x44, 0x44, 0x4c, 0xff, 0xf5, 0x44, 0x44, 0x30,
    0x0, 0x2, 0xff, 0x50, 0xef, 0x50, 0x0, 0x0,
    0x4f, 0xff, 0xfa, 0x0, 0x0, 0x0, 0x0, 0x2,
    0xff, 0x50, 0x0, 0x0, 0x0, 0x3, 0xff, 0xe8,
    0xff, 0x80, 0x0, 0x0, 0x0, 0x2, 0xff, 0x50,
    0x0, 0x0, 0x0, 0x8f, 0xff, 0x30, 0xbf, 0xfb,
    0x20, 0x0, 0x0, 0x2, 0xff, 0x50, 0x0, 0x1,
    0x7e, 0xff, 0xd3, 0x0, 0xb, 0xff, 0xfb, 0x61,
    0x0, 0x2, 0xff, 0x50, 0x0, 0x3f, 0xff, 0xf8,
    0x0, 0x0, 0x0, 0x6e, 0xff, 0xc0, 0x0, 0x2,
    0xff, 0x50, 0x0, 0x3, 0xd8, 0x10, 0x0, 0x0,
    0x0, 0x0, 0x6b, 0x10,

    /* U+503E "倾" */
    0x0, 0x0, 0x2, 0x51, 0x0, 0x0, 0x0, 0x0,
    0x0, 0x0, 0x0, 0x0, 0x0, 0x0, 0x0, 0x0,
    0x9, 0xff, 0x0, 0x0, 0x0, 0x0, 0x0, 0x0,
    0x0, 0x0, 0x0, 0x0, 0x0, 0x0, 0xe, 0xfb,
    0x0, 0x0, 0x1, 0xff, 0xff, 0xff, 0xff, 0xff,
    0xff, 0xe0, 0x0, 0x0, 0x4f, 0xf5, 0x27, 0x60,
    0x1, 0xff, 0xff, 0xff, 0xff, 0xff, 0xff, 0xe0,
    0x0, 0x0, 0xaf, 0xf0, 0x5f, 0xe0, 0x0, 0x44,
    0x44, 0x4e, 0xfd, 0x44, 0x44, 0x30, 0x0, 0x1,
    0xff, 0x90, 0x5f, 0xe0, 0x0, 0x0, 0x0, 0x1f,
    0xf7, 0x0, 0x0, 0x0, 0x0, 0x8, 0xff, 0x40,
    0x5f, 0xe0, 0x0, 0x1, 0x22, 0x7f, 0xf3, 0x22,
    0x21, 0x0, 0x0, 0x1f, 0xff, 0x30, 0x5f, 0xe0,
    0x0, 0xc, 0xff, 0xff, 0xff, 0xff, 0xfb, 0x0,
    0x0, 0x9f, 0xff, 0x30, 0x5f, 0xf4, 0x44, 0xc,
    0xff, 0xff, 0xff, 0xff, 0xfb, 0x0, 0x3, 0xff,
    0xff, 0x30, 0x5f, 0xff, 0xff, 0x2c, 0xf8, 0x22,
    0x22, 0x2b, 0xfb, 0x0, 0xd, 0xff, 0xff, 0x30,
    0x5f, 0xff, 0xff, 0x2c, 0xf7, 0x7, 0xa3, 0xa,
    0xfb, 0x0, 0x7f, 0xfc, 0xff, 0x30, 0x5f, 0xe0,
    0x0, 0xc, 0xf7, 0xb, 0xf6, 0xa, 0xfb, 0x0,
    0x1f, 0xe4, 0xff, 0x30, 0x5f, 0xe0, 0x0, 0xc,
    0xf7, 0xb, 0xf6, 0xa, 0xfb, 0x0, 0xa, 0x43,
    0xff, 0x30, 0x5f, 0xe0, 0x0, 0xc, 0xf7, 0xb,
    0xf6, 0xa, 0xfb, 0x0, 0x0, 0x3, 0xff, 0x30,
    0x5f, 0xe0, 0x0, 0xc, 0xf7, 0xb, 0xf6, 0xa,
    0xfb, 0x0, 0x0, 0x3, 0xff, 0x30, 0x5f, 0xe0,
    0x0, 0xc, 0xf7, 0xb, 0xf6, 0xa, 0xfb, 0x0,
    0x0, 0x3, 0xff, 0x30, 0x5f, 0xe0, 0x2, 0xc,
    0xf7, 0xb, 0xf5, 0xa, 0xfb, 0x0, 0x0, 0x3,
    0xff, 0x30, 0x5f, 0xe3, 0xbf, 0xc, 0xf7, 0xd,
    0xf4, 0xa, 0xfb, 0x0, 0x0, 0x3, 0xff, 0x30,
    0x6f, 0xff, 0xff, 0xc, 0xf7, 0xf, 0xf2, 0xa,
    0xfb, 0x0, 0x0, 0x3, 0xff, 0x31, 0xef, 0xff,
    0xa2, 0xc, 0xf7, 0x4f, 0xf0, 0x9, 0xfb, 0x0,
    0x0, 0x3, 0xff, 0x30, 0xdf, 0xb2, 0x0, 0x0,
    0x0, 0xcf, 0xa3, 0x30, 0x0, 0x0, 0x0, 0x3,
    0xff, 0x30, 0x65, 0x0, 0x0, 0x0, 0x6, 0xff,
    0x6e, 0xf8, 0x0, 0x0, 0x0, 0x3, 0xff, 0x30,
    0x0, 0x0, 0x0, 0x0, 0x5f, 0xf9, 0xa, 0xff,
    0xc2, 0x0, 0x0, 0x3, 0xff, 0x30, 0x0, 0x0,
    0x0, 0x19, 0xff, 0xa0, 0x0, 0x5f, 0xfe, 0x40,
    0x0, 0x3, 0xff, 0x30, 0x0, 0x0, 0x7, 0xff,
    0xf7, 0x0, 0x0, 0x2, 0xdf, 0xc0, 0x0, 0x3,
    0xff, 0x30, 0x0, 0x0, 0x1, 0xda, 0x20, 0x0,
    0x0, 0x0, 0x1b, 0x10, 0x0, 0x0, 0x0, 0x0,
    0x0, 0x0, 0x0, 0x0, 0x0, 0x0, 0x0, 0x0,
    0x0, 0x0,

    /* U+505C "停" */
    0x0, 0x0, 0x0, 0x6, 0x10, 0x0, 0x0, 0x1,
    0x5a, 0x30, 0x0, 0x0, 0x0, 0x0, 0x0, 0x0,
    0x5, 0xff, 0x40, 0x0, 0x0, 0x1f, 0xfc, 0x0,
    0x0, 0x0, 0x0, 0x0, 0x0, 0x0, 0xcf, 0xe4,
    0x44, 0x44, 0x44, 0xbf, 0xf6, 0x44, 0x44, 0x44,
    0x20, 0x0, 0x0, 0x3f, 0xf8, 0xdf, 0xff, 0xff,
    0xff, 0xff, 0xff, 0xff, 0xff, 0xfa, 0x0, 0x0,
    0xb, 0xff, 0x1c, 0xff, 0xff, 0xff, 0xff, 0xff,
    0xff, 0xff, 0xff, 0x90, 0x0, 0x3, 0xff, 0x90,
    0x0, 0x0, 0x0, 0x0, 0x0, 0x0, 0x0, 0x0,
    0x0, 0x0, 0x0, 0xcf, 0xf1, 0x0, 0xc, 0xcc,
    0xcc, 0xcc, 0xcc, 0xcc, 0xcc, 0x50, 0x0, 0x0,
    0x6f, 0xf9, 0x0, 0x0, 0xff, 0xff, 0xff, 0xff,
    0xff, 0xff, 0xf7, 0x0, 0x0, 0x2f, 0xff, 0x80,
    0x0, 0xf, 0xf6, 0x0, 0x0, 0x0, 0x1, 0xff,
    0x70, 0x0, 0xc, 0xff, 0xf8, 0x0, 0x0, 0xff,
    0x50, 0x0, 0x0, 0x0, 0x1f, 0xf7, 0x0, 0x9,
    0xff, 0xff, 0x80, 0x0, 0xf, 0xff, 0xff, 0xff,
    0xff, 0xff, 0xff, 0x70, 0x2, 0xff, 0xef, 0xf8,
    0x0, 0x0, 0xee, 0xee, 0xee, 0xee, 0xee, 0xee,
    0xe6, 0x0, 0x9, 0xf3, 0xef, 0x80, 0x0, 0x0,
    0x0, 0x0, 0x0, 0x0, 0x0, 0x0, 0x0, 0x0,
    0x15, 0xe, 0xf8, 0x5, 0xdd, 0xdd, 0xdd, 0xdd,
    0xdd, 0xdd, 0xdd, 0xdd, 0xd9, 0x0, 0x0, 0xef,
    0x80, 0x6f, 0xff, 0xff, 0xff, 0xff, 0xff, 0xff,
    0xff, 0xff, 0xb0, 0x0, 0xe, 0xf8, 0x6, 0xff,
    0x44, 0x44, 0x44, 0x44, 0x44, 0x44, 0x4c, 0xfb,
    0x0, 0x0, 0xef, 0x80, 0x6f, 0xe0, 0x0, 0x0,
    0x0, 0x0, 0x0, 0x0, 0xaf, 0xb0, 0x0, 0xe,
    0xf8, 0x5, 0xed, 0xce, 0xee, 0xee, 0xee, 0xee,
    0xee, 0xe9, 0xea, 0x0, 0x0, 0xef, 0x80, 0x0,
    0xd, 0xff, 0xff, 0xff, 0xff, 0xff, 0xff, 0x0,
    0x0, 0x0, 0xe, 0xf8, 0x0, 0x0, 0x23, 0x33,
    0x3b, 0xff, 0x43, 0x33, 0x30, 0x0, 0x0, 0x0,
    0xef, 0x80, 0x0, 0x0, 0x0, 0x0, 0xaf, 0xf0,
    0x0, 0x0, 0x0, 0x0, 0x0, 0xe, 0xf8, 0x0,
    0x0, 0x0, 0x0, 0xa, 0xff, 0x0, 0x0, 0x0,
    0x0, 0x0, 0x0, 0xef, 0x80, 0x0, 0x0, 0x0,
    0x0, 0xaf, 0xf0, 0x0, 0x0, 0x0, 0x0, 0x0,
    0xe, 0xf8, 0x0, 0x0, 0x2, 0x33, 0x3c, 0xff,
    0x0, 0x0, 0x0, 0x0, 0x0, 0x0, 0xef, 0x80,
    0x0, 0x0, 0x6f, 0xff, 0xff, 0xe0, 0x0, 0x0,
    0x0, 0x0, 0x0, 0xe, 0xf8, 0x0, 0x0, 0x1,
    0xff, 0xfe, 0xc4, 0x0, 0x0, 0x0, 0x0, 0x0,
    0x0, 0x11, 0x0, 0x0, 0x0, 0x0, 0x0, 0x0,
    0x0, 0x0, 0x0, 0x0, 0x0,

    /* U+5145 "充" */
    0x0, 0x0, 0x0, 0x0, 0x0, 0x1, 0x54, 0x0,
    0x0, 0x0, 0x0, 0x0, 0x0, 0x0, 0x0, 0x0,
    0x0, 0x0, 0x2, 0xff, 0xf1, 0x0, 0x0, 0x0,
    0x0, 0x0, 0x0, 0x0, 0x0, 0x0, 0x0, 0x0,
    0x8, 0xff, 0xa0, 0x0, 0x0, 0x0, 0x0, 0x0,
    0x0, 0x0, 0x0, 0x0, 0x0, 0x0, 0xe, 0xff,
    0x30, 0x0, 0x0, 0x0, 0x0, 0x0, 0x0, 0x0,
    0x0, 0x0, 0x0, 0x0, 0x8e, 0x93, 0x0, 0x0,
    0x0, 0x0, 0x0, 0x3, 0xff, 0xff, 0xff, 0xff,
    0xff, 0xff, 0xff, 0xff, 0xff, 0xff, 0xff, 0xff,
    0x30, 0x3f, 0xff, 0xff, 0xff, 0xff, 0xff, 0xff,
    0xff, 0xff, 0xff, 0xff, 0xff, 0xf3, 0x1, 0x88,
    0x88, 0x88, 0x9f, 0xff, 0xb8, 0x88, 0x88, 0x88,
    0x88, 0x88, 0x88, 0x20, 0x0, 0x0, 0x0, 0xb,
    0xff, 0xc0, 0x0, 0x0, 0x3b, 0x70, 0x0, 0x0,
    0x0, 0x0, 0x0, 0x0, 0x9, 0xff, 0xe1, 0x0,
    0x0, 0x1e, 0xff, 0xa0, 0x0, 0x0, 0x0, 0x0,
    0x0, 0x7, 0xff, 0xe2, 0x0, 0x0, 0x0, 0x1d,
    0xff, 0xb0, 0x0, 0x0, 0x0, 0x0, 0x6, 0xff,
    0xf3, 0x0, 0x0, 0x0, 0x0, 0x2d, 0xff, 0xd1,
    0x0, 0x0, 0x0, 0x8, 0xff, 0xfd, 0xbb, 0xcd,
    0xde, 0xff, 0xff, 0xff, 0xff, 0xd1, 0x0, 0x0,
    0x8, 0xff, 0xff, 0xff, 0xff, 0xff, 0xff, 0xff,
    0xff, 0xff, 0xff, 0xd1, 0x0, 0x0, 0x3f, 0xff,
    0xfe, 0xff, 0xfb, 0xa9, 0xaf, 0xfc, 0x54, 0x4d,
    0xff, 0xa0, 0x0, 0x0, 0x73, 0x10, 0xe, 0xff,
    0x0, 0x3, 0xff, 0xa0, 0x0, 0x2f, 0xa1, 0x0,
    0x0, 0x0, 0x0, 0x0, 0xff, 0xe0, 0x0, 0x3f,
    0xfa, 0x0, 0x0, 0x10, 0x0, 0x0, 0x0, 0x0,
    0x0, 0x3f, 0xfb, 0x0, 0x3, 0xff, 0xa0, 0x0,
    0x0, 0x0, 0x0, 0x0, 0x0, 0x0, 0x8, 0xff,
    0x70, 0x0, 0x3f, 0xfa, 0x0, 0x0, 0x0, 0x0,
    0x0, 0x0, 0x0, 0x0, 0xef, 0xf2, 0x0, 0x3,
    0xff, 0xa0, 0x0, 0x0, 0x78, 0x10, 0x0, 0x0,
    0x0, 0x8f, 0xfc, 0x0, 0x0, 0x3f, 0xfa, 0x0,
    0x0, 0x8, 0xff, 0x0, 0x0, 0x0, 0x5f, 0xff,
    0x40, 0x0, 0x3, 0xff, 0xa0, 0x0, 0x0, 0xaf,
    0xe0, 0x0, 0x0, 0x8f, 0xff, 0xa0, 0x0, 0x0,
    0x3f, 0xfa, 0x0, 0x0, 0xc, 0xfc, 0x0, 0x17,
    0xef, 0xff, 0xb0, 0x0, 0x0, 0x2, 0xff, 0xe8,
    0x88, 0x89, 0xff, 0x90, 0x4f, 0xff, 0xff, 0x80,
    0x0, 0x0, 0x0, 0xe, 0xff, 0xff, 0xff, 0xff,
    0xf3, 0x0, 0xaf, 0xfb, 0x30, 0x0, 0x0, 0x0,
    0x0, 0x3b, 0xff, 0xff, 0xff, 0xd6, 0x0, 0x1,
    0x82, 0x0, 0x0, 0x0, 0x0, 0x0, 0x0, 0x0,
    0x0, 0x0, 0x0, 0x0, 0x0,

    /* U+5148 "先" */
    0x0, 0x0, 0x0, 0x0, 0x0, 0x0, 0xaa, 0x50,
    0x0, 0x0, 0x0, 0x0, 0x0, 0x0, 0x0, 0x6,
    0xfc, 0x30, 0x1, 0xff, 0x90, 0x0, 0x0, 0x0,
    0x0, 0x0, 0x0, 0x0, 0xa, 0xff, 0x20, 0x1,
    0xff, 0x90, 0x0, 0x0, 0x0, 0x0, 0x0, 0x0,
    0x0, 0xe, 0xfd, 0x0, 0x1, 0xff, 0x90, 0x0,
    0x0, 0x0, 0x0, 0x0, 0x0, 0x0, 0x4f, 0xfc,
    0x88, 0x89, 0xff, 0xc8, 0x88, 0x88, 0x88, 0x84,
    0x0, 0x0, 0x0, 0xbf, 0xff, 0xff, 0xff, 0xff,
    0xff, 0xff, 0xff, 0xff, 0xf8, 0x0, 0x0, 0x2,
    0xff, 0xff, 0xff, 0xff, 0xff, 0xff, 0xff, 0xff,
    0xff, 0xf8, 0x0, 0x0, 0x9, 0xff, 0x50, 0x0,
    0x2, 0xff, 0x90, 0x0, 0x0, 0x0, 0x0, 0x0,
    0x0, 0x2f, 0xfd, 0x0, 0x0, 0x1, 0xff, 0x90,
    0x0, 0x0, 0x0, 0x0, 0x0, 0x0, 0xcf, 0xf4,
    0x0, 0x0, 0x1, 0xff, 0x90, 0x0, 0x0, 0x0,
    0x0, 0x0, 0x0, 0x3b, 0xa0, 0x0, 0x0, 0x1,
    0xff, 0x90, 0x0, 0x0, 0x0, 0x0, 0x0, 0x0,
    0x0, 0x0, 0x0, 0x0, 0x1, 0xff, 0x90, 0x0,
    0x0, 0x0, 0x0, 0x0, 0x1c, 0xcc, 0xcc, 0xcc,
    0xcc, 0xcc, 0xff, 0xec, 0xcc, 0xcc, 0xcc, 0xcc,
    0xc5, 0x2f, 0xff, 0xff, 0xff, 0xff, 0xff, 0xff,
    0xff, 0xff, 0xff, 0xff, 0xff, 0xf7, 0x1c, 0xcc,
    0xcc, 0xcc, 0xff, 0xec, 0xcc, 0xce, 0xff, 0xcc,
    0xcc, 0xcc, 0xc5, 0x0, 0x0, 0x0, 0x3, 0xff,
    0x80, 0x0, 0x9, 0xff, 0x10, 0x0, 0x0, 0x0,
    0x0, 0x0, 0x0, 0x6, 0xff, 0x60, 0x0, 0x9,
    0xff, 0x10, 0x0, 0x0, 0x0, 0x0, 0x0, 0x0,
    0x9, 0xff, 0x20, 0x0, 0x9, 0xff, 0x10, 0x0,
    0x0, 0x0, 0x0, 0x0, 0x0, 0xe, 0xfe, 0x0,
    0x0, 0x9, 0xff, 0x10, 0x0, 0x0, 0x0, 0x0,
    0x0, 0x0, 0x5f, 0xfa, 0x0, 0x0, 0x9, 0xff,
    0x10, 0x0, 0x3, 0x10, 0x0, 0x0, 0x0, 0xdf,
    0xf3, 0x0, 0x0, 0x9, 0xff, 0x10, 0x0, 0x7,
    0xfa, 0x0, 0x0, 0xb, 0xff, 0xb0, 0x0, 0x0,
    0x9, 0xff, 0x10, 0x0, 0x8, 0xfe, 0x0, 0x1,
    0xcf, 0xfe, 0x20, 0x0, 0x0, 0x8, 0xff, 0x10,
    0x0, 0xb, 0xfc, 0x1, 0x8f, 0xff, 0xf3, 0x0,
    0x0, 0x0, 0x7, 0xff, 0xb8, 0x88, 0x9f, 0xf9,
    0x3f, 0xff, 0xfd, 0x30, 0x0, 0x0, 0x0, 0x4,
    0xff, 0xff, 0xff, 0xff, 0xf3, 0x8, 0xff, 0x80,
    0x0, 0x0, 0x0, 0x0, 0x0, 0x7e, 0xff, 0xff,
    0xfe, 0x70, 0x0, 0x60, 0x0, 0x0, 0x0, 0x0,
    0x0, 0x0, 0x0, 0x0, 0x0, 0x0, 0x0,

    /* U+5165 "入" */
    0x0, 0x0, 0x0, 0x0, 0x0, 0x0, 0x0, 0x0,
    0x0, 0x0, 0x0, 0x0, 0x0, 0x0, 0x0, 0x0,
    0x0, 0xd, 0x80, 0x0, 0x0, 0x0, 0x0, 0x0,
    0x0, 0x0, 0x0, 0x0, 0x0, 0x0, 0x9, 0xff,
    0xb0, 0x0, 0x0, 0x0, 0x0, 0x0, 0x0, 0x0,
    0x0, 0x0, 0x0, 0x0, 0x6f, 0xff, 0xb0, 0x0,
    0x0, 0x0, 0x0, 0x0, 0x0, 0x0, 0x0, 0x0,
    0x0, 0x0, 0x4f, 0xff, 0x90, 0x0, 0x0, 0x0,
    0x0, 0x0, 0x0, 0x0, 0x0, 0x0, 0x0, 0x0,
    0x3f, 0xff, 0x50, 0x0, 0x0, 0x0, 0x0, 0x0,
    0x0, 0x0, 0x0, 0x0, 0x0, 0x0, 0x5f, 0xff,
    0x10, 0x0, 0x0, 0x0, 0x0, 0x0, 0x0, 0x0,
    0x0, 0x0, 0x0, 0x0, 0xbf, 0xfb, 0x0, 0x0,
    0x0, 0x0, 0x0, 0x0, 0x0, 0x0, 0x0, 0x0,
    0x0, 0xd, 0xff, 0xf4, 0x0, 0x0, 0x0, 0x0,
    0x0, 0x0, 0x0, 0x0, 0x0, 0x0, 0x1, 0xff,
    0xff, 0xd0, 0x0, 0x0, 0x0, 0x0, 0x0, 0x0,
    0x0, 0x0, 0x0, 0x0, 0x6f, 0xff, 0xff, 0x60,
    0x0, 0x0, 0x0, 0x0, 0x0, 0x0, 0x0, 0x0,
    0x0, 0xb, 0xff, 0x9f, 0xfe, 0x0, 0x0, 0x0,
    0x0, 0x0, 0x0, 0x0, 0x0, 0x0, 0x1, 0xff,
    0xf1, 0xaf, 0xf6, 0x0, 0x0, 0x0, 0x0, 0x0,
    0x0, 0x0, 0x0, 0x0, 0x7f, 0xfb, 0x2, 0xff,
    0xe0, 0x0, 0x0, 0x0, 0x0, 0x0, 0x0, 0x0,
    0x0, 0xe, 0xff, 0x40, 0x9, 0xff, 0x70, 0x0,
    0x0, 0x0, 0x0, 0x0, 0x0, 0x0, 0x7, 0xff,
    0xd0, 0x0, 0x2f, 0xff, 0x10, 0x0, 0x0, 0x0,
    0x0, 0x0, 0x0, 0x1, 0xef, 0xf5, 0x0, 0x0,
    0x9f, 0xfa, 0x0, 0x0, 0x0, 0x0, 0x0, 0x0,
    0x0, 0xaf, 0xfd, 0x0, 0x0, 0x1, 0xff, 0xf5,
    0x0, 0x0, 0x0, 0x0, 0x0, 0x0, 0x5f, 0xff,
    0x30, 0x0, 0x0, 0x7, 0xff, 0xf2, 0x0, 0x0,
    0x0, 0x0, 0x0, 0x3f, 0xff, 0x90, 0x0, 0x0,
    0x0, 0xd, 0xff, 0xd1, 0x0, 0x0, 0x0, 0x0,
    0x3e, 0xff, 0xc0, 0x0, 0x0, 0x0, 0x0, 0x3f,
    0xff, 0xc1, 0x0, 0x0, 0x0, 0x4f, 0xff, 0xe1,
    0x0, 0x0, 0x0, 0x0, 0x0, 0x7f, 0xff, 0xd2,
    0x0, 0x0, 0x8f, 0xff, 0xe2, 0x0, 0x0, 0x0,
    0x0, 0x0, 0x0, 0x9f, 0xff, 0xe5, 0x4, 0xdf,
    0xff, 0xe2, 0x0, 0x0, 0x0, 0x0, 0x0, 0x0,
    0x0, 0x9f, 0xff, 0xe0, 0x5f, 0xff, 0xb1, 0x0,
    0x0, 0x0, 0x0, 0x0, 0x0, 0x0, 0x0, 0x7f,
    0xf7, 0x0, 0x3e, 0x70, 0x0, 0x0, 0x0, 0x0,
    0x0, 0x0, 0x0, 0x0, 0x0, 0x3d, 0x10, 0x0,
    0x0, 0x0, 0x0, 0x0, 0x0, 0x0, 0x0, 0x0,
    0x0, 0x0, 0x0, 0x0, 0x0,

    /* U+5168 "全" */
    0x0, 0x0, 0x0, 0x0, 0x0, 0x0, 0x6, 0xa2,
    0x0, 0x0, 0x0, 0x0, 0x0, 0x0, 0x0, 0x0,
    0x0, 0x0, 0x0, 0x0, 0x2f, 0xfe, 0x0, 0x0,
    0x0, 0x0, 0x0, 0x0, 0x0, 0x0, 0x0, 0x0,
    0x0, 0x1, 0xdf, 0xff, 0x40, 0x0, 0x0, 0x0,
    0x0, 0x0, 0x0, 0x0, 0x0, 0x0, 0x0, 0xc,
    0xff, 0xff, 0xf4, 0x0, 0x0, 0x0, 0x0, 0x0,
    0x0, 0x0, 0x0, 0x0, 0x1, 0xcf, 0xfa, 0x3f,
    0xff, 0x50, 0x0, 0x0, 0x0, 0x0, 0x0, 0x0,
    0x0, 0x0, 0x2d, 0xff, 0xb0, 0x4, 0xff, 0xf7,
    0x0, 0x0, 0x0, 0x0, 0x0, 0x0, 0x0, 0x4,
    0xef, 0xfa, 0x0, 0x0, 0x3f, 0xff, 0xb1, 0x0,
    0x0, 0x0, 0x0, 0x0, 0x0, 0x8f, 0xff, 0x90,
    0x0, 0x0, 0x2, 0xef, 0xfe, 0x40, 0x0, 0x0,
    0x0, 0x0, 0x4d, 0xff, 0xf6, 0x0, 0x0, 0x0,
    0x0, 0x1c, 0xff, 0xfa, 0x10, 0x0, 0x0, 0x2b,
    0xff, 0xfe, 0x30, 0x0, 0x0, 0x0, 0x0, 0x0,
    0x8f, 0xff, 0xf7, 0x0, 0xa, 0xff, 0xff, 0xe7,
    0x66, 0x66, 0x66, 0x66, 0x66, 0x66, 0x6a, 0xff,
    0xff, 0xe4, 0x5, 0xff, 0xd8, 0xff, 0xff, 0xff,
    0xff, 0xff, 0xff, 0xff, 0xff, 0xe8, 0xff, 0xd1,
    0x0, 0x75, 0x4, 0xff, 0xff, 0xff, 0xff, 0xff,
    0xff, 0xff, 0xff, 0xe0, 0x2b, 0x20, 0x0, 0x0,
    0x0, 0x0, 0x0, 0x0, 0x3f, 0xfa, 0x0, 0x0,
    0x0, 0x0, 0x0, 0x0, 0x0, 0x0, 0x0, 0x0,
    0x0, 0x0, 0x3f, 0xfa, 0x0, 0x0, 0x0, 0x0,
    0x0, 0x0, 0x0, 0x0, 0x0, 0x0, 0x0, 0x0,
    0x3f, 0xfa, 0x0, 0x0, 0x0, 0x0, 0x0, 0x0,
    0x0, 0x0, 0x0, 0x22, 0x22, 0x22, 0x5f, 0xfb,
    0x22, 0x22, 0x22, 0x20, 0x0, 0x0, 0x0, 0x0,
    0x0, 0xff, 0xff, 0xff, 0xff, 0xff, 0xff, 0xff,
    0xff, 0xc0, 0x0, 0x0, 0x0, 0x0, 0x0, 0xff,
    0xff, 0xff, 0xff, 0xff, 0xff, 0xff, 0xff, 0xc0,
    0x0, 0x0, 0x0, 0x0, 0x0, 0x22, 0x22, 0x22,
    0x5f, 0xfb, 0x22, 0x22, 0x22, 0x10, 0x0, 0x0,
    0x0, 0x0, 0x0, 0x0, 0x0, 0x0, 0x3f, 0xfa,
    0x0, 0x0, 0x0, 0x0, 0x0, 0x0, 0x0, 0x0,
    0x0, 0x0, 0x0, 0x0, 0x3f, 0xfa, 0x0, 0x0,
    0x0, 0x0, 0x0, 0x0, 0x0, 0x0, 0x0, 0x0,
    0x0, 0x0, 0x3f, 0xfa, 0x0, 0x0, 0x0, 0x0,
    0x0, 0x0, 0x0, 0xaf, 0xff, 0xff, 0xff, 0xff,
    0xff, 0xff, 0xff, 0xff, 0xff, 0xff, 0xff, 0x40,
    0x0, 0xaf, 0xff, 0xff, 0xff, 0xff, 0xff, 0xff,
    0xff, 0xff, 0xff, 0xff, 0xff, 0x40, 0x0, 0x46,
    0x66, 0x66, 0x66, 0x66, 0x66, 0x66, 0x66, 0x66,
    0x66, 0x66, 0x66, 0x10,

    /* U+516B "八" */
    0x0, 0x0, 0x0, 0x0, 0x0, 0x0, 0x0, 0x0,
    0x58, 0x90, 0x0, 0x0, 0x0, 0x0, 0x0, 0x0,
    0x0, 0x0, 0xcd, 0xc1, 0x0, 0x0, 0x9f, 0xf0,
    0x0, 0x0, 0x0, 0x0, 0x0, 0x0, 0x0, 0x0,
    0xef, 0xf0, 0x0, 0x0, 0x8f, 0xf0, 0x0, 0x0,
    0x0, 0x0, 0x0, 0x0, 0x0, 0x0, 0xff, 0xe0,
    0x0, 0x0, 0x7f, 0xf2, 0x0, 0x0, 0x0, 0x0,
    0x0, 0x0, 0x0, 0x1, 0xff, 0xc0, 0x0, 0x0,
    0x5f, 0xf4, 0x0, 0x0, 0x0, 0x0, 0x0, 0x0,
    0x0, 0x3, 0xff, 0xa0, 0x0, 0x0, 0x3f, 0xf6,
    0x0, 0x0, 0x0, 0x0, 0x0, 0x0, 0x0, 0x5,
    0xff, 0x80, 0x0, 0x0, 0x1f, 0xf9, 0x0, 0x0,
    0x0, 0x0, 0x0, 0x0, 0x0, 0x7, 0xff, 0x50,
    0x0, 0x0, 0xe, 0xfc, 0x0, 0x0, 0x0, 0x0,
    0x0, 0x0, 0x0, 0xa, 0xff, 0x30, 0x0, 0x0,
    0xb, 0xff, 0x0, 0x0, 0x0, 0x0, 0x0, 0x0,
    0x0, 0xd, 0xff, 0x0, 0x0, 0x0, 0x8, 0xff,
    0x30, 0x0, 0x0, 0x0, 0x0, 0x0, 0x0, 0xf,
    0xfd, 0x0, 0x0, 0x0, 0x4, 0xff, 0x70, 0x0,
    0x0, 0x0, 0x0, 0x0, 0x0, 0x4f, 0xf9, 0x0,
    0x0, 0x0, 0x1, 0xff, 0xc0, 0x0, 0x0, 0x0,
    0x0, 0x0, 0x0, 0x8f, 0xf5, 0x0, 0x0, 0x0,
    0x0, 0xcf, 0xf1, 0x0, 0x0, 0x0, 0x0, 0x0,
    0x0, 0xcf, 0xf1, 0x0, 0x0, 0x0, 0x0, 0x7f,
    0xf7, 0x0, 0x0, 0x0, 0x0, 0x0, 0x2, 0xff,
    0xc0, 0x0, 0x0, 0x0, 0x0, 0x2f, 0xfd, 0x0,
    0x0, 0x0, 0x0, 0x0, 0x8, 0xff, 0x60, 0x0,
    0x0, 0x0, 0x0, 0xb, 0xff, 0x40, 0x0, 0x0,
    0x0, 0x0, 0xe, 0xff, 0x10, 0x0, 0x0, 0x0,
    0x0, 0x5, 0xff, 0xc0, 0x0, 0x0, 0x0, 0x0,
    0x7f, 0xf9, 0x0, 0x0, 0x0, 0x0, 0x0, 0x0,
    0xdf, 0xf5, 0x0, 0x0, 0x0, 0x1, 0xef, 0xf2,
    0x0, 0x0, 0x0, 0x0, 0x0, 0x0, 0x5f, 0xfe,
    0x0, 0x0, 0x0, 0xa, 0xff, 0x90, 0x0, 0x0,
    0x0, 0x0, 0x0, 0x0, 0xc, 0xff, 0xa0, 0x0,
    0x0, 0x7f, 0xfe, 0x10, 0x0, 0x0, 0x0, 0x0,
    0x0, 0x0, 0x3, 0xff, 0xf7, 0x0, 0x6, 0xff,
    0xf5, 0x0, 0x0, 0x0, 0x0, 0x0, 0x0, 0x0,
    0x0, 0x7f, 0xff, 0x70, 0xc, 0xff, 0x70, 0x0,
    0x0, 0x0, 0x0, 0x0, 0x0, 0x0, 0x0, 0xa,
    0xff, 0xd1, 0x1, 0xd8, 0x0, 0x0, 0x0, 0x0,
    0x0, 0x0, 0x0, 0x0, 0x0, 0x0, 0xaa, 0x0,
    0x0, 0x10, 0x0, 0x0, 0x0, 0x0, 0x0, 0x0,
    0x0, 0x0, 0x0, 0x0, 0x0, 0x0,

    /* U+5173 "关" */
    0x0, 0x0, 0x0, 0x15, 0x0, 0x0, 0x0, 0x0,
    0x0, 0x27, 0x20, 0x0, 0x0, 0x0, 0x0, 0x0,
    0x6f, 0xf4, 0x0, 0x0, 0x0, 0x0, 0x9, 0xff,
    0x70, 0x0, 0x0, 0x0, 0x0, 0x2, 0xff, 0xe1,
    0x0, 0x0, 0x0, 0x1, 0xff, 0xf1, 0x0, 0x0,
    0x0, 0x0, 0x0, 0x7, 0xff, 0x90, 0x0, 0x0,
    0x0, 0x9f, 0xf7, 0x0, 0x0, 0x0, 0x0, 0x0,
    0x0, 0xd, 0xff, 0x20, 0x0, 0x0, 0x2f, 0xfd,
    0x0, 0x0, 0x0, 0x0, 0x0, 0x0, 0x0, 0x5f,
    0xa1, 0x0, 0x0, 0xb, 0xff, 0x30, 0x0, 0x0,
    0x0, 0x0, 0x2e, 0xee, 0xee, 0xfe, 0xee, 0xee,
    0xee, 0xff, 0xfe, 0xee, 0xee, 0x0, 0x0, 0x3,
    0xff, 0xff, 0xff, 0xff, 0xff, 0xff, 0xff, 0xff,
    0xff, 0xff, 0xf0, 0x0, 0x0, 0x2b, 0xbb, 0xbb,
    0xbb, 0xbc, 0xff, 0xfb, 0xbb, 0xbb, 0xbb, 0xbb,
    0x0, 0x0, 0x0, 0x0, 0x0, 0x0, 0x0, 0x2f,
    0xfe, 0x0, 0x0, 0x0, 0x0, 0x0, 0x0, 0x0,
    0x0, 0x0, 0x0, 0x0, 0x2, 0xff, 0xe0, 0x0,
    0x0, 0x0, 0x0, 0x0, 0x0, 0x0, 0x0, 0x0,
    0x0, 0x0, 0x2f, 0xfe, 0x0, 0x0, 0x0, 0x0,
    0x0, 0x0, 0x0, 0x0, 0x0, 0x0, 0x0, 0x2,
    0xff, 0xe0, 0x0, 0x0, 0x0, 0x0, 0x0, 0x0,
    0xaa, 0xaa, 0xaa, 0xaa, 0xaa, 0xbf, 0xff, 0xaa,
    0xaa, 0xaa, 0xaa, 0xaa, 0x50, 0xf, 0xff, 0xff,
    0xff, 0xff, 0xff, 0xff, 0xff, 0xff, 0xff, 0xff,
    0xff, 0xf8, 0x0, 0xef, 0xff, 0xff, 0xff, 0xff,
    0xff, 0xff, 0xff, 0xff, 0xff, 0xff, 0xff, 0x70,
    0x0, 0x0, 0x0, 0x0, 0x0, 0xe, 0xff, 0xfd,
    0x0, 0x0, 0x0, 0x0, 0x0, 0x0, 0x0, 0x0,
    0x0, 0x0, 0x7, 0xff, 0xff, 0xf8, 0x0, 0x0,
    0x0, 0x0, 0x0, 0x0, 0x0, 0x0, 0x0, 0x3,
    0xff, 0xf8, 0xdf, 0xf5, 0x0, 0x0, 0x0, 0x0,
    0x0, 0x0, 0x0, 0x0, 0x3, 0xef, 0xfd, 0x3,
    0xff, 0xf5, 0x0, 0x0, 0x0, 0x0, 0x0, 0x0,
    0x0, 0x5, 0xff, 0xff, 0x20, 0x7, 0xff, 0xf8,
    0x0, 0x0, 0x0, 0x0, 0x0, 0x0, 0x2a, 0xff,
    0xff, 0x30, 0x0, 0x9, 0xff, 0xfc, 0x30, 0x0,
    0x0, 0x0, 0x2, 0x9f, 0xff, 0xfd, 0x20, 0x0,
    0x0, 0x8, 0xff, 0xff, 0xb4, 0x0, 0x1, 0x6c,
    0xff, 0xff, 0xf8, 0x0, 0x0, 0x0, 0x0, 0x5,
    0xef, 0xff, 0xfe, 0xa1, 0x3f, 0xff, 0xff, 0xa2,
    0x0, 0x0, 0x0, 0x0, 0x0, 0x1, 0x9f, 0xff,
    0xf9, 0x0, 0x4f, 0xe8, 0x20, 0x0, 0x0, 0x0,
    0x0, 0x0, 0x0, 0x0, 0x18, 0xed, 0x0, 0x0,
    0x30, 0x0, 0x0, 0x0, 0x0, 0x0, 0x0, 0x0,
    0x0, 0x0, 0x0, 0x10, 0x0,

    /* U+5178 "典" */
    0x0, 0x0, 0x0, 0x0, 0x3, 0xbb, 0x10, 0x5,
    0xbb, 0x0, 0x0, 0x0, 0x0, 0x0, 0x0, 0x0,
    0x0, 0x0, 0x4, 0xff, 0x20, 0x7, 0xff, 0x10,
    0x0, 0x0, 0x0, 0x0, 0x0, 0x0, 0x0, 0x0,
    0x4, 0xff, 0x20, 0x7, 0xff, 0x10, 0x0, 0x0,
    0x0, 0x0, 0x0, 0x1, 0x55, 0x55, 0x58, 0xff,
    0x75, 0x5a, 0xff, 0x65, 0x55, 0x55, 0x20, 0x0,
    0x0, 0x3, 0xff, 0xff, 0xff, 0xff, 0xff, 0xff,
    0xff, 0xff, 0xff, 0xff, 0x80, 0x0, 0x0, 0x3,
    0xff, 0xff, 0xff, 0xff, 0xff, 0xff, 0xff, 0xff,
    0xff, 0xff, 0x80, 0x0, 0x0, 0x3, 0xff, 0x72,
    0x26, 0xff, 0x42, 0x28, 0xff, 0x32, 0x24, 0xff,
    0x80, 0x0, 0x0, 0x3, 0xff, 0x50, 0x4, 0xff,
    0x20, 0x7, 0xff, 0x10, 0x2, 0xff, 0x80, 0x0,
    0x0, 0x3, 0xff, 0x50, 0x4, 0xff, 0x20, 0x7,
    0xff, 0x10, 0x2, 0xff, 0x80, 0x0, 0x0, 0x3,
    0xff, 0x50, 0x4, 0xff, 0x20, 0x7, 0xff, 0x10,
    0x2, 0xff, 0x80, 0x0, 0x0, 0x3, 0xff, 0xa8,
    0x8a, 0xff, 0x98, 0x8b, 0xff, 0x88, 0x89, 0xff,
    0x80, 0x0, 0x0, 0x3, 0xff, 0xff, 0xff, 0xff,
    0xff, 0xff, 0xff, 0xff, 0xff, 0xff, 0x80, 0x0,
    0x0, 0x3, 0xff, 0xff, 0xff, 0xff, 0xff, 0xff,
    0xff, 0xff, 0xff, 0xff, 0x80, 0x0, 0x0, 0x3,
    0xff, 0x50, 0x4, 0xff, 0x20, 0x7, 0xff, 0x10,
    0x2, 0xff, 0x80, 0x0, 0x0, 0x3, 0xff, 0x50,
    0x4, 0xff, 0x20, 0x7, 0xff, 0x10, 0x2, 0xff,
    0x80, 0x0, 0x0, 0x3, 0xff, 0x50, 0x4, 0xff,
    0x20, 0x7, 0xff, 0x10, 0x2, 0xff, 0x80, 0x0,
    0x0, 0x3, 0xff, 0x50, 0x4, 0xff, 0x20, 0x7,
    0xff, 0x10, 0x2, 0xff, 0x80, 0x0, 0xe, 0xee,
    0xff, 0xfe, 0xef, 0xff, 0xee, 0xef, 0xff, 0xee,
    0xee, 0xff, 0xfe, 0xe0, 0xf, 0xff, 0xff, 0xff,
    0xff, 0xff, 0xff, 0xff, 0xff, 0xff, 0xff, 0xff,
    0xff, 0xf1, 0x9, 0x99, 0x99, 0x99, 0x9b, 0x99,
    0x99, 0x99, 0x9a, 0xb9, 0x99, 0x99, 0x99, 0x90,
    0x0, 0x0, 0x0, 0x0, 0x9f, 0x70, 0x0, 0x0,
    0x1c, 0xf9, 0x20, 0x0, 0x0, 0x0, 0x0, 0x0,
    0x0, 0x5e, 0xff, 0xf6, 0x0, 0x0, 0x7f, 0xff,
    0xf9, 0x10, 0x0, 0x0, 0x0, 0x0, 0x3b, 0xff,
    0xfe, 0x40, 0x0, 0x0, 0x2, 0xaf, 0xff, 0xf8,
    0x0, 0x0, 0x0, 0x4b, 0xff, 0xff, 0x80, 0x0,
    0x0, 0x0, 0x0, 0x3, 0xcf, 0xff, 0xe6, 0x0,
    0x6, 0xff, 0xff, 0x91, 0x0, 0x0, 0x0, 0x0,
    0x0, 0x0, 0x5, 0xef, 0xfe, 0x20, 0x0, 0x6f,
    0x92, 0x0, 0x0, 0x0, 0x0, 0x0, 0x0, 0x0,
    0x0, 0x19, 0xb1, 0x0, 0x0, 0x0, 0x0, 0x0,
    0x0, 0x0, 0x0, 0x0, 0x0, 0x0, 0x0, 0x0,
    0x0, 0x0,

    /* U+518D "再" */
    0xd, 0xdd, 0xdd, 0xdd, 0xdd, 0xdd, 0xdd, 0xdd,
    0xdd, 0xdd, 0xdd, 0xdd, 0xb0, 0x0, 0xff, 0xff,
    0xff, 0xff, 0xff, 0xff, 0xff, 0xff, 0xff, 0xff,
    0xff, 0xfd, 0x0, 0xa, 0xaa, 0xaa, 0xaa, 0xaa,
    0xad, 0xff, 0xaa, 0xaa, 0xaa, 0xaa, 0xaa, 0x80,
    0x0, 0x0, 0x0, 0x0, 0x0, 0x0, 0x8f, 0xf1,
    0x0, 0x0, 0x0, 0x0, 0x0, 0x0, 0x0, 0x2,
    0x33, 0x33, 0x33, 0x3a, 0xff, 0x43, 0x33, 0x33,
    0x43, 0x20, 0x0, 0x0, 0x0, 0xcf, 0xff, 0xff,
    0xff, 0xff, 0xff, 0xff, 0xff, 0xff, 0xfb, 0x0,
    0x0, 0x0, 0xc, 0xff, 0xff, 0xff, 0xff, 0xff,
    0xff, 0xff, 0xff, 0xff, 0xb0, 0x0, 0x0, 0x0,
    0xcf, 0xe3, 0x33, 0x33, 0xaf, 0xf4, 0x33, 0x33,
    0x3f, 0xfb, 0x0, 0x0, 0x0, 0xc, 0xfe, 0x0,
    0x0, 0x8, 0xff, 0x10, 0x0, 0x0, 0xef, 0xb0,
    0x0, 0x0, 0x0, 0xcf, 0xe0, 0x0, 0x0, 0x8f,
    0xf1, 0x0, 0x0, 0xe, 0xfb, 0x0, 0x0, 0x0,
    0xc, 0xff, 0xff, 0xff, 0xff, 0xff, 0xff, 0xff,
    0xff, 0xff, 0xb0, 0x0, 0x0, 0x0, 0xcf, 0xff,
    0xff, 0xff, 0xff, 0xff, 0xff, 0xff, 0xff, 0xfb,
    0x0, 0x0, 0x0, 0xc, 0xfe, 0x55, 0x55, 0x5b,
    0xff, 0x55, 0x55, 0x55, 0xff, 0xb0, 0x0, 0x0,
    0x0, 0xcf, 0xe0, 0x0, 0x0, 0x8f, 0xf1, 0x0,
    0x0, 0xe, 0xfb, 0x0, 0x0, 0x0, 0xc, 0xfe,
    0x0, 0x0, 0x8, 0xff, 0x10, 0x0, 0x0, 0xef,
    0xb0, 0x0, 0xd, 0xdd, 0xff, 0xfd, 0xdd, 0xdd,
    0xff, 0xfe, 0xdd, 0xdd, 0xdf, 0xff, 0xdd, 0xd0,
    0xff, 0xff, 0xff, 0xff, 0xff, 0xff, 0xff, 0xff,
    0xff, 0xff, 0xff, 0xff, 0xff, 0x9, 0x99, 0xef,
    0xf9, 0x99, 0x99, 0x99, 0x99, 0x99, 0x99, 0x9f,
    0xfe, 0x99, 0x90, 0x0, 0xc, 0xfe, 0x0, 0x0,
    0x0, 0x0, 0x0, 0x0, 0x0, 0xef, 0xb0, 0x0,
    0x0, 0x0, 0xcf, 0xe0, 0x0, 0x0, 0x0, 0x0,
    0x0, 0x0, 0xe, 0xfb, 0x0, 0x0, 0x0, 0xc,
    0xfe, 0x0, 0x0, 0x0, 0x0, 0x0, 0x0, 0x0,
    0xef, 0xb0, 0x0, 0x0, 0x0, 0xcf, 0xe0, 0x0,
    0x0, 0x0, 0x0, 0x46, 0x66, 0x7f, 0xfb, 0x0,
    0x0, 0x0, 0xc, 0xfe, 0x0, 0x0, 0x0, 0x0,
    0x4, 0xff, 0xff, 0xff, 0x80, 0x0, 0x0, 0x0,
    0xcf, 0xe0, 0x0, 0x0, 0x0, 0x0, 0xe, 0xff,
    0xfd, 0x80, 0x0, 0x0, 0x0, 0x0, 0x11, 0x0,
    0x0, 0x0, 0x0, 0x0, 0x1, 0x0, 0x0, 0x0,
    0x0, 0x0,

    /* U+51C6 "准" */
    0x0, 0x0, 0x0, 0x0, 0x0, 0x1, 0x0, 0x0,
    0x0, 0x10, 0x0, 0x0, 0x0, 0x0, 0x10, 0x0,
    0x0, 0x0, 0xc, 0xe9, 0x0, 0x7e, 0xc0, 0x0,
    0x0, 0x0, 0x3a, 0xf3, 0x0, 0x0, 0x0, 0x2f,
    0xf8, 0x0, 0x9f, 0xf6, 0x0, 0x0, 0x0, 0x3f,
    0xfd, 0x0, 0x0, 0x0, 0x8f, 0xf1, 0x0, 0x1e,
    0xfe, 0x0, 0x0, 0x0, 0x9, 0xff, 0x80, 0x0,
    0x0, 0xef, 0xa0, 0x0, 0x7, 0xff, 0x50, 0x0,
    0x0, 0x1, 0xef, 0xf2, 0x0, 0x7, 0xff, 0xa7,
    0x77, 0x78, 0xfb, 0x77, 0x77, 0x73, 0x0, 0x6f,
    0xfa, 0x0, 0x1f, 0xff, 0xff, 0xff, 0xff, 0xff,
    0xff, 0xff, 0xf7, 0x0, 0xd, 0xff, 0x30, 0xaf,
    0xfe, 0xdd, 0xdd, 0xdf, 0xff, 0xdd, 0xdd, 0xd5,
    0x0, 0x6, 0xf9, 0x24, 0xff, 0xfa, 0x0, 0x0,
    0xe, 0xfa, 0x0, 0x0, 0x0, 0x0, 0x0, 0x10,
    0x1e, 0xff, 0xfa, 0x0, 0x0, 0xe, 0xfa, 0x0,
    0x0, 0x0, 0x0, 0x0, 0x0, 0xcf, 0xff, 0xfb,
    0x22, 0x22, 0x2f, 0xfb, 0x22, 0x22, 0x10, 0x0,
    0x0, 0xb, 0xff, 0xad, 0xff, 0xff, 0xff, 0xff,
    0xff, 0xff, 0xff, 0xe0, 0x0, 0x0, 0x6, 0xfd,
    0x1d, 0xff, 0xff, 0xff, 0xff, 0xff, 0xff, 0xff,
    0xe0, 0x0, 0x0, 0x0, 0x62, 0xd, 0xfb, 0x33,
    0x33, 0x3f, 0xfb, 0x33, 0x33, 0x20, 0x0, 0x0,
    0x41, 0x0, 0xd, 0xfa, 0x0, 0x0, 0xe, 0xfa,
    0x0, 0x0, 0x0, 0x0, 0x0, 0xdf, 0x80, 0xd,
    0xfa, 0x0, 0x0, 0xe, 0xfa, 0x0, 0x0, 0x0,
    0x0, 0x3, 0xff, 0xb0, 0xd, 0xfc, 0x66, 0x66,
    0x6f, 0xfc, 0x66, 0x66, 0x50, 0x0, 0xa, 0xff,
    0x50, 0xd, 0xff, 0xff, 0xff, 0xff, 0xff, 0xff,
    0xff, 0xd0, 0x0, 0x1f, 0xfe, 0x0, 0xd, 0xff,
    0xff, 0xff, 0xff, 0xff, 0xff, 0xff, 0xd0, 0x0,
    0x8f, 0xf8, 0x0, 0xd, 0xfa, 0x0, 0x0, 0xe,
    0xfa, 0x0, 0x0, 0x0, 0x1, 0xff, 0xf1, 0x0,
    0xd, 0xfa, 0x0, 0x0, 0xe, 0xfa, 0x0, 0x0,
    0x0, 0x7, 0xff, 0xa0, 0x0, 0xd, 0xfa, 0x0,
    0x0, 0xe, 0xfa, 0x0, 0x0, 0x0, 0xe, 0xff,
    0x30, 0x0, 0xd, 0xff, 0xff, 0xff, 0xff, 0xff,
    0xff, 0xff, 0xfe, 0x6f, 0xfc, 0x0, 0x0, 0xd,
    0xff, 0xff, 0xff, 0xff, 0xff, 0xff, 0xff, 0xff,
    0x3, 0xa4, 0x0, 0x0, 0xd, 0xfc, 0x77, 0x77,
    0x77, 0x77, 0x77, 0x77, 0x76, 0x0, 0x0, 0x0,
    0x0, 0xd, 0xfa, 0x0, 0x0, 0x0, 0x0, 0x0,
    0x0, 0x0,

    /* U+51FA "出" */
    0x0, 0x0, 0x0, 0x0, 0x0, 0x1b, 0xb9, 0x0,
    0x0, 0x0, 0x0, 0x0, 0x0, 0x0, 0x0, 0x0,
    0x0, 0x1f, 0xfd, 0x0, 0x0, 0x0, 0x0, 0x0,
    0x0, 0x34, 0x40, 0x0, 0x0, 0x1f, 0xfd, 0x0,
    0x0, 0x3, 0x44, 0x0, 0x0, 0xcf, 0xf1, 0x0,
    0x0, 0x1f, 0xfd, 0x0, 0x0, 0xc, 0xff, 0x20,
    0x0, 0xcf, 0xf1, 0x0, 0x0, 0x1f, 0xfd, 0x0,
    0x0, 0xc, 0xff, 0x20, 0x0, 0xcf, 0xf1, 0x0,
    0x0, 0x1f, 0xfd, 0x0, 0x0, 0xc, 0xff, 0x20,
    0x0, 0xcf, 0xf1, 0x0, 0x0, 0x1f, 0xfd, 0x0,
    0x0, 0xc, 0xff, 0x20, 0x0, 0xcf, 0xf1, 0x0,
    0x0, 0x1f, 0xfd, 0x0, 0x0, 0xc, 0xff, 0x20,
    0x0, 0xcf, 0xf1, 0x0, 0x0, 0x1f, 0xfd, 0x0,
    0x0, 0xc, 0xff, 0x20, 0x0, 0xcf, 0xf1, 0x0,
    0x0, 0x1f, 0xfd, 0x0, 0x0, 0xc, 0xff, 0x20,
    0x0, 0xcf, 0xff, 0xff, 0xff, 0xff, 0xff, 0xff,
    0xff, 0xff, 0xff, 0x20, 0x0, 0xcf, 0xff, 0xff,
    0xff, 0xff, 0xff, 0xff, 0xff, 0xff, 0xff, 0x20,
    0x0, 0x7a, 0xaa, 0xaa, 0xaa, 0xaf, 0xff, 0xaa,
    0xaa, 0xaa, 0xaa, 0x10, 0x0, 0x0, 0x0, 0x0,
    0x0, 0x1f, 0xfd, 0x0, 0x0, 0x0, 0x0, 0x0,
    0x1b, 0xb9, 0x0, 0x0, 0x0, 0x1f, 0xfd, 0x0,
    0x0, 0x0, 0x7b, 0xb2, 0x1f, 0xfd, 0x0, 0x0,
    0x0, 0x1f, 0xfd, 0x0, 0x0, 0x0, 0xbf, 0xf4,
    0x1f, 0xfd, 0x0, 0x0, 0x0, 0x1f, 0xfd, 0x0,
    0x0, 0x0, 0xbf, 0xf4, 0x1f, 0xfd, 0x0, 0x0,
    0x0, 0x1f, 0xfd, 0x0, 0x0, 0x0, 0xbf, 0xf4,
    0x1f, 0xfd, 0x0, 0x0, 0x0, 0x1f, 0xfd, 0x0,
    0x0, 0x0, 0xbf, 0xf4, 0x1f, 0xfd, 0x0, 0x0,
    0x0, 0x1f, 0xfd, 0x0, 0x0, 0x0, 0xbf, 0xf4,
    0x1f, 0xfd, 0x0, 0x0, 0x0, 0x1f, 0xfd, 0x0,
    0x0, 0x0, 0xbf, 0xf4, 0x1f, 0xfd, 0x0, 0x0,
    0x0, 0x1f, 0xfd, 0x0, 0x0, 0x0, 0xbf, 0xf4,
    0x1f, 0xff, 0xff, 0xff, 0xff, 0xff, 0xff, 0xff,
    0xff, 0xff, 0xff, 0xf4, 0x1f, 0xff, 0xff, 0xff,
    0xff, 0xff, 0xff, 0xff, 0xff, 0xff, 0xff, 0xf4,
    0x1a, 0xaa, 0xaa, 0xaa, 0xaa, 0xaa, 0xaa, 0xaa,
    0xaa, 0xaa, 0xef, 0xf4, 0x0, 0x0, 0x0, 0x0,
    0x0, 0x0, 0x0, 0x0, 0x0, 0x0, 0xbf, 0xf4,

    /* U+51FB "击" */
    0x0, 0x0, 0x0, 0x0, 0x0, 0x0, 0xbb, 0x80,
    0x0, 0x0, 0x0, 0x0, 0x0, 0x0, 0x0, 0x0,
    0x0, 0x0, 0x1, 0xff, 0xb0, 0x0, 0x0, 0x0,
    0x0, 0x0, 0x0, 0x0, 0x0, 0x0, 0x0, 0x1,
    0xff, 0xb0, 0x0, 0x0, 0x0, 0x0, 0x0, 0x0,
    0x0, 0x0, 0x0, 0x0, 0x1, 0xff, 0xb0, 0x0,
    0x0, 0x0, 0x0, 0x0, 0x0, 0x9, 0x99, 0x99,
    0x99, 0x99, 0xff, 0xe9, 0x99, 0x99, 0x99, 0x96,
    0x0, 0x0, 0x1f, 0xff, 0xff, 0xff, 0xff, 0xff,
    0xff, 0xff, 0xff, 0xff, 0xfb, 0x0, 0x0, 0x1f,
    0xff, 0xff, 0xff, 0xff, 0xff, 0xff, 0xff, 0xff,
    0xff, 0xfb, 0x0, 0x0, 0x0, 0x0, 0x0, 0x0,
    0x2, 0xff, 0xb0, 0x0, 0x0, 0x0, 0x0, 0x0,
    0x0, 0x0, 0x0, 0x0, 0x0, 0x1, 0xff, 0xb0,
    0x0, 0x0, 0x0, 0x0, 0x0, 0x0, 0x0, 0x0,
    0x0, 0x0, 0x1, 0xff, 0xb0, 0x0, 0x0, 0x0,
    0x0, 0x0, 0x0, 0x0, 0x0, 0x0, 0x0, 0x1,
    0xff, 0xb0, 0x0, 0x0, 0x0, 0x0, 0x0, 0x2f,
    0xff, 0xff, 0xff, 0xff, 0xff, 0xff, 0xff, 0xff,
    0xff, 0xff, 0xff, 0xf9, 0x2f, 0xff, 0xff, 0xff,
    0xff, 0xff, 0xff, 0xff, 0xff, 0xff, 0xff, 0xff,
    0xfa, 0x1a, 0xaa, 0xaa, 0xaa, 0xaa, 0xab, 0xff,
    0xea, 0xaa, 0xaa, 0xaa, 0xaa, 0xa6, 0x0, 0x0,
    0x0, 0x0, 0x0, 0x1, 0xff, 0xb0, 0x0, 0x0,
    0x0, 0x0, 0x0, 0x0, 0x6, 0x64, 0x0, 0x0,
    0x1, 0xff, 0xb0, 0x0, 0x0, 0x56, 0x60, 0x0,
    0x0, 0xf, 0xfc, 0x0, 0x0, 0x1, 0xff, 0xb0,
    0x0, 0x0, 0xcf, 0xf0, 0x0, 0x0, 0xf, 0xfc,
    0x0, 0x0, 0x1, 0xff, 0xb0, 0x0, 0x0, 0xcf,
    0xf0, 0x0, 0x0, 0xf, 0xfc, 0x0, 0x0, 0x1,
    0xff, 0xb0, 0x0, 0x0, 0xcf, 0xf0, 0x0, 0x0,
    0xf, 0xfc, 0x0, 0x0, 0x1, 0xff, 0xb0, 0x0,
    0x0, 0xcf, 0xf0, 0x0, 0x0, 0xf, 0xfc, 0x0,
    0x0, 0x1, 0xff, 0xb0, 0x0, 0x0, 0xcf, 0xf0,
    0x0, 0x0, 0xf, 0xfc, 0x0, 0x0, 0x1, 0xff,
    0xb0, 0x0, 0x0, 0xcf, 0xf0, 0x0, 0x0, 0xf,
    0xfe, 0xbb, 0xbb, 0xbb, 0xff, 0xeb, 0xbb, 0xbb,
    0xef, 0xf0, 0x0, 0x0, 0xf, 0xff, 0xff, 0xff,
    0xff, 0xff, 0xff, 0xff, 0xff, 0xff, 0xf0, 0x0,
    0x0, 0xe, 0xee, 0xee, 0xee, 0xee, 0xee, 0xee,
    0xee, 0xee, 0xff, 0xf0, 0x0, 0x0, 0x0, 0x0,
    0x0, 0x0, 0x0, 0x0, 0x0, 0x0, 0x0, 0xcf,
    0xf0, 0x0,

    /* U+5206 "分" */
    0x0, 0x0, 0x0, 0x1, 0x30, 0x0, 0x0, 0x0,
    0x3, 0x10, 0x0, 0x0, 0x0, 0x0, 0x0, 0x0,
    0x0, 0x7f, 0xe6, 0x0, 0x0, 0x2d, 0xf8, 0x0,
    0x0, 0x0, 0x0, 0x0, 0x0, 0x0, 0xe, 0xff,
    0x30, 0x0, 0x0, 0xef, 0xf1, 0x0, 0x0, 0x0,
    0x0, 0x0, 0x0, 0x7, 0xff, 0xc0, 0x0, 0x0,
    0x6, 0xff, 0xb0, 0x0, 0x0, 0x0, 0x0, 0x0,
    0x1, 0xef, 0xf4, 0x0, 0x0, 0x0, 0xc, 0xff,
    0x50, 0x0, 0x0, 0x0, 0x0, 0x0, 0xaf, 0xfb,
    0x0, 0x0, 0x0, 0x0, 0x3f, 0xff, 0x20, 0x0,
    0x0, 0x0, 0x0, 0x5f, 0xff, 0x20, 0x0, 0x0,
    0x0, 0x0, 0x8f, 0xfc, 0x0, 0x0, 0x0, 0x0,
    0x2f, 0xff, 0x70, 0x0, 0x0, 0x0, 0x0, 0x0,
    0xdf, 0xfa, 0x0, 0x0, 0x0, 0x1d, 0xff, 0xb0,
    0x0, 0x0, 0x0, 0x0, 0x0, 0x2, 0xff, 0xf9,
    0x0, 0x0, 0x1d, 0xff, 0xe1, 0x0, 0x0, 0x0,
    0x0, 0x0, 0x0, 0x5, 0xff, 0xf9, 0x0, 0x2e,
    0xff, 0xf9, 0x66, 0x66, 0x66, 0x66, 0x66, 0x66,
    0x68, 0x6c, 0xff, 0xfa, 0x7, 0xff, 0xfd, 0xff,
    0xff, 0xff, 0xff, 0xff, 0xff, 0xff, 0xff, 0xd9,
    0xff, 0x40, 0x6, 0xe4, 0xaf, 0xff, 0xff, 0xff,
    0xff, 0xff, 0xff, 0xff, 0xfc, 0x9, 0x50, 0x0,
    0x1, 0x2, 0x33, 0x33, 0xdf, 0xf4, 0x33, 0x33,
    0x33, 0xff, 0xb0, 0x0, 0x0, 0x0, 0x0, 0x0,
    0x0, 0xe, 0xfe, 0x0, 0x0, 0x0, 0xf, 0xfb,
    0x0, 0x0, 0x0, 0x0, 0x0, 0x0, 0x1, 0xff,
    0xb0, 0x0, 0x0, 0x1, 0xff, 0xa0, 0x0, 0x0,
    0x0, 0x0, 0x0, 0x0, 0x5f, 0xf7, 0x0, 0x0,
    0x0, 0x2f, 0xf9, 0x0, 0x0, 0x0, 0x0, 0x0,
    0x0, 0xb, 0xff, 0x30, 0x0, 0x0, 0x3, 0xff,
    0x80, 0x0, 0x0, 0x0, 0x0, 0x0, 0x2, 0xff,
    0xd0, 0x0, 0x0, 0x0, 0x5f, 0xf7, 0x0, 0x0,
    0x0, 0x0, 0x0, 0x0, 0xbf, 0xf6, 0x0, 0x0,
    0x0, 0x6, 0xff, 0x50, 0x0, 0x0, 0x0, 0x0,
    0x0, 0x8f, 0xfd, 0x0, 0x0, 0x0, 0x0, 0x8f,
    0xf4, 0x0, 0x0, 0x0, 0x0, 0x0, 0x8f, 0xff,
    0x40, 0x0, 0x0, 0x0, 0xb, 0xff, 0x20, 0x0,
    0x0, 0x0, 0x2, 0xbf, 0xff, 0x60, 0x0, 0x0,
    0x0, 0x0, 0xff, 0xf0, 0x0, 0x0, 0x0, 0x39,
    0xff, 0xff, 0x70, 0x0, 0x2, 0x99, 0x88, 0xcf,
    0xfc, 0x0, 0x0, 0x0, 0xd, 0xff, 0xfe, 0x40,
    0x0, 0x0, 0xe, 0xff, 0xff, 0xff, 0x50, 0x0,
    0x0, 0x0, 0x2f, 0xe7, 0x0, 0x0, 0x0, 0x0,
    0xaf, 0xff, 0xfd, 0x60, 0x0, 0x0, 0x0, 0x0,
    0x30, 0x0, 0x0, 0x0, 0x0, 0x0, 0x0, 0x0,
    0x0, 0x0, 0x0, 0x0, 0x0,

    /* U+5207 "切" */
    0x0, 0x0, 0x58, 0x70, 0x0, 0x0, 0x0, 0x0,
    0x0, 0x0, 0x0, 0x0, 0x0, 0x0, 0x0, 0xa,
    0xfe, 0x0, 0x0, 0x15, 0x55, 0x55, 0x55, 0x55,
    0x55, 0x57, 0x53, 0x0, 0x0, 0xaf, 0xe0, 0x0,
    0x3, 0xff, 0xff, 0xff, 0xff, 0xff, 0xff, 0xff,
    0x90, 0x0, 0xa, 0xfe, 0x0, 0x0, 0x3f, 0xff,
    0xff, 0xff, 0xff, 0xff, 0xff, 0xf8, 0x0, 0x0,
    0xaf, 0xe0, 0x0, 0x0, 0x33, 0x33, 0xff, 0xc3,
    0x33, 0x35, 0xff, 0x80, 0x0, 0xa, 0xfe, 0x0,
    0x0, 0x10, 0x0, 0xf, 0xfa, 0x0, 0x0, 0x3f,
    0xf7, 0x0, 0x0, 0xaf, 0xf4, 0x7b, 0xef, 0x0,
    0x0, 0xff, 0xa0, 0x0, 0x3, 0xff, 0x70, 0x14,
    0x7d, 0xff, 0xff, 0xff, 0xf3, 0x0, 0xf, 0xf9,
    0x0, 0x0, 0x4f, 0xf6, 0x1f, 0xff, 0xff, 0xff,
    0xfc, 0x96, 0x10, 0x1, 0xff, 0x80, 0x0, 0x4,
    0xff, 0x60, 0xef, 0xff, 0xff, 0x30, 0x0, 0x0,
    0x0, 0x2f, 0xf7, 0x0, 0x0, 0x5f, 0xf5, 0x5,
    0x30, 0xaf, 0xe0, 0x0, 0x0, 0x0, 0x4, 0xff,
    0x60, 0x0, 0x5, 0xff, 0x50, 0x0, 0xa, 0xfe,
    0x0, 0x0, 0x0, 0x0, 0x6f, 0xf4, 0x0, 0x0,
    0x6f, 0xf4, 0x0, 0x0, 0xaf, 0xe0, 0x0, 0x0,
    0x0, 0x8, 0xff, 0x20, 0x0, 0x6, 0xff, 0x30,
    0x0, 0xa, 0xfe, 0x0, 0x0, 0x0, 0x0, 0xaf,
    0xf0, 0x0, 0x0, 0x7f, 0xf3, 0x0, 0x0, 0xaf,
    0xe0, 0x0, 0x0, 0x0, 0xe, 0xfc, 0x0, 0x0,
    0x8, 0xff, 0x20, 0x0, 0xa, 0xfe, 0x0, 0x6,
    0xd1, 0x2, 0xff, 0x90, 0x0, 0x0, 0x9f, 0xf1,
    0x0, 0x0, 0xaf, 0xe2, 0x8e, 0xff, 0x40, 0x8f,
    0xf4, 0x0, 0x0, 0xa, 0xff, 0x0, 0x0, 0xb,
    0xff, 0xff, 0xff, 0xb2, 0xe, 0xfe, 0x0, 0x0,
    0x0, 0xcf, 0xf0, 0x0, 0x5, 0xff, 0xff, 0xfa,
    0x20, 0x7, 0xff, 0x90, 0x0, 0x0, 0xd, 0xfe,
    0x0, 0x0, 0xbf, 0xff, 0x91, 0x0, 0x2, 0xff,
    0xf2, 0x0, 0x0, 0x0, 0xff, 0xc0, 0x0, 0x2,
    0xf9, 0x10, 0x0, 0x0, 0xcf, 0xf9, 0x0, 0x0,
    0x0, 0x2f, 0xfa, 0x0, 0x0, 0x2, 0x0, 0x0,
    0x1, 0xcf, 0xfd, 0x0, 0x0, 0x0, 0x8, 0xff,
    0x70, 0x0, 0x0, 0x0, 0x0, 0x3, 0xdf, 0xff,
    0x20, 0x2, 0xba, 0x9a, 0xff, 0xf3, 0x0, 0x0,
    0x0, 0x0, 0x0, 0xcf, 0xfe, 0x30, 0x0, 0xe,
    0xff, 0xff, 0xfb, 0x0, 0x0, 0x0, 0x0, 0x0,
    0x0, 0xdc, 0x20, 0x0, 0x0, 0x9f, 0xff, 0xe9,
    0x0, 0x0, 0x0, 0x0, 0x0, 0x0, 0x1, 0x0,
    0x0, 0x0, 0x0, 0x0, 0x0, 0x0, 0x0,

    /* U+5224 "判" */
    0x0, 0x0, 0x0, 0x37, 0x71, 0x0, 0x0, 0x0,
    0x0, 0x0, 0x0, 0x0, 0x0, 0x0, 0x0, 0x6,
    0xff, 0x30, 0x0, 0x0, 0x0, 0x0, 0x0, 0xe,
    0xfb, 0x5, 0xb6, 0x0, 0x6f, 0xf3, 0x0, 0x8c,
    0x70, 0x0, 0x0, 0x0, 0xef, 0xb0, 0xbf, 0xe0,
    0x6, 0xff, 0x30, 0xe, 0xfb, 0x0, 0x0, 0x0,
    0xe, 0xfb, 0x3, 0xff, 0x70, 0x6f, 0xf3, 0x6,
    0xff, 0x40, 0xaf, 0xf0, 0x0, 0xef, 0xb0, 0xb,
    0xfe, 0x6, 0xff, 0x30, 0xdf, 0xc0, 0xa, 0xff,
    0x0, 0xe, 0xfb, 0x0, 0x3f, 0xf7, 0x6f, 0xf3,
    0x6f, 0xf4, 0x0, 0xaf, 0xf0, 0x0, 0xef, 0xb0,
    0x0, 0xcf, 0x76, 0xff, 0x3d, 0xfc, 0x0, 0xa,
    0xff, 0x0, 0xe, 0xfb, 0x1, 0x25, 0x32, 0x8f,
    0xf5, 0x28, 0x52, 0x0, 0xaf, 0xf0, 0x0, 0xef,
    0xb0, 0xcf, 0xff, 0xff, 0xff, 0xff, 0xff, 0xf2,
    0xa, 0xff, 0x0, 0xe, 0xfb, 0xc, 0xff, 0xff,
    0xff, 0xff, 0xff, 0xff, 0x20, 0xaf, 0xf0, 0x0,
    0xef, 0xb0, 0x46, 0x66, 0x6a, 0xff, 0x86, 0x66,
    0x60, 0xa, 0xff, 0x0, 0xe, 0xfb, 0x0, 0x0,
    0x0, 0x6f, 0xf3, 0x0, 0x0, 0x0, 0xaf, 0xf0,
    0x0, 0xef, 0xb0, 0x0, 0x0, 0x7, 0xff, 0x20,
    0x0, 0x0, 0xa, 0xff, 0x0, 0xe, 0xfb, 0x0,
    0x0, 0x0, 0x8f, 0xf1, 0x0, 0x0, 0x0, 0xaf,
    0xf0, 0x0, 0xef, 0xb4, 0x66, 0x66, 0x6c, 0xff,
    0x66, 0x66, 0x65, 0xa, 0xff, 0x0, 0xe, 0xfb,
    0xcf, 0xff, 0xff, 0xff, 0xff, 0xff, 0xff, 0xf0,
    0xaf, 0xf0, 0x0, 0xef, 0xbc, 0xff, 0xff, 0xff,
    0xff, 0xff, 0xff, 0xff, 0xa, 0xff, 0x0, 0xe,
    0xfb, 0x1, 0x11, 0x16, 0xff, 0x71, 0x11, 0x11,
    0x0, 0xaf, 0xf0, 0x0, 0xef, 0xb0, 0x0, 0x0,
    0xcf, 0xf2, 0x0, 0x0, 0x0, 0x6, 0x99, 0x0,
    0xe, 0xfb, 0x0, 0x0, 0x5f, 0xfc, 0x0, 0x0,
    0x0, 0x0, 0x0, 0x0, 0x0, 0xef, 0xb0, 0x0,
    0x1e, 0xff, 0x50, 0x0, 0x0, 0x0, 0x0, 0x0,
    0x0, 0xe, 0xfb, 0x0, 0x1c, 0xff, 0xb0, 0x0,
    0x0, 0x0, 0x0, 0x0, 0x0, 0x0, 0xef, 0xb0,
    0x2d, 0xff, 0xe1, 0x0, 0x0, 0x0, 0x0, 0x0,
    0x8b, 0xaa, 0xbf, 0xfa, 0xa, 0xff, 0xe2, 0x0,
    0x0, 0x0, 0x0, 0x0, 0x5, 0xff, 0xff, 0xff,
    0x50, 0xa, 0xb1, 0x0, 0x0, 0x0, 0x0, 0x0,
    0x0, 0xf, 0xff, 0xeb, 0x60, 0x0, 0x0, 0x0,
    0x0, 0x0, 0x0, 0x0, 0x0, 0x0, 0x0, 0x0,
    0x0, 0x0,

    /* U+5230 "到" */
    0x0, 0x0, 0x0, 0x0, 0x0, 0x0, 0x0, 0x0,
    0x0, 0x0, 0x0, 0x12, 0x20, 0x0, 0x0, 0x0,
    0x0, 0x0, 0x0, 0x0, 0x0, 0x0, 0x0, 0xa,
    0xfe, 0x1c, 0xcc, 0xcc, 0xcc, 0xcc, 0xcc, 0xcc,
    0xc5, 0x0, 0x0, 0x0, 0xaf, 0xe1, 0xff, 0xff,
    0xff, 0xff, 0xff, 0xff, 0xff, 0x63, 0xff, 0x30,
    0xa, 0xfe, 0x8, 0x88, 0x9f, 0xfd, 0x88, 0x88,
    0x88, 0x83, 0x3f, 0xf3, 0x0, 0xaf, 0xe0, 0x0,
    0x8, 0xff, 0x50, 0x19, 0xa0, 0x0, 0x3, 0xff,
    0x30, 0xa, 0xfe, 0x0, 0x1, 0xff, 0xb0, 0x5,
    0xff, 0x60, 0x0, 0x3f, 0xf3, 0x0, 0xaf, 0xe0,
    0x0, 0xaf, 0xf2, 0x0, 0x9, 0xff, 0x30, 0x3,
    0xff, 0x30, 0xa, 0xfe, 0x0, 0x6f, 0xf7, 0x0,
    0x13, 0x5f, 0xfd, 0x0, 0x3f, 0xf3, 0x0, 0xaf,
    0xe0, 0x4f, 0xff, 0xef, 0xff, 0xff, 0xff, 0xf8,
    0x3, 0xff, 0x30, 0xa, 0xfe, 0x2, 0xff, 0xff,
    0xff, 0xff, 0xed, 0xdf, 0xf2, 0x3f, 0xf3, 0x0,
    0xaf, 0xe0, 0xa, 0x97, 0x64, 0x31, 0x0, 0x1,
    0xf8, 0x3, 0xff, 0x30, 0xa, 0xfe, 0x0, 0x0,
    0x0, 0xd, 0xd5, 0x0, 0x1, 0x0, 0x3f, 0xf3,
    0x0, 0xaf, 0xe0, 0x0, 0x0, 0x0, 0xff, 0x70,
    0x0, 0x0, 0x3, 0xff, 0x30, 0xa, 0xfe, 0x0,
    0x0, 0x0, 0x1f, 0xf7, 0x0, 0x0, 0x0, 0x3f,
    0xf3, 0x0, 0xaf, 0xe0, 0x6f, 0xff, 0xff, 0xff,
    0xff, 0xff, 0xfc, 0x3, 0xff, 0x30, 0xa, 0xfe,
    0x6, 0xff, 0xff, 0xff, 0xff, 0xff, 0xff, 0xc0,
    0x3f, 0xf3, 0x0, 0xaf, 0xe0, 0x25, 0x55, 0x55,
    0xff, 0xa5, 0x55, 0x54, 0x3, 0xff, 0x30, 0xa,
    0xfe, 0x0, 0x0, 0x0, 0xf, 0xf7, 0x0, 0x0,
    0x0, 0x3f, 0xf3, 0x0, 0xaf, 0xe0, 0x0, 0x0,
    0x0, 0xff, 0x70, 0x0, 0x0, 0x3, 0xff, 0x30,
    0xa, 0xfe, 0x0, 0x0, 0x0, 0xf, 0xf7, 0x1,
    0x47, 0xa1, 0x0, 0x0, 0x0, 0xaf, 0xe0, 0x0,
    0x0, 0x4, 0xff, 0xef, 0xff, 0xff, 0x30, 0x0,
    0x0, 0xa, 0xfe, 0x16, 0x8b, 0xef, 0xff, 0xff,
    0xff, 0xfd, 0xa2, 0x0, 0x0, 0x0, 0xaf, 0xe3,
    0xff, 0xff, 0xff, 0xfd, 0xa7, 0x30, 0x0, 0x0,
    0x7, 0x88, 0x8e, 0xfe, 0xf, 0xfd, 0xa6, 0x30,
    0x0, 0x0, 0x0, 0x0, 0x0, 0x8f, 0xff, 0xff,
    0xa0, 0x20, 0x0, 0x0, 0x0, 0x0, 0x0, 0x0,
    0x0, 0x2, 0xff, 0xed, 0x91,

    /* U+524D "前" */
    0x0, 0x0, 0x2, 0x73, 0x0, 0x0, 0x0, 0x0,
    0x0, 0x19, 0x40, 0x0, 0x0, 0x0, 0x0, 0x3f,
    0xfe, 0x10, 0x0, 0x0, 0x0, 0x0, 0x9f, 0xfa,
    0x0, 0x0, 0x0, 0x0, 0x7, 0xff, 0xb0, 0x0,
    0x0, 0x0, 0x2, 0xff, 0xf1, 0x0, 0x0, 0x0,
    0x0, 0x0, 0xcf, 0xf6, 0x0, 0x0, 0x0, 0xb,
    0xff, 0x60, 0x0, 0x0, 0x15, 0x55, 0x55, 0x8f,
    0xe8, 0x55, 0x55, 0x55, 0x8f, 0xfd, 0x55, 0x55,
    0x54, 0x6f, 0xff, 0xff, 0xff, 0xff, 0xff, 0xff,
    0xff, 0xff, 0xff, 0xff, 0xff, 0xfd, 0x6f, 0xff,
    0xff, 0xff, 0xff, 0xff, 0xff, 0xff, 0xff, 0xff,
    0xff, 0xff, 0xfd, 0x1, 0x11, 0x11, 0x11, 0x11,
    0x11, 0x11, 0x11, 0x11, 0x11, 0x11, 0x11, 0x11,
    0x0, 0x0, 0x0, 0x0, 0x0, 0x0, 0x0, 0x0,
    0x0, 0x0, 0x2, 0x44, 0x0, 0x0, 0xab, 0xbb,
    0xbb, 0xbb, 0xcb, 0x70, 0x2, 0x77, 0x10, 0x9,
    0xff, 0x10, 0x0, 0xff, 0xff, 0xff, 0xff, 0xff,
    0xb0, 0x4, 0xff, 0x30, 0x9, 0xff, 0x10, 0x0,
    0xff, 0xc8, 0x88, 0x88, 0xff, 0xb0, 0x4, 0xff,
    0x30, 0x9, 0xff, 0x10, 0x0, 0xff, 0x90, 0x0,
    0x0, 0xef, 0xb0, 0x4, 0xff, 0x30, 0x9, 0xff,
    0x10, 0x0, 0xff, 0xa2, 0x22, 0x22, 0xef, 0xb0,
    0x4, 0xff, 0x30, 0x9, 0xff, 0x10, 0x0, 0xff,
    0xff, 0xff, 0xff, 0xff, 0xb0, 0x4, 0xff, 0x30,
    0x9, 0xff, 0x10, 0x0, 0xff, 0xfd, 0xdd, 0xdd,
    0xff, 0xb0, 0x4, 0xff, 0x30, 0x9, 0xff, 0x10,
    0x0, 0xff, 0x90, 0x0, 0x0, 0xef, 0xb0, 0x4,
    0xff, 0x30, 0x9, 0xff, 0x10, 0x0, 0xff, 0x90,
    0x0, 0x0, 0xef, 0xb0, 0x4, 0xff, 0x30, 0x9,
    0xff, 0x10, 0x0, 0xff, 0xec, 0xcc, 0xcc, 0xff,
    0xb0, 0x4, 0xff, 0x30, 0x9, 0xff, 0x10, 0x0,
    0xff, 0xff, 0xff, 0xff, 0xff, 0xb0, 0x4, 0xff,
    0x30, 0x9, 0xff, 0x10, 0x0, 0xff, 0xa3, 0x33,
    0x33, 0xef, 0xb0, 0x4, 0xff, 0x30, 0x9, 0xff,
    0x10, 0x0, 0xff, 0x90, 0x0, 0x0, 0xef, 0xb0,
    0x0, 0x0, 0x0, 0x9, 0xff, 0x10, 0x0, 0xff,
    0x90, 0x0, 0x0, 0xef, 0xb0, 0x0, 0x0, 0x0,
    0x9, 0xff, 0x10, 0x0, 0xff, 0x90, 0x4, 0x44,
    0xff, 0xa0, 0x0, 0x4, 0x77, 0x7d, 0xff, 0x10,
    0x0, 0xff, 0x90, 0xd, 0xff, 0xff, 0x80, 0x0,
    0x4, 0xff, 0xff, 0xfd, 0x0, 0x0, 0xef, 0x80,
    0x7, 0xff, 0xd9, 0x0, 0x0, 0x0, 0xef, 0xfd,
    0xa2, 0x0,

    /* U+529B "力" */
    0x0, 0x0, 0x0, 0x0, 0x0, 0x89, 0x90, 0x0,
    0x0, 0x0, 0x0, 0x0, 0x0, 0x0, 0x0, 0x0,
    0x0, 0xd, 0xff, 0x0, 0x0, 0x0, 0x0, 0x0,
    0x0, 0x0, 0x0, 0x0, 0x0, 0x0, 0xdf, 0xf0,
    0x0, 0x0, 0x0, 0x0, 0x0, 0x0, 0x0, 0x0,
    0x0, 0x0, 0xd, 0xff, 0x0, 0x0, 0x0, 0x0,
    0x0, 0x0, 0x0, 0x0, 0x0, 0x0, 0x0, 0xdf,
    0xf0, 0x0, 0x0, 0x0, 0x0, 0x0, 0x0, 0x0,
    0x0, 0x0, 0x0, 0xd, 0xff, 0x0, 0x0, 0x0,
    0x0, 0x0, 0x0, 0x8, 0xaa, 0xaa, 0xaa, 0xaa,
    0xff, 0xfa, 0xaa, 0xaa, 0xaa, 0xab, 0xca, 0x60,
    0xcf, 0xff, 0xff, 0xff, 0xff, 0xff, 0xff, 0xff,
    0xff, 0xff, 0xff, 0xf9, 0xc, 0xff, 0xff, 0xff,
    0xff, 0xff, 0xff, 0xff, 0xff, 0xff, 0xff, 0xff,
    0x80, 0x0, 0x0, 0x0, 0x0, 0x1f, 0xfc, 0x0,
    0x0, 0x0, 0x0, 0x5f, 0xf7, 0x0, 0x0, 0x0,
    0x0, 0x2, 0xff, 0xa0, 0x0, 0x0, 0x0, 0x5,
    0xff, 0x60, 0x0, 0x0, 0x0, 0x0, 0x5f, 0xf8,
    0x0, 0x0, 0x0, 0x0, 0x6f, 0xf5, 0x0, 0x0,
    0x0, 0x0, 0x9, 0xff, 0x50, 0x0, 0x0, 0x0,
    0x7, 0xff, 0x40, 0x0, 0x0, 0x0, 0x0, 0xdf,
    0xf2, 0x0, 0x0, 0x0, 0x0, 0x8f, 0xf3, 0x0,
    0x0, 0x0, 0x0, 0x2f, 0xfe, 0x0, 0x0, 0x0,
    0x0, 0x9, 0xff, 0x20, 0x0, 0x0, 0x0, 0x8,
    0xff, 0x90, 0x0, 0x0, 0x0, 0x0, 0xbf, 0xf0,
    0x0, 0x0, 0x0, 0x1, 0xff, 0xf3, 0x0, 0x0,
    0x0, 0x0, 0xc, 0xff, 0x0, 0x0, 0x0, 0x0,
    0x8f, 0xfc, 0x0, 0x0, 0x0, 0x0, 0x0, 0xef,
    0xd0, 0x0, 0x0, 0x0, 0x3f, 0xff, 0x40, 0x0,
    0x0, 0x0, 0x0, 0xf, 0xfc, 0x0, 0x0, 0x0,
    0x1d, 0xff, 0xa0, 0x0, 0x0, 0x0, 0x0, 0x2,
    0xff, 0xa0, 0x0, 0x0, 0xc, 0xff, 0xe1, 0x0,
    0x0, 0x0, 0x0, 0x0, 0x5f, 0xf7, 0x0, 0x0,
    0x1c, 0xff, 0xf4, 0x0, 0x0, 0x0, 0x0, 0x0,
    0x9, 0xff, 0x40, 0x0, 0x2d, 0xff, 0xf5, 0x0,
    0x0, 0x0, 0x0, 0x0, 0x1, 0xff, 0xf1, 0x0,
    0x7f, 0xff, 0xf6, 0x0, 0x0, 0x0, 0x9, 0xaa,
    0xaa, 0xef, 0xfc, 0x0, 0x4f, 0xff, 0xe4, 0x0,
    0x0, 0x0, 0x0, 0x6f, 0xff, 0xff, 0xff, 0x30,
    0x0, 0x4f, 0xb1, 0x0, 0x0, 0x0, 0x0, 0x1,
    0xff, 0xff, 0xeb, 0x30, 0x0, 0x0, 0x20, 0x0,
    0x0, 0x0, 0x0, 0x0, 0x0, 0x0, 0x0, 0x0,
    0x0, 0x0,

    /* U+529F "功" */
    0x0, 0x0, 0x0, 0x0, 0x0, 0x0, 0x0, 0x2,
    0x44, 0x0, 0x0, 0x0, 0x0, 0x0, 0x0, 0x0,
    0x0, 0x0, 0x0, 0x0, 0x8, 0xff, 0x20, 0x0,
    0x0, 0x0, 0x0, 0x0, 0x0, 0x0, 0x0, 0x0,
    0x0, 0x8, 0xff, 0x20, 0x0, 0x0, 0x0, 0x47,
    0x77, 0x77, 0x77, 0x77, 0x50, 0x0, 0x8, 0xff,
    0x20, 0x0, 0x0, 0x0, 0xaf, 0xff, 0xff, 0xff,
    0xff, 0xc0, 0x0, 0x8, 0xff, 0x10, 0x0, 0x0,
    0x0, 0xaf, 0xff, 0xff, 0xff, 0xff, 0xc0, 0x0,
    0x9, 0xff, 0x10, 0x0, 0x0, 0x0, 0x0, 0x0,
    0xbf, 0xe0, 0x0, 0x7, 0x77, 0x7c, 0xff, 0x87,
    0x77, 0x78, 0x73, 0x0, 0x0, 0xbf, 0xe0, 0x0,
    0xe, 0xff, 0xff, 0xff, 0xff, 0xff, 0xff, 0xf6,
    0x0, 0x0, 0xbf, 0xe0, 0x0, 0xe, 0xff, 0xff,
    0xff, 0xff, 0xff, 0xff, 0xf6, 0x0, 0x0, 0xbf,
    0xe0, 0x0, 0x0, 0x0, 0xb, 0xff, 0x0, 0x0,
    0x4f, 0xf5, 0x0, 0x0, 0xbf, 0xe0, 0x0, 0x0,
    0x0, 0xc, 0xfe, 0x0, 0x0, 0x4f, 0xf5, 0x0,
    0x0, 0xbf, 0xe0, 0x0, 0x0, 0x0, 0xd, 0xfc,
    0x0, 0x0, 0x5f, 0xf4, 0x0, 0x0, 0xbf, 0xe0,
    0x0, 0x0, 0x0, 0xf, 0xfa, 0x0, 0x0, 0x5f,
    0xf4, 0x0, 0x0, 0xbf, 0xe0, 0x0, 0x0, 0x0,
    0x2f, 0xf8, 0x0, 0x0, 0x6f, 0xf3, 0x0, 0x0,
    0xbf, 0xe0, 0x0, 0x0, 0x0, 0x5f, 0xf5, 0x0,
    0x0, 0x7f, 0xf2, 0x0, 0x0, 0xbf, 0xe0, 0x0,
    0x10, 0x0, 0x9f, 0xf2, 0x0, 0x0, 0x8f, 0xf1,
    0x0, 0x0, 0xbf, 0xf4, 0x9d, 0xf4, 0x0, 0xef,
    0xe0, 0x0, 0x0, 0x9f, 0xf0, 0x0, 0x4, 0xdf,
    0xff, 0xff, 0xf6, 0x4, 0xff, 0x90, 0x0, 0x0,
    0xaf, 0xf0, 0x8c, 0xff, 0xff, 0xff, 0xfd, 0x82,
    0xb, 0xff, 0x30, 0x0, 0x0, 0xbf, 0xe0, 0xcf,
    0xff, 0xff, 0xa6, 0x10, 0x0, 0x4f, 0xfd, 0x0,
    0x0, 0x0, 0xdf, 0xd0, 0x8f, 0xd8, 0x40, 0x0,
    0x0, 0x1, 0xef, 0xf5, 0x0, 0x0, 0x0, 0xff,
    0xb0, 0x11, 0x0, 0x0, 0x0, 0x0, 0xb, 0xff,
    0xb0, 0x0, 0x0, 0x2, 0xff, 0x90, 0x0, 0x0,
    0x0, 0x0, 0x1, 0xbf, 0xfe, 0x10, 0x0, 0x0,
    0x6, 0xff, 0x60, 0x0, 0x0, 0x0, 0x0, 0x4d,
    0xff, 0xf3, 0x0, 0x49, 0x88, 0x8f, 0xff, 0x20,
    0x0, 0x0, 0x0, 0x1, 0xdf, 0xfe, 0x30, 0x0,
    0x1f, 0xff, 0xff, 0xfb, 0x0, 0x0, 0x0, 0x0,
    0x0, 0x2e, 0xb1, 0x0, 0x0, 0xc, 0xff, 0xfe,
    0xa1, 0x0, 0x0, 0x0, 0x0, 0x0, 0x1, 0x0,
    0x0, 0x0, 0x0, 0x0, 0x0, 0x0, 0x0,

    /* U+52A0 "加" */
    0x0, 0x0, 0x4, 0x53, 0x0, 0x0, 0x0, 0x0,
    0x0, 0x0, 0x0, 0x0, 0x0, 0x0, 0x0, 0xd,
    0xfb, 0x0, 0x0, 0x0, 0x0, 0x0, 0x0, 0x0,
    0x0, 0x0, 0x0, 0x0, 0xd, 0xfb, 0x0, 0x0,
    0x0, 0x0, 0x0, 0x0, 0x0, 0x0, 0x0, 0x0,
    0x0, 0xd, 0xfb, 0x0, 0x0, 0x0, 0x0, 0x55,
    0x55, 0x55, 0x55, 0x53, 0x0, 0x0, 0xd, 0xfb,
    0x0, 0x0, 0x0, 0x2, 0xff, 0xff, 0xff, 0xff,
    0xfb, 0x4, 0x88, 0x8f, 0xfd, 0x88, 0x88, 0x87,
    0x2, 0xff, 0xff, 0xff, 0xff, 0xfb, 0x8, 0xff,
    0xff, 0xff, 0xff, 0xff, 0xfe, 0x2, 0xff, 0x83,
    0x33, 0x3f, 0xfb, 0x8, 0xff, 0xff, 0xff, 0xff,
    0xff, 0xfd, 0x2, 0xff, 0x60, 0x0, 0xf, 0xfb,
    0x0, 0x0, 0xf, 0xfa, 0x0, 0xc, 0xfd, 0x2,
    0xff, 0x60, 0x0, 0xf, 0xfb, 0x0, 0x0, 0xf,
    0xf9, 0x0, 0xc, 0xfc, 0x2, 0xff, 0x60, 0x0,
    0xf, 0xfb, 0x0, 0x0, 0xf, 0xf8, 0x0, 0xc,
    0xfc, 0x2, 0xff, 0x60, 0x0, 0xf, 0xfb, 0x0,
    0x0, 0x1f, 0xf7, 0x0, 0xc, 0xfc, 0x2, 0xff,
    0x60, 0x0, 0xf, 0xfb, 0x0, 0x0, 0x3f, 0xf5,
    0x0, 0xd, 0xfb, 0x2, 0xff, 0x60, 0x0, 0xf,
    0xfb, 0x0, 0x0, 0x4f, 0xf4, 0x0, 0xd, 0xfb,
    0x2, 0xff, 0x60, 0x0, 0xf, 0xfb, 0x0, 0x0,
    0x6f, 0xf2, 0x0, 0xe, 0xfb, 0x2, 0xff, 0x60,
    0x0, 0xf, 0xfb, 0x0, 0x0, 0x9f, 0xf0, 0x0,
    0xe, 0xfa, 0x2, 0xff, 0x60, 0x0, 0xf, 0xfb,
    0x0, 0x0, 0xbf, 0xd0, 0x0, 0xf, 0xfa, 0x2,
    0xff, 0x60, 0x0, 0xf, 0xfb, 0x0, 0x0, 0xff,
    0xa0, 0x0, 0xf, 0xf9, 0x2, 0xff, 0x60, 0x0,
    0xf, 0xfb, 0x0, 0x3, 0xff, 0x70, 0x0, 0x1f,
    0xf8, 0x2, 0xff, 0x60, 0x0, 0xf, 0xfb, 0x0,
    0x8, 0xff, 0x20, 0x0, 0x2f, 0xf7, 0x2, 0xff,
    0x60, 0x0, 0xf, 0xfb, 0x0, 0xe, 0xfd, 0x0,
    0x0, 0x3f, 0xf6, 0x2, 0xff, 0x60, 0x0, 0xf,
    0xfb, 0x0, 0x6f, 0xf8, 0x0, 0x0, 0x6f, 0xf4,
    0x2, 0xff, 0xed, 0xdd, 0xdf, 0xfb, 0x0, 0xef,
    0xf1, 0x0, 0x0, 0xbf, 0xf2, 0x2, 0xff, 0xff,
    0xff, 0xff, 0xfb, 0xa, 0xff, 0x90, 0x5f, 0xef,
    0xff, 0xe0, 0x2, 0xff, 0xdb, 0xbb, 0xbf, 0xfb,
    0x1d, 0xfe, 0x10, 0xf, 0xff, 0xff, 0x60, 0x2,
    0xff, 0x60, 0x0, 0xf, 0xfb, 0x1, 0xd4, 0x0,
    0x8, 0xba, 0x94, 0x0, 0x1, 0xbb, 0x40, 0x0,
    0x7, 0x75, 0x0, 0x0, 0x0, 0x0, 0x0, 0x0,
    0x0, 0x0, 0x0, 0x0, 0x0, 0x0, 0x0,

    /* U+52A8 "动" */
    0x0, 0x0, 0x0, 0x0, 0x0, 0x0, 0x0, 0x0,
    0x2, 0x21, 0x0, 0x0, 0x0, 0x0, 0x0, 0x0,
    0x0, 0x0, 0x0, 0x0, 0x0, 0xf, 0xf9, 0x0,
    0x0, 0x0, 0x2, 0x66, 0x66, 0x66, 0x66, 0x66,
    0x20, 0x0, 0xf, 0xf9, 0x0, 0x0, 0x0, 0x7,
    0xff, 0xff, 0xff, 0xff, 0xff, 0x60, 0x0, 0xf,
    0xf8, 0x0, 0x0, 0x0, 0x7, 0xff, 0xff, 0xff,
    0xff, 0xff, 0x60, 0x0, 0x1f, 0xf8, 0x0, 0x0,
    0x0, 0x0, 0x0, 0x0, 0x0, 0x0, 0x0, 0x0,
    0x0, 0x1f, 0xf8, 0x0, 0x0, 0x0, 0x0, 0x0,
    0x0, 0x0, 0x0, 0x0, 0x4, 0x66, 0x7f, 0xfb,
    0x66, 0x67, 0x74, 0x0, 0x0, 0x0, 0x0, 0x0,
    0x0, 0xb, 0xff, 0xff, 0xff, 0xff, 0xff, 0xfb,
    0x0, 0x0, 0x0, 0x0, 0x0, 0x0, 0xb, 0xff,
    0xff, 0xff, 0xff, 0xff, 0xfa, 0x6f, 0xff, 0xff,
    0xff, 0xff, 0xff, 0xe0, 0x11, 0x4f, 0xf7, 0x11,
    0x1f, 0xfa, 0x7f, 0xff, 0xff, 0xff, 0xff, 0xff,
    0xe0, 0x0, 0x4f, 0xf5, 0x0, 0xf, 0xf9, 0x37,
    0x77, 0xef, 0xf7, 0x77, 0x77, 0x70, 0x0, 0x5f,
    0xf3, 0x0, 0xf, 0xf9, 0x0, 0x0, 0xff, 0xb0,
    0x0, 0x0, 0x0, 0x0, 0x7f, 0xf2, 0x0, 0x1f,
    0xf8, 0x0, 0x3, 0xff, 0x70, 0x0, 0x30, 0x0,
    0x0, 0x9f, 0xf0, 0x0, 0x1f, 0xf7, 0x0, 0x7,
    0xff, 0x20, 0x1f, 0xf3, 0x0, 0x0, 0xbf, 0xe0,
    0x0, 0x2f, 0xf7, 0x0, 0xc, 0xfd, 0x0, 0xc,
    0xfa, 0x0, 0x0, 0xef, 0xc0, 0x0, 0x2f, 0xf6,
    0x0, 0x1f, 0xf7, 0x0, 0x6, 0xff, 0x0, 0x1,
    0xff, 0x90, 0x0, 0x3f, 0xf5, 0x0, 0x7f, 0xf1,
    0x0, 0x1, 0xff, 0x60, 0x5, 0xff, 0x50, 0x0,
    0x4f, 0xf4, 0x0, 0xdf, 0xb0, 0x2, 0x6a, 0xff,
    0xc0, 0xa, 0xff, 0x10, 0x0, 0x5f, 0xf3, 0x4,
    0xff, 0xbb, 0xff, 0xff, 0xff, 0xf1, 0x1f, 0xfc,
    0x0, 0x0, 0x7f, 0xf2, 0xe, 0xff, 0xff, 0xff,
    0xfc, 0x9f, 0xf6, 0x7f, 0xf7, 0x0, 0x0, 0x9f,
    0xf1, 0xd, 0xff, 0xfc, 0x84, 0x0, 0xc, 0xb5,
    0xef, 0xf1, 0x0, 0x0, 0xbf, 0xf0, 0x7, 0xa5,
    0x10, 0x0, 0x0, 0x0, 0xa, 0xff, 0x90, 0x0,
    0x0, 0xff, 0xc0, 0x0, 0x0, 0x0, 0x0, 0x0,
    0x0, 0x6f, 0xff, 0x15, 0x98, 0x8c, 0xff, 0x90,
    0x0, 0x0, 0x0, 0x0, 0x0, 0x0, 0xdf, 0xf5,
    0x4, 0xff, 0xff, 0xff, 0x20, 0x0, 0x0, 0x0,
    0x0, 0x0, 0x0, 0x1d, 0x80, 0x0, 0xef, 0xff,
    0xc4, 0x0, 0x0, 0x0, 0x0, 0x0, 0x0, 0x0,
    0x1, 0x0, 0x0, 0x0, 0x0, 0x0, 0x0,

    /* U+5341 "十" */
    0x0, 0x0, 0x0, 0x0, 0x0, 0x1, 0x66, 0x40,
    0x0, 0x0, 0x0, 0x0, 0x0, 0x0, 0x0, 0x0,
    0x0, 0x0, 0x3, 0xff, 0xb0, 0x0, 0x0, 0x0,
    0x0, 0x0, 0x0, 0x0, 0x0, 0x0, 0x0, 0x3,
    0xff, 0xb0, 0x0, 0x0, 0x0, 0x0, 0x0, 0x0,
    0x0, 0x0, 0x0, 0x0, 0x3, 0xff, 0xb0, 0x0,
    0x0, 0x0, 0x0, 0x0, 0x0, 0x0, 0x0, 0x0,
    0x0, 0x3, 0xff, 0xb0, 0x0, 0x0, 0x0, 0x0,
    0x0, 0x0, 0x0, 0x0, 0x0, 0x0, 0x3, 0xff,
    0xb0, 0x0, 0x0, 0x0, 0x0, 0x0, 0x0, 0x0,
    0x0, 0x0, 0x0, 0x3, 0xff, 0xb0, 0x0, 0x0,
    0x0, 0x0, 0x0, 0x0, 0x0, 0x0, 0x0, 0x0,
    0x3, 0xff, 0xb0, 0x0, 0x0, 0x0, 0x0, 0x0,
    0x0, 0x0, 0x0, 0x0, 0x0, 0x3, 0xff, 0xb0,
    0x0, 0x0, 0x0, 0x0, 0x0, 0x0, 0x0, 0x0,
    0x0, 0x0, 0x3, 0xff, 0xb0, 0x0, 0x0, 0x0,
    0x0, 0x0, 0x1, 0x11, 0x11, 0x11, 0x11, 0x14,
    0xff, 0xb1, 0x11, 0x11, 0x11, 0x11, 0x11, 0x5f,
    0xff, 0xff, 0xff, 0xff, 0xff, 0xff, 0xff, 0xff,
    0xff, 0xff, 0xff, 0xff, 0x5f, 0xff, 0xff, 0xff,
    0xff, 0xff, 0xff, 0xff, 0xff, 0xff, 0xff, 0xff,
    0xff, 0x3a, 0xaa, 0xaa, 0xaa, 0xaa, 0xab, 0xff,
    0xea, 0xaa, 0xaa, 0xaa, 0xaa, 0xaa, 0x0, 0x0,
    0x0, 0x0, 0x0, 0x3, 0xff, 0xb0, 0x0, 0x0,
    0x0, 0x0, 0x0, 0x0, 0x0, 0x0, 0x0, 0x0,
    0x3, 0xff, 0xb0, 0x0, 0x0, 0x0, 0x0, 0x0,
    0x0, 0x0, 0x0, 0x0, 0x0, 0x3, 0xff, 0xb0,
    0x0, 0x0, 0x0, 0x0, 0x0, 0x0, 0x0, 0x0,
    0x0, 0x0, 0x3, 0xff, 0xb0, 0x0, 0x0, 0x0,
    0x0, 0x0, 0x0, 0x0, 0x0, 0x0, 0x0, 0x3,
    0xff, 0xb0, 0x0, 0x0, 0x0, 0x0, 0x0, 0x0,
    0x0, 0x0, 0x0, 0x0, 0x3, 0xff, 0xb0, 0x0,
    0x0, 0x0, 0x0, 0x0, 0x0, 0x0, 0x0, 0x0,
    0x0, 0x3, 0xff, 0xb0, 0x0, 0x0, 0x0, 0x0,
    0x0, 0x0, 0x0, 0x0, 0x0, 0x0, 0x3, 0xff,
    0xb0, 0x0, 0x0, 0x0, 0x0, 0x0, 0x0, 0x0,
    0x0, 0x0, 0x0, 0x3, 0xff, 0xb0, 0x0, 0x0,
    0x0, 0x0, 0x0, 0x0, 0x0, 0x0, 0x0, 0x0,
    0x3, 0xff, 0xb0, 0x0, 0x0, 0x0, 0x0, 0x0,
    0x0, 0x0, 0x0, 0x0, 0x0, 0x3, 0xff, 0xb0,
    0x0, 0x0, 0x0, 0x0, 0x0, 0x0, 0x0, 0x0,
    0x0, 0x0, 0x3, 0xff, 0xb0, 0x0, 0x0, 0x0,
    0x0, 0x0,

    /* U+5361 "卡" */
    0x0, 0x0, 0x0, 0x0, 0x0, 0xa, 0xa7, 0x0,
    0x0, 0x0, 0x0, 0x0, 0x0, 0x0, 0x0, 0x0,
    0x0, 0x0, 0x1f, 0xfb, 0x0, 0x0, 0x0, 0x0,
    0x0, 0x0, 0x0, 0x0, 0x0, 0x0, 0x0, 0x1f,
    0xfb, 0x0, 0x0, 0x0, 0x0, 0x0, 0x0, 0x0,
    0x0, 0x0, 0x0, 0x0, 0x1f, 0xfb, 0x0, 0x0,
    0x0, 0x0, 0x0, 0x0, 0x0, 0x0, 0x0, 0x0,
    0x0, 0x1f, 0xff, 0xff, 0xff, 0xff, 0xff, 0xe0,
    0x0, 0x0, 0x0, 0x0, 0x0, 0x0, 0x1f, 0xff,
    0xff, 0xff, 0xff, 0xff, 0xe0, 0x0, 0x0, 0x0,
    0x0, 0x0, 0x0, 0x1f, 0xfe, 0x99, 0x99, 0x99,
    0x99, 0x80, 0x0, 0x0, 0x0, 0x0, 0x0, 0x0,
    0x1f, 0xfb, 0x0, 0x0, 0x0, 0x0, 0x0, 0x0,
    0x0, 0x0, 0x0, 0x0, 0x0, 0x1f, 0xfb, 0x0,
    0x0, 0x0, 0x0, 0x0, 0x0, 0x0, 0x0, 0x0,
    0x0, 0x0, 0x1f, 0xfb, 0x0, 0x0, 0x0, 0x0,
    0x0, 0x0, 0x59, 0x99, 0x99, 0x99, 0x99, 0x9f,
    0xfe, 0x99, 0x99, 0x99, 0x99, 0x99, 0x96, 0xaf,
    0xff, 0xff, 0xff, 0xff, 0xff, 0xff, 0xff, 0xff,
    0xff, 0xff, 0xff, 0xfb, 0xaf, 0xff, 0xff, 0xff,
    0xff, 0xff, 0xff, 0xff, 0xff, 0xff, 0xff, 0xff,
    0xfb, 0x0, 0x0, 0x0, 0x0, 0x0, 0xf, 0xfd,
    0x0, 0x0, 0x0, 0x0, 0x0, 0x0, 0x0, 0x0,
    0x0, 0x0, 0x0, 0xf, 0xfd, 0x0, 0x0, 0x0,
    0x0, 0x0, 0x0, 0x0, 0x0, 0x0, 0x0, 0x0,
    0xf, 0xfd, 0x3, 0x0, 0x0, 0x0, 0x0, 0x0,
    0x0, 0x0, 0x0, 0x0, 0x0, 0xf, 0xfd, 0x6f,
    0xd7, 0x10, 0x0, 0x0, 0x0, 0x0, 0x0, 0x0,
    0x0, 0x0, 0xf, 0xfd, 0xdf, 0xff, 0xfb, 0x40,
    0x0, 0x0, 0x0, 0x0, 0x0, 0x0, 0x0, 0xf,
    0xfd, 0x5, 0xbf, 0xff, 0xfe, 0x71, 0x0, 0x0,
    0x0, 0x0, 0x0, 0x0, 0xf, 0xfd, 0x0, 0x2,
    0x9f, 0xff, 0xff, 0x30, 0x0, 0x0, 0x0, 0x0,
    0x0, 0xf, 0xfd, 0x0, 0x0, 0x1, 0x8e, 0xfc,
    0x0, 0x0, 0x0, 0x0, 0x0, 0x0, 0xf, 0xfd,
    0x0, 0x0, 0x0, 0x0, 0x73, 0x0, 0x0, 0x0,
    0x0, 0x0, 0x0, 0xf, 0xfd, 0x0, 0x0, 0x0,
    0x0, 0x0, 0x0, 0x0, 0x0, 0x0, 0x0, 0x0,
    0xf, 0xfd, 0x0, 0x0, 0x0, 0x0, 0x0, 0x0,
    0x0, 0x0, 0x0, 0x0, 0x0, 0xf, 0xfd, 0x0,
    0x0, 0x0, 0x0, 0x0, 0x0, 0x0, 0x0, 0x0,
    0x0, 0x0, 0xf, 0xfd, 0x0, 0x0, 0x0, 0x0,
    0x0, 0x0,

    /* U+5373 "即" */
    0x0, 0x34, 0x32, 0x22, 0x22, 0x22, 0x21, 0x0,
    0x0, 0x0, 0x0, 0x0, 0x0, 0x0, 0xff, 0xff,
    0xff, 0xff, 0xff, 0xf7, 0xa, 0xff, 0xff, 0xff,
    0xff, 0xf2, 0x0, 0xff, 0xff, 0xff, 0xff, 0xff,
    0xf7, 0xa, 0xff, 0xff, 0xff, 0xff, 0xf2, 0x0,
    0xff, 0xb2, 0x22, 0x22, 0x5f, 0xf7, 0xa, 0xff,
    0x66, 0x66, 0xaf, 0xf2, 0x0, 0xff, 0xb0, 0x0,
    0x0, 0x3f, 0xf7, 0xa, 0xff, 0x0, 0x0, 0x6f,
    0xf2, 0x0, 0xff, 0xb0, 0x0, 0x0, 0x3f, 0xf7,
    0xa, 0xff, 0x0, 0x0, 0x6f, 0xf2, 0x0, 0xff,
    0xff, 0xff, 0xff, 0xff, 0xf7, 0xa, 0xff, 0x0,
    0x0, 0x6f, 0xf2, 0x0, 0xff, 0xff, 0xff, 0xff,
    0xff, 0xf7, 0xa, 0xff, 0x0, 0x0, 0x6f, 0xf2,
    0x0, 0xff, 0xd7, 0x77, 0x77, 0x9f, 0xf7, 0xa,
    0xff, 0x0, 0x0, 0x6f, 0xf2, 0x0, 0xff, 0xb0,
    0x0, 0x0, 0x3f, 0xf7, 0xa, 0xff, 0x0, 0x0,
    0x6f, 0xf2, 0x0, 0xff, 0xb0, 0x0, 0x0, 0x3f,
    0xf7, 0xa, 0xff, 0x0, 0x0, 0x6f, 0xf2, 0x0,
    0xff, 0xb0, 0x0, 0x0, 0x3f, 0xf7, 0xa, 0xff,
    0x0, 0x0, 0x6f, 0xf2, 0x0, 0xff, 0xff, 0xff,
    0xff, 0xff, 0xf7, 0xa, 0xff, 0x0, 0x0, 0x6f,
    0xf2, 0x0, 0xff, 0xff, 0xff, 0xff, 0xff, 0xf7,
    0xa, 0xff, 0x0, 0x0, 0x6f, 0xf2, 0x0, 0xff,
    0xc5, 0x55, 0x55, 0x55, 0x52, 0xa, 0xff, 0x0,
    0x0, 0x6f, 0xf2, 0x0, 0xff, 0xb0, 0x0, 0x3,
    0x30, 0x0, 0xa, 0xff, 0x0, 0x0, 0x6f, 0xf2,
    0x0, 0xff, 0xb0, 0x0, 0xaf, 0xe0, 0x0, 0xa,
    0xff, 0x0, 0x0, 0x6f, 0xf2, 0x0, 0xff, 0xb0,
    0x0, 0x6f, 0xf8, 0x0, 0xa, 0xff, 0x5, 0x66,
    0xbf, 0xf2, 0x0, 0xff, 0xb0, 0x0, 0xc, 0xff,
    0x10, 0xa, 0xff, 0x7, 0xff, 0xff, 0xf0, 0x0,
    0xff, 0xb0, 0x3, 0x8e, 0xff, 0xa0, 0xa, 0xff,
    0x3, 0xff, 0xfd, 0x40, 0x2, 0xff, 0xda, 0xff,
    0xff, 0xff, 0xf3, 0xa, 0xff, 0x0, 0x11, 0x0,
    0x0, 0x1c, 0xff, 0xff, 0xff, 0xea, 0x7f, 0xfa,
    0xa, 0xff, 0x0, 0x0, 0x0, 0x0, 0xd, 0xff,
    0xfe, 0x94, 0x0, 0xb, 0xfd, 0xa, 0xff, 0x0,
    0x0, 0x0, 0x0, 0x7, 0xfa, 0x40, 0x0, 0x0,
    0x4, 0x60, 0xa, 0xff, 0x0, 0x0, 0x0, 0x0,
    0x1, 0x10, 0x0, 0x0, 0x0, 0x0, 0x0, 0xa,
    0xff, 0x0, 0x0, 0x0, 0x0,

    /* U+5385 "厅" */
    0x0, 0x0, 0x0, 0x0, 0x0, 0x0, 0x0, 0x0,
    0x0, 0x0, 0x0, 0x0, 0x0, 0x0, 0x0, 0x9f,
    0xff, 0xff, 0xff, 0xff, 0xff, 0xff, 0xff, 0xff,
    0xff, 0xff, 0xfb, 0x0, 0x9, 0xff, 0xff, 0xff,
    0xff, 0xff, 0xff, 0xff, 0xff, 0xff, 0xff, 0xff,
    0xb0, 0x0, 0x9f, 0xf9, 0x88, 0x88, 0x88, 0x88,
    0x88, 0x88, 0x88, 0x88, 0x88, 0x86, 0x0, 0x9,
    0xff, 0x10, 0x0, 0x0, 0x0, 0x0, 0x0, 0x0,
    0x0, 0x0, 0x0, 0x0, 0x0, 0x9f, 0xf1, 0x0,
    0x0, 0x0, 0x0, 0x0, 0x0, 0x0, 0x0, 0x0,
    0x0, 0x0, 0x9, 0xff, 0x10, 0x0, 0x0, 0x0,
    0x0, 0x0, 0x0, 0x0, 0x0, 0x0, 0x0, 0x0,
    0x9f, 0xf1, 0x48, 0x88, 0x88, 0x88, 0x88, 0x88,
    0x88, 0x88, 0x88, 0x81, 0x0, 0x9, 0xff, 0x18,
    0xff, 0xff, 0xff, 0xff, 0xff, 0xff, 0xff, 0xff,
    0xff, 0x30, 0x0, 0x9f, 0xf1, 0x8f, 0xff, 0xff,
    0xff, 0xff, 0xff, 0xff, 0xff, 0xff, 0xf3, 0x0,
    0x9, 0xff, 0x10, 0x0, 0x0, 0x0, 0x0, 0xdf,
    0xe0, 0x0, 0x0, 0x0, 0x0, 0x0, 0x9f, 0xf1,
    0x0, 0x0, 0x0, 0x0, 0xd, 0xfe, 0x0, 0x0,
    0x0, 0x0, 0x0, 0x9, 0xff, 0x0, 0x0, 0x0,
    0x0, 0x0, 0xdf, 0xe0, 0x0, 0x0, 0x0, 0x0,
    0x0, 0xaf, 0xf0, 0x0, 0x0, 0x0, 0x0, 0xd,
    0xfe, 0x0, 0x0, 0x0, 0x0, 0x0, 0xa, 0xff,
    0x0, 0x0, 0x0, 0x0, 0x0, 0xdf, 0xe0, 0x0,
    0x0, 0x0, 0x0, 0x0, 0xcf, 0xe0, 0x0, 0x0,
    0x0, 0x0, 0xd, 0xfe, 0x0, 0x0, 0x0, 0x0,
    0x0, 0xe, 0xfc, 0x0, 0x0, 0x0, 0x0, 0x0,
    0xdf, 0xe0, 0x0, 0x0, 0x0, 0x0, 0x0, 0xff,
    0xa0, 0x0, 0x0, 0x0, 0x0, 0xd, 0xfe, 0x0,
    0x0, 0x0, 0x0, 0x0, 0x3f, 0xf7, 0x0, 0x0,
    0x0, 0x0, 0x0, 0xdf, 0xe0, 0x0, 0x0, 0x0,
    0x0, 0x6, 0xff, 0x40, 0x0, 0x0, 0x0, 0x0,
    0xd, 0xfe, 0x0, 0x0, 0x0, 0x0, 0x0, 0xbf,
    0xf0, 0x0, 0x0, 0x0, 0x0, 0x0, 0xdf, 0xe0,
    0x0, 0x0, 0x0, 0x0, 0x1f, 0xfb, 0x0, 0x0,
    0x0, 0x0, 0x0, 0xd, 0xfe, 0x0, 0x0, 0x0,
    0x0, 0x9, 0xff, 0x60, 0x0, 0x0, 0x8, 0x99,
    0x99, 0xff, 0xe0, 0x0, 0x0, 0x0, 0x0, 0xdf,
    0xe0, 0x0, 0x0, 0x0, 0x9f, 0xff, 0xff, 0xfa,
    0x0, 0x0, 0x0, 0x0, 0x0, 0xa7, 0x0, 0x0,
    0x0, 0x4, 0xff, 0xff, 0xd9, 0x10, 0x0, 0x0,
    0x0, 0x0, 0x0, 0x0, 0x0, 0x0, 0x0, 0x1,
    0x0, 0x0, 0x0, 0x0, 0x0, 0x0, 0x0,

    /* U+53CA "及" */
    0x0, 0x6f, 0xff, 0xff, 0xff, 0xff, 0xff, 0xff,
    0xff, 0xff, 0x10, 0x0, 0x0, 0x0, 0x0, 0x7f,
    0xff, 0xff, 0xff, 0xff, 0xff, 0xff, 0xff, 0xfe,
    0x0, 0x0, 0x0, 0x0, 0x0, 0x5b, 0xbb, 0xbe,
    0xff, 0xcb, 0xbb, 0xbb, 0xcf, 0xfa, 0x0, 0x0,
    0x0, 0x0, 0x0, 0x0, 0x0, 0xb, 0xff, 0x10,
    0x0, 0x0, 0x5f, 0xf6, 0x0, 0x0, 0x0, 0x0,
    0x0, 0x0, 0x0, 0xb, 0xff, 0x30, 0x0, 0x0,
    0x9f, 0xf3, 0x0, 0x0, 0x0, 0x0, 0x0, 0x0,
    0x0, 0xb, 0xff, 0x70, 0x0, 0x0, 0xdf, 0xf0,
    0x0, 0x0, 0x0, 0x0, 0x0, 0x0, 0x0, 0xb,
    0xff, 0xd0, 0x0, 0x1, 0xff, 0xd6, 0x66, 0x68,
    0x50, 0x0, 0x0, 0x0, 0x0, 0xc, 0xff, 0xf3,
    0x0, 0x6, 0xff, 0xff, 0xff, 0xff, 0xfa, 0x0,
    0x0, 0x0, 0x0, 0xe, 0xff, 0xf9, 0x0, 0xa,
    0xff, 0xff, 0xff, 0xff, 0xf7, 0x0, 0x0, 0x0,
    0x0, 0xf, 0xff, 0xff, 0x10, 0x0, 0x12, 0x11,
    0x11, 0xcf, 0xf2, 0x0, 0x0, 0x0, 0x0, 0x2f,
    0xfe, 0xff, 0x80, 0x0, 0x0, 0x0, 0x2, 0xff,
    0xd0, 0x0, 0x0, 0x0, 0x0, 0x5f, 0xf8, 0xcf,
    0xf1, 0x0, 0x0, 0x0, 0x9, 0xff, 0x60, 0x0,
    0x0, 0x0, 0x0, 0x8f, 0xf5, 0x4f, 0xfa, 0x0,
    0x0, 0x0, 0x2f, 0xfe, 0x0, 0x0, 0x0, 0x0,
    0x0, 0xdf, 0xf2, 0xb, 0xff, 0x50, 0x0, 0x0,
    0xbf, 0xf7, 0x0, 0x0, 0x0, 0x0, 0x2, 0xff,
    0xd0, 0x2, 0xff, 0xf2, 0x0, 0x6, 0xff, 0xd0,
    0x0, 0x0, 0x0, 0x0, 0x8, 0xff, 0x80, 0x0,
    0x7f, 0xfe, 0x10, 0x3f, 0xff, 0x40, 0x0, 0x0,
    0x0, 0x0, 0x1f, 0xff, 0x20, 0x0, 0xb, 0xff,
    0xd5, 0xef, 0xf8, 0x0, 0x0, 0x0, 0x0, 0x0,
    0x8f, 0xfb, 0x0, 0x0, 0x0, 0xcf, 0xff, 0xff,
    0xb0, 0x0, 0x0, 0x0, 0x0, 0x2, 0xff, 0xf3,
    0x0, 0x0, 0x0, 0x1f, 0xff, 0xfe, 0x10, 0x0,
    0x0, 0x0, 0x0, 0xd, 0xff, 0xa0, 0x0, 0x0,
    0x3, 0xcf, 0xff, 0xff, 0xe6, 0x0, 0x0, 0x0,
    0x0, 0xbf, 0xfe, 0x10, 0x0, 0x4, 0xbf, 0xff,
    0xfa, 0xff, 0xff, 0xe8, 0x20, 0x0, 0xb, 0xff,
    0xf4, 0x0, 0x27, 0xdf, 0xff, 0xfb, 0x20, 0x3c,
    0xff, 0xff, 0xfd, 0x81, 0x4, 0xff, 0x70, 0x0,
    0xaf, 0xff, 0xfc, 0x40, 0x0, 0x0, 0x4b, 0xff,
    0xff, 0xa0, 0x0, 0x77, 0x0, 0x0, 0x1e, 0xf9,
    0x30, 0x0, 0x0, 0x0, 0x0, 0x28, 0xde, 0x10,
    0x0, 0x0, 0x0, 0x0, 0x2, 0x0, 0x0, 0x0,
    0x0, 0x0, 0x0, 0x0, 0x0, 0x0,

    /* U+53CD "反" */
    0x0, 0x0, 0x0, 0x0, 0x0, 0x0, 0x0, 0x0,
    0x0, 0x0, 0x34, 0x0, 0x0, 0x0, 0x0, 0x0,
    0x0, 0x0, 0x0, 0x0, 0x24, 0x69, 0xcf, 0xff,
    0x60, 0x0, 0x0, 0x3, 0x56, 0x78, 0x9a, 0xbd,
    0xff, 0xff, 0xff, 0xff, 0xff, 0xf3, 0x0, 0x0,
    0x9, 0xff, 0xff, 0xff, 0xff, 0xff, 0xff, 0xff,
    0xca, 0x63, 0x0, 0x0, 0x0, 0x9, 0xff, 0xfe,
    0xed, 0xba, 0x87, 0x53, 0x10, 0x0, 0x0, 0x0,
    0x0, 0x0, 0x9, 0xff, 0x20, 0x0, 0x0, 0x0,
    0x0, 0x0, 0x0, 0x0, 0x0, 0x0, 0x0, 0x9,
    0xff, 0x20, 0x0, 0x0, 0x0, 0x0, 0x0, 0x0,
    0x0, 0x0, 0x0, 0x0, 0x9, 0xff, 0x20, 0x0,
    0x0, 0x0, 0x0, 0x0, 0x0, 0x0, 0x0, 0x0,
    0x0, 0x9, 0xff, 0x98, 0x88, 0x88, 0x88, 0x88,
    0x88, 0x88, 0x88, 0x20, 0x0, 0x0, 0x9, 0xff,
    0xff, 0xff, 0xff, 0xff, 0xff, 0xff, 0xff, 0xff,
    0xf0, 0x0, 0x0, 0x9, 0xff, 0xff, 0xff, 0xff,
    0xff, 0xff, 0xff, 0xff, 0xff, 0xc0, 0x0, 0x0,
    0x9, 0xff, 0x22, 0xff, 0x90, 0x0, 0x0, 0x0,
    0x8, 0xff, 0x60, 0x0, 0x0, 0xa, 0xff, 0x10,
    0xbf, 0xe0, 0x0, 0x0, 0x0, 0xe, 0xff, 0x10,
    0x0, 0x0, 0xa, 0xff, 0x0, 0x4f, 0xf7, 0x0,
    0x0, 0x0, 0x6f, 0xfa, 0x0, 0x0, 0x0, 0xc,
    0xff, 0x0, 0xc, 0xff, 0x10, 0x0, 0x1, 0xef,
    0xf2, 0x0, 0x0, 0x0, 0xd, 0xfe, 0x0, 0x3,
    0xff, 0xb0, 0x0, 0xa, 0xff, 0x90, 0x0, 0x0,
    0x0, 0xf, 0xfc, 0x0, 0x0, 0xaf, 0xf7, 0x0,
    0x6f, 0xfe, 0x10, 0x0, 0x0, 0x0, 0x1f, 0xfa,
    0x0, 0x0, 0x1e, 0xff, 0x44, 0xff, 0xf5, 0x0,
    0x0, 0x0, 0x0, 0x4f, 0xf7, 0x0, 0x0, 0x3,
    0xff, 0xff, 0xff, 0x80, 0x0, 0x0, 0x0, 0x0,
    0x8f, 0xf4, 0x0, 0x0, 0x0, 0x5f, 0xff, 0xfa,
    0x0, 0x0, 0x0, 0x0, 0x0, 0xcf, 0xf0, 0x0,
    0x0, 0x1, 0xbf, 0xff, 0xfb, 0x10, 0x0, 0x0,
    0x0, 0x1, 0xff, 0xc0, 0x0, 0x1, 0x8f, 0xff,
    0xff, 0xff, 0xf8, 0x10, 0x0, 0x0, 0x8, 0xff,
    0x70, 0x2, 0x9f, 0xff, 0xfd, 0x32, 0xcf, 0xff,
    0xf9, 0x40, 0x0, 0x1f, 0xff, 0x16, 0xdf, 0xff,
    0xff, 0x70, 0x0, 0x6, 0xef, 0xff, 0xfe, 0xa1,
    0x7f, 0xf9, 0x3, 0xff, 0xfe, 0x81, 0x0, 0x0,
    0x0, 0x6, 0xdf, 0xff, 0x70, 0x5, 0xe1, 0x0,
    0x9b, 0x50, 0x0, 0x0, 0x0, 0x0, 0x0, 0x3,
    0x8a, 0x0, 0x0, 0x0, 0x0, 0x0, 0x0, 0x0,
    0x0, 0x0, 0x0, 0x0, 0x0, 0x0, 0x0,

    /* U+53D1 "发" */
    0x0, 0x0, 0x0, 0x0, 0x0, 0x0, 0x6a, 0x72,
    0x0, 0x0, 0x30, 0x0, 0x0, 0x0, 0x0, 0x0,
    0x1, 0xeb, 0x70, 0x0, 0xaf, 0xf5, 0x0, 0x9,
    0xfa, 0x0, 0x0, 0x0, 0x0, 0x0, 0x5, 0xff,
    0x80, 0x0, 0xcf, 0xf3, 0x0, 0xa, 0xff, 0x90,
    0x0, 0x0, 0x0, 0x0, 0xb, 0xff, 0x30, 0x0,
    0xff, 0xf0, 0x0, 0x0, 0xbf, 0xf8, 0x0, 0x0,
    0x0, 0x0, 0x2f, 0xfc, 0x0, 0x2, 0xff, 0xd0,
    0x0, 0x0, 0x1d, 0xff, 0x20, 0x0, 0x0, 0x0,
    0x9f, 0xf5, 0x0, 0x5, 0xff, 0xa0, 0x0, 0x0,
    0x2, 0xb2, 0x0, 0x0, 0x0, 0x3, 0xff, 0xf7,
    0x77, 0x7c, 0xff, 0xb7, 0x77, 0x77, 0x77, 0x77,
    0x77, 0x10, 0x0, 0xc, 0xff, 0xff, 0xff, 0xff,
    0xff, 0xff, 0xff, 0xff, 0xff, 0xff, 0xff, 0x30,
    0x0, 0x7, 0xff, 0xff, 0xff, 0xff, 0xff, 0xff,
    0xff, 0xff, 0xff, 0xff, 0xff, 0x30, 0x0, 0x1,
    0x51, 0x0, 0x0, 0x7f, 0xfa, 0x0, 0x0, 0x0,
    0x0, 0x0, 0x0, 0x0, 0x0, 0x0, 0x0, 0x0,
    0x0, 0xcf, 0xf5, 0x0, 0x0, 0x0, 0x0, 0x0,
    0x0, 0x0, 0x0, 0x0, 0x0, 0x0, 0x2, 0xff,
    0xf1, 0x0, 0x0, 0x0, 0x1, 0x10, 0x0, 0x0,
    0x0, 0x0, 0x0, 0x0, 0x9, 0xff, 0xff, 0xff,
    0xff, 0xff, 0xff, 0xf9, 0x0, 0x0, 0x0, 0x0,
    0x0, 0x0, 0x1f, 0xff, 0xff, 0xff, 0xff, 0xff,
    0xff, 0xfd, 0x0, 0x0, 0x0, 0x0, 0x0, 0x0,
    0xaf, 0xff, 0xc8, 0x88, 0x88, 0x88, 0xdf, 0xf7,
    0x0, 0x0, 0x0, 0x0, 0x0, 0x3, 0xff, 0xff,
    0xe1, 0x0, 0x0, 0x2, 0xff, 0xe0, 0x0, 0x0,
    0x0, 0x0, 0x0, 0xd, 0xff, 0xbf, 0xfa, 0x0,
    0x0, 0xb, 0xff, 0x70, 0x0, 0x0, 0x0, 0x0,
    0x0, 0xaf, 0xfe, 0x18, 0xff, 0x70, 0x0, 0x7f,
    0xfd, 0x0, 0x0, 0x0, 0x0, 0x0, 0x8, 0xff,
    0xf4, 0x0, 0xcf, 0xf6, 0x6, 0xff, 0xf2, 0x0,
    0x0, 0x0, 0x0, 0x0, 0x8f, 0xff, 0x70, 0x0,
    0x2e, 0xff, 0xaf, 0xff, 0x50, 0x0, 0x0, 0x0,
    0x0, 0xa, 0xff, 0xf8, 0x0, 0x0, 0x3, 0xff,
    0xff, 0xf6, 0x0, 0x0, 0x0, 0x0, 0x4, 0xdf,
    0xff, 0x80, 0x0, 0x0, 0x5, 0xef, 0xff, 0xf6,
    0x0, 0x0, 0x0, 0x0, 0x1d, 0xff, 0xf6, 0x0,
    0x0, 0x4, 0xcf, 0xff, 0xff, 0xff, 0xd6, 0x10,
    0x0, 0x0, 0x1, 0xec, 0x20, 0x0, 0x38, 0xef,
    0xff, 0xf8, 0x7, 0xff, 0xff, 0xfb, 0x62, 0x0,
    0x0, 0x20, 0x0, 0x1d, 0xff, 0xff, 0xf9, 0x20,
    0x0, 0x19, 0xff, 0xff, 0xff, 0xc0, 0x0, 0x0,
    0x0, 0x7, 0xff, 0xd7, 0x10, 0x0, 0x0, 0x0,
    0x16, 0xcf, 0xff, 0x30, 0x0, 0x0, 0x0, 0x0,
    0x73, 0x0, 0x0, 0x0, 0x0, 0x0, 0x0, 0x1,
    0x55, 0x0,

    /* U+53D6 "取" */
    0x5, 0x66, 0x66, 0x66, 0x66, 0x66, 0x65, 0x0,
    0x0, 0x0, 0x0, 0x0, 0x0, 0x0, 0xef, 0xff,
    0xff, 0xff, 0xff, 0xff, 0xd0, 0x0, 0x0, 0x0,
    0x0, 0x0, 0x0, 0xe, 0xff, 0xff, 0xff, 0xff,
    0xff, 0xfe, 0x88, 0x88, 0x88, 0x88, 0x89, 0x83,
    0x0, 0x3, 0xff, 0x60, 0x0, 0xaf, 0xf0, 0x3f,
    0xff, 0xff, 0xff, 0xff, 0xff, 0xb0, 0x0, 0x2f,
    0xf5, 0x0, 0xa, 0xff, 0x3, 0xff, 0xff, 0xff,
    0xff, 0xff, 0xf9, 0x0, 0x2, 0xff, 0x50, 0x0,
    0xaf, 0xf0, 0x0, 0xcf, 0x90, 0x0, 0x1, 0xff,
    0x60, 0x0, 0x2f, 0xf9, 0x55, 0x5c, 0xff, 0x0,
    0x9, 0xfb, 0x0, 0x0, 0x4f, 0xf4, 0x0, 0x2,
    0xff, 0xff, 0xff, 0xff, 0xf0, 0x0, 0x6f, 0xf0,
    0x0, 0x7, 0xff, 0x10, 0x0, 0x2f, 0xff, 0xff,
    0xff, 0xff, 0x0, 0x2, 0xff, 0x20, 0x0, 0xbf,
    0xd0, 0x0, 0x2, 0xff, 0x50, 0x0, 0xaf, 0xf0,
    0x0, 0xf, 0xf6, 0x0, 0xf, 0xf9, 0x0, 0x0,
    0x2f, 0xf5, 0x0, 0xa, 0xff, 0x0, 0x0, 0xbf,
    0xb0, 0x4, 0xff, 0x50, 0x0, 0x2, 0xff, 0x50,
    0x0, 0xaf, 0xf0, 0x0, 0x7, 0xff, 0x0, 0x9f,
    0xf1, 0x0, 0x0, 0x2f, 0xff, 0xee, 0xef, 0xff,
    0x0, 0x0, 0x2f, 0xf5, 0xe, 0xfb, 0x0, 0x0,
    0x2, 0xff, 0xff, 0xff, 0xff, 0xf0, 0x0, 0x0,
    0xdf, 0xa5, 0xff, 0x50, 0x0, 0x0, 0x2f, 0xf9,
    0x66, 0x6c, 0xff, 0x0, 0x0, 0x7, 0xff, 0xdf,
    0xe0, 0x0, 0x0, 0x2, 0xff, 0x50, 0x0, 0xaf,
    0xf0, 0x0, 0x0, 0x1f, 0xff, 0xf8, 0x0, 0x0,
    0x0, 0x2f, 0xf5, 0x0, 0xa, 0xff, 0x0, 0x0,
    0x0, 0xaf, 0xff, 0x10, 0x0, 0x0, 0x2, 0xff,
    0x50, 0x13, 0xcf, 0xfd, 0xf4, 0x0, 0x7, 0xff,
    0xb0, 0x0, 0x0, 0x3, 0x7f, 0xfe, 0xef, 0xff,
    0xff, 0xff, 0x50, 0x2, 0xff, 0xff, 0x40, 0x0,
    0x1, 0xff, 0xff, 0xff, 0xff, 0xff, 0xf7, 0x40,
    0x0, 0xcf, 0xff, 0xfe, 0x10, 0x0, 0xd, 0xff,
    0xdb, 0x85, 0x3a, 0xff, 0x0, 0x0, 0xbf, 0xf8,
    0x7f, 0xfc, 0x0, 0x0, 0x33, 0x0, 0x0, 0x0,
    0xaf, 0xf0, 0x0, 0xbf, 0xfb, 0x0, 0xbf, 0xfd,
    0x10, 0x0, 0x0, 0x0, 0x0, 0xa, 0xff, 0x2,
    0xdf, 0xfc, 0x0, 0x0, 0xcf, 0xfe, 0x50, 0x0,
    0x0, 0x0, 0x0, 0xaf, 0xf0, 0x7f, 0xfb, 0x0,
    0x0, 0x0, 0xbf, 0xe2, 0x0, 0x0, 0x0, 0x0,
    0xa, 0xff, 0x0, 0x99, 0x0, 0x0, 0x0, 0x0,
    0x83, 0x0, 0x0, 0x0, 0x0, 0x0, 0x0, 0x0,
    0x0, 0x0, 0x0, 0x0, 0x0, 0x0, 0x0,

    /* U+53D8 "变" */
    0x0, 0x0, 0x0, 0x0, 0x0, 0x3, 0x76, 0x0,
    0x0, 0x0, 0x0, 0x0, 0x0, 0x0, 0x0, 0x0,
    0x0, 0x0, 0xc, 0xff, 0x30, 0x0, 0x0, 0x0,
    0x0, 0x0, 0x0, 0x0, 0x0, 0x0, 0x0, 0x4,
    0xff, 0xb0, 0x0, 0x0, 0x0, 0x0, 0x0, 0xa,
    0xaa, 0xaa, 0xaa, 0xaa, 0xaa, 0xff, 0xfa, 0xaa,
    0xaa, 0xaa, 0xaa, 0xa1, 0x1f, 0xff, 0xff, 0xff,
    0xff, 0xff, 0xff, 0xff, 0xff, 0xff, 0xff, 0xff,
    0xf1, 0x1b, 0xbb, 0xbb, 0xbb, 0xef, 0xfb, 0xbb,
    0xbf, 0xfe, 0xbb, 0xbb, 0xbb, 0xb1, 0x0, 0x0,
    0x12, 0x0, 0xaf, 0xf0, 0x0, 0x1f, 0xf9, 0x0,
    0x0, 0x0, 0x0, 0x0, 0x0, 0x9f, 0xd0, 0xaf,
    0xf0, 0x0, 0x1f, 0xf9, 0x5e, 0xb1, 0x0, 0x0,
    0x0, 0x2, 0xff, 0x90, 0xaf, 0xf0, 0x0, 0x1f,
    0xf9, 0x7f, 0xfd, 0x10, 0x0, 0x0, 0xc, 0xfe,
    0x10, 0xaf, 0xf0, 0x0, 0x1f, 0xf9, 0x6, 0xff,
    0xd1, 0x0, 0x0, 0xaf, 0xf5, 0x0, 0xaf, 0xf0,
    0x0, 0x1f, 0xf9, 0x0, 0x7f, 0xfd, 0x10, 0x8,
    0xff, 0x80, 0x0, 0xaf, 0xf0, 0x0, 0x1f, 0xf9,
    0x0, 0x8, 0xff, 0xb0, 0x1, 0xba, 0x0, 0x0,
    0xaf, 0xf0, 0x0, 0x1f, 0xf9, 0x0, 0x0, 0xbb,
    0x10, 0x0, 0x0, 0x0, 0x0, 0x9e, 0xe0, 0x0,
    0x1e, 0xe8, 0x0, 0x0, 0x0, 0x0, 0x0, 0x36,
    0x66, 0x66, 0x66, 0x66, 0x66, 0x66, 0x66, 0x67,
    0x60, 0x0, 0x0, 0x0, 0x9f, 0xff, 0xff, 0xff,
    0xff, 0xff, 0xff, 0xff, 0xff, 0xfd, 0x10, 0x0,
    0x0, 0x8f, 0xff, 0xff, 0xff, 0xff, 0xff, 0xff,
    0xff, 0xff, 0xfb, 0x0, 0x0, 0x0, 0x0, 0xd,
    0xff, 0x30, 0x0, 0x0, 0x0, 0x5, 0xff, 0xe1,
    0x0, 0x0, 0x0, 0x0, 0x2, 0xef, 0xf4, 0x0,
    0x0, 0x0, 0x6f, 0xff, 0x30, 0x0, 0x0, 0x0,
    0x0, 0x0, 0x3e, 0xff, 0x80, 0x0, 0x19, 0xff,
    0xf4, 0x0, 0x0, 0x0, 0x0, 0x0, 0x0, 0x2,
    0xdf, 0xfd, 0x56, 0xef, 0xfd, 0x20, 0x0, 0x0,
    0x0, 0x0, 0x0, 0x0, 0x0, 0xa, 0xff, 0xff,
    0xff, 0x90, 0x0, 0x0, 0x0, 0x0, 0x0, 0x0,
    0x0, 0x1, 0x5a, 0xff, 0xff, 0xff, 0x94, 0x0,
    0x0, 0x0, 0x0, 0x0, 0x3, 0x69, 0xdf, 0xff,
    0xff, 0xbd, 0xff, 0xff, 0xfc, 0x85, 0x20, 0x0,
    0x5d, 0xff, 0xff, 0xff, 0xfd, 0x71, 0x0, 0x39,
    0xef, 0xff, 0xff, 0xff, 0xd7, 0x1f, 0xff, 0xfe,
    0xa6, 0x10, 0x0, 0x0, 0x0, 0x3, 0x8c, 0xff,
    0xff, 0xe1, 0x5, 0x74, 0x10, 0x0, 0x0, 0x0,
    0x0, 0x0, 0x0, 0x0, 0x2, 0x58, 0x40,

    /* U+53E0 "叠" */
    0x0, 0x0, 0x0, 0x0, 0x0, 0x0, 0x0, 0x0,
    0x0, 0x0, 0x0, 0x0, 0x0, 0x0, 0x0, 0xf,
    0xff, 0xff, 0xff, 0xff, 0xff, 0xff, 0xff, 0xd2,
    0x0, 0x0, 0x0, 0x0, 0xa, 0xcf, 0xdb, 0xaa,
    0xaa, 0xaa, 0xaf, 0xff, 0x90, 0x0, 0x0, 0x0,
    0x0, 0x0, 0xbf, 0xff, 0xda, 0x74, 0x38, 0xef,
    0xd5, 0x0, 0x0, 0x0, 0x0, 0x0, 0x0, 0x0,
    0x37, 0xcf, 0xff, 0xff, 0xfa, 0x0, 0x0, 0x0,
    0x0, 0x0, 0x0, 0x68, 0x9b, 0xdf, 0xff, 0xfb,
    0x9c, 0xff, 0xfb, 0x50, 0x0, 0x0, 0x0, 0x0,
    0x9f, 0xfd, 0xb8, 0x63, 0x0, 0x0, 0x16, 0xbf,
    0x70, 0x0, 0x0, 0x5, 0xff, 0xff, 0xff, 0xff,
    0xfc, 0x17, 0xff, 0xff, 0xff, 0xff, 0xfe, 0x40,
    0x3, 0x9c, 0xa9, 0x99, 0xaf, 0xfa, 0x5, 0xbc,
    0x99, 0x99, 0xaf, 0xfe, 0x20, 0x0, 0x6f, 0xfa,
    0x44, 0xdf, 0xb0, 0x1, 0xdf, 0xe9, 0x44, 0xcf,
    0xe3, 0x0, 0x0, 0x16, 0xcf, 0xff, 0xfa, 0x0,
    0x0, 0x27, 0xdf, 0xff, 0xfc, 0x10, 0x0, 0x3,
    0x6a, 0xef, 0xff, 0xff, 0xa2, 0x5, 0x8c, 0xff,
    0xfd, 0xff, 0xd6, 0x0, 0xd, 0xff, 0xd7, 0x20,
    0x6e, 0xfa, 0xc, 0xff, 0xb6, 0x10, 0x4b, 0xff,
    0x50, 0xc, 0xfc, 0xaa, 0xaa, 0xab, 0xfa, 0xac,
    0xeb, 0xaa, 0xaa, 0xaa, 0xdd, 0x90, 0xe, 0xff,
    0xff, 0xff, 0xff, 0xff, 0xff, 0xff, 0xff, 0xff,
    0xff, 0xff, 0xe0, 0xe, 0xf8, 0x0, 0x0, 0x0,
    0x0, 0x0, 0x0, 0x0, 0x0, 0x0, 0xaf, 0xe0,
    0xe, 0xf8, 0x9, 0xff, 0xff, 0xff, 0xff, 0xff,
    0xff, 0xff, 0x80, 0xaf, 0xe0, 0x4, 0x42, 0xa,
    0xff, 0xaa, 0xaa, 0xaa, 0xaa, 0xaa, 0xff, 0x80,
    0x24, 0x40, 0x0, 0x0, 0xa, 0xfe, 0x33, 0x33,
    0x33, 0x33, 0x34, 0xff, 0x80, 0x0, 0x0, 0x0,
    0x0, 0xa, 0xff, 0xff, 0xff, 0xff, 0xff, 0xff,
    0xff, 0x80, 0x0, 0x0, 0x0, 0x0, 0xa, 0xfe,
    0x44, 0x44, 0x44, 0x44, 0x44, 0xff, 0x80, 0x0,
    0x0, 0x0, 0x0, 0xa, 0xfe, 0x77, 0x77, 0x77,
    0x77, 0x78, 0xff, 0x80, 0x0, 0x0, 0x0, 0x0,
    0xa, 0xff, 0xff, 0xff, 0xff, 0xff, 0xff, 0xff,
    0x80, 0x0, 0x0, 0x0, 0x0, 0xa, 0xfd, 0x0,
    0x0, 0x0, 0x0, 0x1, 0xff, 0x80, 0x0, 0x0,
    0x5f, 0xff, 0xff, 0xff, 0xff, 0xff, 0xff, 0xff,
    0xff, 0xff, 0xff, 0xff, 0xf6, 0x5f, 0xff, 0xff,
    0xff, 0xff, 0xff, 0xff, 0xff, 0xff, 0xff, 0xff,
    0xff, 0xf6,

    /* U+53EF "可" */
    0x2b, 0xbb, 0xbb, 0xbb, 0xbb, 0xbb, 0xbb, 0xbb,
    0xbb, 0xbb, 0xbb, 0xbb, 0xba, 0x3f, 0xff, 0xff,
    0xff, 0xff, 0xff, 0xff, 0xff, 0xff, 0xff, 0xff,
    0xff, 0xff, 0x3f, 0xff, 0xff, 0xff, 0xff, 0xff,
    0xff, 0xff, 0xff, 0xff, 0xff, 0xff, 0xfe, 0x0,
    0x0, 0x0, 0x0, 0x0, 0x0, 0x0, 0x0, 0x0,
    0x2, 0xff, 0x90, 0x0, 0x0, 0x0, 0x0, 0x0,
    0x0, 0x0, 0x0, 0x0, 0x0, 0x2, 0xff, 0x90,
    0x0, 0x0, 0x0, 0x0, 0x0, 0x0, 0x0, 0x0,
    0x0, 0x0, 0x2, 0xff, 0x90, 0x0, 0x0, 0x4,
    0x78, 0x77, 0x77, 0x77, 0x77, 0x70, 0x0, 0x2,
    0xff, 0x90, 0x0, 0x0, 0xa, 0xff, 0xff, 0xff,
    0xff, 0xff, 0xf0, 0x0, 0x2, 0xff, 0x90, 0x0,
    0x0, 0xa, 0xff, 0xff, 0xff, 0xff, 0xff, 0xf0,
    0x0, 0x2, 0xff, 0x90, 0x0, 0x0, 0xa, 0xfe,
    0x0, 0x0, 0x0, 0xaf, 0xf0, 0x0, 0x2, 0xff,
    0x90, 0x0, 0x0, 0xa, 0xfe, 0x0, 0x0, 0x0,
    0x9f, 0xf0, 0x0, 0x2, 0xff, 0x90, 0x0, 0x0,
    0xa, 0xfe, 0x0, 0x0, 0x0, 0x9f, 0xf0, 0x0,
    0x2, 0xff, 0x90, 0x0, 0x0, 0xa, 0xfe, 0x0,
    0x0, 0x0, 0x9f, 0xf0, 0x0, 0x2, 0xff, 0x90,
    0x0, 0x0, 0xa, 0xfe, 0x0, 0x0, 0x0, 0x9f,
    0xf0, 0x0, 0x2, 0xff, 0x90, 0x0, 0x0, 0xa,
    0xfe, 0x0, 0x0, 0x0, 0xaf, 0xf0, 0x0, 0x2,
    0xff, 0x90, 0x0, 0x0, 0xa, 0xff, 0xff, 0xff,
    0xff, 0xff, 0xf0, 0x0, 0x2, 0xff, 0x90, 0x0,
    0x0, 0xa, 0xff, 0xff, 0xff, 0xff, 0xff, 0xf0,
    0x0, 0x2, 0xff, 0x90, 0x0, 0x0, 0xa, 0xff,
    0x77, 0x77, 0x77, 0x77, 0x70, 0x0, 0x2, 0xff,
    0x90, 0x0, 0x0, 0xa, 0xfe, 0x0, 0x0, 0x0,
    0x0, 0x0, 0x0, 0x2, 0xff, 0x90, 0x0, 0x0,
    0x7, 0xba, 0x0, 0x0, 0x0, 0x0, 0x0, 0x0,
    0x2, 0xff, 0x90, 0x0, 0x0, 0x0, 0x0, 0x0,
    0x0, 0x0, 0x0, 0x0, 0x0, 0x2, 0xff, 0x90,
    0x0, 0x0, 0x0, 0x0, 0x0, 0x0, 0x0, 0x2,
    0xcb, 0xbb, 0xbd, 0xff, 0x80, 0x0, 0x0, 0x0,
    0x0, 0x0, 0x0, 0x0, 0x0, 0xcf, 0xff, 0xff,
    0xff, 0x30, 0x0, 0x0, 0x0, 0x0, 0x0, 0x0,
    0x0, 0x0, 0x6f, 0xff, 0xfe, 0xa4, 0x0, 0x0,
    0x0, 0x0, 0x0, 0x0, 0x0, 0x0, 0x0, 0x1,
    0x0, 0x0, 0x0, 0x0, 0x0,

    /* U+53F3 "右" */
    0x0, 0x0, 0x0, 0x0, 0x0, 0x7, 0x63, 0x0,
    0x0, 0x0, 0x0, 0x0, 0x0, 0x0, 0x0, 0x0,
    0x0, 0x0, 0x0, 0xff, 0xc0, 0x0, 0x0, 0x0,
    0x0, 0x0, 0x0, 0x0, 0x0, 0x0, 0x0, 0x0,
    0x4f, 0xf8, 0x0, 0x0, 0x0, 0x0, 0x0, 0x0,
    0x0, 0x0, 0x0, 0x0, 0x0, 0x8, 0xff, 0x40,
    0x0, 0x0, 0x0, 0x0, 0x0, 0x0, 0x0, 0x0,
    0x0, 0x0, 0x0, 0xdf, 0xf0, 0x0, 0x0, 0x0,
    0x0, 0x0, 0x0, 0x0, 0x9, 0x99, 0x99, 0x99,
    0x9f, 0xfe, 0x99, 0x99, 0x99, 0x99, 0x99, 0x99,
    0x95, 0x1, 0xff, 0xff, 0xff, 0xff, 0xff, 0xff,
    0xff, 0xff, 0xff, 0xff, 0xff, 0xff, 0x90, 0x1f,
    0xff, 0xff, 0xff, 0xff, 0xff, 0xff, 0xff, 0xff,
    0xff, 0xff, 0xff, 0xf8, 0x0, 0x0, 0x0, 0x0,
    0x3f, 0xfa, 0x0, 0x0, 0x0, 0x0, 0x0, 0x0,
    0x0, 0x0, 0x0, 0x0, 0x0, 0xa, 0xff, 0x40,
    0x0, 0x0, 0x0, 0x0, 0x0, 0x0, 0x0, 0x0,
    0x0, 0x0, 0x2, 0xff, 0xd0, 0x0, 0x0, 0x0,
    0x0, 0x0, 0x0, 0x0, 0x0, 0x0, 0x0, 0x0,
    0xaf, 0xf5, 0x0, 0x0, 0x0, 0x0, 0x0, 0x0,
    0x0, 0x0, 0x0, 0x0, 0x0, 0x3f, 0xfd, 0x0,
    0x0, 0x0, 0x0, 0x0, 0x0, 0x0, 0x0, 0x0,
    0x0, 0x0, 0xd, 0xff, 0xff, 0xff, 0xff, 0xff,
    0xff, 0xff, 0xff, 0xf6, 0x0, 0x0, 0x0, 0x8,
    0xff, 0xff, 0xff, 0xff, 0xff, 0xff, 0xff, 0xff,
    0xff, 0x60, 0x0, 0x0, 0x5, 0xff, 0xff, 0xf9,
    0x99, 0x99, 0x99, 0x99, 0x99, 0xcf, 0xf6, 0x0,
    0x0, 0x4, 0xff, 0xfe, 0xff, 0x0, 0x0, 0x0,
    0x0, 0x0, 0x6, 0xff, 0x60, 0x0, 0x5, 0xff,
    0xf8, 0xaf, 0xf0, 0x0, 0x0, 0x0, 0x0, 0x0,
    0x6f, 0xf6, 0x0, 0x8, 0xff, 0xf9, 0xa, 0xff,
    0x0, 0x0, 0x0, 0x0, 0x0, 0x6, 0xff, 0x60,
    0x0, 0x7f, 0xf9, 0x0, 0xaf, 0xf0, 0x0, 0x0,
    0x0, 0x0, 0x0, 0x6f, 0xf6, 0x0, 0x0, 0xa6,
    0x0, 0xa, 0xff, 0x0, 0x0, 0x0, 0x0, 0x0,
    0x6, 0xff, 0x60, 0x0, 0x0, 0x0, 0x0, 0xaf,
    0xf0, 0x0, 0x0, 0x0, 0x0, 0x0, 0x6f, 0xf6,
    0x0, 0x0, 0x0, 0x0, 0xa, 0xff, 0x99, 0x99,
    0x99, 0x99, 0x99, 0x9c, 0xff, 0x60, 0x0, 0x0,
    0x0, 0x0, 0xaf, 0xff, 0xff, 0xff, 0xff, 0xff,
    0xff, 0xff, 0xf6, 0x0, 0x0, 0x0, 0x0, 0xa,
    0xff, 0xff, 0xff, 0xff, 0xff, 0xff, 0xff, 0xff,
    0x60, 0x0, 0x0, 0x0, 0x0, 0xaf, 0xf0, 0x0,
    0x0, 0x0, 0x0, 0x0, 0x6f, 0xf6, 0x0, 0x0,
    0x0, 0x0, 0x1, 0x22, 0x0, 0x0, 0x0, 0x0,
    0x0, 0x0, 0x0, 0x0, 0x0,

    /* U+5403 "吃" */
    0x0, 0x0, 0x0, 0x0, 0x0, 0x0, 0x5, 0x62,
    0x0, 0x0, 0x0, 0x0, 0x0, 0x0, 0x0, 0x0,
    0x0, 0x0, 0x0, 0xd, 0xff, 0x0, 0x0, 0x0,
    0x0, 0x0, 0x2, 0x32, 0x22, 0x22, 0x10, 0x0,
    0x3f, 0xfa, 0x0, 0x0, 0x0, 0x0, 0x0, 0x3f,
    0xff, 0xff, 0xff, 0x80, 0x0, 0xaf, 0xf4, 0x0,
    0x0, 0x0, 0x0, 0x0, 0x3f, 0xff, 0xff, 0xff,
    0x80, 0x1, 0xff, 0xf7, 0x77, 0x77, 0x77, 0x77,
    0x72, 0x3f, 0xf8, 0x66, 0xff, 0x80, 0x9, 0xff,
    0xff, 0xff, 0xff, 0xff, 0xff, 0xf5, 0x3f, 0xf3,
    0x0, 0xef, 0x80, 0x2f, 0xff, 0xff, 0xff, 0xff,
    0xff, 0xff, 0xf5, 0x3f, 0xf3, 0x0, 0xef, 0x80,
    0xcf, 0xf6, 0x0, 0x0, 0x0, 0x0, 0x0, 0x0,
    0x3f, 0xf3, 0x0, 0xef, 0x89, 0xff, 0xc0, 0x0,
    0x0, 0x0, 0x0, 0x0, 0x0, 0x3f, 0xf3, 0x0,
    0xef, 0xbf, 0xff, 0x30, 0x0, 0x0, 0x0, 0x0,
    0x0, 0x0, 0x3f, 0xf3, 0x0, 0xef, 0x84, 0xe7,
    0x88, 0x88, 0x88, 0x88, 0x88, 0x71, 0x0, 0x3f,
    0xf3, 0x0, 0xef, 0x80, 0x11, 0xff, 0xff, 0xff,
    0xff, 0xff, 0xfd, 0x0, 0x3f, 0xf3, 0x0, 0xef,
    0x80, 0x1, 0xff, 0xff, 0xff, 0xff, 0xff, 0xd2,
    0x0, 0x3f, 0xf3, 0x0, 0xef, 0x80, 0x0, 0x0,
    0x0, 0x4, 0xff, 0xfb, 0x10, 0x0, 0x3f, 0xf3,
    0x0, 0xef, 0x80, 0x0, 0x0, 0x0, 0x6f, 0xff,
    0x80, 0x0, 0x0, 0x3f, 0xf3, 0x0, 0xef, 0x80,
    0x0, 0x0, 0x8, 0xff, 0xf5, 0x0, 0x0, 0x0,
    0x3f, 0xf4, 0x0, 0xef, 0x80, 0x0, 0x0, 0x9f,
    0xfe, 0x30, 0x0, 0x0, 0x0, 0x3f, 0xff, 0xff,
    0xff, 0x80, 0x0, 0xa, 0xff, 0xd2, 0x0, 0x0,
    0x0, 0x0, 0x3f, 0xff, 0xff, 0xff, 0x80, 0x0,
    0x9f, 0xfc, 0x10, 0x0, 0x0, 0x0, 0x0, 0x3f,
    0xfa, 0x88, 0x88, 0x40, 0x7, 0xff, 0xb0, 0x0,
    0x0, 0x0, 0x3, 0x30, 0x3f, 0xf3, 0x0, 0x0,
    0x0, 0x3f, 0xfc, 0x0, 0x0, 0x0, 0x0, 0x7,
    0xfd, 0x2c, 0xc2, 0x0, 0x0, 0x0, 0xbf, 0xf2,
    0x0, 0x0, 0x0, 0x0, 0x9, 0xfe, 0x0, 0x0,
    0x0, 0x0, 0x0, 0xef, 0xd0, 0x0, 0x0, 0x0,
    0x0, 0xc, 0xfc, 0x0, 0x0, 0x0, 0x0, 0x0,
    0xdf, 0xfc, 0x99, 0x99, 0x99, 0x99, 0xbf, 0xf8,
    0x0, 0x0, 0x0, 0x0, 0x0, 0x5f, 0xff, 0xff,
    0xff, 0xff, 0xff, 0xff, 0xf2, 0x0, 0x0, 0x0,
    0x0, 0x0, 0x4, 0xbe, 0xff, 0xff, 0xff, 0xff,
    0xfc, 0x40,

    /* U+5408 "合" */
    0x0, 0x0, 0x0, 0x0, 0x0, 0x0, 0x0, 0x81,
    0x0, 0x0, 0x0, 0x0, 0x0, 0x0, 0x0, 0x0,
    0x0, 0x0, 0x0, 0x0, 0xa, 0xff, 0x40, 0x0,
    0x0, 0x0, 0x0, 0x0, 0x0, 0x0, 0x0, 0x0,
    0x0, 0x0, 0x7f, 0xfe, 0x0, 0x0, 0x0, 0x0,
    0x0, 0x0, 0x0, 0x0, 0x0, 0x0, 0x0, 0x6,
    0xff, 0xff, 0x70, 0x0, 0x0, 0x0, 0x0, 0x0,
    0x0, 0x0, 0x0, 0x0, 0x0, 0x7f, 0xff, 0xef,
    0xf9, 0x0, 0x0, 0x0, 0x0, 0x0, 0x0, 0x0,
    0x0, 0x0, 0x9, 0xff, 0xf4, 0x2d, 0xff, 0xc1,
    0x0, 0x0, 0x0, 0x0, 0x0, 0x0, 0x0, 0x2,
    0xcf, 0xff, 0x40, 0x1, 0xcf, 0xfe, 0x50, 0x0,
    0x0, 0x0, 0x0, 0x0, 0x0, 0x7f, 0xff, 0xe3,
    0x0, 0x0, 0xa, 0xff, 0xfc, 0x30, 0x0, 0x0,
    0x0, 0x0, 0x5d, 0xff, 0xfc, 0x10, 0x0, 0x0,
    0x0, 0x6f, 0xff, 0xfa, 0x20, 0x0, 0x0, 0x5c,
    0xff, 0xff, 0xe8, 0x77, 0x77, 0x77, 0x77, 0x7a,
    0xff, 0xff, 0xfb, 0x40, 0xa, 0xff, 0xff, 0xcf,
    0xff, 0xff, 0xff, 0xff, 0xff, 0xff, 0xe6, 0xef,
    0xff, 0x90, 0x1, 0xdf, 0xe6, 0xf, 0xff, 0xff,
    0xff, 0xff, 0xff, 0xff, 0xd0, 0x8, 0xfc, 0x0,
    0x0, 0x36, 0x0, 0x0, 0x0, 0x0, 0x0, 0x0,
    0x0, 0x0, 0x0, 0x0, 0x11, 0x0, 0x0, 0x0,
    0x0, 0x0, 0x0, 0x0, 0x0, 0x0, 0x0, 0x0,
    0x0, 0x0, 0x0, 0x0, 0x0, 0x0, 0x1, 0x22,
    0x22, 0x22, 0x22, 0x22, 0x22, 0x22, 0x22, 0x20,
    0x0, 0x0, 0x0, 0x0, 0xa, 0xff, 0xff, 0xff,
    0xff, 0xff, 0xff, 0xff, 0xff, 0xe0, 0x0, 0x0,
    0x0, 0x0, 0xa, 0xff, 0xff, 0xff, 0xff, 0xff,
    0xff, 0xff, 0xff, 0xe0, 0x0, 0x0, 0x0, 0x0,
    0xa, 0xff, 0x43, 0x33, 0x33, 0x33, 0x33, 0x33,
    0xff, 0xe0, 0x0, 0x0, 0x0, 0x0, 0xa, 0xff,
    0x10, 0x0, 0x0, 0x0, 0x0, 0x0, 0xef, 0xe0,
    0x0, 0x0, 0x0, 0x0, 0xa, 0xff, 0x10, 0x0,
    0x0, 0x0, 0x0, 0x0, 0xef, 0xe0, 0x0, 0x0,
    0x0, 0x0, 0xa, 0xff, 0x10, 0x0, 0x0, 0x0,
    0x0, 0x0, 0xef, 0xe0, 0x0, 0x0, 0x0, 0x0,
    0xa, 0xff, 0x10, 0x0, 0x0, 0x0, 0x0, 0x0,
    0xef, 0xe0, 0x0, 0x0, 0x0, 0x0, 0xa, 0xff,
    0x88, 0x88, 0x88, 0x88, 0x88, 0x88, 0xff, 0xe0,
    0x0, 0x0, 0x0, 0x0, 0xa, 0xff, 0xff, 0xff,
    0xff, 0xff, 0xff, 0xff, 0xff, 0xe0, 0x0, 0x0,
    0x0, 0x0, 0xa, 0xff, 0xff, 0xff, 0xff, 0xff,
    0xff, 0xff, 0xff, 0xe0, 0x0, 0x0, 0x0, 0x0,
    0xa, 0xff, 0x10, 0x0, 0x0, 0x0, 0x0, 0x0,
    0xef, 0xe0, 0x0, 0x0, 0x0, 0x0, 0x1, 0x11,
    0x0, 0x0, 0x0, 0x0, 0x0, 0x0, 0x0, 0x0,
    0x0, 0x0,

    /* U+540C "同" */
    0x0, 0x0, 0x0, 0x0, 0x0, 0x0, 0x0, 0x0,
    0x0, 0x0, 0x1, 0x10, 0xaf, 0xff, 0xff, 0xff,
    0xff, 0xff, 0xff, 0xff, 0xff, 0xff, 0xff, 0xfb,
    0xaf, 0xff, 0xff, 0xff, 0xff, 0xff, 0xff, 0xff,
    0xff, 0xff, 0xff, 0xfb, 0xaf, 0xf7, 0x77, 0x77,
    0x77, 0x77, 0x77, 0x77, 0x77, 0x77, 0x7f, 0xfb,
    0xaf, 0xe0, 0x0, 0x0, 0x0, 0x0, 0x0, 0x0,
    0x0, 0x0, 0xe, 0xfb, 0xaf, 0xe0, 0x3, 0x33,
    0x33, 0x33, 0x33, 0x33, 0x33, 0x30, 0xe, 0xfb,
    0xaf, 0xe0, 0xf, 0xff, 0xff, 0xff, 0xff, 0xff,
    0xff, 0xf2, 0xe, 0xfb, 0xaf, 0xe0, 0xf, 0xff,
    0xff, 0xff, 0xff, 0xff, 0xff, 0xf2, 0xe, 0xfb,
    0xaf, 0xe0, 0x0, 0x0, 0x0, 0x0, 0x0, 0x0,
    0x0, 0x0, 0xe, 0xfb, 0xaf, 0xe0, 0x0, 0x0,
    0x0, 0x0, 0x0, 0x0, 0x0, 0x0, 0xe, 0xfb,
    0xaf, 0xe0, 0x0, 0x24, 0x44, 0x44, 0x44, 0x44,
    0x42, 0x0, 0xe, 0xfb, 0xaf, 0xe0, 0x0, 0xaf,
    0xff, 0xff, 0xff, 0xff, 0xfb, 0x0, 0xe, 0xfb,
    0xaf, 0xe0, 0x0, 0xaf, 0xff, 0xff, 0xff, 0xff,
    0xfb, 0x0, 0xe, 0xfb, 0xaf, 0xe0, 0x0, 0xaf,
    0xc0, 0x0, 0x0, 0xb, 0xfb, 0x0, 0xe, 0xfb,
    0xaf, 0xe0, 0x0, 0xaf, 0xc0, 0x0, 0x0, 0xb,
    0xfb, 0x0, 0xe, 0xfb, 0xaf, 0xe0, 0x0, 0xaf,
    0xc0, 0x0, 0x0, 0xb, 0xfb, 0x0, 0xe, 0xfb,
    0xaf, 0xe0, 0x0, 0xaf, 0xc0, 0x0, 0x0, 0xb,
    0xfb, 0x0, 0xe, 0xfb, 0xaf, 0xe0, 0x0, 0xaf,
    0xd4, 0x44, 0x44, 0x4c, 0xfb, 0x0, 0xe, 0xfb,
    0xaf, 0xe0, 0x0, 0xaf, 0xff, 0xff, 0xff, 0xff,
    0xfb, 0x0, 0xe, 0xfb, 0xaf, 0xe0, 0x0, 0xaf,
    0xff, 0xff, 0xff, 0xff, 0xfa, 0x0, 0xe, 0xfb,
    0xaf, 0xe0, 0x0, 0xaf, 0xc0, 0x0, 0x0, 0x0,
    0x0, 0x0, 0xe, 0xfb, 0xaf, 0xe0, 0x0, 0x9e,
    0xb0, 0x0, 0x0, 0x0, 0x0, 0x0, 0xe, 0xfb,
    0xaf, 0xe0, 0x0, 0x0, 0x0, 0x0, 0x0, 0x0,
    0x9, 0x88, 0x9f, 0xfa, 0xaf, 0xe0, 0x0, 0x0,
    0x0, 0x0, 0x0, 0x0, 0xc, 0xff, 0xff, 0xf6,
    0xaf, 0xe0, 0x0, 0x0, 0x0, 0x0, 0x0, 0x0,
    0x6, 0xff, 0xec, 0x70,

    /* U+540E "后" */
    0x0, 0x0, 0x0, 0x0, 0x0, 0x0, 0x0, 0x0,
    0x0, 0x0, 0x2, 0x60, 0x0, 0x0, 0x0, 0x0,
    0x0, 0x0, 0x0, 0x0, 0x0, 0x13, 0x57, 0x9c,
    0xff, 0xfc, 0x0, 0x0, 0x0, 0x0, 0x34, 0x56,
    0x78, 0xab, 0xdf, 0xff, 0xff, 0xff, 0xff, 0xff,
    0x90, 0x0, 0x0, 0x0, 0xbf, 0xff, 0xff, 0xff,
    0xff, 0xff, 0xff, 0xec, 0x96, 0x30, 0x0, 0x0,
    0x0, 0x0, 0xbf, 0xff, 0xed, 0xcb, 0x98, 0x64,
    0x20, 0x0, 0x0, 0x0, 0x0, 0x0, 0x0, 0x0,
    0xbf, 0xf0, 0x0, 0x0, 0x0, 0x0, 0x0, 0x0,
    0x0, 0x0, 0x0, 0x0, 0x0, 0x0, 0xbf, 0xf0,
    0x0, 0x0, 0x0, 0x0, 0x0, 0x0, 0x0, 0x0,
    0x0, 0x0, 0x0, 0x0, 0xbf, 0xf0, 0x0, 0x0,
    0x0, 0x0, 0x0, 0x0, 0x0, 0x0, 0x0, 0x0,
    0x0, 0x0, 0xbf, 0xff, 0xff, 0xff, 0xff, 0xff,
    0xff, 0xff, 0xff, 0xff, 0xff, 0xf1, 0x0, 0x0,
    0xbf, 0xff, 0xff, 0xff, 0xff, 0xff, 0xff, 0xff,
    0xff, 0xff, 0xff, 0xf1, 0x0, 0x0, 0xbf, 0xf9,
    0x99, 0x99, 0x99, 0x99, 0x99, 0x99, 0x99, 0x99,
    0x99, 0x90, 0x0, 0x0, 0xbf, 0xf0, 0x0, 0x0,
    0x0, 0x0, 0x0, 0x0, 0x0, 0x0, 0x0, 0x0,
    0x0, 0x0, 0xcf, 0xf0, 0x0, 0x0, 0x0, 0x0,
    0x0, 0x0, 0x0, 0x0, 0x0, 0x0, 0x0, 0x0,
    0xcf, 0xe0, 0x0, 0x0, 0x0, 0x0, 0x0, 0x0,
    0x0, 0x0, 0x0, 0x0, 0x0, 0x0, 0xef, 0xd0,
    0x2f, 0xff, 0xff, 0xff, 0xff, 0xff, 0xff, 0xff,
    0xe0, 0x0, 0x0, 0x0, 0xff, 0xc0, 0x2f, 0xff,
    0xff, 0xff, 0xff, 0xff, 0xff, 0xff, 0xe0, 0x0,
    0x0, 0x1, 0xff, 0xa0, 0x2f, 0xfc, 0x88, 0x88,
    0x88, 0x88, 0x88, 0xff, 0xe0, 0x0, 0x0, 0x3,
    0xff, 0x70, 0x2f, 0xf7, 0x0, 0x0, 0x0, 0x0,
    0x0, 0xef, 0xe0, 0x0, 0x0, 0x7, 0xff, 0x40,
    0x2f, 0xf7, 0x0, 0x0, 0x0, 0x0, 0x0, 0xef,
    0xe0, 0x0, 0x0, 0xa, 0xff, 0x10, 0x2f, 0xf7,
    0x0, 0x0, 0x0, 0x0, 0x0, 0xef, 0xe0, 0x0,
    0x0, 0xf, 0xfd, 0x0, 0x2f, 0xf7, 0x0, 0x0,
    0x0, 0x0, 0x0, 0xef, 0xe0, 0x0, 0x0, 0x5f,
    0xf8, 0x0, 0x2f, 0xf7, 0x0, 0x0, 0x0, 0x0,
    0x0, 0xef, 0xe0, 0x0, 0x0, 0xcf, 0xf2, 0x0,
    0x2f, 0xfb, 0x77, 0x77, 0x77, 0x77, 0x77, 0xff,
    0xe0, 0x0, 0x5, 0xff, 0xb0, 0x0, 0x2f, 0xff,
    0xff, 0xff, 0xff, 0xff, 0xff, 0xff, 0xe0, 0x0,
    0xb, 0xff, 0x30, 0x0, 0x2f, 0xff, 0xff, 0xff,
    0xff, 0xff, 0xff, 0xff, 0xe0, 0x0, 0x0, 0x89,
    0x0, 0x0, 0x2f, 0xf7, 0x0, 0x0, 0x0, 0x0,
    0x0, 0xef, 0xe0, 0x0, 0x0, 0x0, 0x0, 0x0,
    0x1, 0x10, 0x0, 0x0, 0x0, 0x0, 0x0, 0x0,
    0x0, 0x0,

    /* U+5411 "向" */
    0x0, 0x0, 0x0, 0x0, 0x1, 0xa8, 0x50, 0x0,
    0x0, 0x0, 0x0, 0x0, 0x0, 0x0, 0x0, 0x0,
    0x6, 0xff, 0xe0, 0x0, 0x0, 0x0, 0x0, 0x0,
    0x0, 0x0, 0x0, 0x0, 0xb, 0xff, 0x70, 0x0,
    0x0, 0x0, 0x0, 0x0, 0x0, 0x0, 0x0, 0x0,
    0x1f, 0xff, 0x10, 0x0, 0x0, 0x0, 0x0, 0x0,
    0x0, 0x0, 0x0, 0x0, 0x7f, 0xf8, 0x0, 0x0,
    0x0, 0x0, 0x0, 0x0, 0x8f, 0xff, 0xff, 0xff,
    0xff, 0xff, 0xff, 0xff, 0xff, 0xff, 0xff, 0xf8,
    0x8f, 0xff, 0xff, 0xff, 0xff, 0xff, 0xff, 0xff,
    0xff, 0xff, 0xff, 0xf9, 0x8f, 0xfa, 0xaa, 0xaa,
    0xaa, 0xaa, 0xaa, 0xaa, 0xaa, 0xaa, 0xbf, 0xf9,
    0x8f, 0xf1, 0x0, 0x0, 0x0, 0x0, 0x0, 0x0,
    0x0, 0x0, 0x1f, 0xf9, 0x8f, 0xf1, 0x0, 0x0,
    0x0, 0x0, 0x0, 0x0, 0x0, 0x0, 0x1f, 0xf9,
    0x8f, 0xf1, 0x0, 0x0, 0x0, 0x0, 0x0, 0x0,
    0x0, 0x0, 0x1f, 0xf9, 0x8f, 0xf1, 0x0, 0x7f,
    0xff, 0xff, 0xff, 0xff, 0xf5, 0x0, 0x1f, 0xf9,
    0x8f, 0xf1, 0x0, 0x7f, 0xff, 0xff, 0xff, 0xff,
    0xf5, 0x0, 0x1f, 0xf9, 0x8f, 0xf1, 0x0, 0x7f,
    0xf5, 0x55, 0x55, 0x6f, 0xf5, 0x0, 0x1f, 0xf9,
    0x8f, 0xf1, 0x0, 0x7f, 0xe0, 0x0, 0x0, 0x1f,
    0xf5, 0x0, 0x1f, 0xf9, 0x8f, 0xf1, 0x0, 0x7f,
    0xe0, 0x0, 0x0, 0x1f, 0xf5, 0x0, 0x1f, 0xf9,
    0x8f, 0xf1, 0x0, 0x7f, 0xe0, 0x0, 0x0, 0x1f,
    0xf5, 0x0, 0x1f, 0xf9, 0x8f, 0xf1, 0x0, 0x7f,
    0xe0, 0x0, 0x0, 0x1f, 0xf5, 0x0, 0x1f, 0xf9,
    0x8f, 0xf1, 0x0, 0x7f, 0xff, 0xff, 0xff, 0xff,
    0xf5, 0x0, 0x1f, 0xf9, 0x8f, 0xf1, 0x0, 0x7f,
    0xff, 0xff, 0xff, 0xff, 0xf5, 0x0, 0x1f, 0xf9,
    0x8f, 0xf1, 0x0, 0x7f, 0xf6, 0x66, 0x66, 0x66,
    0x62, 0x0, 0x1f, 0xf9, 0x8f, 0xf1, 0x0, 0x7f,
    0xe0, 0x0, 0x0, 0x0, 0x0, 0x0, 0x1f, 0xf9,
    0x8f, 0xf1, 0x0, 0x36, 0x50, 0x0, 0x0, 0x0,
    0x0, 0x0, 0x1f, 0xf9, 0x8f, 0xf1, 0x0, 0x0,
    0x0, 0x0, 0x0, 0x2, 0xaa, 0xaa, 0xbf, 0xf8,
    0x8f, 0xf1, 0x0, 0x0, 0x0, 0x0, 0x0, 0x0,
    0xdf, 0xff, 0xff, 0xf4, 0x8f, 0xf1, 0x0, 0x0,
    0x0, 0x0, 0x0, 0x0, 0x9f, 0xff, 0xeb, 0x50,
    0x0, 0x0, 0x0, 0x0, 0x0, 0x0, 0x0, 0x0,
    0x0, 0x0, 0x0, 0x0,

    /* U+5427 "吧" */
    0x1, 0x21, 0x11, 0x11, 0x0, 0x9f, 0xfe, 0xee,
    0xee, 0xee, 0xee, 0xee, 0x70, 0xbf, 0xff, 0xff,
    0xff, 0x20, 0xbf, 0xff, 0xff, 0xff, 0xff, 0xff,
    0xff, 0x80, 0xbf, 0xff, 0xff, 0xff, 0x20, 0xbf,
    0xf9, 0x99, 0xff, 0xc9, 0x99, 0xff, 0x80, 0xbf,
    0xc5, 0x59, 0xff, 0x20, 0xbf, 0xe0, 0x0, 0xff,
    0x60, 0x1, 0xff, 0x80, 0xbf, 0xa0, 0x5, 0xff,
    0x20, 0xbf, 0xe0, 0x0, 0xff, 0x60, 0x1, 0xff,
    0x80, 0xbf, 0xa0, 0x5, 0xff, 0x20, 0xbf, 0xe0,
    0x0, 0xff, 0x60, 0x1, 0xff, 0x80, 0xbf, 0xa0,
    0x5, 0xff, 0x20, 0xbf, 0xe0, 0x0, 0xff, 0x60,
    0x1, 0xff, 0x80, 0xbf, 0xa0, 0x5, 0xff, 0x20,
    0xbf, 0xe0, 0x0, 0xff, 0x60, 0x1, 0xff, 0x80,
    0xbf, 0xa0, 0x5, 0xff, 0x20, 0xbf, 0xe0, 0x0,
    0xff, 0x60, 0x1, 0xff, 0x80, 0xbf, 0xa0, 0x5,
    0xff, 0x20, 0xbf, 0xe0, 0x0, 0xff, 0x60, 0x1,
    0xff, 0x80, 0xbf, 0xa0, 0x5, 0xff, 0x20, 0xbf,
    0xe0, 0x0, 0xff, 0x60, 0x1, 0xff, 0x80, 0xbf,
    0xa0, 0x5, 0xff, 0x20, 0xbf, 0xff, 0xff, 0xff,
    0xff, 0xff, 0xff, 0x80, 0xbf, 0xa0, 0x5, 0xff,
    0x20, 0xbf, 0xff, 0xff, 0xff, 0xff, 0xff, 0xff,
    0x80, 0xbf, 0xa0, 0x5, 0xff, 0x20, 0xbf, 0xf7,
    0x77, 0x77, 0x77, 0x77, 0xff, 0x80, 0xbf, 0xd8,
    0x8a, 0xff, 0x20, 0xbf, 0xe0, 0x0, 0x0, 0x0,
    0x1, 0xff, 0x80, 0xbf, 0xff, 0xff, 0xff, 0x20,
    0xbf, 0xe0, 0x0, 0x0, 0x0, 0x0, 0x22, 0x10,
    0xbf, 0xff, 0xff, 0xff, 0x10, 0xbf, 0xe0, 0x0,
    0x0, 0x0, 0x0, 0x0, 0x0, 0xbf, 0xa0, 0x0,
    0x0, 0x0, 0xbf, 0xe0, 0x0, 0x0, 0x0, 0x0,
    0x2, 0x0, 0xbf, 0xa0, 0x0, 0x0, 0x0, 0xbf,
    0xe0, 0x0, 0x0, 0x0, 0x0, 0xd, 0xb4, 0x69,
    0x60, 0x0, 0x0, 0x0, 0xaf, 0xe0, 0x0, 0x0,
    0x0, 0x0, 0xf, 0xf8, 0x0, 0x0, 0x0, 0x0,
    0x0, 0xaf, 0xf0, 0x0, 0x0, 0x0, 0x0, 0x3f,
    0xf6, 0x0, 0x0, 0x0, 0x0, 0x0, 0x8f, 0xfb,
    0x77, 0x77, 0x77, 0x77, 0xdf, 0xf2, 0x0, 0x0,
    0x0, 0x0, 0x0, 0x2f, 0xff, 0xff, 0xff, 0xff,
    0xff, 0xff, 0xb0, 0x0, 0x0, 0x0, 0x0, 0x0,
    0x4, 0xbe, 0xff, 0xff, 0xff, 0xff, 0xe9, 0x0,

    /* U+547D "命" */
    0x0, 0x0, 0x0, 0x0, 0x0, 0x0, 0x0, 0x0,
    0x0, 0x0, 0x0, 0x0, 0x0, 0x0, 0x0, 0x0,
    0x0, 0x0, 0x0, 0x0, 0x4, 0xc1, 0x0, 0x0,
    0x0, 0x0, 0x0, 0x0, 0x0, 0x0, 0x0, 0x0,
    0x0, 0x0, 0x3f, 0xfe, 0x10, 0x0, 0x0, 0x0,
    0x0, 0x0, 0x0, 0x0, 0x0, 0x0, 0x0, 0x3,
    0xff, 0xff, 0x20, 0x0, 0x0, 0x0, 0x0, 0x0,
    0x0, 0x0, 0x0, 0x0, 0x0, 0x6f, 0xff, 0xff,
    0xf4, 0x0, 0x0, 0x0, 0x0, 0x0, 0x0, 0x0,
    0x0, 0x0, 0x1a, 0xff, 0xf7, 0x4f, 0xff, 0x80,
    0x0, 0x0, 0x0, 0x0, 0x0, 0x0, 0x0, 0x6,
    0xef, 0xff, 0x50, 0x4, 0xef, 0xfd, 0x50, 0x0,
    0x0, 0x0, 0x0, 0x0, 0x5, 0xdf, 0xff, 0xc2,
    0x0, 0x0, 0x2d, 0xff, 0xfd, 0x50, 0x0, 0x0,
    0x0, 0x27, 0xef, 0xff, 0xfb, 0x44, 0x44, 0x44,
    0x45, 0xdf, 0xff, 0xfe, 0x93, 0x0, 0xb, 0xff,
    0xff, 0xf9, 0xff, 0xff, 0xff, 0xff, 0xff, 0xfc,
    0xcf, 0xff, 0xff, 0xc0, 0x5, 0xff, 0xfa, 0x20,
    0xef, 0xff, 0xff, 0xff, 0xff, 0xfa, 0x4, 0xbf,
    0xff, 0x20, 0x0, 0x97, 0x10, 0x0, 0x11, 0x11,
    0x11, 0x11, 0x11, 0x10, 0x0, 0x2, 0x75, 0x0,
    0x0, 0x0, 0x0, 0x0, 0x0, 0x0, 0x0, 0x0,
    0x0, 0x0, 0x0, 0x0, 0x0, 0x0, 0x0, 0x8,
    0xff, 0xff, 0xff, 0xff, 0x30, 0x2f, 0xff, 0xff,
    0xff, 0xff, 0xb0, 0x0, 0x0, 0x8, 0xff, 0xff,
    0xff, 0xff, 0x40, 0x2f, 0xff, 0xff, 0xff, 0xff,
    0xb0, 0x0, 0x0, 0x8, 0xff, 0x55, 0x57, 0xff,
    0x40, 0x2f, 0xfa, 0x66, 0x66, 0xef, 0xb0, 0x0,
    0x0, 0x8, 0xfe, 0x0, 0x3, 0xff, 0x40, 0x2f,
    0xf7, 0x0, 0x0, 0xdf, 0xb0, 0x0, 0x0, 0x8,
    0xfe, 0x0, 0x3, 0xff, 0x40, 0x2f, 0xf7, 0x0,
    0x0, 0xdf, 0xb0, 0x0, 0x0, 0x8, 0xfe, 0x0,
    0x3, 0xff, 0x40, 0x2f, 0xf7, 0x0, 0x0, 0xdf,
    0xb0, 0x0, 0x0, 0x8, 0xfe, 0x0, 0x3, 0xff,
    0x40, 0x2f, 0xf7, 0x0, 0x0, 0xdf, 0xb0, 0x0,
    0x0, 0x8, 0xff, 0x44, 0x47, 0xff, 0x40, 0x2f,
    0xf7, 0x0, 0x0, 0xdf, 0xb0, 0x0, 0x0, 0x8,
    0xff, 0xff, 0xff, 0xff, 0x40, 0x2f, 0xf7, 0x18,
    0x88, 0xff, 0xb0, 0x0, 0x0, 0x8, 0xff, 0xff,
    0xff, 0xff, 0x40, 0x2f, 0xf7, 0xe, 0xff, 0xff,
    0x70, 0x0, 0x0, 0x8, 0xff, 0x11, 0x11, 0x11,
    0x0, 0x2f, 0xf7, 0x8, 0xdd, 0xc7, 0x0, 0x0,
    0x0, 0x8, 0xfe, 0x0, 0x0, 0x0, 0x0, 0x2f,
    0xf7, 0x0, 0x0, 0x0, 0x0, 0x0, 0x0, 0x2,
    0x44, 0x0, 0x0, 0x0, 0x0, 0x2f, 0xf7, 0x0,
    0x0, 0x0, 0x0, 0x0, 0x0, 0x0, 0x0, 0x0,
    0x0, 0x0, 0x0, 0x2f, 0xf7, 0x0, 0x0, 0x0,
    0x0, 0x0,

    /* U+548C "和" */
    0x0, 0x0, 0x0, 0x0, 0x0, 0x3, 0x0, 0x0,
    0x0, 0x0, 0x0, 0x0, 0x0, 0x0, 0x0, 0x0,
    0x2, 0x6a, 0xef, 0x80, 0x0, 0x0, 0x0, 0x0,
    0x0, 0x0, 0x0, 0x25, 0x8b, 0xef, 0xff, 0xff,
    0xf3, 0x0, 0x0, 0x0, 0x0, 0x0, 0x0, 0x7,
    0xff, 0xff, 0xff, 0xfd, 0x95, 0x10, 0x8f, 0xff,
    0xff, 0xff, 0xff, 0xf4, 0x1, 0xfe, 0xb9, 0xcf,
    0xf1, 0x0, 0x0, 0x8f, 0xff, 0xff, 0xff, 0xff,
    0xf4, 0x0, 0x0, 0x0, 0x9f, 0xf1, 0x0, 0x0,
    0x8f, 0xf8, 0x88, 0x88, 0xbf, 0xf4, 0x0, 0x0,
    0x0, 0x9f, 0xf1, 0x0, 0x0, 0x8f, 0xf1, 0x0,
    0x0, 0x6f, 0xf4, 0x0, 0x0, 0x0, 0x9f, 0xf1,
    0x0, 0x0, 0x8f, 0xf1, 0x0, 0x0, 0x6f, 0xf4,
    0x4, 0x55, 0x55, 0xbf, 0xf6, 0x55, 0x53, 0x8f,
    0xf1, 0x0, 0x0, 0x6f, 0xf4, 0xe, 0xff, 0xff,
    0xff, 0xff, 0xff, 0xf9, 0x8f, 0xf1, 0x0, 0x0,
    0x6f, 0xf4, 0xe, 0xff, 0xff, 0xff, 0xff, 0xff,
    0xf9, 0x8f, 0xf1, 0x0, 0x0, 0x6f, 0xf4, 0x1,
    0x22, 0x27, 0xff, 0xf3, 0x22, 0x21, 0x8f, 0xf1,
    0x0, 0x0, 0x6f, 0xf4, 0x0, 0x0, 0xb, 0xff,
    0xfb, 0x0, 0x0, 0x8f, 0xf1, 0x0, 0x0, 0x6f,
    0xf4, 0x0, 0x0, 0x2f, 0xff, 0xff, 0x90, 0x0,
    0x8f, 0xf1, 0x0, 0x0, 0x6f, 0xf4, 0x0, 0x0,
    0xaf, 0xff, 0xff, 0xf7, 0x0, 0x8f, 0xf1, 0x0,
    0x0, 0x6f, 0xf4, 0x0, 0x2, 0xff, 0xcf, 0xf8,
    0xff, 0x50, 0x8f, 0xf1, 0x0, 0x0, 0x6f, 0xf4,
    0x0, 0xb, 0xfc, 0x9f, 0xf1, 0xcf, 0xf3, 0x8f,
    0xf1, 0x0, 0x0, 0x6f, 0xf4, 0x0, 0x5f, 0xf4,
    0x9f, 0xf1, 0x2f, 0xf4, 0x8f, 0xf1, 0x0, 0x0,
    0x6f, 0xf4, 0x1, 0xef, 0xc0, 0x9f, 0xf1, 0x7,
    0x90, 0x8f, 0xf1, 0x0, 0x0, 0x6f, 0xf4, 0xc,
    0xff, 0x30, 0x9f, 0xf1, 0x0, 0x0, 0x8f, 0xf1,
    0x0, 0x0, 0x6f, 0xf4, 0x5f, 0xf9, 0x0, 0x9f,
    0xf1, 0x0, 0x0, 0x8f, 0xf9, 0x99, 0x99, 0xcf,
    0xf4, 0xc, 0xd0, 0x0, 0x9f, 0xf1, 0x0, 0x0,
    0x8f, 0xff, 0xff, 0xff, 0xff, 0xf4, 0x3, 0x30,
    0x0, 0x9f, 0xf1, 0x0, 0x0, 0x8f, 0xff, 0xff,
    0xff, 0xff, 0xf4, 0x0, 0x0, 0x0, 0x9f, 0xf1,
    0x0, 0x0, 0x8f, 0xf1, 0x0, 0x0, 0x6f, 0xf4,
    0x0, 0x0, 0x0, 0x9f, 0xf1, 0x0, 0x0, 0x8f,
    0xf1, 0x0, 0x0, 0x6f, 0xf4, 0x0, 0x0, 0x0,
    0x9f, 0xf1, 0x0, 0x0, 0x24, 0x40, 0x0, 0x0,
    0x1, 0x10,

    /* U+5668 "器" */
    0x0, 0x1, 0x44, 0x44, 0x44, 0x44, 0x20, 0x2,
    0x44, 0x44, 0x44, 0x44, 0x30, 0x0, 0x0, 0x4,
    0xff, 0xff, 0xff, 0xff, 0xa0, 0x7, 0xff, 0xff,
    0xff, 0xff, 0xd0, 0x0, 0x0, 0x4, 0xff, 0xff,
    0xff, 0xff, 0xa0, 0x7, 0xff, 0xff, 0xff, 0xff,
    0xd0, 0x0, 0x0, 0x4, 0xff, 0x10, 0x0, 0xdf,
    0xa0, 0x7, 0xff, 0x0, 0x0, 0xbf, 0xd0, 0x0,
    0x0, 0x4, 0xff, 0x10, 0x0, 0xdf, 0xa0, 0x7,
    0xff, 0x0, 0x0, 0xbf, 0xd0, 0x0, 0x0, 0x4,
    0xff, 0x10, 0x0, 0xdf, 0xa0, 0x7, 0xff, 0x0,
    0x0, 0xbf, 0xd0, 0x0, 0x0, 0x4, 0xff, 0xff,
    0xff, 0xff, 0xa0, 0x7, 0xff, 0xff, 0xff, 0xff,
    0xd0, 0x0, 0x0, 0x4, 0xff, 0xff, 0xff, 0xff,
    0xa0, 0x7, 0xff, 0xff, 0xff, 0xff, 0xd0, 0x0,
    0x0, 0x1, 0x55, 0x55, 0x55, 0x57, 0xfb, 0x52,
    0x55, 0xee, 0x85, 0x55, 0x40, 0x0, 0x0, 0x0,
    0x0, 0x0, 0x0, 0xb, 0xff, 0x30, 0x4, 0xef,
    0xfa, 0x10, 0x0, 0x0, 0x0, 0x0, 0x0, 0x0,
    0x0, 0x6f, 0xf9, 0x0, 0x0, 0x6, 0xff, 0x70,
    0x0, 0x0, 0x6, 0xff, 0xff, 0xff, 0xff, 0xff,
    0xff, 0xff, 0xff, 0xff, 0xff, 0xff, 0xff, 0xd0,
    0x6, 0xff, 0xff, 0xff, 0xff, 0xff, 0xff, 0xff,
    0xff, 0xff, 0xff, 0xff, 0xff, 0xe0, 0x2, 0x66,
    0x66, 0x6b, 0xff, 0xf8, 0x66, 0x66, 0x9f, 0xff,
    0x76, 0x66, 0x66, 0x50, 0x0, 0x0, 0x0, 0x8f,
    0xff, 0x50, 0x0, 0x0, 0x7, 0xff, 0xe5, 0x0,
    0x0, 0x0, 0x0, 0x0, 0x3d, 0xff, 0xe3, 0x0,
    0x0, 0x0, 0x0, 0x5f, 0xff, 0xc3, 0x0, 0x0,
    0x0, 0x3b, 0xff, 0xff, 0x75, 0x55, 0x30, 0x2,
    0x55, 0x58, 0xff, 0xff, 0xc6, 0x10, 0xa, 0xff,
    0xff, 0xff, 0xff, 0xff, 0xa0, 0x6, 0xff, 0xff,
    0xff, 0xff, 0xff, 0xf3, 0x2, 0xff, 0xff, 0xff,
    0xff, 0xff, 0xa0, 0x6, 0xff, 0xff, 0xff, 0xff,
    0xff, 0x80, 0x0, 0x34, 0xff, 0x20, 0x0, 0xef,
    0xa0, 0x6, 0xff, 0x0, 0x0, 0xbf, 0xd3, 0x0,
    0x0, 0x4, 0xff, 0x20, 0x0, 0xef, 0xa0, 0x6,
    0xff, 0x0, 0x0, 0xbf, 0xd0, 0x0, 0x0, 0x4,
    0xff, 0x20, 0x0, 0xef, 0xa0, 0x6, 0xff, 0x0,
    0x0, 0xbf, 0xd0, 0x0, 0x0, 0x4, 0xff, 0xff,
    0xff, 0xff, 0xa0, 0x6, 0xff, 0xff, 0xff, 0xff,
    0xd0, 0x0, 0x0, 0x4, 0xff, 0xff, 0xff, 0xff,
    0xa0, 0x6, 0xff, 0xff, 0xff, 0xff, 0xd0, 0x0,
    0x0, 0x4, 0xff, 0x75, 0x55, 0xff, 0xa0, 0x6,
    0xff, 0x65, 0x55, 0xdf, 0xd0, 0x0, 0x0, 0x0,
    0x22, 0x0, 0x0, 0x0, 0x0, 0x1, 0x22, 0x0,
    0x0, 0x0, 0x0, 0x0,

    /* U+56DB "四" */
    0x11, 0x11, 0x11, 0x11, 0x11, 0x11, 0x11, 0x11,
    0x11, 0x11, 0x11, 0x11, 0xaf, 0xff, 0xff, 0xff,
    0xff, 0xff, 0xff, 0xff, 0xff, 0xff, 0xff, 0xfb,
    0xaf, 0xff, 0xff, 0xff, 0xff, 0xff, 0xff, 0xff,
    0xff, 0xff, 0xff, 0xfb, 0xaf, 0xf7, 0x77, 0x7b,
    0xff, 0x87, 0x7b, 0xff, 0x77, 0x77, 0x7f, 0xfb,
    0xaf, 0xf0, 0x0, 0x7, 0xff, 0x20, 0x7, 0xff,
    0x10, 0x0, 0x1f, 0xfb, 0xaf, 0xf0, 0x0, 0x7,
    0xff, 0x10, 0x7, 0xff, 0x10, 0x0, 0x1f, 0xfb,
    0xaf, 0xf0, 0x0, 0x8, 0xff, 0x0, 0x7, 0xff,
    0x10, 0x0, 0x1f, 0xfb, 0xaf, 0xf0, 0x0, 0x9,
    0xff, 0x0, 0x7, 0xff, 0x10, 0x0, 0x1f, 0xfb,
    0xaf, 0xf0, 0x0, 0xb, 0xfd, 0x0, 0x7, 0xff,
    0x10, 0x0, 0x1f, 0xfb, 0xaf, 0xf0, 0x0, 0xd,
    0xfb, 0x0, 0x7, 0xff, 0x10, 0x0, 0x1f, 0xfb,
    0xaf, 0xf0, 0x0, 0x1f, 0xf9, 0x0, 0x7, 0xff,
    0x10, 0x0, 0x1f, 0xfb, 0xaf, 0xf0, 0x0, 0x7f,
    0xf5, 0x0, 0x7, 0xff, 0x10, 0x0, 0x1f, 0xfb,
    0xaf, 0xf0, 0x1, 0xef, 0xf0, 0x0, 0x6, 0xff,
    0x52, 0x22, 0x4f, 0xfb, 0xaf, 0xf0, 0xb, 0xff,
    0x80, 0x0, 0x3, 0xff, 0xff, 0xff, 0xff, 0xfb,
    0xaf, 0xf3, 0xcf, 0xfd, 0x10, 0x0, 0x0, 0x8f,
    0xff, 0xff, 0xff, 0xfb, 0xaf, 0xf6, 0xff, 0xe2,
    0x0, 0x0, 0x0, 0x0, 0x1, 0x10, 0x1f, 0xfb,
    0xaf, 0xf0, 0xab, 0x10, 0x0, 0x0, 0x0, 0x0,
    0x0, 0x0, 0x1f, 0xfb, 0xaf, 0xf0, 0x0, 0x0,
    0x0, 0x0, 0x0, 0x0, 0x0, 0x0, 0x1f, 0xfb,
    0xaf, 0xf1, 0x0, 0x0, 0x0, 0x0, 0x0, 0x0,
    0x0, 0x0, 0x2f, 0xfb, 0xaf, 0xff, 0xff, 0xff,
    0xff, 0xff, 0xff, 0xff, 0xff, 0xff, 0xff, 0xfb,
    0xaf, 0xff, 0xff, 0xff, 0xff, 0xff, 0xff, 0xff,
    0xff, 0xff, 0xff, 0xfb, 0xaf, 0xf8, 0x88, 0x88,
    0x88, 0x88, 0x88, 0x88, 0x88, 0x88, 0x8f, 0xfb,
    0xaf, 0xf0, 0x0, 0x0, 0x0, 0x0, 0x0, 0x0,
    0x0, 0x0, 0x1f, 0xfb, 0x58, 0x80, 0x0, 0x0,
    0x0, 0x0, 0x0, 0x0, 0x0, 0x0, 0x4, 0x43,

    /* U+56DE "回" */
    0x8a, 0xaa, 0xaa, 0xaa, 0xaa, 0xaa, 0xaa, 0xaa,
    0xaa, 0xaa, 0xaa, 0xa9, 0xdf, 0xff, 0xff, 0xff,
    0xff, 0xff, 0xff, 0xff, 0xff, 0xff, 0xff, 0xfe,
    0xdf, 0xff, 0xff, 0xff, 0xff, 0xff, 0xff, 0xff,
    0xff, 0xff, 0xff, 0xfe, 0xdf, 0xe0, 0x0, 0x0,
    0x0, 0x0, 0x0, 0x0, 0x0, 0x0, 0xf, 0xfe,
    0xdf, 0xe0, 0x0, 0x0, 0x0, 0x0, 0x0, 0x0,
    0x0, 0x0, 0xf, 0xfe, 0xdf, 0xe0, 0x0, 0x0,
    0x0, 0x0, 0x0, 0x0, 0x0, 0x0, 0xf, 0xfe,
    0xdf, 0xe0, 0x0, 0x0, 0x0, 0x0, 0x0, 0x0,
    0x0, 0x0, 0xf, 0xfe, 0xdf, 0xe0, 0x0, 0x9f,
    0xff, 0xff, 0xff, 0xff, 0xf8, 0x0, 0xf, 0xfe,
    0xdf, 0xe0, 0x0, 0x9f, 0xff, 0xff, 0xff, 0xff,
    0xf8, 0x0, 0xf, 0xfe, 0xdf, 0xe0, 0x0, 0x9f,
    0xf5, 0x55, 0x55, 0x6f, 0xf8, 0x0, 0xf, 0xfe,
    0xdf, 0xe0, 0x0, 0x9f, 0xe0, 0x0, 0x0, 0x1f,
    0xf8, 0x0, 0xf, 0xfe, 0xdf, 0xe0, 0x0, 0x9f,
    0xe0, 0x0, 0x0, 0x1f, 0xf8, 0x0, 0xf, 0xfe,
    0xdf, 0xe0, 0x0, 0x9f, 0xe0, 0x0, 0x0, 0x1f,
    0xf8, 0x0, 0xf, 0xfe, 0xdf, 0xe0, 0x0, 0x9f,
    0xe0, 0x0, 0x0, 0x1f, 0xf8, 0x0, 0xf, 0xfe,
    0xdf, 0xe0, 0x0, 0x9f, 0xe0, 0x0, 0x0, 0x1f,
    0xf8, 0x0, 0xf, 0xfe, 0xdf, 0xe0, 0x0, 0x9f,
    0xff, 0xff, 0xff, 0xff, 0xf8, 0x0, 0xf, 0xfe,
    0xdf, 0xe0, 0x0, 0x9f, 0xff, 0xff, 0xff, 0xff,
    0xf8, 0x0, 0xf, 0xfe, 0xdf, 0xe0, 0x0, 0x35,
    0x55, 0x55, 0x55, 0x55, 0x53, 0x0, 0xf, 0xfe,
    0xdf, 0xe0, 0x0, 0x0, 0x0, 0x0, 0x0, 0x0,
    0x0, 0x0, 0xf, 0xfe, 0xdf, 0xe0, 0x0, 0x0,
    0x0, 0x0, 0x0, 0x0, 0x0, 0x0, 0xf, 0xfe,
    0xdf, 0xe0, 0x0, 0x0, 0x0, 0x0, 0x0, 0x0,
    0x0, 0x0, 0xf, 0xfe, 0xdf, 0xf8, 0x88, 0x88,
    0x88, 0x88, 0x88, 0x88, 0x88, 0x88, 0x8f, 0xfe,
    0xdf, 0xff, 0xff, 0xff, 0xff, 0xff, 0xff, 0xff,
    0xff, 0xff, 0xff, 0xfe, 0xdf, 0xff, 0xff, 0xff,
    0xff, 0xff, 0xff, 0xff, 0xff, 0xff, 0xff, 0xfe,
    0xdf, 0xe0, 0x0, 0x0, 0x0, 0x0, 0x0, 0x0,
    0x0, 0x0, 0xf, 0xfe,

    /* U+56ED "园" */
    0x46, 0x66, 0x66, 0x66, 0x66, 0x66, 0x66, 0x66,
    0x66, 0x66, 0x66, 0x65, 0xbf, 0xff, 0xff, 0xff,
    0xff, 0xff, 0xff, 0xff, 0xff, 0xff, 0xff, 0xfd,
    0xbf, 0xff, 0xff, 0xff, 0xff, 0xff, 0xff, 0xff,
    0xff, 0xff, 0xff, 0xfd, 0xbf, 0xe1, 0x11, 0x11,
    0x11, 0x11, 0x11, 0x11, 0x11, 0x11, 0x1e, 0xfd,
    0xbf, 0xe0, 0x0, 0x0, 0x0, 0x0, 0x0, 0x0,
    0x0, 0x0, 0xe, 0xfd, 0xbf, 0xe0, 0x1, 0x55,
    0x55, 0x55, 0x55, 0x55, 0x55, 0x40, 0xe, 0xfd,
    0xbf, 0xe0, 0x4, 0xff, 0xff, 0xff, 0xff, 0xff,
    0xff, 0xe0, 0xe, 0xfd, 0xbf, 0xe0, 0x3, 0xdd,
    0xdd, 0xdd, 0xdd, 0xdd, 0xdd, 0xc0, 0xe, 0xfd,
    0xbf, 0xe0, 0x0, 0x0, 0x0, 0x0, 0x0, 0x0,
    0x0, 0x0, 0xe, 0xfd, 0xbf, 0xe0, 0x0, 0x0,
    0x0, 0x0, 0x0, 0x0, 0x0, 0x0, 0xe, 0xfd,
    0xbf, 0xe2, 0x99, 0x99, 0x99, 0x99, 0x99, 0x99,
    0x99, 0x99, 0xe, 0xfd, 0xbf, 0xe3, 0xff, 0xff,
    0xff, 0xff, 0xff, 0xff, 0xff, 0xff, 0x1e, 0xfd,
    0xbf, 0xe1, 0x99, 0x99, 0xff, 0xd9, 0x9e, 0xfc,
    0x99, 0x99, 0xe, 0xfd, 0xbf, 0xe0, 0x0, 0x0,
    0xef, 0x70, 0xc, 0xf8, 0x0, 0x0, 0xe, 0xfd,
    0xbf, 0xe0, 0x0, 0x1, 0xff, 0x50, 0xc, 0xf8,
    0x0, 0x0, 0xe, 0xfd, 0xbf, 0xe0, 0x0, 0x6,
    0xff, 0x20, 0xc, 0xf8, 0x0, 0x21, 0xe, 0xfd,
    0xbf, 0xe0, 0x0, 0xe, 0xfd, 0x0, 0xc, 0xf8,
    0x0, 0x6f, 0x3e, 0xfd, 0xbf, 0xe0, 0x1, 0xbf,
    0xf5, 0x0, 0xc, 0xf9, 0x0, 0x8f, 0x3e, 0xfd,
    0xbf, 0xe1, 0x7e, 0xff, 0xa0, 0x0, 0xa, 0xff,
    0xff, 0xff, 0x1e, 0xfd, 0xbf, 0xe4, 0xff, 0xf9,
    0x0, 0x0, 0x4, 0xff, 0xff, 0xf9, 0xe, 0xfd,
    0xbf, 0xe0, 0x8b, 0x40, 0x0, 0x0, 0x0, 0x2,
    0x22, 0x10, 0xe, 0xfd, 0xbf, 0xf6, 0x66, 0x66,
    0x66, 0x66, 0x66, 0x66, 0x66, 0x66, 0x6f, 0xfd,
    0xbf, 0xff, 0xff, 0xff, 0xff, 0xff, 0xff, 0xff,
    0xff, 0xff, 0xff, 0xfd, 0xbf, 0xff, 0xff, 0xff,
    0xff, 0xff, 0xff, 0xff, 0xff, 0xff, 0xff, 0xfd,
    0xbf, 0xf1, 0x11, 0x11, 0x11, 0x11, 0x11, 0x11,
    0x11, 0x11, 0x1f, 0xfd,

    /* U+5708 "圈" */
    0x36, 0x66, 0x66, 0x66, 0x66, 0x66, 0x66, 0x66,
    0x66, 0x66, 0x66, 0x66, 0x19, 0xff, 0xff, 0xff,
    0xff, 0xff, 0xff, 0xff, 0xff, 0xff, 0xff, 0xff,
    0xf3, 0x9f, 0xfe, 0xee, 0xee, 0xee, 0xee, 0xee,
    0xee, 0xee, 0xee, 0xef, 0xff, 0x39, 0xfd, 0x0,
    0x0, 0x0, 0x0, 0x76, 0x10, 0x0, 0x0, 0x0,
    0x6f, 0xf3, 0x9f, 0xd0, 0x1, 0xcb, 0x0, 0x1f,
    0xf1, 0x0, 0xec, 0x20, 0x6, 0xff, 0x39, 0xfd,
    0x0, 0xa, 0xf6, 0x5, 0xfd, 0x0, 0x6f, 0xc0,
    0x0, 0x6f, 0xf3, 0x9f, 0xd0, 0x0, 0x2d, 0x60,
    0xbf, 0x80, 0x1e, 0xf3, 0x0, 0x6, 0xff, 0x39,
    0xfd, 0x0, 0xff, 0xff, 0xff, 0xff, 0xff, 0xff,
    0xff, 0xa0, 0x6f, 0xf3, 0x9f, 0xd0, 0x8, 0x99,
    0x9d, 0xfd, 0x99, 0x99, 0x99, 0x96, 0x6, 0xff,
    0x39, 0xfd, 0x0, 0x0, 0x2, 0xff, 0x50, 0x0,
    0x0, 0x0, 0x0, 0x6f, 0xf3, 0x9f, 0xd1, 0xff,
    0xff, 0xff, 0xff, 0xff, 0xff, 0xff, 0xff, 0xa6,
    0xff, 0x39, 0xfd, 0x1b, 0xbb, 0xff, 0xfb, 0xbb,
    0xbc, 0xff, 0xbb, 0xb6, 0x6f, 0xf3, 0x9f, 0xd0,
    0x0, 0x9f, 0xf5, 0x0, 0x0, 0xc, 0xfb, 0x10,
    0x6, 0xff, 0x39, 0xfd, 0x2, 0xcf, 0xff, 0xa9,
    0x99, 0xaa, 0x8e, 0xfd, 0x40, 0x6f, 0xf3, 0x9f,
    0xd7, 0xff, 0xfe, 0xff, 0xff, 0xff, 0xfa, 0x2d,
    0xff, 0xb7, 0xff, 0x39, 0xfd, 0x3f, 0xc2, 0xcf,
    0x50, 0x0, 0x3f, 0x90, 0x9, 0xf5, 0x6f, 0xf3,
    0x9f, 0xd0, 0x20, 0xc, 0xf5, 0x5, 0x6a, 0xf7,
    0x0, 0x1, 0x6, 0xff, 0x39, 0xfd, 0x0, 0x0,
    0xcf, 0x50, 0x8f, 0xfd, 0x22, 0x40, 0x0, 0x6f,
    0xf3, 0x9f, 0xd0, 0x0, 0xc, 0xf5, 0x0, 0x0,
    0x0, 0x6f, 0x90, 0x6, 0xff, 0x39, 0xfd, 0x0,
    0x0, 0xaf, 0xd8, 0x88, 0x88, 0x9e, 0xf6, 0x0,
    0x6f, 0xf3, 0x9f, 0xd0, 0x0, 0x3, 0xdf, 0xff,
    0xff, 0xff, 0xfc, 0x0, 0x6, 0xff, 0x39, 0xfd,
    0x0, 0x0, 0x0, 0x11, 0x22, 0x22, 0x21, 0x0,
    0x0, 0x6f, 0xf3, 0x9f, 0xff, 0xff, 0xff, 0xff,
    0xff, 0xff, 0xff, 0xff, 0xff, 0xff, 0xff, 0x39,
    0xff, 0xff, 0xff, 0xff, 0xff, 0xff, 0xff, 0xff,
    0xff, 0xff, 0xff, 0xf3, 0x9f, 0xe4, 0x44, 0x44,
    0x44, 0x44, 0x44, 0x44, 0x44, 0x44, 0x48, 0xff,
    0x30,

    /* U+5728 "在" */
    0x0, 0x0, 0x0, 0x0, 0x3, 0x73, 0x0, 0x0,
    0x0, 0x0, 0x0, 0x0, 0x0, 0x0, 0x0, 0x0,
    0x0, 0x9, 0xff, 0x40, 0x0, 0x0, 0x0, 0x0,
    0x0, 0x0, 0x0, 0x0, 0x0, 0x0, 0xe, 0xff,
    0x0, 0x0, 0x0, 0x0, 0x0, 0x0, 0x0, 0x0,
    0x0, 0x0, 0x0, 0x3f, 0xf9, 0x0, 0x0, 0x0,
    0x0, 0x0, 0x0, 0x0, 0x18, 0x88, 0x88, 0x88,
    0xcf, 0xfa, 0x88, 0x88, 0x88, 0x88, 0x88, 0x88,
    0x84, 0x2f, 0xff, 0xff, 0xff, 0xff, 0xff, 0xff,
    0xff, 0xff, 0xff, 0xff, 0xff, 0xf9, 0x2f, 0xff,
    0xff, 0xff, 0xff, 0xff, 0xff, 0xff, 0xff, 0xff,
    0xff, 0xff, 0xf9, 0x0, 0x0, 0x0, 0x1f, 0xfe,
    0x10, 0x0, 0x0, 0x0, 0x0, 0x0, 0x0, 0x0,
    0x0, 0x0, 0x0, 0x8f, 0xf7, 0x0, 0x0, 0x3,
    0x99, 0x20, 0x0, 0x0, 0x0, 0x0, 0x0, 0x2,
    0xff, 0xe0, 0x0, 0x0, 0x6, 0xff, 0x40, 0x0,
    0x0, 0x0, 0x0, 0x0, 0xc, 0xff, 0x50, 0x0,
    0x0, 0x6, 0xff, 0x40, 0x0, 0x0, 0x0, 0x0,
    0x0, 0x8f, 0xfb, 0x0, 0x0, 0x0, 0x6, 0xff,
    0x40, 0x0, 0x0, 0x0, 0x0, 0x5, 0xff, 0xf1,
    0x0, 0x0, 0x0, 0x6, 0xff, 0x40, 0x0, 0x0,
    0x0, 0x0, 0x4f, 0xff, 0xd0, 0x3, 0x77, 0x77,
    0x7b, 0xff, 0xa7, 0x77, 0x77, 0x10, 0x5, 0xff,
    0xff, 0xd0, 0x7, 0xff, 0xff, 0xff, 0xff, 0xff,
    0xff, 0xff, 0x40, 0x8f, 0xff, 0xff, 0xd0, 0x7,
    0xff, 0xff, 0xff, 0xff, 0xff, 0xff, 0xff, 0x30,
    0x7f, 0xf8, 0xbf, 0xd0, 0x0, 0x0, 0x0, 0x6,
    0xff, 0x40, 0x0, 0x0, 0x0, 0xd, 0x60, 0xbf,
    0xd0, 0x0, 0x0, 0x0, 0x6, 0xff, 0x40, 0x0,
    0x0, 0x0, 0x0, 0x0, 0xbf, 0xd0, 0x0, 0x0,
    0x0, 0x6, 0xff, 0x40, 0x0, 0x0, 0x0, 0x0,
    0x0, 0xbf, 0xd0, 0x0, 0x0, 0x0, 0x6, 0xff,
    0x40, 0x0, 0x0, 0x0, 0x0, 0x0, 0xbf, 0xd0,
    0x0, 0x0, 0x0, 0x6, 0xff, 0x40, 0x0, 0x0,
    0x0, 0x0, 0x0, 0xbf, 0xd0, 0x0, 0x0, 0x0,
    0x6, 0xff, 0x40, 0x0, 0x0, 0x0, 0x0, 0x0,
    0xbf, 0xd0, 0x0, 0x0, 0x0, 0x6, 0xff, 0x40,
    0x0, 0x0, 0x0, 0x0, 0x0, 0xbf, 0xd0, 0x8f,
    0xff, 0xff, 0xff, 0xff, 0xff, 0xff, 0xff, 0xf8,
    0x0, 0x0, 0xbf, 0xd0, 0x9f, 0xff, 0xff, 0xff,
    0xff, 0xff, 0xff, 0xff, 0xf9, 0x0, 0x0, 0xbf,
    0xd0, 0x48, 0x88, 0x88, 0x88, 0x88, 0x88, 0x88,
    0x88, 0x84,

    /* U+5730 "地" */
    0x0, 0x0, 0x24, 0x40, 0x0, 0x0, 0x0, 0x0,
    0x4, 0xaa, 0x0, 0x0, 0x0, 0x0, 0x0, 0x0,
    0x7f, 0xf0, 0x0, 0x0, 0x0, 0x0, 0x6, 0xff,
    0x10, 0x0, 0x0, 0x0, 0x0, 0x0, 0x7f, 0xf0,
    0x0, 0x0, 0x0, 0x0, 0x6, 0xff, 0x10, 0x0,
    0x0, 0x0, 0x0, 0x0, 0x7f, 0xf0, 0x0, 0x1,
    0xff, 0x70, 0x6, 0xff, 0x10, 0x0, 0x0, 0x0,
    0x0, 0x0, 0x7f, 0xf0, 0x0, 0x1, 0xff, 0x70,
    0x6, 0xff, 0x10, 0x0, 0x0, 0x0, 0x0, 0x0,
    0x7f, 0xf0, 0x0, 0x1, 0xff, 0x70, 0x6, 0xff,
    0x10, 0x8, 0xc6, 0x0, 0x0, 0x0, 0x7f, 0xf0,
    0x0, 0x1, 0xff, 0x70, 0x6, 0xff, 0x28, 0xef,
    0xfe, 0x0, 0xf, 0xff, 0xff, 0xff, 0xff, 0x21,
    0xff, 0x70, 0x6, 0xff, 0xff, 0xff, 0xfe, 0x0,
    0xf, 0xff, 0xff, 0xff, 0xff, 0x21, 0xff, 0x70,
    0x6d, 0xff, 0xff, 0xcd, 0xfd, 0x0, 0x7, 0x88,
    0xbf, 0xf8, 0x88, 0x11, 0xff, 0xce, 0xff, 0xff,
    0xa3, 0xa, 0xfd, 0x0, 0x0, 0x0, 0x7f, 0xf0,
    0x0, 0x5, 0xff, 0xff, 0xff, 0xff, 0x10, 0xa,
    0xfd, 0x0, 0x0, 0x0, 0x7f, 0xf0, 0x6, 0xdf,
    0xff, 0xfc, 0x57, 0xff, 0x10, 0xa, 0xfd, 0x0,
    0x0, 0x0, 0x7f, 0xf0, 0xb, 0xff, 0xff, 0x80,
    0x6, 0xff, 0x10, 0xb, 0xfd, 0x0, 0x0, 0x0,
    0x7f, 0xf0, 0x4, 0xe8, 0xff, 0x70, 0x6, 0xff,
    0x10, 0xb, 0xfc, 0x0, 0x0, 0x0, 0x7f, 0xf0,
    0x0, 0x1, 0xff, 0x70, 0x6, 0xff, 0x10, 0xb,
    0xfc, 0x0, 0x0, 0x0, 0x7f, 0xf0, 0x1, 0x1,
    0xff, 0x70, 0x6, 0xff, 0x10, 0xc, 0xfb, 0x0,
    0x0, 0x0, 0x7f, 0xf3, 0xaf, 0x21, 0xff, 0x70,
    0x6, 0xff, 0x16, 0x7f, 0xf9, 0x0, 0x0, 0x0,
    0x7f, 0xff, 0xff, 0x61, 0xff, 0x70, 0x6, 0xff,
    0x1d, 0xff, 0xf5, 0x0, 0x0, 0x28, 0xef, 0xff,
    0xf9, 0x21, 0xff, 0x70, 0x6, 0xff, 0x18, 0xca,
    0x50, 0x0, 0x1b, 0xff, 0xff, 0xf9, 0x10, 0x1,
    0xff, 0x70, 0x6, 0xff, 0x10, 0x0, 0x11, 0x0,
    0xd, 0xff, 0xf8, 0x10, 0x0, 0x1, 0xff, 0x70,
    0x0, 0x0, 0x0, 0x0, 0x4f, 0x90, 0x7, 0xe8,
    0x10, 0x0, 0x0, 0x1, 0xff, 0x70, 0x0, 0x0,
    0x0, 0x0, 0x6f, 0xf1, 0x0, 0x0, 0x0, 0x0,
    0x0, 0x0, 0xff, 0x80, 0x0, 0x0, 0x0, 0x0,
    0x9f, 0xe0, 0x0, 0x0, 0x0, 0x0, 0x0, 0x0,
    0xef, 0xe7, 0x66, 0x66, 0x66, 0x68, 0xff, 0xa0,
    0x0, 0x0, 0x0, 0x0, 0x0, 0x0, 0x9f, 0xff,
    0xff, 0xff, 0xff, 0xff, 0xff, 0x30, 0x0, 0x0,
    0x0, 0x0, 0x0, 0x0, 0x8, 0xdf, 0xff, 0xff,
    0xff, 0xff, 0xc5, 0x0,

    /* U+5747 "均" */
    0x0, 0x0, 0x24, 0x40, 0x0, 0x0, 0x0, 0x1,
    0x72, 0x0, 0x0, 0x0, 0x0, 0x0, 0x0, 0x9,
    0xff, 0x0, 0x0, 0x0, 0x0, 0x8f, 0xf3, 0x0,
    0x0, 0x0, 0x0, 0x0, 0x0, 0x9f, 0xf0, 0x0,
    0x0, 0x0, 0xe, 0xfd, 0x0, 0x0, 0x0, 0x0,
    0x0, 0x0, 0x9, 0xff, 0x0, 0x0, 0x0, 0x8,
    0xff, 0x60, 0x0, 0x0, 0x0, 0x0, 0x0, 0x0,
    0x9f, 0xf0, 0x0, 0x0, 0x1, 0xff, 0xf4, 0x44,
    0x44, 0x44, 0x44, 0x10, 0x0, 0x9, 0xff, 0x0,
    0x0, 0x0, 0xbf, 0xff, 0xff, 0xff, 0xff, 0xff,
    0xf6, 0x0, 0x0, 0x9f, 0xf0, 0x0, 0x0, 0x6f,
    0xff, 0xff, 0xff, 0xff, 0xff, 0xff, 0x50, 0xef,
    0xff, 0xff, 0xff, 0xf2, 0x3f, 0xff, 0x42, 0x22,
    0x22, 0x22, 0x4f, 0xf5, 0xe, 0xff, 0xff, 0xff,
    0xff, 0x4e, 0xff, 0x60, 0x0, 0x0, 0x0, 0x2,
    0xff, 0x40, 0x78, 0x8c, 0xff, 0x88, 0x8e, 0xff,
    0xa0, 0x0, 0x0, 0x0, 0x0, 0x2f, 0xf4, 0x0,
    0x0, 0x9f, 0xf0, 0x0, 0x5f, 0xd0, 0x5e, 0x30,
    0x0, 0x0, 0x3, 0xff, 0x30, 0x0, 0x9, 0xff,
    0x0, 0x0, 0x61, 0xe, 0xff, 0x50, 0x0, 0x0,
    0x3f, 0xf3, 0x0, 0x0, 0x9f, 0xf0, 0x0, 0x0,
    0x0, 0x1d, 0xff, 0x70, 0x0, 0x4, 0xff, 0x20,
    0x0, 0x9, 0xff, 0x0, 0x0, 0x0, 0x0, 0x1c,
    0xff, 0x90, 0x0, 0x4f, 0xf2, 0x0, 0x0, 0x9f,
    0xf0, 0x0, 0x0, 0x0, 0x0, 0xb, 0xfc, 0x0,
    0x5, 0xff, 0x10, 0x0, 0x9, 0xff, 0x0, 0x2,
    0x0, 0x0, 0x0, 0x9, 0x12, 0xa4, 0x6f, 0xf0,
    0x0, 0x0, 0x9f, 0xf0, 0x5d, 0xe0, 0x0, 0x0,
    0x0, 0x2a, 0xff, 0x97, 0xff, 0x0, 0x0, 0x9,
    0xff, 0xdf, 0xff, 0x20, 0x0, 0x3, 0xaf, 0xff,
    0xc3, 0x8f, 0xf0, 0x0, 0x1, 0xcf, 0xff, 0xfc,
    0x40, 0x0, 0x3b, 0xff, 0xfd, 0x50, 0x9, 0xfe,
    0x0, 0x3a, 0xff, 0xff, 0xc4, 0x0, 0x4, 0xcf,
    0xff, 0xe6, 0x0, 0x0, 0xbf, 0xc0, 0xe, 0xff,
    0xfc, 0x40, 0x0, 0x7, 0xff, 0xfe, 0x70, 0x0,
    0x0, 0xd, 0xfb, 0x0, 0x9f, 0xc4, 0x0, 0x0,
    0x0, 0x1f, 0xf7, 0x0, 0x0, 0x0, 0x0, 0xff,
    0x80, 0x2, 0x40, 0x0, 0x0, 0x0, 0x0, 0x51,
    0x0, 0x0, 0x0, 0x0, 0x4f, 0xf6, 0x0, 0x0,
    0x0, 0x0, 0x0, 0x0, 0x0, 0x0, 0x0, 0x87,
    0x76, 0x7e, 0xff, 0x20, 0x0, 0x0, 0x0, 0x0,
    0x0, 0x0, 0x0, 0x0, 0xb, 0xff, 0xff, 0xff,
    0xa0, 0x0, 0x0, 0x0, 0x0, 0x0, 0x0, 0x0,
    0x0, 0x0, 0x7f, 0xff, 0xfd, 0x80, 0x0, 0x0,
    0x0, 0x0, 0x0, 0x0, 0x0, 0x0, 0x0, 0x0,
    0x0, 0x0, 0x0, 0x0, 0x0,

    /* U+5757 "块" */
    0x0, 0x0, 0x24, 0x40, 0x0, 0x0, 0x0, 0x0,
    0x55, 0x20, 0x0, 0x0, 0x0, 0x0, 0x0, 0x7,
    0xff, 0x10, 0x0, 0x0, 0x0, 0x1f, 0xf7, 0x0,
    0x0, 0x0, 0x0, 0x0, 0x0, 0x7f, 0xf1, 0x0,
    0x0, 0x0, 0x1, 0xff, 0x70, 0x0, 0x0, 0x0,
    0x0, 0x0, 0x7, 0xff, 0x10, 0x0, 0x0, 0x0,
    0x1f, 0xf7, 0x0, 0x0, 0x0, 0x0, 0x0, 0x0,
    0x7f, 0xf1, 0x0, 0x0, 0x0, 0x2, 0xff, 0x80,
    0x0, 0x0, 0x0, 0x0, 0x0, 0x7, 0xff, 0x10,
    0x0, 0xcf, 0xff, 0xff, 0xff, 0xff, 0xff, 0xf8,
    0x0, 0x0, 0x0, 0x7f, 0xf1, 0x0, 0xc, 0xff,
    0xff, 0xff, 0xff, 0xff, 0xff, 0x80, 0x0, 0xaf,
    0xff, 0xff, 0xff, 0xf0, 0x57, 0x77, 0x8f, 0xfb,
    0x77, 0x7f, 0xf8, 0x0, 0xa, 0xff, 0xff, 0xff,
    0xff, 0x0, 0x0, 0x1, 0xff, 0x70, 0x0, 0xef,
    0x80, 0x0, 0x58, 0x8b, 0xff, 0x88, 0x80, 0x0,
    0x0, 0x1f, 0xf7, 0x0, 0xe, 0xf8, 0x0, 0x0,
    0x0, 0x7f, 0xf1, 0x0, 0x0, 0x0, 0x1, 0xff,
    0x70, 0x0, 0xef, 0x80, 0x0, 0x0, 0x7, 0xff,
    0x10, 0x0, 0x0, 0x0, 0x1f, 0xf7, 0x0, 0xe,
    0xf8, 0x0, 0x0, 0x0, 0x7f, 0xf1, 0x0, 0x0,
    0x0, 0x2, 0xff, 0x60, 0x0, 0xef, 0x80, 0x0,
    0x0, 0x7, 0xff, 0x10, 0xa, 0xff, 0xff, 0xff,
    0xff, 0xff, 0xff, 0xff, 0xf6, 0x0, 0x0, 0x7f,
    0xf1, 0x0, 0xbf, 0xff, 0xff, 0xff, 0xff, 0xff,
    0xff, 0xff, 0x70, 0x0, 0x7, 0xff, 0x11, 0x76,
    0x99, 0x99, 0xdf, 0xff, 0xf9, 0x99, 0x99, 0x93,
    0x0, 0x0, 0x7f, 0xfa, 0xff, 0x10, 0x0, 0xc,
    0xff, 0xff, 0x30, 0x0, 0x0, 0x0, 0x0, 0x9,
    0xff, 0xff, 0xf3, 0x0, 0x2, 0xff, 0xae, 0xf9,
    0x0, 0x0, 0x0, 0x2, 0x8e, 0xff, 0xff, 0xa2,
    0x0, 0x0, 0x9f, 0xf4, 0x8f, 0xf2, 0x0, 0x0,
    0x0, 0xef, 0xff, 0xfa, 0x20, 0x0, 0x0, 0x3f,
    0xfd, 0x2, 0xff, 0xb0, 0x0, 0x0, 0x8, 0xff,
    0x92, 0x0, 0x0, 0x0, 0xd, 0xff, 0x50, 0xa,
    0xff, 0x60, 0x0, 0x0, 0x28, 0x10, 0x0, 0x0,
    0x0, 0xc, 0xff, 0xb0, 0x0, 0x1f, 0xff, 0x40,
    0x0, 0x0, 0x0, 0x0, 0x0, 0x0, 0x2d, 0xff,
    0xd1, 0x0, 0x0, 0x6f, 0xff, 0x60, 0x0, 0x0,
    0x0, 0x0, 0x0, 0x7f, 0xff, 0xd2, 0x0, 0x0,
    0x0, 0x9f, 0xff, 0xb2, 0x0, 0x0, 0x0, 0x0,
    0xcf, 0xff, 0xb1, 0x0, 0x0, 0x0, 0x0, 0x9f,
    0xff, 0x80, 0x0, 0x0, 0x0, 0x2, 0xee, 0x60,
    0x0, 0x0, 0x0, 0x0, 0x0, 0x6f, 0xb0, 0x0,
    0x0, 0x0, 0x0, 0x2, 0x0, 0x0, 0x0, 0x0,
    0x0, 0x0, 0x0, 0x11, 0x0,

    /* U+5806 "堆" */
    0x0, 0x0, 0x24, 0x40, 0x0, 0x0, 0x0, 0x34,
    0x0, 0x0, 0x30, 0x0, 0x0, 0x0, 0x0, 0x7,
    0xff, 0x10, 0x0, 0x0, 0xb, 0xff, 0x16, 0xff,
    0x20, 0x0, 0x0, 0x0, 0x0, 0x7f, 0xf1, 0x0,
    0x0, 0x1, 0xff, 0xb0, 0x2f, 0xfa, 0x0, 0x0,
    0x0, 0x0, 0x7, 0xff, 0x10, 0x0, 0x0, 0x7f,
    0xf5, 0x0, 0xaf, 0xf2, 0x0, 0x0, 0x0, 0x0,
    0x7f, 0xf1, 0x0, 0x0, 0xe, 0xfd, 0x0, 0x3,
    0xff, 0x50, 0x0, 0x0, 0x0, 0x7, 0xff, 0x10,
    0x0, 0x6, 0xff, 0xd9, 0x99, 0x9f, 0xb9, 0x99,
    0x94, 0x0, 0x0, 0x7f, 0xf1, 0x0, 0x0, 0xef,
    0xff, 0xff, 0xff, 0xff, 0xff, 0xff, 0x70, 0xef,
    0xff, 0xff, 0xff, 0xf3, 0x8f, 0xff, 0xcc, 0xcc,
    0xff, 0xec, 0xcc, 0xc6, 0xe, 0xff, 0xff, 0xff,
    0xff, 0x6f, 0xff, 0xe0, 0x0, 0xf, 0xf8, 0x0,
    0x0, 0x0, 0x78, 0x8b, 0xff, 0x88, 0x8f, 0xff,
    0xfe, 0x0, 0x0, 0xff, 0x80, 0x0, 0x0, 0x0,
    0x0, 0x7f, 0xf1, 0x7, 0xff, 0xff, 0xf2, 0x22,
    0x2f, 0xf9, 0x22, 0x21, 0x0, 0x0, 0x7, 0xff,
    0x10, 0xc, 0xba, 0xff, 0xff, 0xff, 0xff, 0xff,
    0xff, 0xc0, 0x0, 0x0, 0x7f, 0xf1, 0x0, 0x11,
    0x9f, 0xff, 0xff, 0xff, 0xff, 0xff, 0xfc, 0x0,
    0x0, 0x7, 0xff, 0x10, 0x0, 0x9, 0xff, 0x44,
    0x44, 0xff, 0xa4, 0x44, 0x30, 0x0, 0x0, 0x7f,
    0xf1, 0x0, 0x0, 0x9f, 0xe0, 0x0, 0xf, 0xf8,
    0x0, 0x0, 0x0, 0x0, 0x7, 0xff, 0x10, 0x42,
    0x9, 0xfe, 0x0, 0x0, 0xff, 0x80, 0x0, 0x0,
    0x0, 0x0, 0x7f, 0xf7, 0xdf, 0x70, 0x9f, 0xfe,
    0xee, 0xef, 0xff, 0xee, 0xeb, 0x0, 0x0, 0x8,
    0xff, 0xff, 0xfa, 0x9, 0xff, 0xff, 0xff, 0xff,
    0xff, 0xff, 0xc0, 0x0, 0x5b, 0xff, 0xff, 0xd6,
    0x0, 0x9f, 0xf7, 0x77, 0x7f, 0xfb, 0x77, 0x75,
    0x0, 0xef, 0xff, 0xfd, 0x50, 0x0, 0x9, 0xfe,
    0x0, 0x0, 0xff, 0x80, 0x0, 0x0, 0xb, 0xff,
    0xc5, 0x0, 0x0, 0x0, 0x9f, 0xe0, 0x0, 0xf,
    0xf8, 0x0, 0x0, 0x0, 0x5c, 0x40, 0x0, 0x0,
    0x0, 0x9, 0xfe, 0x0, 0x0, 0xff, 0x80, 0x0,
    0x0, 0x0, 0x0, 0x0, 0x0, 0x0, 0x0, 0x9f,
    0xff, 0xff, 0xff, 0xff, 0xff, 0xff, 0xd0, 0x0,
    0x0, 0x0, 0x0, 0x0, 0x9, 0xff, 0xff, 0xff,
    0xff, 0xff, 0xff, 0xfd, 0x0, 0x0, 0x0, 0x0,
    0x0, 0x0, 0x9f, 0xf7, 0x77, 0x77, 0x77, 0x77,
    0x77, 0x60, 0x0, 0x0, 0x0, 0x0, 0x0, 0x9,
    0xfe, 0x0, 0x0, 0x0, 0x0, 0x0, 0x0,

    /* U+586B "填" */
    0x0, 0x0, 0x44, 0x20, 0x0, 0x0, 0x0, 0x0,
    0x8, 0x85, 0x0, 0x0, 0x0, 0x0, 0x0, 0x0,
    0xef, 0x90, 0x0, 0x0, 0x0, 0x0, 0x2f, 0xfa,
    0x0, 0x0, 0x0, 0x0, 0x0, 0x0, 0xef, 0x90,
    0x0, 0x23, 0x33, 0x33, 0x6f, 0xf8, 0x33, 0x33,
    0x33, 0x0, 0x0, 0x0, 0xef, 0x90, 0x0, 0xaf,
    0xff, 0xff, 0xff, 0xff, 0xff, 0xff, 0xff, 0x10,
    0x0, 0x0, 0xef, 0x90, 0x0, 0xaf, 0xff, 0xff,
    0xff, 0xff, 0xff, 0xff, 0xff, 0x10, 0x0, 0x0,
    0xef, 0x90, 0x0, 0x0, 0x0, 0x0, 0xcf, 0xa0,
    0x0, 0x0, 0x0, 0x0, 0x3, 0x33, 0xff, 0xb3,
    0x32, 0x0, 0xaa, 0xaa, 0xff, 0xda, 0xaa, 0xaa,
    0x60, 0x0, 0xf, 0xff, 0xff, 0xff, 0xfa, 0x1,
    0xff, 0xff, 0xff, 0xff, 0xff, 0xff, 0xa0, 0x0,
    0xf, 0xff, 0xff, 0xff, 0xfa, 0x1, 0xff, 0x52,
    0x22, 0x22, 0x22, 0xcf, 0xa0, 0x0, 0x6, 0x77,
    0xff, 0xc7, 0x74, 0x1, 0xff, 0x51, 0x11, 0x11,
    0x11, 0xcf, 0xa0, 0x0, 0x0, 0x0, 0xef, 0x90,
    0x0, 0x1, 0xff, 0xff, 0xff, 0xff, 0xff, 0xff,
    0xa0, 0x0, 0x0, 0x0, 0xef, 0x90, 0x0, 0x1,
    0xff, 0x85, 0x55, 0x55, 0x55, 0xdf, 0xa0, 0x0,
    0x0, 0x0, 0xef, 0x90, 0x0, 0x1, 0xff, 0x40,
    0x0, 0x0, 0x0, 0xcf, 0xa0, 0x0, 0x0, 0x0,
    0xef, 0x90, 0x0, 0x1, 0xff, 0xff, 0xff, 0xff,
    0xff, 0xff, 0xa0, 0x0, 0x0, 0x0, 0xef, 0x90,
    0x0, 0x1, 0xff, 0xa8, 0x88, 0x88, 0x88, 0xef,
    0xa0, 0x0, 0x0, 0x0, 0xef, 0x90, 0x0, 0x1,
    0xff, 0x40, 0x0, 0x0, 0x0, 0xcf, 0xa0, 0x0,
    0x0, 0x0, 0xef, 0x90, 0x0, 0x1, 0xff, 0xff,
    0xff, 0xff, 0xff, 0xff, 0xa0, 0x0, 0x0, 0x0,
    0xef, 0x92, 0x85, 0x1, 0xff, 0xa8, 0x88, 0x88,
    0x88, 0xef, 0xa0, 0x0, 0x0, 0x0, 0xef, 0xff,
    0xf9, 0x1, 0xff, 0x40, 0x0, 0x0, 0x0, 0xcf,
    0xa0, 0x0, 0x1, 0x6c, 0xff, 0xff, 0xfd, 0xff,
    0xff, 0xff, 0xff, 0xff, 0xff, 0xff, 0xff, 0xf0,
    0x1f, 0xff, 0xff, 0xd6, 0x7, 0xff, 0xff, 0xff,
    0xff, 0xff, 0xff, 0xff, 0xff, 0xf0, 0xb, 0xff,
    0xa3, 0x0, 0x1, 0x44, 0x44, 0xbe, 0x54, 0x44,
    0xae, 0x74, 0x44, 0x40, 0x4, 0x71, 0x0, 0x0,
    0x0, 0x0, 0x2c, 0xff, 0xd0, 0x4, 0xff, 0xf9,
    0x0, 0x0, 0x0, 0x0, 0x0, 0x0, 0x0, 0x29,
    0xff, 0xfc, 0x20, 0x0, 0x5e, 0xff, 0xe4, 0x0,
    0x0, 0x0, 0x0, 0x0, 0x9, 0xff, 0xfe, 0x50,
    0x0, 0x0, 0x0, 0x9f, 0xff, 0x60, 0x0, 0x0,
    0x0, 0x0, 0x6, 0xfe, 0x70, 0x0, 0x0, 0x0,
    0x0, 0x4, 0xed, 0x10, 0x0, 0x0, 0x0, 0x0,
    0x0, 0x40, 0x0, 0x0, 0x0, 0x0, 0x0, 0x0,
    0x21, 0x0,

    /* U+5907 "备" */
    0x0, 0x0, 0x0, 0x0, 0x2, 0xa7, 0x30, 0x0,
    0x0, 0x0, 0x0, 0x0, 0x0, 0x0, 0x0, 0x0,
    0x0, 0x0, 0xc, 0xff, 0x60, 0x0, 0x0, 0x0,
    0x0, 0x0, 0x0, 0x0, 0x0, 0x0, 0x0, 0x0,
    0xaf, 0xfd, 0x55, 0x55, 0x55, 0x55, 0x62, 0x0,
    0x0, 0x0, 0x0, 0x0, 0x0, 0xa, 0xff, 0xff,
    0xff, 0xff, 0xff, 0xff, 0xff, 0x80, 0x0, 0x0,
    0x0, 0x0, 0x1, 0xbf, 0xff, 0xff, 0xff, 0xff,
    0xff, 0xff, 0xff, 0x50, 0x0, 0x0, 0x0, 0x0,
    0x4e, 0xff, 0xf9, 0x0, 0x0, 0x0, 0x3, 0xef,
    0xf8, 0x0, 0x0, 0x0, 0x0, 0x3b, 0xff, 0xff,
    0xff, 0xb1, 0x0, 0x0, 0x6f, 0xff, 0x90, 0x0,
    0x0, 0x0, 0x0, 0xcf, 0xfe, 0x51, 0xcf, 0xfe,
    0x60, 0x2b, 0xff, 0xf7, 0x0, 0x0, 0x0, 0x0,
    0x0, 0x1d, 0x91, 0x0, 0x8, 0xff, 0xfe, 0xff,
    0xfe, 0x40, 0x0, 0x0, 0x0, 0x0, 0x0, 0x0,
    0x0, 0x0, 0x0, 0x9f, 0xff, 0xff, 0xf6, 0x0,
    0x0, 0x0, 0x0, 0x0, 0x0, 0x0, 0x0, 0x26,
    0xbf, 0xff, 0xff, 0xff, 0xff, 0xfb, 0x84, 0x10,
    0x0, 0x0, 0x2, 0x57, 0xae, 0xff, 0xff, 0xff,
    0x92, 0x3a, 0xff, 0xff, 0xff, 0xfe, 0xb9, 0x71,
    0x2f, 0xff, 0xff, 0xff, 0xea, 0x50, 0x0, 0x0,
    0x5, 0x9e, 0xff, 0xff, 0xff, 0xb0, 0xa, 0xff,
    0xeb, 0x73, 0x0, 0x0, 0x0, 0x0, 0x0, 0x0,
    0x25, 0x9c, 0xef, 0x10, 0x2, 0x42, 0xaf, 0xff,
    0xff, 0xff, 0xff, 0xff, 0xff, 0xff, 0xff, 0xf5,
    0x0, 0x0, 0x0, 0x0, 0xaf, 0xff, 0xff, 0xff,
    0xff, 0xff, 0xff, 0xff, 0xff, 0xf5, 0x0, 0x0,
    0x0, 0x0, 0xaf, 0xf6, 0x55, 0x55, 0xcf, 0xf6,
    0x55, 0x55, 0xdf, 0xf5, 0x0, 0x0, 0x0, 0x0,
    0xaf, 0xf1, 0x0, 0x0, 0xaf, 0xf1, 0x0, 0x0,
    0xbf, 0xf5, 0x0, 0x0, 0x0, 0x0, 0xaf, 0xf4,
    0x33, 0x33, 0xbf, 0xf4, 0x33, 0x33, 0xcf, 0xf5,
    0x0, 0x0, 0x0, 0x0, 0xaf, 0xff, 0xff, 0xff,
    0xff, 0xff, 0xff, 0xff, 0xff, 0xf5, 0x0, 0x0,
    0x0, 0x0, 0xaf, 0xfe, 0xee, 0xee, 0xff, 0xfe,
    0xee, 0xee, 0xff, 0xf5, 0x0, 0x0, 0x0, 0x0,
    0xaf, 0xf1, 0x0, 0x0, 0xaf, 0xf1, 0x0, 0x0,
    0xbf, 0xf5, 0x0, 0x0, 0x0, 0x0, 0xaf, 0xf1,
    0x0, 0x0, 0xaf, 0xf1, 0x0, 0x0, 0xbf, 0xf5,
    0x0, 0x0, 0x0, 0x0, 0xaf, 0xff, 0xff, 0xff,
    0xff, 0xff, 0xff, 0xff, 0xff, 0xf5, 0x0, 0x0,
    0x0, 0x0, 0xaf, 0xff, 0xff, 0xff, 0xff, 0xff,
    0xff, 0xff, 0xff, 0xf5, 0x0, 0x0, 0x0, 0x0,
    0xaf, 0xf6, 0x55, 0x55, 0x55, 0x55, 0x55, 0x55,
    0xdf, 0xf5, 0x0, 0x0, 0x0, 0x0, 0x0, 0x0,
    0x0, 0x0, 0x0, 0x0, 0x0, 0x0, 0x0, 0x0,
    0x0, 0x0,

    /* U+590D "复" */
    0x0, 0x0, 0x0, 0x7, 0x40, 0x0, 0x0, 0x0,
    0x0, 0x0, 0x0, 0x0, 0x0, 0x0, 0x0, 0x0,
    0x0, 0x3f, 0xf8, 0x0, 0x0, 0x0, 0x0, 0x0,
    0x0, 0x0, 0x0, 0x0, 0x0, 0x0, 0x0, 0xdf,
    0xf2, 0x11, 0x11, 0x11, 0x11, 0x11, 0x11, 0x11,
    0x10, 0x0, 0x0, 0x0, 0x9, 0xff, 0xff, 0xff,
    0xff, 0xff, 0xff, 0xff, 0xff, 0xff, 0xfd, 0x0,
    0x0, 0x0, 0x6f, 0xff, 0xff, 0xff, 0xff, 0xff,
    0xff, 0xff, 0xff, 0xff, 0xfd, 0x0, 0x0, 0x6,
    0xff, 0xd2, 0x22, 0x22, 0x22, 0x22, 0x22, 0x22,
    0x22, 0x22, 0x21, 0x0, 0x0, 0x7f, 0xfe, 0x31,
    0x11, 0x11, 0x11, 0x11, 0x11, 0x11, 0x11, 0x11,
    0x0, 0x0, 0x5, 0xff, 0xe4, 0xff, 0xff, 0xff,
    0xff, 0xff, 0xff, 0xff, 0xff, 0xfe, 0x0, 0x0,
    0x0, 0xae, 0x21, 0xff, 0xeb, 0xbb, 0xbb, 0xbb,
    0xbb, 0xbb, 0xbf, 0xfe, 0x0, 0x0, 0x0, 0x1,
    0x1, 0xff, 0x80, 0x0, 0x0, 0x0, 0x0, 0x0,
    0xd, 0xfe, 0x0, 0x0, 0x0, 0x0, 0x1, 0xff,
    0xff, 0xff, 0xff, 0xff, 0xff, 0xff, 0xff, 0xfe,
    0x0, 0x0, 0x0, 0x0, 0x1, 0xff, 0xec, 0xcc,
    0xcc, 0xcc, 0xcc, 0xcc, 0xcf, 0xfe, 0x0, 0x0,
    0x0, 0x0, 0x1, 0xff, 0x80, 0x0, 0x0, 0x0,
    0x0, 0x0, 0xd, 0xfe, 0x0, 0x0, 0x0, 0x0,
    0x1, 0xff, 0xec, 0xcc, 0xcc, 0xcc, 0xcc, 0xcc,
    0xcf, 0xfe, 0x0, 0x0, 0x0, 0x0, 0x1, 0xff,
    0xff, 0xff, 0xff, 0xff, 0xff, 0xff, 0xff, 0xfe,
    0x0, 0x0, 0x0, 0x0, 0x0, 0x0, 0x5f, 0xf9,
    0x0, 0x0, 0x0, 0x0, 0x0, 0x0, 0x0, 0x0,
    0x0, 0x0, 0x0, 0x3, 0xff, 0xd1, 0x11, 0x11,
    0x11, 0x11, 0x12, 0x0, 0x0, 0x0, 0x0, 0x0,
    0x0, 0x4f, 0xff, 0xff, 0xff, 0xff, 0xff, 0xff,
    0xff, 0xd2, 0x0, 0x0, 0x0, 0x0, 0x7, 0xff,
    0xff, 0xee, 0xee, 0xee, 0xee, 0xef, 0xff, 0xf2,
    0x0, 0x0, 0x0, 0x2, 0xcf, 0xfe, 0xff, 0x50,
    0x0, 0x0, 0x0, 0x6f, 0xff, 0x30, 0x0, 0x0,
    0x0, 0x1e, 0xff, 0xa0, 0x9f, 0xfa, 0x20, 0x0,
    0x3c, 0xff, 0xe3, 0x0, 0x0, 0x0, 0x0, 0x3,
    0xe6, 0x0, 0x6, 0xff, 0xfa, 0x6c, 0xff, 0xfa,
    0x10, 0x0, 0x0, 0x0, 0x0, 0x0, 0x0, 0x0,
    0x0, 0x4e, 0xff, 0xff, 0xff, 0x50, 0x0, 0x0,
    0x0, 0x0, 0x0, 0x0, 0x14, 0x68, 0xbe, 0xff,
    0xff, 0xff, 0xff, 0xfe, 0xb8, 0x64, 0x31, 0x0,
    0xa, 0xef, 0xff, 0xff, 0xff, 0xff, 0xa6, 0x26,
    0xbf, 0xff, 0xff, 0xff, 0xff, 0xe1, 0x6, 0xff,
    0xff, 0xfd, 0xa7, 0x30, 0x0, 0x0, 0x0, 0x37,
    0xad, 0xff, 0xff, 0x60, 0x1, 0x86, 0x42, 0x0,
    0x0, 0x0, 0x0, 0x0, 0x0, 0x0, 0x0, 0x1,
    0x34, 0x0,

    /* U+5927 "大" */
    0x0, 0x0, 0x0, 0x0, 0x0, 0x2, 0x99, 0x60,
    0x0, 0x0, 0x0, 0x0, 0x0, 0x0, 0x0, 0x0,
    0x0, 0x0, 0x0, 0x3f, 0xfa, 0x0, 0x0, 0x0,
    0x0, 0x0, 0x0, 0x0, 0x0, 0x0, 0x0, 0x0,
    0x3, 0xff, 0xa0, 0x0, 0x0, 0x0, 0x0, 0x0,
    0x0, 0x0, 0x0, 0x0, 0x0, 0x0, 0x4f, 0xf9,
    0x0, 0x0, 0x0, 0x0, 0x0, 0x0, 0x0, 0x0,
    0x0, 0x0, 0x0, 0x4, 0xff, 0x90, 0x0, 0x0,
    0x0, 0x0, 0x0, 0x0, 0x0, 0x0, 0x0, 0x0,
    0x0, 0x5f, 0xf8, 0x0, 0x0, 0x0, 0x0, 0x0,
    0x0, 0x0, 0x0, 0x0, 0x0, 0x0, 0x6, 0xff,
    0x70, 0x0, 0x0, 0x0, 0x0, 0x0, 0x0, 0x0,
    0x0, 0x0, 0x0, 0x0, 0x8f, 0xf5, 0x0, 0x0,
    0x0, 0x0, 0x0, 0x0, 0x1c, 0xcc, 0xcc, 0xcc,
    0xcc, 0xce, 0xff, 0xdc, 0xcc, 0xcc, 0xcc, 0xcc,
    0xc8, 0x1, 0xff, 0xff, 0xff, 0xff, 0xff, 0xff,
    0xff, 0xff, 0xff, 0xff, 0xff, 0xff, 0xa0, 0x1f,
    0xff, 0xff, 0xff, 0xff, 0xff, 0xff, 0xff, 0xff,
    0xff, 0xff, 0xff, 0xfa, 0x0, 0x0, 0x0, 0x0,
    0x0, 0x2, 0xff, 0xff, 0x80, 0x0, 0x0, 0x0,
    0x0, 0x0, 0x0, 0x0, 0x0, 0x0, 0x0, 0x6f,
    0xff, 0xfe, 0x0, 0x0, 0x0, 0x0, 0x0, 0x0,
    0x0, 0x0, 0x0, 0x0, 0xb, 0xff, 0xdf, 0xf5,
    0x0, 0x0, 0x0, 0x0, 0x0, 0x0, 0x0, 0x0,
    0x0, 0x1, 0xff, 0xe3, 0xff, 0xc0, 0x0, 0x0,
    0x0, 0x0, 0x0, 0x0, 0x0, 0x0, 0x0, 0x8f,
    0xf8, 0xc, 0xff, 0x40, 0x0, 0x0, 0x0, 0x0,
    0x0, 0x0, 0x0, 0x0, 0x1f, 0xff, 0x20, 0x5f,
    0xfd, 0x0, 0x0, 0x0, 0x0, 0x0, 0x0, 0x0,
    0x0, 0xa, 0xff, 0xa0, 0x0, 0xcf, 0xf8, 0x0,
    0x0, 0x0, 0x0, 0x0, 0x0, 0x0, 0x5, 0xff,
    0xf2, 0x0, 0x3, 0xff, 0xf4, 0x0, 0x0, 0x0,
    0x0, 0x0, 0x0, 0x3, 0xff, 0xf7, 0x0, 0x0,
    0x9, 0xff, 0xf2, 0x0, 0x0, 0x0, 0x0, 0x0,
    0x3, 0xef, 0xfc, 0x0, 0x0, 0x0, 0xd, 0xff,
    0xe2, 0x0, 0x0, 0x0, 0x0, 0x5, 0xff, 0xfd,
    0x10, 0x0, 0x0, 0x0, 0x2e, 0xff, 0xf4, 0x0,
    0x0, 0x0, 0x1a, 0xff, 0xfd, 0x10, 0x0, 0x0,
    0x0, 0x0, 0x3f, 0xff, 0xf9, 0x10, 0x0, 0x7e,
    0xff, 0xfc, 0x10, 0x0, 0x0, 0x0, 0x0, 0x0,
    0x3e, 0xff, 0xfe, 0x70, 0x3f, 0xff, 0xf8, 0x0,
    0x0, 0x0, 0x0, 0x0, 0x0, 0x0, 0x1b, 0xff,
    0xf8, 0x0, 0x4f, 0xb2, 0x0, 0x0, 0x0, 0x0,
    0x0, 0x0, 0x0, 0x0, 0x6, 0xec, 0x0, 0x0,
    0x20, 0x0, 0x0, 0x0, 0x0, 0x0, 0x0, 0x0,
    0x0, 0x0, 0x0, 0x10, 0x0,

    /* U+5931 "失" */
    0x0, 0x0, 0x0, 0x20, 0x0, 0x0, 0x6a, 0xa1,
    0x0, 0x0, 0x0, 0x0, 0x0, 0x0, 0x0, 0x0,
    0x2, 0xff, 0xa0, 0x0, 0xaf, 0xf2, 0x0, 0x0,
    0x0, 0x0, 0x0, 0x0, 0x0, 0x0, 0x7, 0xff,
    0x80, 0x0, 0xaf, 0xf2, 0x0, 0x0, 0x0, 0x0,
    0x0, 0x0, 0x0, 0x0, 0xd, 0xff, 0x30, 0x0,
    0xaf, 0xf2, 0x0, 0x0, 0x0, 0x0, 0x0, 0x0,
    0x0, 0x0, 0x3f, 0xfd, 0x0, 0x0, 0xaf, 0xf2,
    0x0, 0x0, 0x0, 0x0, 0x0, 0x0, 0x0, 0x0,
    0xaf, 0xff, 0xff, 0xff, 0xff, 0xff, 0xff, 0xff,
    0xff, 0xff, 0x20, 0x0, 0x0, 0x2, 0xff, 0xff,
    0xff, 0xff, 0xff, 0xff, 0xff, 0xff, 0xff, 0xff,
    0x30, 0x0, 0x0, 0xa, 0xff, 0xdb, 0xbb, 0xbb,
    0xef, 0xfc, 0xbb, 0xbb, 0xbb, 0xbb, 0x20, 0x0,
    0x0, 0x4f, 0xff, 0x10, 0x0, 0x0, 0xaf, 0xf2,
    0x0, 0x0, 0x0, 0x0, 0x0, 0x0, 0x1, 0xef,
    0xf7, 0x0, 0x0, 0x0, 0xaf, 0xf2, 0x0, 0x0,
    0x0, 0x0, 0x0, 0x0, 0x6, 0xff, 0xd0, 0x0,
    0x0, 0x0, 0xaf, 0xf2, 0x0, 0x0, 0x0, 0x0,
    0x0, 0x0, 0x0, 0x2a, 0x20, 0x0, 0x0, 0x0,
    0xbf, 0xf1, 0x0, 0x0, 0x0, 0x0, 0x0, 0x0,
    0x0, 0x0, 0x0, 0x0, 0x0, 0x0, 0xdf, 0xf0,
    0x0, 0x0, 0x0, 0x0, 0x0, 0x0, 0xc, 0xff,
    0xff, 0xff, 0xff, 0xff, 0xff, 0xff, 0xff, 0xff,
    0xff, 0xff, 0xff, 0x50, 0xc, 0xff, 0xff, 0xff,
    0xff, 0xff, 0xff, 0xff, 0xff, 0xff, 0xff, 0xff,
    0xff, 0x50, 0x7, 0x99, 0x99, 0x99, 0x99, 0x9e,
    0xff, 0xff, 0xb9, 0x99, 0x99, 0x99, 0x99, 0x30,
    0x0, 0x0, 0x0, 0x0, 0x0, 0xe, 0xff, 0xff,
    0x90, 0x0, 0x0, 0x0, 0x0, 0x0, 0x0, 0x0,
    0x0, 0x0, 0x0, 0x8f, 0xfb, 0xcf, 0xf3, 0x0,
    0x0, 0x0, 0x0, 0x0, 0x0, 0x0, 0x0, 0x0,
    0x3, 0xff, 0xf4, 0x3f, 0xfd, 0x0, 0x0, 0x0,
    0x0, 0x0, 0x0, 0x0, 0x0, 0x0, 0x2e, 0xff,
    0xa0, 0xa, 0xff, 0xb0, 0x0, 0x0, 0x0, 0x0,
    0x0, 0x0, 0x0, 0x3, 0xef, 0xfe, 0x10, 0x0,
    0xdf, 0xfb, 0x0, 0x0, 0x0, 0x0, 0x0, 0x0,
    0x0, 0x7f, 0xff, 0xe2, 0x0, 0x0, 0x2f, 0xff,
    0xd3, 0x0, 0x0, 0x0, 0x0, 0x0, 0x5d, 0xff,
    0xfd, 0x20, 0x0, 0x0, 0x3, 0xef, 0xff, 0x92,
    0x0, 0x0, 0x1, 0x7d, 0xff, 0xff, 0xa1, 0x0,
    0x0, 0x0, 0x0, 0x2d, 0xff, 0xff, 0xb6, 0x20,
    0xd, 0xff, 0xff, 0xd4, 0x0, 0x0, 0x0, 0x0,
    0x0, 0x0, 0x7f, 0xff, 0xff, 0xb0, 0x2, 0xff,
    0xc5, 0x0, 0x0, 0x0, 0x0, 0x0, 0x0, 0x0,
    0x1, 0x7e, 0xfe, 0x10, 0x0, 0x42, 0x0, 0x0,
    0x0, 0x0, 0x0, 0x0, 0x0, 0x0, 0x0, 0x0,
    0x33, 0x0,

    /* U+597D "好" */
    0x0, 0x0, 0x58, 0x70, 0x0, 0x0, 0x0, 0x0,
    0x0, 0x0, 0x0, 0x0, 0x0, 0x0, 0x0, 0xa,
    0xff, 0x0, 0x0, 0x0, 0x0, 0x0, 0x0, 0x0,
    0x0, 0x0, 0x0, 0x0, 0x0, 0xcf, 0xd0, 0x0,
    0x0, 0xe, 0xff, 0xff, 0xff, 0xff, 0xff, 0xe4,
    0x0, 0x0, 0xe, 0xfa, 0x0, 0x0, 0x0, 0xff,
    0xff, 0xff, 0xff, 0xff, 0xff, 0xd0, 0x0, 0x1,
    0xff, 0x70, 0x0, 0x0, 0x7, 0x77, 0x77, 0x77,
    0x79, 0xff, 0xf3, 0x0, 0x0, 0x4f, 0xf4, 0x0,
    0x0, 0x0, 0x0, 0x0, 0x0, 0x0, 0xcf, 0xf7,
    0x0, 0x2f, 0xff, 0xff, 0xff, 0xff, 0xfb, 0x0,
    0x0, 0x0, 0x0, 0x8f, 0xfa, 0x0, 0x2, 0xff,
    0xff, 0xff, 0xff, 0xff, 0xd0, 0x0, 0x0, 0x0,
    0x5f, 0xfc, 0x0, 0x0, 0x17, 0x7f, 0xfd, 0x77,
    0x7e, 0xfb, 0x0, 0x0, 0x0, 0x5f, 0xfd, 0x10,
    0x0, 0x0, 0x1, 0xff, 0x70, 0x0, 0xff, 0x90,
    0x0, 0x0, 0xe, 0xfe, 0x10, 0x0, 0x0, 0x0,
    0x4f, 0xf4, 0x0, 0x2f, 0xf6, 0x0, 0x0, 0x0,
    0xef, 0xd0, 0x0, 0x0, 0x0, 0x8, 0xff, 0x0,
    0x5, 0xff, 0x30, 0x0, 0x0, 0xe, 0xfd, 0x0,
    0x0, 0x0, 0x0, 0xcf, 0xc0, 0x0, 0x9f, 0xf3,
    0xff, 0xff, 0xff, 0xff, 0xff, 0xff, 0xff, 0xb0,
    0x1f, 0xf8, 0x0, 0xd, 0xfc, 0x3f, 0xff, 0xff,
    0xff, 0xff, 0xff, 0xff, 0xfc, 0x5, 0xff, 0x60,
    0x2, 0xff, 0x81, 0x99, 0x99, 0x99, 0xff, 0xe9,
    0x99, 0x99, 0x60, 0x8f, 0xff, 0x70, 0x8f, 0xf3,
    0x0, 0x0, 0x0, 0xe, 0xfd, 0x0, 0x0, 0x0,
    0x0, 0x6f, 0xff, 0xbe, 0xfd, 0x0, 0x0, 0x0,
    0x0, 0xef, 0xd0, 0x0, 0x0, 0x0, 0x0, 0x3d,
    0xff, 0xff, 0x70, 0x0, 0x0, 0x0, 0xe, 0xfd,
    0x0, 0x0, 0x0, 0x0, 0x0, 0x1b, 0xff, 0xf6,
    0x0, 0x0, 0x0, 0x0, 0xef, 0xd0, 0x0, 0x0,
    0x0, 0x0, 0x0, 0x9f, 0xff, 0xf6, 0x0, 0x0,
    0x0, 0xe, 0xfd, 0x0, 0x0, 0x0, 0x0, 0x0,
    0x5f, 0xfe, 0xff, 0xf7, 0x0, 0x0, 0x0, 0xef,
    0xd0, 0x0, 0x0, 0x0, 0x0, 0x4f, 0xff, 0x37,
    0xff, 0xf1, 0x0, 0x0, 0xe, 0xfd, 0x0, 0x0,
    0x0, 0x0, 0x6f, 0xff, 0x50, 0x8, 0xf7, 0x0,
    0x0, 0x0, 0xef, 0xd0, 0x0, 0x0, 0x2, 0xbf,
    0xff, 0x60, 0x0, 0x5, 0x0, 0x7, 0x77, 0x7f,
    0xfc, 0x0, 0x0, 0x0, 0x2e, 0xff, 0x50, 0x0,
    0x0, 0x0, 0x0, 0xaf, 0xff, 0xff, 0x90, 0x0,
    0x0, 0x0, 0x4b, 0x20, 0x0, 0x0, 0x0, 0x0,
    0x4, 0xff, 0xfd, 0x90, 0x0, 0x0, 0x0, 0x0,
    0x0, 0x0, 0x0, 0x0, 0x0, 0x0, 0x0, 0x0,
    0x0, 0x0, 0x0, 0x0, 0x0,

    /* U+59CB "始" */
    0x0, 0x0, 0x46, 0x50, 0x0, 0x0, 0x0, 0x0,
    0x18, 0x30, 0x0, 0x0, 0x0, 0x0, 0x0, 0x0,
    0xbf, 0xd0, 0x0, 0x0, 0x0, 0x0, 0x8f, 0xf8,
    0x0, 0x0, 0x0, 0x0, 0x0, 0x0, 0xdf, 0xb0,
    0x0, 0x0, 0x0, 0x0, 0xef, 0xf1, 0x0, 0x0,
    0x0, 0x0, 0x0, 0x0, 0xff, 0x80, 0x0, 0x0,
    0x0, 0x6, 0xff, 0x90, 0x0, 0x0, 0x0, 0x0,
    0x0, 0x1, 0xff, 0x60, 0x0, 0x0, 0x0, 0xd,
    0xff, 0x10, 0x2, 0x60, 0x0, 0x0, 0x0, 0x4,
    0xff, 0x30, 0x0, 0x0, 0x0, 0x6f, 0xf7, 0x0,
    0x5f, 0xf4, 0x0, 0x0, 0xf, 0xff, 0xff, 0xff,
    0xff, 0xa0, 0x0, 0xef, 0xe0, 0x0, 0xd, 0xfe,
    0x10, 0x0, 0xf, 0xff, 0xff, 0xff, 0xff, 0xa0,
    0x8, 0xff, 0x50, 0x0, 0x3, 0xff, 0xa0, 0x0,
    0x7, 0x7e, 0xfc, 0x77, 0xef, 0x90, 0x3f, 0xfb,
    0x0, 0x0, 0x0, 0x9f, 0xf4, 0x0, 0x0, 0xf,
    0xf6, 0x0, 0xef, 0x71, 0xef, 0xf6, 0x67, 0x89,
    0xab, 0xdf, 0xfd, 0x0, 0x0, 0x3f, 0xf3, 0x0,
    0xff, 0x6c, 0xff, 0xff, 0xff, 0xff, 0xff, 0xff,
    0xff, 0x50, 0x0, 0x7f, 0xf0, 0x2, 0xff, 0x39,
    0xff, 0xff, 0xff, 0xfe, 0xdb, 0xa9, 0xef, 0xd0,
    0x0, 0xaf, 0xb0, 0x5, 0xff, 0x13, 0xa8, 0x64,
    0x21, 0x0, 0x0, 0x0, 0x7f, 0x90, 0x0, 0xef,
    0x80, 0x8, 0xfe, 0x0, 0x0, 0x0, 0x0, 0x0,
    0x0, 0x0, 0x12, 0x0, 0x3, 0xff, 0x40, 0xc,
    0xfa, 0x0, 0x13, 0x33, 0x33, 0x33, 0x33, 0x33,
    0x31, 0x0, 0x7, 0xff, 0xe3, 0x1f, 0xf7, 0x0,
    0x7f, 0xff, 0xff, 0xff, 0xff, 0xff, 0xf5, 0x0,
    0x0, 0x7f, 0xff, 0xbf, 0xf2, 0x0, 0x7f, 0xff,
    0xff, 0xff, 0xff, 0xff, 0xf5, 0x0, 0x0, 0x4,
    0xff, 0xff, 0xd0, 0x0, 0x7f, 0xf2, 0x22, 0x22,
    0x22, 0x5f, 0xf5, 0x0, 0x0, 0x0, 0x3e, 0xff,
    0xb0, 0x0, 0x7f, 0xf0, 0x0, 0x0, 0x0, 0x3f,
    0xf5, 0x0, 0x0, 0x0, 0xb, 0xff, 0xfa, 0x0,
    0x7f, 0xf0, 0x0, 0x0, 0x0, 0x3f, 0xf5, 0x0,
    0x0, 0x0, 0x4f, 0xff, 0xff, 0x90, 0x7f, 0xf0,
    0x0, 0x0, 0x0, 0x3f, 0xf5, 0x0, 0x0, 0x1,
    0xef, 0xe2, 0xef, 0xf1, 0x7f, 0xf0, 0x0, 0x0,
    0x0, 0x3f, 0xf5, 0x0, 0x0, 0x1d, 0xff, 0x30,
    0x3f, 0x70, 0x7f, 0xf2, 0x22, 0x22, 0x22, 0x5f,
    0xf5, 0x0, 0x3, 0xdf, 0xf6, 0x0, 0x3, 0x0,
    0x7f, 0xff, 0xff, 0xff, 0xff, 0xff, 0xf5, 0x0,
    0xc, 0xff, 0x60, 0x0, 0x0, 0x0, 0x7f, 0xff,
    0xff, 0xff, 0xff, 0xff, 0xf5, 0x0, 0x1, 0xc4,
    0x0, 0x0, 0x0, 0x0, 0x7f, 0xf2, 0x22, 0x22,
    0x22, 0x5f, 0xf5, 0x0, 0x0, 0x0, 0x0, 0x0,
    0x0, 0x0, 0x1, 0x10, 0x0, 0x0, 0x0, 0x0,
    0x0, 0x0,

    /* U+5B57 "字" */
    0x0, 0x0, 0x0, 0x0, 0x0, 0x28, 0xd6, 0x0,
    0x0, 0x0, 0x0, 0x0, 0x0, 0x0, 0x0, 0x0,
    0x0, 0x2, 0xff, 0xf1, 0x0, 0x0, 0x0, 0x0,
    0x0, 0x0, 0x0, 0x0, 0x0, 0x0, 0x9, 0xff,
    0xa0, 0x0, 0x0, 0x0, 0x0, 0x0, 0xef, 0xff,
    0xff, 0xff, 0xff, 0xff, 0xff, 0xff, 0xff, 0xff,
    0xff, 0xfe, 0xe, 0xff, 0xff, 0xff, 0xff, 0xff,
    0xff, 0xff, 0xff, 0xff, 0xff, 0xff, 0xe0, 0xef,
    0xd9, 0x99, 0x99, 0x99, 0x99, 0x99, 0x99, 0x99,
    0x99, 0x9e, 0xfe, 0xe, 0xfb, 0x0, 0x0, 0x0,
    0x0, 0x0, 0x0, 0x0, 0x0, 0x0, 0xdf, 0xe0,
    0xef, 0xb0, 0x0, 0x0, 0x0, 0x0, 0x0, 0x0,
    0x0, 0x0, 0xd, 0xfe, 0xe, 0xfb, 0x2, 0x88,
    0x88, 0x88, 0x88, 0x88, 0x88, 0x87, 0x0, 0xdf,
    0xe0, 0x12, 0x10, 0x4f, 0xff, 0xff, 0xff, 0xff,
    0xff, 0xff, 0xfa, 0x1, 0x21, 0x0, 0x0, 0x3,
    0xff, 0xff, 0xff, 0xff, 0xff, 0xff, 0xfe, 0x20,
    0x0, 0x0, 0x0, 0x0, 0x0, 0x0, 0x0, 0x0,
    0x2, 0xcf, 0xfc, 0x10, 0x0, 0x0, 0x0, 0x0,
    0x0, 0x0, 0x0, 0x0, 0x6, 0xff, 0xf8, 0x0,
    0x0, 0x0, 0x0, 0x0, 0x0, 0x0, 0x0, 0x0,
    0x3c, 0xff, 0xd4, 0x0, 0x0, 0x0, 0x0, 0x0,
    0x0, 0x0, 0x0, 0x0, 0xa, 0xff, 0x80, 0x0,
    0x0, 0x0, 0x0, 0x3, 0x88, 0x88, 0x88, 0x88,
    0x88, 0xdf, 0xfa, 0x88, 0x88, 0x88, 0x88, 0x87,
    0x6f, 0xff, 0xff, 0xff, 0xff, 0xff, 0xff, 0xff,
    0xff, 0xff, 0xff, 0xff, 0xe6, 0xff, 0xff, 0xff,
    0xff, 0xff, 0xff, 0xff, 0xff, 0xff, 0xff, 0xff,
    0xfe, 0x0, 0x0, 0x0, 0x0, 0x0, 0xa, 0xff,
    0x20, 0x0, 0x0, 0x0, 0x0, 0x0, 0x0, 0x0,
    0x0, 0x0, 0x0, 0xaf, 0xf2, 0x0, 0x0, 0x0,
    0x0, 0x0, 0x0, 0x0, 0x0, 0x0, 0x0, 0xa,
    0xff, 0x20, 0x0, 0x0, 0x0, 0x0, 0x0, 0x0,
    0x0, 0x0, 0x0, 0x0, 0xaf, 0xf2, 0x0, 0x0,
    0x0, 0x0, 0x0, 0x0, 0x0, 0x0, 0x0, 0x0,
    0xa, 0xff, 0x20, 0x0, 0x0, 0x0, 0x0, 0x0,
    0x0, 0x0, 0x1, 0x99, 0x99, 0xef, 0xf2, 0x0,
    0x0, 0x0, 0x0, 0x0, 0x0, 0x0, 0x0, 0xb,
    0xff, 0xff, 0xfe, 0x0, 0x0, 0x0, 0x0, 0x0,
    0x0, 0x0, 0x0, 0x0, 0x5f, 0xff, 0xea, 0x20,
    0x0, 0x0, 0x0, 0x0, 0x0, 0x0, 0x0, 0x0,
    0x0, 0x10, 0x0, 0x0, 0x0, 0x0, 0x0, 0x0,
    0x0, 0x0,

    /* U+5B58 "存" */
    0x0, 0x0, 0x0, 0x0, 0x0, 0x47, 0x30, 0x0,
    0x0, 0x0, 0x0, 0x0, 0x0, 0x0, 0x0, 0x0,
    0x0, 0x0, 0xa, 0xff, 0x20, 0x0, 0x0, 0x0,
    0x0, 0x0, 0x0, 0x0, 0x0, 0x0, 0x0, 0x0,
    0xff, 0xd0, 0x0, 0x0, 0x0, 0x0, 0x0, 0x0,
    0x0, 0x0, 0x0, 0x0, 0x0, 0x5f, 0xf8, 0x0,
    0x0, 0x0, 0x0, 0x0, 0x0, 0x0, 0x2, 0xff,
    0xff, 0xff, 0xff, 0xff, 0xff, 0xff, 0xff, 0xff,
    0xff, 0xff, 0xff, 0x90, 0x2f, 0xff, 0xff, 0xff,
    0xff, 0xff, 0xff, 0xff, 0xff, 0xff, 0xff, 0xff,
    0xf9, 0x1, 0x99, 0x99, 0x99, 0xef, 0xfa, 0x99,
    0x99, 0x99, 0x99, 0x99, 0x99, 0x99, 0x50, 0x0,
    0x0, 0x0, 0x1f, 0xfd, 0x0, 0x0, 0x0, 0x0,
    0x0, 0x0, 0x0, 0x0, 0x0, 0x0, 0x0, 0xa,
    0xff, 0x50, 0x0, 0x0, 0x0, 0x0, 0x0, 0x0,
    0x0, 0x0, 0x0, 0x0, 0x3, 0xff, 0xd0, 0x2f,
    0xff, 0xff, 0xff, 0xff, 0xff, 0xf7, 0x0, 0x0,
    0x0, 0x0, 0xdf, 0xf4, 0x2, 0xff, 0xff, 0xff,
    0xff, 0xff, 0xff, 0xf2, 0x0, 0x0, 0x0, 0xaf,
    0xfa, 0x0, 0x17, 0x77, 0x77, 0x77, 0x7b, 0xff,
    0xf4, 0x0, 0x0, 0x0, 0x6f, 0xfe, 0x10, 0x0,
    0x0, 0x0, 0x0, 0x6, 0xff, 0xe3, 0x0, 0x0,
    0x0, 0x5f, 0xff, 0xc0, 0x0, 0x0, 0x0, 0x0,
    0x9, 0xff, 0xd2, 0x0, 0x0, 0x0, 0x5f, 0xff,
    0xfc, 0x0, 0x0, 0x0, 0x0, 0xc, 0xff, 0x90,
    0x0, 0x0, 0x0, 0x8f, 0xff, 0xff, 0xc0, 0x0,
    0x0, 0x0, 0x0, 0xef, 0xd0, 0x0, 0x0, 0x0,
    0xa, 0xff, 0x7d, 0xfc, 0x3, 0x88, 0x88, 0x88,
    0x8f, 0xfe, 0x88, 0x88, 0x88, 0x70, 0x2f, 0x50,
    0xdf, 0xc0, 0x7f, 0xff, 0xff, 0xff, 0xff, 0xff,
    0xff, 0xff, 0xfd, 0x0, 0x10, 0xd, 0xfc, 0x6,
    0xff, 0xff, 0xff, 0xff, 0xff, 0xff, 0xff, 0xff,
    0xd0, 0x0, 0x0, 0xdf, 0xc0, 0x0, 0x0, 0x0,
    0x0, 0xef, 0xd0, 0x0, 0x0, 0x0, 0x0, 0x0,
    0xd, 0xfc, 0x0, 0x0, 0x0, 0x0, 0xe, 0xfd,
    0x0, 0x0, 0x0, 0x0, 0x0, 0x0, 0xdf, 0xc0,
    0x0, 0x0, 0x0, 0x0, 0xef, 0xd0, 0x0, 0x0,
    0x0, 0x0, 0x0, 0xd, 0xfc, 0x0, 0x0, 0x0,
    0x0, 0xe, 0xfd, 0x0, 0x0, 0x0, 0x0, 0x0,
    0x0, 0xdf, 0xc0, 0x0, 0x1, 0x76, 0x67, 0xff,
    0xd0, 0x0, 0x0, 0x0, 0x0, 0x0, 0xd, 0xfc,
    0x0, 0x0, 0xe, 0xff, 0xff, 0xfa, 0x0, 0x0,
    0x0, 0x0, 0x0, 0x0, 0xdf, 0xc0, 0x0, 0x0,
    0xaf, 0xff, 0xea, 0x10, 0x0, 0x0, 0x0, 0x0,
    0x0, 0x0, 0x0, 0x0, 0x0, 0x0, 0x0, 0x0,
    0x0, 0x0, 0x0, 0x0, 0x0,

    /* U+5B89 "安" */
    0x0, 0x0, 0x0, 0x0, 0x0, 0x15, 0x84, 0x0,
    0x0, 0x0, 0x0, 0x0, 0x0, 0x0, 0x0, 0x0,
    0x0, 0x0, 0x4f, 0xfc, 0x0, 0x0, 0x0, 0x0,
    0x0, 0x0, 0x0, 0x0, 0x0, 0x0, 0x0, 0xd,
    0xff, 0x40, 0x0, 0x0, 0x0, 0x0, 0x0, 0x3,
    0x88, 0x88, 0x88, 0x88, 0x8b, 0xff, 0xd8, 0x88,
    0x88, 0x88, 0x88, 0x60, 0x7, 0xff, 0xff, 0xff,
    0xff, 0xff, 0xff, 0xff, 0xff, 0xff, 0xff, 0xff,
    0xc0, 0x7, 0xff, 0xff, 0xff, 0xff, 0xff, 0xff,
    0xff, 0xff, 0xff, 0xff, 0xff, 0xc0, 0x7, 0xff,
    0x30, 0x0, 0x0, 0x0, 0x0, 0x0, 0x0, 0x0,
    0x0, 0xff, 0xc0, 0x7, 0xff, 0x30, 0x0, 0x0,
    0x9e, 0xb4, 0x0, 0x0, 0x0, 0x0, 0xff, 0xc0,
    0x7, 0xff, 0x30, 0x0, 0x1, 0xff, 0xf2, 0x0,
    0x0, 0x0, 0x0, 0xff, 0xc0, 0x3, 0x77, 0x10,
    0x0, 0x8, 0xff, 0xa0, 0x0, 0x0, 0x0, 0x0,
    0x77, 0x50, 0x0, 0x0, 0x0, 0x0, 0x1f, 0xff,
    0x20, 0x0, 0x0, 0x0, 0x0, 0x0, 0x0, 0x8,
    0x88, 0x88, 0x88, 0xbf, 0xfe, 0x88, 0x88, 0x88,
    0x88, 0x88, 0x88, 0x83, 0x1f, 0xff, 0xff, 0xff,
    0xff, 0xff, 0xff, 0xff, 0xff, 0xff, 0xff, 0xff,
    0xf6, 0x1f, 0xff, 0xff, 0xff, 0xff, 0xff, 0xff,
    0xff, 0xff, 0xff, 0xff, 0xff, 0xf6, 0x0, 0x0,
    0x0, 0x4f, 0xfe, 0x0, 0x0, 0x0, 0x1f, 0xfe,
    0x0, 0x0, 0x0, 0x0, 0x0, 0x0, 0xdf, 0xf5,
    0x0, 0x0, 0x0, 0x9f, 0xf8, 0x0, 0x0, 0x0,
    0x0, 0x0, 0x9, 0xff, 0xb0, 0x0, 0x0, 0x2,
    0xff, 0xf1, 0x0, 0x0, 0x0, 0x0, 0x0, 0x5f,
    0xff, 0xfa, 0x50, 0x0, 0xd, 0xff, 0x60, 0x0,
    0x0, 0x0, 0x0, 0x0, 0x28, 0xdf, 0xff, 0xfe,
    0x93, 0xbf, 0xfb, 0x0, 0x0, 0x0, 0x0, 0x0,
    0x0, 0x0, 0x3, 0x9f, 0xff, 0xff, 0xff, 0xd1,
    0x0, 0x0, 0x0, 0x0, 0x0, 0x0, 0x0, 0x0,
    0x0, 0x6f, 0xff, 0xff, 0xf9, 0x20, 0x0, 0x0,
    0x0, 0x0, 0x0, 0x0, 0x0, 0x4, 0xcf, 0xff,
    0xff, 0xff, 0xfb, 0x30, 0x0, 0x0, 0x0, 0x0,
    0x0, 0x38, 0xdf, 0xff, 0xf6, 0x18, 0xff, 0xff,
    0xfc, 0x40, 0x0, 0x0, 0x36, 0xae, 0xff, 0xff,
    0xf9, 0x10, 0x0, 0x7, 0xef, 0xff, 0xfb, 0x20,
    0x7, 0xff, 0xff, 0xff, 0xe7, 0x10, 0x0, 0x0,
    0x0, 0x7, 0xff, 0xff, 0xa0, 0x0, 0xcf, 0xfd,
    0x83, 0x0, 0x0, 0x0, 0x0, 0x0, 0x0, 0x19,
    0xfb, 0x0, 0x0, 0x24, 0x10, 0x0, 0x0, 0x0,
    0x0, 0x0, 0x0, 0x0, 0x0, 0x30, 0x0,

    /* U+5B8C "完" */
    0x0, 0x0, 0x0, 0x0, 0x0, 0x27, 0xc3, 0x0,
    0x0, 0x0, 0x0, 0x0, 0x0, 0x0, 0x0, 0x0,
    0x0, 0x0, 0x6f, 0xfc, 0x0, 0x0, 0x0, 0x0,
    0x0, 0x0, 0x0, 0x0, 0x0, 0x0, 0x0, 0xe,
    0xff, 0x30, 0x0, 0x0, 0x0, 0x0, 0x0, 0x8,
    0x99, 0x99, 0x99, 0x99, 0x9d, 0xff, 0xd9, 0x99,
    0x99, 0x99, 0x99, 0x60, 0xe, 0xff, 0xff, 0xff,
    0xff, 0xff, 0xff, 0xff, 0xff, 0xff, 0xff, 0xff,
    0xb0, 0xe, 0xff, 0xff, 0xff, 0xff, 0xff, 0xff,
    0xff, 0xff, 0xff, 0xff, 0xff, 0xb0, 0xe, 0xfb,
    0x0, 0x0, 0x0, 0x0, 0x0, 0x0, 0x0, 0x0,
    0x1, 0xff, 0xb0, 0xe, 0xfb, 0x0, 0x0, 0x0,
    0x0, 0x0, 0x0, 0x0, 0x0, 0x1, 0xff, 0xb0,
    0xe, 0xfb, 0x6, 0x77, 0x77, 0x77, 0x77, 0x77,
    0x77, 0x77, 0x1, 0xff, 0xb0, 0xe, 0xfb, 0xd,
    0xff, 0xff, 0xff, 0xff, 0xff, 0xff, 0xff, 0x11,
    0xff, 0xb0, 0x0, 0x0, 0xd, 0xff, 0xff, 0xff,
    0xff, 0xff, 0xff, 0xff, 0x10, 0x0, 0x0, 0x0,
    0x0, 0x0, 0x0, 0x0, 0x0, 0x0, 0x0, 0x0,
    0x0, 0x0, 0x0, 0x0, 0x0, 0x0, 0x0, 0x0,
    0x0, 0x0, 0x0, 0x0, 0x0, 0x0, 0x0, 0x0,
    0x0, 0x38, 0x88, 0x88, 0x88, 0x88, 0x88, 0x88,
    0x88, 0x88, 0x88, 0x88, 0x88, 0x83, 0x7f, 0xff,
    0xff, 0xff, 0xff, 0xff, 0xff, 0xff, 0xff, 0xff,
    0xff, 0xff, 0xf7, 0x7f, 0xff, 0xff, 0xff, 0xff,
    0xff, 0xff, 0xff, 0xff, 0xff, 0xff, 0xff, 0xf7,
    0x0, 0x0, 0x0, 0x8, 0xff, 0x20, 0x0, 0x5f,
    0xf5, 0x0, 0x0, 0x0, 0x0, 0x0, 0x0, 0x0,
    0xa, 0xff, 0x10, 0x0, 0x5f, 0xf5, 0x0, 0x0,
    0x0, 0x0, 0x0, 0x0, 0x0, 0xc, 0xfe, 0x0,
    0x0, 0x5f, 0xf5, 0x0, 0x0, 0x0, 0x0, 0x0,
    0x0, 0x0, 0xf, 0xfb, 0x0, 0x0, 0x5f, 0xf5,
    0x0, 0x0, 0x0, 0x0, 0x0, 0x0, 0x0, 0x6f,
    0xf7, 0x0, 0x0, 0x5f, 0xf5, 0x0, 0x0, 0x9,
    0x93, 0x0, 0x0, 0x2, 0xef, 0xf1, 0x0, 0x0,
    0x5f, 0xf5, 0x0, 0x0, 0xa, 0xfd, 0x0, 0x0,
    0x4e, 0xff, 0x80, 0x0, 0x0, 0x5f, 0xf5, 0x0,
    0x0, 0xc, 0xfb, 0x1, 0x6c, 0xff, 0xfb, 0x0,
    0x0, 0x0, 0x4f, 0xfb, 0x77, 0x77, 0x8f, 0xf8,
    0x8f, 0xff, 0xff, 0x80, 0x0, 0x0, 0x0, 0x1f,
    0xff, 0xff, 0xff, 0xff, 0xf3, 0x1e, 0xfe, 0x82,
    0x0, 0x0, 0x0, 0x0, 0x5, 0xcf, 0xff, 0xff,
    0xfe, 0x60, 0x4, 0x20, 0x0, 0x0, 0x0, 0x0,
    0x0, 0x0, 0x0, 0x0, 0x0, 0x0, 0x0,

    /* U+5BAB "宫" */
    0x0, 0x0, 0x0, 0x0, 0x1, 0x5a, 0x60, 0x0,
    0x0, 0x0, 0x0, 0x0, 0x0, 0x0, 0x0, 0x0,
    0x2, 0xff, 0xf1, 0x0, 0x0, 0x0, 0x0, 0x0,
    0x0, 0x0, 0x0, 0x0, 0x0, 0xaf, 0xf7, 0x0,
    0x0, 0x0, 0x0, 0x0, 0x79, 0x99, 0x99, 0x99,
    0x99, 0xbf, 0xfe, 0x99, 0x99, 0x99, 0x99, 0x99,
    0xbf, 0xff, 0xff, 0xff, 0xff, 0xff, 0xff, 0xff,
    0xff, 0xff, 0xff, 0xff, 0xbf, 0xff, 0xff, 0xff,
    0xff, 0xff, 0xff, 0xff, 0xff, 0xff, 0xff, 0xff,
    0xbf, 0xe0, 0x0, 0x0, 0x0, 0x0, 0x0, 0x0,
    0x0, 0x0, 0xc, 0xff, 0xbf, 0xe0, 0x0, 0x0,
    0x0, 0x0, 0x0, 0x0, 0x0, 0x0, 0xc, 0xff,
    0xbf, 0xe0, 0xef, 0xff, 0xff, 0xff, 0xff, 0xff,
    0xff, 0xff, 0x1c, 0xff, 0x68, 0x70, 0xff, 0xff,
    0xff, 0xff, 0xff, 0xff, 0xff, 0xff, 0x16, 0x88,
    0x0, 0x0, 0xff, 0x93, 0x33, 0x33, 0x33, 0x33,
    0x3a, 0xff, 0x10, 0x0, 0x0, 0x0, 0xff, 0x80,
    0x0, 0x0, 0x0, 0x0, 0x8, 0xff, 0x10, 0x0,
    0x0, 0x0, 0xff, 0x80, 0x0, 0x0, 0x0, 0x0,
    0x8, 0xff, 0x10, 0x0, 0x0, 0x0, 0xff, 0xff,
    0xff, 0xff, 0xff, 0xff, 0xff, 0xff, 0x10, 0x0,
    0x0, 0x0, 0xff, 0xff, 0xff, 0xff, 0xff, 0xff,
    0xff, 0xff, 0x10, 0x0, 0x0, 0x0, 0x22, 0x22,
    0x22, 0x22, 0x22, 0x22, 0x22, 0x22, 0x0, 0x0,
    0x0, 0x0, 0x0, 0x0, 0x0, 0x0, 0x0, 0x0,
    0x0, 0x0, 0x0, 0x0, 0x0, 0xaf, 0xff, 0xff,
    0xff, 0xff, 0xff, 0xff, 0xff, 0xff, 0xfe, 0x0,
    0x0, 0xbf, 0xff, 0xff, 0xff, 0xff, 0xff, 0xff,
    0xff, 0xff, 0xff, 0x0, 0x0, 0xbf, 0xf5, 0x55,
    0x55, 0x55, 0x55, 0x55, 0x55, 0x5c, 0xff, 0x0,
    0x0, 0xbf, 0xe0, 0x0, 0x0, 0x0, 0x0, 0x0,
    0x0, 0xa, 0xff, 0x0, 0x0, 0xbf, 0xe0, 0x0,
    0x0, 0x0, 0x0, 0x0, 0x0, 0xa, 0xff, 0x0,
    0x0, 0xbf, 0xe0, 0x0, 0x0, 0x0, 0x0, 0x0,
    0x0, 0xa, 0xff, 0x0, 0x0, 0xbf, 0xff, 0xff,
    0xff, 0xff, 0xff, 0xff, 0xff, 0xff, 0xff, 0x0,
    0x0, 0xbf, 0xff, 0xff, 0xff, 0xff, 0xff, 0xff,
    0xff, 0xff, 0xff, 0x0, 0x0, 0xbf, 0xf5, 0x55,
    0x55, 0x55, 0x55, 0x55, 0x55, 0x5c, 0xff, 0x0,
    0x0, 0x1, 0x0, 0x0, 0x0, 0x0, 0x0, 0x0,
    0x0, 0x0, 0x0, 0x0,

    /* U+5BF9 "对" */
    0x0, 0x0, 0x0, 0x0, 0x0, 0x0, 0x0, 0x0,
    0x0, 0x0, 0x9, 0x95, 0x0, 0x0, 0x0, 0x0,
    0x0, 0x0, 0x0, 0x0, 0x0, 0x0, 0x0, 0x1,
    0xff, 0x90, 0x0, 0x0, 0x0, 0x0, 0x0, 0x0,
    0x0, 0x0, 0x0, 0x0, 0x0, 0x1f, 0xf9, 0x0,
    0x0, 0x0, 0x0, 0x0, 0x0, 0x0, 0x0, 0x0,
    0x0, 0x0, 0x1, 0xff, 0x90, 0x0, 0x5, 0xff,
    0xff, 0xff, 0xff, 0xff, 0x90, 0x0, 0x0, 0x0,
    0x1f, 0xf9, 0x0, 0x0, 0x5f, 0xff, 0xff, 0xff,
    0xff, 0xfa, 0x0, 0x0, 0x0, 0x1, 0xff, 0x90,
    0x0, 0x2, 0x88, 0x88, 0x88, 0x88, 0xff, 0x80,
    0x0, 0x0, 0x0, 0x2f, 0xf9, 0x0, 0x0, 0x0,
    0x0, 0x0, 0x0, 0x3f, 0xf6, 0xaf, 0xff, 0xff,
    0xff, 0xff, 0xff, 0xfc, 0x0, 0x0, 0x0, 0x0,
    0x6, 0xff, 0x3a, 0xff, 0xff, 0xff, 0xff, 0xff,
    0xff, 0xc0, 0x0, 0x0, 0x0, 0x0, 0xaf, 0xf0,
    0x58, 0x88, 0x88, 0x88, 0xff, 0xc8, 0x86, 0x0,
    0x1d, 0x90, 0x0, 0xe, 0xfd, 0x0, 0x0, 0x0,
    0x0, 0x1f, 0xf9, 0x0, 0x0, 0xb, 0xff, 0xb0,
    0x2, 0xff, 0x90, 0x0, 0x0, 0x0, 0x1, 0xff,
    0x90, 0x0, 0x0, 0x1c, 0xff, 0xc1, 0x7f, 0xf5,
    0x0, 0x6c, 0x10, 0x0, 0x1f, 0xf9, 0x0, 0x0,
    0x0, 0xb, 0xff, 0xdd, 0xff, 0x0, 0x2f, 0xfb,
    0x0, 0x1, 0xff, 0x90, 0x0, 0x0, 0x0, 0xb,
    0xff, 0xff, 0xb0, 0x0, 0x7f, 0xf4, 0x0, 0x1f,
    0xf9, 0x0, 0x0, 0x0, 0x0, 0xb, 0xff, 0xf5,
    0x0, 0x0, 0xef, 0xc0, 0x1, 0xff, 0x90, 0x0,
    0x0, 0x0, 0x0, 0x2f, 0xff, 0xc0, 0x0, 0x7,
    0xff, 0x40, 0x1f, 0xf9, 0x0, 0x0, 0x0, 0x0,
    0x9, 0xff, 0xff, 0xa0, 0x0, 0xf, 0xfa, 0x1,
    0xff, 0x90, 0x0, 0x0, 0x0, 0x2, 0xff, 0xfe,
    0xff, 0x70, 0x0, 0xa9, 0x20, 0x1f, 0xf9, 0x0,
    0x0, 0x0, 0x0, 0xcf, 0xf7, 0x4f, 0xff, 0x30,
    0x0, 0x0, 0x1, 0xff, 0x90, 0x0, 0x0, 0x0,
    0x8f, 0xfd, 0x0, 0x7f, 0xfb, 0x0, 0x0, 0x0,
    0x1f, 0xf9, 0x0, 0x0, 0x0, 0x6f, 0xff, 0x30,
    0x0, 0xcc, 0x10, 0x0, 0x0, 0x1, 0xff, 0x90,
    0x0, 0x0, 0x6f, 0xff, 0x60, 0x0, 0x2, 0x0,
    0x0, 0x0, 0x0, 0x1f, 0xf9, 0x0, 0x0, 0x9f,
    0xff, 0x80, 0x0, 0x0, 0x0, 0x0, 0x3, 0xcc,
    0xcd, 0xff, 0x80, 0x0, 0x7, 0xff, 0x80, 0x0,
    0x0, 0x0, 0x0, 0x0, 0xf, 0xff, 0xff, 0xf3,
    0x0, 0x0, 0x8, 0x60, 0x0, 0x0, 0x0, 0x0,
    0x0, 0x0, 0xaf, 0xfe, 0xb5, 0x0, 0x0,

    /* U+5C06 "将" */
    0x0, 0x0, 0x0, 0xef, 0xa0, 0x0, 0x0, 0x0,
    0xa, 0x73, 0x0, 0x0, 0x0, 0x0, 0x0, 0x0,
    0xe, 0xfa, 0x0, 0x0, 0x0, 0xa, 0xff, 0x90,
    0x0, 0x0, 0x0, 0x0, 0x0, 0x0, 0xef, 0xa0,
    0x0, 0x0, 0xa, 0xff, 0xd3, 0x33, 0x33, 0x30,
    0x0, 0x0, 0x0, 0xe, 0xfa, 0x0, 0x0, 0x1b,
    0xff, 0xff, 0xff, 0xff, 0xff, 0xd3, 0x0, 0x51,
    0x0, 0xef, 0xa0, 0x0, 0x3d, 0xff, 0xfe, 0xee,
    0xee, 0xff, 0xfe, 0x10, 0x9f, 0xd1, 0xe, 0xfa,
    0x1, 0x9f, 0xff, 0x70, 0x0, 0x0, 0xb, 0xff,
    0x50, 0x5, 0xff, 0xd1, 0xef, 0xa0, 0xcf, 0xfd,
    0x49, 0x60, 0x0, 0xb, 0xff, 0xa0, 0x0, 0x6,
    0xff, 0xbe, 0xfa, 0x1, 0xb6, 0x9, 0xff, 0x70,
    0x2c, 0xff, 0xb0, 0x0, 0x0, 0x9, 0xff, 0xff,
    0xa0, 0x0, 0x0, 0xa, 0xff, 0xaf, 0xff, 0xa0,
    0x0, 0x0, 0x0, 0xd, 0x9f, 0xfa, 0x0, 0x0,
    0x0, 0x1e, 0xff, 0xff, 0x60, 0x0, 0x0, 0x0,
    0x0, 0x10, 0xef, 0xa0, 0x0, 0x4, 0x9f, 0xff,
    0xfa, 0x22, 0x21, 0x0, 0x0, 0x0, 0x0, 0xe,
    0xfa, 0x7, 0xbf, 0xff, 0xff, 0xa3, 0x1, 0xff,
    0x80, 0x0, 0x0, 0x0, 0x0, 0xef, 0xa0, 0x5f,
    0xff, 0xd7, 0x10, 0x0, 0x1f, 0xf8, 0x0, 0x0,
    0x0, 0x0, 0xf, 0xfa, 0x0, 0x86, 0x10, 0x0,
    0x0, 0x1, 0xff, 0x80, 0x0, 0x0, 0x0, 0x1b,
    0xff, 0xa1, 0xff, 0xff, 0xff, 0xff, 0xff, 0xff,
    0xff, 0xff, 0xc0, 0x0, 0x2d, 0xff, 0xfa, 0x1f,
    0xff, 0xff, 0xff, 0xff, 0xff, 0xff, 0xff, 0xfc,
    0x0, 0x4f, 0xff, 0xff, 0xa0, 0x77, 0x77, 0x77,
    0x77, 0x77, 0x8f, 0xfc, 0x77, 0x60, 0x8f, 0xff,
    0x5e, 0xfa, 0x0, 0x7, 0xe6, 0x0, 0x0, 0x1,
    0xff, 0x80, 0x0, 0xa, 0xff, 0x40, 0xef, 0xa0,
    0x0, 0xcf, 0xf5, 0x0, 0x0, 0x1f, 0xf8, 0x0,
    0x0, 0x1d, 0x20, 0xe, 0xfa, 0x0, 0x1, 0xef,
    0xf2, 0x0, 0x1, 0xff, 0x80, 0x0, 0x0, 0x0,
    0x0, 0xef, 0xa0, 0x0, 0x4, 0xff, 0xd0, 0x0,
    0x1f, 0xf8, 0x0, 0x0, 0x0, 0x0, 0xe, 0xfa,
    0x0, 0x0, 0x9, 0xff, 0x40, 0x1, 0xff, 0x80,
    0x0, 0x0, 0x0, 0x0, 0xef, 0xa0, 0x0, 0x0,
    0x19, 0x20, 0x0, 0x1f, 0xf8, 0x0, 0x0, 0x0,
    0x0, 0xe, 0xfa, 0x0, 0x0, 0x0, 0x1, 0x65,
    0x57, 0xff, 0x80, 0x0, 0x0, 0x0, 0x0, 0xef,
    0xa0, 0x0, 0x0, 0x0, 0xe, 0xff, 0xff, 0xf5,
    0x0, 0x0, 0x0, 0x0, 0xe, 0xfa, 0x0, 0x0,
    0x0, 0x0, 0x9f, 0xff, 0xd8, 0x0, 0x0, 0x0,
    0x0, 0x0, 0x0, 0x0, 0x0, 0x0, 0x0, 0x0,
    0x0, 0x0, 0x0, 0x0, 0x0,

    /* U+5C0F "小" */
    0x0, 0x0, 0x0, 0x0, 0x0, 0x1, 0x88, 0x60,
    0x0, 0x0, 0x0, 0x0, 0x0, 0x0, 0x0, 0x0,
    0x0, 0x0, 0x0, 0x2f, 0xfc, 0x0, 0x0, 0x0,
    0x0, 0x0, 0x0, 0x0, 0x0, 0x0, 0x0, 0x0,
    0x2, 0xff, 0xc0, 0x0, 0x0, 0x0, 0x0, 0x0,
    0x0, 0x0, 0x0, 0x0, 0x0, 0x0, 0x2f, 0xfc,
    0x0, 0x0, 0x0, 0x0, 0x0, 0x0, 0x0, 0x0,
    0x0, 0x0, 0x0, 0x2, 0xff, 0xc0, 0x0, 0x0,
    0x0, 0x0, 0x0, 0x0, 0x0, 0x0, 0x0, 0x0,
    0x0, 0x2f, 0xfc, 0x0, 0x0, 0x0, 0x0, 0x0,
    0x0, 0x0, 0x0, 0x0, 0x0, 0x0, 0x2, 0xff,
    0xc0, 0x0, 0x0, 0x0, 0x0, 0x0, 0x0, 0x0,
    0x8, 0xda, 0x40, 0x0, 0x2f, 0xfc, 0x0, 0x1,
    0x9f, 0xa0, 0x0, 0x0, 0x0, 0x0, 0xcf, 0xf4,
    0x0, 0x2, 0xff, 0xc0, 0x0, 0xe, 0xff, 0x30,
    0x0, 0x0, 0x0, 0xf, 0xff, 0x10, 0x0, 0x2f,
    0xfc, 0x0, 0x0, 0x6f, 0xfc, 0x0, 0x0, 0x0,
    0x4, 0xff, 0xc0, 0x0, 0x2, 0xff, 0xc0, 0x0,
    0x0, 0xdf, 0xf4, 0x0, 0x0, 0x0, 0x8f, 0xf8,
    0x0, 0x0, 0x2f, 0xfc, 0x0, 0x0, 0x6, 0xff,
    0xc0, 0x0, 0x0, 0xe, 0xff, 0x20, 0x0, 0x2,
    0xff, 0xc0, 0x0, 0x0, 0xe, 0xff, 0x30, 0x0,
    0x3, 0xff, 0xd0, 0x0, 0x0, 0x2f, 0xfc, 0x0,
    0x0, 0x0, 0x8f, 0xfa, 0x0, 0x0, 0xaf, 0xf7,
    0x0, 0x0, 0x2, 0xff, 0xc0, 0x0, 0x0, 0x1,
    0xff, 0xf1, 0x0, 0x2f, 0xff, 0x10, 0x0, 0x0,
    0x2f, 0xfc, 0x0, 0x0, 0x0, 0xb, 0xff, 0x70,
    0xa, 0xff, 0x90, 0x0, 0x0, 0x2, 0xff, 0xc0,
    0x0, 0x0, 0x0, 0x5f, 0xfd, 0x4, 0xff, 0xf2,
    0x0, 0x0, 0x0, 0x2f, 0xfc, 0x0, 0x0, 0x0,
    0x0, 0xff, 0xf3, 0xaf, 0xf8, 0x0, 0x0, 0x0,
    0x2, 0xff, 0xc0, 0x0, 0x0, 0x0, 0xa, 0xff,
    0x70, 0x4a, 0x0, 0x0, 0x0, 0x0, 0x2f, 0xfc,
    0x0, 0x0, 0x0, 0x0, 0x6f, 0xb4, 0x0, 0x0,
    0x0, 0x0, 0x0, 0x2, 0xff, 0xc0, 0x0, 0x0,
    0x0, 0x1, 0x20, 0x0, 0x0, 0x0, 0x0, 0x0,
    0x0, 0x2f, 0xfc, 0x0, 0x0, 0x0, 0x0, 0x0,
    0x0, 0x0, 0x0, 0x0, 0x0, 0x0, 0x2, 0xff,
    0xc0, 0x0, 0x0, 0x0, 0x0, 0x0, 0x0, 0x0,
    0x0, 0x3, 0xa9, 0x9a, 0xcf, 0xfb, 0x0, 0x0,
    0x0, 0x0, 0x0, 0x0, 0x0, 0x0, 0x0, 0xf,
    0xff, 0xff, 0xff, 0x60, 0x0, 0x0, 0x0, 0x0,
    0x0, 0x0, 0x0, 0x0, 0x0, 0x9f, 0xff, 0xec,
    0x60, 0x0, 0x0, 0x0, 0x0, 0x0, 0x0, 0x0,
    0x0, 0x0, 0x0, 0x11, 0x0, 0x0, 0x0, 0x0,
    0x0, 0x0, 0x0, 0x0, 0x0,

    /* U+5C11 "少" */
    0x0, 0x0, 0x0, 0x0, 0x0, 0x0, 0x46, 0x60,
    0x0, 0x0, 0x0, 0x0, 0x0, 0x0, 0x0, 0x0,
    0x0, 0x0, 0x0, 0xb, 0xff, 0x0, 0x0, 0x0,
    0x0, 0x0, 0x0, 0x0, 0x0, 0x0, 0x0, 0x0,
    0x0, 0xbf, 0xf0, 0x0, 0x0, 0x0, 0x0, 0x0,
    0x0, 0x0, 0x0, 0x0, 0x0, 0x0, 0xb, 0xff,
    0x0, 0x0, 0x0, 0x0, 0x0, 0x0, 0x0, 0x0,
    0x0, 0x0, 0x0, 0x0, 0xbf, 0xf0, 0x0, 0x0,
    0x1, 0x0, 0x0, 0x0, 0x0, 0x0, 0xf, 0xc6,
    0x0, 0xb, 0xff, 0x0, 0x0, 0x2a, 0xe1, 0x0,
    0x0, 0x0, 0x0, 0x6, 0xff, 0x50, 0x0, 0xbf,
    0xf0, 0x0, 0x3, 0xff, 0xb0, 0x0, 0x0, 0x0,
    0x0, 0xdf, 0xe0, 0x0, 0xb, 0xff, 0x0, 0x0,
    0x9, 0xff, 0x50, 0x0, 0x0, 0x0, 0x5f, 0xf7,
    0x0, 0x0, 0xbf, 0xf0, 0x0, 0x0, 0xe, 0xfe,
    0x10, 0x0, 0x0, 0xd, 0xfe, 0x0, 0x0, 0xb,
    0xff, 0x0, 0x0, 0x0, 0x5f, 0xf9, 0x0, 0x0,
    0x6, 0xff, 0x70, 0x0, 0x0, 0xbf, 0xf0, 0x0,
    0x0, 0x0, 0xcf, 0xf2, 0x0, 0x1, 0xef, 0xe0,
    0x0, 0x0, 0xb, 0xff, 0x0, 0x0, 0x0, 0x3,
    0xff, 0xb0, 0x0, 0xaf, 0xf5, 0x0, 0x0, 0x0,
    0xbf, 0xf0, 0x0, 0x0, 0x0, 0xa, 0xff, 0x40,
    0x5f, 0xfb, 0x0, 0x0, 0x0, 0xb, 0xff, 0x0,
    0x0, 0x0, 0x0, 0x2f, 0xf9, 0x0, 0x6d, 0x20,
    0x0, 0x0, 0x0, 0xbf, 0xf0, 0x0, 0x0, 0x0,
    0x0, 0x85, 0x0, 0x0, 0x0, 0x0, 0x0, 0x0,
    0xb, 0xff, 0x0, 0x0, 0x4, 0xb4, 0x0, 0x0,
    0x0, 0x0, 0x0, 0x0, 0x0, 0x0, 0xbf, 0xf0,
    0x0, 0x1, 0xef, 0xf3, 0x0, 0x0, 0x0, 0x0,
    0x0, 0x0, 0x0, 0xa, 0xfe, 0x0, 0x1, 0xdf,
    0xf8, 0x0, 0x0, 0x0, 0x0, 0x0, 0x0, 0x0,
    0x0, 0x0, 0x0, 0x2, 0xdf, 0xfa, 0x0, 0x0,
    0x0, 0x0, 0x0, 0x0, 0x0, 0x0, 0x0, 0x0,
    0x7, 0xff, 0xfb, 0x0, 0x0, 0x0, 0x0, 0x0,
    0x0, 0x0, 0x0, 0x0, 0x0, 0x5d, 0xff, 0xf9,
    0x0, 0x0, 0x0, 0x0, 0x0, 0x0, 0x0, 0x0,
    0x0, 0x17, 0xef, 0xff, 0xe4, 0x0, 0x0, 0x0,
    0x0, 0x0, 0x0, 0x0, 0x0, 0x48, 0xcf, 0xff,
    0xff, 0x80, 0x0, 0x0, 0x0, 0x0, 0x0, 0x13,
    0x57, 0xad, 0xff, 0xff, 0xff, 0xd7, 0x10, 0x0,
    0x0, 0x0, 0x0, 0x0, 0xd, 0xff, 0xff, 0xff,
    0xff, 0xd9, 0x30, 0x0, 0x0, 0x0, 0x0, 0x0,
    0x0, 0x0, 0x5f, 0xff, 0xfd, 0x96, 0x20, 0x0,
    0x0, 0x0, 0x0, 0x0, 0x0, 0x0, 0x0, 0x0,
    0x75, 0x20, 0x0, 0x0, 0x0, 0x0, 0x0, 0x0,
    0x0, 0x0, 0x0, 0x0, 0x0,

    /* U+5C40 "局" */
    0x0, 0x0, 0x23, 0x43, 0x33, 0x33, 0x33, 0x33,
    0x33, 0x33, 0x33, 0x33, 0x0, 0x0, 0x0, 0xaf,
    0xff, 0xff, 0xff, 0xff, 0xff, 0xff, 0xff, 0xff,
    0xff, 0x0, 0x0, 0x0, 0xaf, 0xff, 0xff, 0xff,
    0xff, 0xff, 0xff, 0xff, 0xff, 0xff, 0x0, 0x0,
    0x0, 0xaf, 0xf0, 0x0, 0x0, 0x0, 0x0, 0x0,
    0x0, 0xa, 0xff, 0x0, 0x0, 0x0, 0xaf, 0xf0,
    0x0, 0x0, 0x0, 0x0, 0x0, 0x0, 0xa, 0xff,
    0x0, 0x0, 0x0, 0xaf, 0xf0, 0x0, 0x0, 0x0,
    0x0, 0x0, 0x0, 0xa, 0xff, 0x0, 0x0, 0x0,
    0xaf, 0xff, 0xff, 0xff, 0xff, 0xff, 0xff, 0xff,
    0xff, 0xff, 0x0, 0x0, 0x0, 0xaf, 0xff, 0xff,
    0xff, 0xff, 0xff, 0xff, 0xff, 0xff, 0xff, 0x0,
    0x0, 0x0, 0xaf, 0xf4, 0x44, 0x44, 0x44, 0x44,
    0x44, 0x44, 0x44, 0x44, 0x0, 0x0, 0x0, 0xbf,
    0xe0, 0x0, 0x0, 0x0, 0x0, 0x0, 0x0, 0x0,
    0x0, 0x0, 0x0, 0x0, 0xbf, 0xf6, 0x66, 0x66,
    0x66, 0x66, 0x66, 0x66, 0x66, 0x67, 0x64, 0x0,
    0x0, 0xcf, 0xff, 0xff, 0xff, 0xff, 0xff, 0xff,
    0xff, 0xff, 0xff, 0xfb, 0x0, 0x0, 0xef, 0xff,
    0xff, 0xff, 0xff, 0xff, 0xff, 0xff, 0xff, 0xff,
    0xfb, 0x0, 0x0, 0xff, 0xa0, 0x0, 0x0, 0x0,
    0x0, 0x0, 0x0, 0x0, 0xc, 0xfa, 0x0, 0x2,
    0xff, 0x80, 0x2, 0x43, 0x22, 0x22, 0x22, 0x21,
    0x0, 0xd, 0xf9, 0x0, 0x4, 0xff, 0x50, 0x5f,
    0xff, 0xff, 0xff, 0xff, 0xf9, 0x0, 0xe, 0xf9,
    0x0, 0x7, 0xff, 0x20, 0x5f, 0xff, 0xff, 0xff,
    0xff, 0xf9, 0x0, 0xe, 0xf8, 0x0, 0xc, 0xff,
    0x0, 0x5f, 0xf1, 0x0, 0x0, 0xe, 0xf9, 0x0,
    0xf, 0xf7, 0x0, 0x1f, 0xfb, 0x0, 0x5f, 0xf1,
    0x0, 0x0, 0xe, 0xf9, 0x0, 0x1f, 0xf5, 0x0,
    0x6f, 0xf6, 0x0, 0x5f, 0xf1, 0x0, 0x0, 0xe,
    0xf9, 0x0, 0x2f, 0xf4, 0x0, 0xdf, 0xf1, 0x0,
    0x5f, 0xff, 0xff, 0xff, 0xff, 0xf9, 0x0, 0x5f,
    0xf2, 0x6, 0xff, 0xa0, 0x0, 0x5f, 0xff, 0xff,
    0xff, 0xff, 0xf9, 0x0, 0x9f, 0xf0, 0xd, 0xff,
    0x30, 0x0, 0x5f, 0xf4, 0x22, 0x22, 0x22, 0xa9,
    0x77, 0xff, 0xd0, 0x1, 0xca, 0x0, 0x0, 0x4d,
    0xd1, 0x0, 0x0, 0x0, 0x9f, 0xff, 0xff, 0x70,
    0x0, 0x1, 0x0, 0x0, 0x0, 0x0, 0x0, 0x0,
    0x0, 0x5f, 0xff, 0xd8, 0x0,

    /* U+5C42 "层" */
    0x0, 0x2, 0x55, 0x55, 0x55, 0x55, 0x55, 0x55,
    0x55, 0x55, 0x55, 0x55, 0x30, 0x0, 0x0, 0x8f,
    0xff, 0xff, 0xff, 0xff, 0xff, 0xff, 0xff, 0xff,
    0xff, 0xfb, 0x0, 0x0, 0x8, 0xff, 0xff, 0xff,
    0xff, 0xff, 0xff, 0xff, 0xff, 0xff, 0xff, 0xb0,
    0x0, 0x0, 0x8f, 0xf1, 0x0, 0x0, 0x0, 0x0,
    0x0, 0x0, 0x0, 0xe, 0xfb, 0x0, 0x0, 0x8,
    0xff, 0x10, 0x0, 0x0, 0x0, 0x0, 0x0, 0x0,
    0x0, 0xef, 0xb0, 0x0, 0x0, 0x8f, 0xf4, 0x22,
    0x22, 0x22, 0x22, 0x22, 0x22, 0x22, 0x2e, 0xfb,
    0x0, 0x0, 0x8, 0xff, 0xff, 0xff, 0xff, 0xff,
    0xff, 0xff, 0xff, 0xff, 0xff, 0xb0, 0x0, 0x0,
    0x8f, 0xff, 0xff, 0xff, 0xff, 0xff, 0xff, 0xff,
    0xff, 0xff, 0xfb, 0x0, 0x0, 0x8, 0xff, 0x31,
    0x11, 0x11, 0x11, 0x11, 0x11, 0x11, 0x11, 0x11,
    0x10, 0x0, 0x0, 0x8f, 0xf1, 0x0, 0x0, 0x0,
    0x0, 0x0, 0x0, 0x0, 0x0, 0x0, 0x0, 0x0,
    0x9, 0xff, 0x10, 0xaf, 0xff, 0xff, 0xff, 0xff,
    0xff, 0xff, 0xff, 0x30, 0x0, 0x0, 0x9f, 0xf1,
    0xb, 0xff, 0xff, 0xff, 0xff, 0xff, 0xff, 0xff,
    0xf3, 0x0, 0x0, 0xa, 0xff, 0x0, 0x46, 0x66,
    0x66, 0x66, 0x66, 0x66, 0x66, 0x66, 0x10, 0x0,
    0x0, 0xbf, 0xf0, 0x0, 0x0, 0x0, 0x0, 0x0,
    0x0, 0x0, 0x0, 0x0, 0x0, 0x0, 0xc, 0xfe,
    0x0, 0x0, 0x0, 0x0, 0x0, 0x0, 0x0, 0x0,
    0x0, 0x0, 0x0, 0x0, 0xef, 0xc3, 0xff, 0xff,
    0xff, 0xff, 0xff, 0xff, 0xff, 0xff, 0xff, 0xf2,
    0x0, 0xf, 0xfa, 0x3f, 0xff, 0xff, 0xff, 0xff,
    0xff, 0xff, 0xff, 0xff, 0xff, 0x20, 0x2, 0xff,
    0x81, 0x66, 0x66, 0xcf, 0xfc, 0x66, 0x66, 0x66,
    0x66, 0x66, 0x61, 0x0, 0x5f, 0xf5, 0x0, 0x0,
    0x2f, 0xff, 0x20, 0x0, 0x7, 0xda, 0x0, 0x0,
    0x0, 0x9, 0xff, 0x20, 0x0, 0xc, 0xff, 0x60,
    0x0, 0x0, 0xaf, 0xf5, 0x0, 0x0, 0x0, 0xdf,
    0xe0, 0x0, 0x7, 0xff, 0xa0, 0x0, 0x0, 0x1,
    0xef, 0xe1, 0x0, 0x0, 0x2f, 0xfa, 0x0, 0x4,
    0xff, 0xc0, 0x0, 0x1, 0x23, 0x4a, 0xff, 0xa0,
    0x0, 0x9, 0xff, 0x50, 0x5, 0xff, 0xfd, 0xde,
    0xff, 0xff, 0xff, 0xff, 0xff, 0x40, 0x1, 0xff,
    0xe0, 0x0, 0x6f, 0xff, 0xff, 0xff, 0xff, 0xff,
    0xed, 0xcf, 0xfd, 0x0, 0x5, 0xd7, 0x0, 0x0,
    0xfc, 0xa8, 0x76, 0x43, 0x21, 0x0, 0x0, 0xaf,
    0xd2, 0x0, 0x0, 0x0, 0x0, 0x0, 0x0, 0x0,
    0x0, 0x0, 0x0, 0x0, 0x2, 0x50, 0x0,

    /* U+5C4F "屏" */
    0x0, 0x2, 0x55, 0x55, 0x55, 0x55, 0x55, 0x55,
    0x55, 0x55, 0x55, 0x55, 0x51, 0x0, 0x0, 0x9f,
    0xff, 0xff, 0xff, 0xff, 0xff, 0xff, 0xff, 0xff,
    0xff, 0xff, 0x50, 0x0, 0x9, 0xff, 0xff, 0xff,
    0xff, 0xff, 0xff, 0xff, 0xff, 0xff, 0xff, 0xf5,
    0x0, 0x0, 0x9f, 0xf1, 0x0, 0x0, 0x0, 0x0,
    0x0, 0x0, 0x0, 0x7, 0xff, 0x50, 0x0, 0x9,
    0xff, 0x10, 0x0, 0x0, 0x0, 0x0, 0x0, 0x0,
    0x0, 0x7f, 0xf5, 0x0, 0x0, 0x9f, 0xfe, 0xee,
    0xee, 0xee, 0xee, 0xee, 0xee, 0xee, 0xef, 0xff,
    0x50, 0x0, 0x9, 0xff, 0xff, 0xff, 0xff, 0xff,
    0xff, 0xff, 0xff, 0xff, 0xff, 0xf5, 0x0, 0x0,
    0x9f, 0xf7, 0x66, 0x67, 0xc7, 0x66, 0x66, 0x66,
    0x6b, 0x96, 0x66, 0x20, 0x0, 0x9, 0xff, 0x10,
    0x4, 0xff, 0x90, 0x0, 0x0, 0x1, 0xff, 0xe0,
    0x0, 0x0, 0x0, 0x9f, 0xf1, 0x0, 0xc, 0xff,
    0x30, 0x0, 0x0, 0x8f, 0xf6, 0x0, 0x0, 0x0,
    0x9, 0xff, 0x12, 0x22, 0x6d, 0x73, 0x22, 0x22,
    0x3f, 0xfc, 0x22, 0x22, 0x0, 0x0, 0x9f, 0xf1,
    0xff, 0xff, 0xff, 0xff, 0xff, 0xff, 0xff, 0xff,
    0xff, 0xe0, 0x0, 0x9, 0xff, 0x1f, 0xff, 0xff,
    0xff, 0xff, 0xff, 0xff, 0xff, 0xff, 0xfe, 0x0,
    0x0, 0xaf, 0xf0, 0x0, 0x0, 0xef, 0xa0, 0x0,
    0x2, 0xff, 0x90, 0x0, 0x0, 0x0, 0xb, 0xff,
    0x0, 0x0, 0xe, 0xfa, 0x0, 0x0, 0x1f, 0xf9,
    0x0, 0x0, 0x0, 0x0, 0xcf, 0xd0, 0x0, 0x0,
    0xef, 0xa0, 0x0, 0x1, 0xff, 0x90, 0x0, 0x0,
    0x0, 0xe, 0xfc, 0x24, 0x44, 0x4f, 0xfb, 0x44,
    0x44, 0x5f, 0xfb, 0x44, 0x44, 0x30, 0x0, 0xff,
    0x9b, 0xff, 0xff, 0xff, 0xff, 0xff, 0xff, 0xff,
    0xff, 0xff, 0xfb, 0x0, 0x4f, 0xf7, 0xaf, 0xff,
    0xff, 0xff, 0xff, 0xff, 0xff, 0xff, 0xff, 0xff,
    0xa0, 0x8, 0xff, 0x30, 0x0, 0xa, 0xff, 0x20,
    0x0, 0x1, 0xff, 0x90, 0x0, 0x0, 0x0, 0xdf,
    0xf0, 0x0, 0x4, 0xff, 0xc0, 0x0, 0x0, 0x1f,
    0xf9, 0x0, 0x0, 0x0, 0x3f, 0xfa, 0x0, 0x4,
    0xff, 0xf3, 0x0, 0x0, 0x1, 0xff, 0x90, 0x0,
    0x0, 0xb, 0xff, 0x50, 0x19, 0xff, 0xf7, 0x0,
    0x0, 0x0, 0x1f, 0xf9, 0x0, 0x0, 0x2, 0xff,
    0xd0, 0x8, 0xff, 0xf6, 0x0, 0x0, 0x0, 0x1,
    0xff, 0x90, 0x0, 0x0, 0x2, 0xc4, 0x0, 0xa,
    0xb2, 0x0, 0x0, 0x0, 0x0, 0x1f, 0xf9, 0x0,
    0x0, 0x0, 0x0, 0x0, 0x0, 0x0, 0x0, 0x0,
    0x0, 0x0, 0x0, 0x0, 0x0, 0x0, 0x0,

    /* U+5DE6 "左" */
    0x0, 0x0, 0x0, 0x0, 0x0, 0x64, 0x20, 0x0,
    0x0, 0x0, 0x0, 0x0, 0x0, 0x0, 0x0, 0x0,
    0x0, 0x0, 0xf, 0xfc, 0x0, 0x0, 0x0, 0x0,
    0x0, 0x0, 0x0, 0x0, 0x0, 0x0, 0x0, 0x3,
    0xff, 0x90, 0x0, 0x0, 0x0, 0x0, 0x0, 0x0,
    0x0, 0x0, 0x0, 0x0, 0x0, 0x6f, 0xf6, 0x0,
    0x0, 0x0, 0x0, 0x0, 0x0, 0x0, 0x0, 0x0,
    0x0, 0x0, 0x9, 0xff, 0x20, 0x0, 0x0, 0x0,
    0x0, 0x0, 0x0, 0x0, 0x19, 0x99, 0x99, 0x99,
    0xef, 0xf9, 0x99, 0x99, 0x99, 0x99, 0x99, 0x99,
    0x91, 0x3, 0xff, 0xff, 0xff, 0xff, 0xff, 0xff,
    0xff, 0xff, 0xff, 0xff, 0xff, 0xff, 0x30, 0x3f,
    0xff, 0xff, 0xff, 0xff, 0xff, 0xff, 0xff, 0xff,
    0xff, 0xff, 0xff, 0xf3, 0x0, 0x0, 0x0, 0x0,
    0x8f, 0xf3, 0x0, 0x0, 0x0, 0x0, 0x0, 0x0,
    0x0, 0x0, 0x0, 0x0, 0x0, 0xc, 0xfe, 0x0,
    0x0, 0x0, 0x0, 0x0, 0x0, 0x0, 0x0, 0x0,
    0x0, 0x0, 0x1, 0xff, 0xa0, 0x0, 0x0, 0x0,
    0x0, 0x0, 0x0, 0x0, 0x0, 0x0, 0x0, 0x0,
    0x6f, 0xf5, 0x0, 0x0, 0x0, 0x0, 0x0, 0x0,
    0x0, 0x0, 0x0, 0x0, 0x0, 0xc, 0xff, 0x44,
    0x44, 0x44, 0x44, 0x44, 0x44, 0x44, 0x42, 0x0,
    0x0, 0x0, 0x2, 0xff, 0xff, 0xff, 0xff, 0xff,
    0xff, 0xff, 0xff, 0xff, 0x80, 0x0, 0x0, 0x0,
    0x9f, 0xf9, 0xff, 0xff, 0xff, 0xff, 0xff, 0xff,
    0xff, 0xf8, 0x0, 0x0, 0x0, 0x1f, 0xfd, 0x14,
    0x44, 0x44, 0x9f, 0xf7, 0x44, 0x44, 0x44, 0x20,
    0x0, 0x0, 0x9, 0xff, 0x50, 0x0, 0x0, 0x7,
    0xff, 0x40, 0x0, 0x0, 0x0, 0x0, 0x0, 0x2,
    0xff, 0xd0, 0x0, 0x0, 0x0, 0x7f, 0xf4, 0x0,
    0x0, 0x0, 0x0, 0x0, 0x0, 0xcf, 0xf5, 0x0,
    0x0, 0x0, 0x7, 0xff, 0x40, 0x0, 0x0, 0x0,
    0x0, 0x0, 0x7f, 0xfb, 0x0, 0x0, 0x0, 0x0,
    0x7f, 0xf4, 0x0, 0x0, 0x0, 0x0, 0x0, 0x4f,
    0xff, 0x20, 0x0, 0x0, 0x0, 0x7, 0xff, 0x40,
    0x0, 0x0, 0x0, 0x0, 0x2f, 0xff, 0x60, 0x0,
    0x0, 0x0, 0x0, 0x7f, 0xf4, 0x0, 0x0, 0x0,
    0x0, 0x1e, 0xff, 0x90, 0x0, 0x0, 0x0, 0x0,
    0x7, 0xff, 0x40, 0x0, 0x0, 0x0, 0x0, 0x8f,
    0xa0, 0x5, 0xff, 0xff, 0xff, 0xff, 0xff, 0xff,
    0xff, 0xff, 0xff, 0xfa, 0x0, 0x70, 0x0, 0x5f,
    0xff, 0xff, 0xff, 0xff, 0xff, 0xff, 0xff, 0xff,
    0xff, 0xb0, 0x0, 0x0, 0x3, 0x99, 0x99, 0x99,
    0x99, 0x99, 0x99, 0x99, 0x99, 0x99, 0x96,

    /* U+5DF1 "己" */
    0x0, 0x0, 0x0, 0x0, 0x0, 0x0, 0x0, 0x0,
    0x0, 0x0, 0x0, 0x0, 0x2, 0xff, 0xff, 0xff,
    0xff, 0xff, 0xff, 0xff, 0xff, 0xff, 0xf8, 0x0,
    0x0, 0x2f, 0xff, 0xff, 0xff, 0xff, 0xff, 0xff,
    0xff, 0xff, 0xff, 0x80, 0x0, 0x1, 0xbb, 0xbb,
    0xbb, 0xbb, 0xbb, 0xbb, 0xbb, 0xbb, 0xcf, 0xf8,
    0x0, 0x0, 0x0, 0x0, 0x0, 0x0, 0x0, 0x0,
    0x0, 0x0, 0x4, 0xff, 0x80, 0x0, 0x0, 0x0,
    0x0, 0x0, 0x0, 0x0, 0x0, 0x0, 0x0, 0x4f,
    0xf8, 0x0, 0x0, 0x0, 0x0, 0x0, 0x0, 0x0,
    0x0, 0x0, 0x0, 0x4, 0xff, 0x80, 0x0, 0x0,
    0x0, 0x0, 0x0, 0x0, 0x0, 0x0, 0x0, 0x0,
    0x4f, 0xf8, 0x0, 0x0, 0x0, 0x0, 0x0, 0x0,
    0x0, 0x0, 0x0, 0x0, 0x4, 0xff, 0x80, 0x0,
    0x0, 0x0, 0x0, 0x0, 0x0, 0x0, 0x0, 0x0,
    0x0, 0x4f, 0xf8, 0x0, 0x0, 0xc, 0xff, 0xff,
    0xff, 0xff, 0xff, 0xff, 0xff, 0xff, 0xff, 0x80,
    0x0, 0x0, 0xcf, 0xff, 0xff, 0xff, 0xff, 0xff,
    0xff, 0xff, 0xff, 0xf8, 0x0, 0x0, 0xc, 0xff,
    0xaa, 0xaa, 0xaa, 0xaa, 0xaa, 0xaa, 0xac, 0xff,
    0x80, 0x0, 0x0, 0xcf, 0xe0, 0x0, 0x0, 0x0,
    0x0, 0x0, 0x0, 0x4f, 0xf8, 0x0, 0x0, 0xc,
    0xfe, 0x0, 0x0, 0x0, 0x0, 0x0, 0x0, 0x1,
    0x55, 0x20, 0x0, 0x0, 0xcf, 0xe0, 0x0, 0x0,
    0x0, 0x0, 0x0, 0x0, 0x0, 0x0, 0x0, 0x0,
    0xc, 0xfe, 0x0, 0x0, 0x0, 0x0, 0x0, 0x0,
    0x0, 0x0, 0x0, 0x0, 0x0, 0xcf, 0xe0, 0x0,
    0x0, 0x0, 0x0, 0x0, 0x0, 0x0, 0x0, 0x63,
    0x0, 0xc, 0xfe, 0x0, 0x0, 0x0, 0x0, 0x0,
    0x0, 0x0, 0x0, 0xc, 0xfd, 0x0, 0xcf, 0xe0,
    0x0, 0x0, 0x0, 0x0, 0x0, 0x0, 0x0, 0x0,
    0xef, 0xd0, 0xc, 0xfe, 0x0, 0x0, 0x0, 0x0,
    0x0, 0x0, 0x0, 0x0, 0x2f, 0xfb, 0x0, 0xbf,
    0xf2, 0x0, 0x0, 0x0, 0x0, 0x0, 0x0, 0x0,
    0xa, 0xff, 0x70, 0x8, 0xff, 0xfc, 0xaa, 0xaa,
    0xaa, 0xaa, 0xaa, 0xaa, 0xbe, 0xff, 0xf2, 0x0,
    0x1e, 0xff, 0xff, 0xff, 0xff, 0xff, 0xff, 0xff,
    0xff, 0xff, 0xf7, 0x0, 0x0, 0x18, 0xce, 0xff,
    0xff, 0xff, 0xff, 0xff, 0xff, 0xfe, 0xa4, 0x0,
    0x0,

    /* U+5DF2 "已" */
    0x3f, 0xff, 0xff, 0xff, 0xff, 0xff, 0xff, 0xff,
    0xff, 0xff, 0xfa, 0x0, 0x0, 0x3f, 0xff, 0xff,
    0xff, 0xff, 0xff, 0xff, 0xff, 0xff, 0xff, 0xfa,
    0x0, 0x0, 0x2a, 0xaa, 0xaa, 0xaa, 0xaa, 0xaa,
    0xaa, 0xaa, 0xaa, 0xbf, 0xfa, 0x0, 0x0, 0x0,
    0x0, 0x0, 0x0, 0x0, 0x0, 0x0, 0x0, 0x0,
    0x1f, 0xfa, 0x0, 0x0, 0x0, 0x0, 0x0, 0x0,
    0x0, 0x0, 0x0, 0x0, 0x0, 0x1f, 0xfa, 0x0,
    0x0, 0x0, 0xbd, 0xb0, 0x0, 0x0, 0x0, 0x0,
    0x0, 0x0, 0x1f, 0xfa, 0x0, 0x0, 0x0, 0xef,
    0xd0, 0x0, 0x0, 0x0, 0x0, 0x0, 0x0, 0x1f,
    0xfa, 0x0, 0x0, 0x0, 0xef, 0xd0, 0x0, 0x0,
    0x0, 0x0, 0x0, 0x0, 0x1f, 0xfa, 0x0, 0x0,
    0x0, 0xef, 0xd0, 0x0, 0x0, 0x0, 0x0, 0x0,
    0x0, 0x1f, 0xfa, 0x0, 0x0, 0x0, 0xef, 0xe9,
    0x99, 0x99, 0x99, 0x99, 0x99, 0x99, 0xaf, 0xfa,
    0x0, 0x0, 0x0, 0xef, 0xff, 0xff, 0xff, 0xff,
    0xff, 0xff, 0xff, 0xff, 0xfa, 0x0, 0x0, 0x0,
    0xef, 0xff, 0xff, 0xff, 0xff, 0xff, 0xff, 0xff,
    0xff, 0xfa, 0x0, 0x0, 0x0, 0xef, 0xd0, 0x0,
    0x0, 0x0, 0x0, 0x0, 0x0, 0x2f, 0xfa, 0x0,
    0x0, 0x0, 0xef, 0xd0, 0x0, 0x0, 0x0, 0x0,
    0x0, 0x0, 0x6, 0x64, 0x0, 0x0, 0x0, 0xef,
    0xd0, 0x0, 0x0, 0x0, 0x0, 0x0, 0x0, 0x0,
    0x0, 0x0, 0x0, 0x0, 0xef, 0xd0, 0x0, 0x0,
    0x0, 0x0, 0x0, 0x0, 0x0, 0x0, 0x0, 0x0,
    0x0, 0xef, 0xd0, 0x0, 0x0, 0x0, 0x0, 0x0,
    0x0, 0x0, 0x0, 0x7c, 0x60, 0x0, 0xef, 0xd0,
    0x0, 0x0, 0x0, 0x0, 0x0, 0x0, 0x0, 0x0,
    0xaf, 0xf3, 0x0, 0xef, 0xd0, 0x0, 0x0, 0x0,
    0x0, 0x0, 0x0, 0x0, 0x0, 0xcf, 0xf0, 0x0,
    0xdf, 0xe0, 0x0, 0x0, 0x0, 0x0, 0x0, 0x0,
    0x0, 0x2, 0xff, 0xd0, 0x0, 0xbf, 0xf8, 0x21,
    0x0, 0x0, 0x0, 0x0, 0x0, 0x1, 0x4c, 0xff,
    0x80, 0x0, 0x6f, 0xff, 0xff, 0xff, 0xff, 0xff,
    0xff, 0xff, 0xff, 0xff, 0xff, 0x10, 0x0, 0x9,
    0xff, 0xff, 0xff, 0xff, 0xff, 0xff, 0xff, 0xff,
    0xff, 0xe4, 0x0, 0x0, 0x0, 0x15, 0x78, 0x99,
    0x99, 0x99, 0x99, 0x99, 0x98, 0x74, 0x0, 0x0,

    /* U+5E55 "幕" */
    0x0, 0x0, 0x0, 0x0, 0x9a, 0x50, 0x0, 0x0,
    0x6, 0xa9, 0x0, 0x0, 0x0, 0x0, 0x0, 0x0,
    0x0, 0x0, 0xff, 0x90, 0x0, 0x0, 0xb, 0xfe,
    0x0, 0x0, 0x0, 0x0, 0x3, 0xff, 0xff, 0xff,
    0xff, 0xff, 0xff, 0xff, 0xff, 0xff, 0xff, 0xff,
    0xff, 0x40, 0x3, 0xff, 0xff, 0xff, 0xff, 0xff,
    0xff, 0xff, 0xff, 0xff, 0xff, 0xff, 0xff, 0x40,
    0x0, 0x22, 0x22, 0x22, 0xff, 0x92, 0x22, 0x22,
    0x2b, 0xff, 0x22, 0x22, 0x22, 0x0, 0x0, 0x0,
    0x0, 0x0, 0x55, 0x30, 0x0, 0x0, 0x3, 0x44,
    0x0, 0x0, 0x0, 0x0, 0x0, 0x0, 0x7f, 0xff,
    0xff, 0xff, 0xff, 0xff, 0xff, 0xff, 0xff, 0xfb,
    0x0, 0x0, 0x0, 0x0, 0x7f, 0xfa, 0xaa, 0xaa,
    0xaa, 0xaa, 0xaa, 0xaa, 0xaf, 0xfb, 0x0, 0x0,
    0x0, 0x0, 0x7f, 0xf1, 0x0, 0x0, 0x0, 0x0,
    0x0, 0x0, 0xe, 0xfb, 0x0, 0x0, 0x0, 0x0,
    0x7f, 0xff, 0xff, 0xff, 0xff, 0xff, 0xff, 0xff,
    0xff, 0xfb, 0x0, 0x0, 0x0, 0x0, 0x7f, 0xf9,
    0x88, 0x88, 0x88, 0x88, 0x88, 0x88, 0x8f, 0xfb,
    0x0, 0x0, 0x0, 0x0, 0x7f, 0xf1, 0x0, 0x0,
    0x0, 0x0, 0x0, 0x0, 0xe, 0xfb, 0x0, 0x0,
    0x0, 0x0, 0x7f, 0xff, 0xff, 0xff, 0xff, 0xff,
    0xff, 0xff, 0xff, 0xfb, 0x0, 0x0, 0x0, 0x0,
    0x5b, 0xbb, 0xbe, 0xff, 0xcb, 0xbb, 0xbb, 0xbb,
    0xbb, 0xb8, 0x0, 0x0, 0x1, 0x11, 0x11, 0x11,
    0x3f, 0xfd, 0x11, 0x11, 0x11, 0x11, 0x11, 0x11,
    0x11, 0x0, 0xa, 0xff, 0xff, 0xff, 0xff, 0xff,
    0xff, 0xff, 0xff, 0xff, 0xff, 0xff, 0xff, 0x70,
    0xa, 0xff, 0xff, 0xff, 0xff, 0xff, 0xff, 0xff,
    0xff, 0xff, 0xff, 0xff, 0xff, 0x70, 0x0, 0x0,
    0x2, 0xdf, 0xf7, 0x0, 0x8f, 0xf1, 0x0, 0x4f,
    0xf9, 0x0, 0x0, 0x0, 0x0, 0x0, 0x6f, 0xff,
    0x92, 0x22, 0x9f, 0xf3, 0x22, 0x26, 0xff, 0xe5,
    0x0, 0x0, 0x0, 0x5d, 0xff, 0xff, 0xff, 0xff,
    0xff, 0xff, 0xff, 0xff, 0xff, 0xff, 0xd7, 0x10,
    0x1d, 0xff, 0xfb, 0xff, 0xff, 0xff, 0xff, 0xff,
    0xff, 0xff, 0xff, 0xdf, 0xff, 0xc0, 0x4, 0xfa,
    0x22, 0xff, 0x60, 0x0, 0x8f, 0xf1, 0x0, 0x0,
    0xff, 0x71, 0x8d, 0x10, 0x0, 0x0, 0x2, 0xff,
    0x60, 0x0, 0x8f, 0xf1, 0x0, 0x0, 0xff, 0x70,
    0x0, 0x0, 0x0, 0x0, 0x2, 0xff, 0x60, 0x0,
    0x8f, 0xf1, 0x8, 0xcc, 0xff, 0x70, 0x0, 0x0,
    0x0, 0x0, 0x2, 0xff, 0x60, 0x0, 0x8f, 0xf1,
    0x4, 0xff, 0xfc, 0x10, 0x0, 0x0, 0x0, 0x0,
    0x0, 0x33, 0x10, 0x0, 0x8f, 0xf1, 0x0, 0x11,
    0x0, 0x0, 0x0, 0x0,

    /* U+5E73 "平" */
    0x3, 0xaa, 0xaa, 0xaa, 0xaa, 0xaa, 0xaa, 0xaa,
    0xaa, 0xaa, 0xaa, 0xa9, 0x0, 0x5, 0xff, 0xff,
    0xff, 0xff, 0xff, 0xff, 0xff, 0xff, 0xff, 0xff,
    0xfd, 0x0, 0x5, 0xff, 0xff, 0xff, 0xff, 0xff,
    0xff, 0xff, 0xff, 0xff, 0xff, 0xfc, 0x0, 0x0,
    0x0, 0x0, 0x0, 0x0, 0xa, 0xff, 0x20, 0x0,
    0x0, 0x0, 0x0, 0x0, 0x0, 0x2, 0x8c, 0x20,
    0x0, 0xa, 0xff, 0x20, 0x0, 0x8, 0xc8, 0x20,
    0x0, 0x0, 0x2, 0xff, 0x90, 0x0, 0xa, 0xff,
    0x20, 0x0, 0xe, 0xff, 0x10, 0x0, 0x0, 0x0,
    0xbf, 0xf1, 0x0, 0xa, 0xff, 0x20, 0x0, 0x5f,
    0xf9, 0x0, 0x0, 0x0, 0x0, 0x4f, 0xf8, 0x0,
    0xa, 0xff, 0x20, 0x0, 0xcf, 0xf1, 0x0, 0x0,
    0x0, 0x0, 0xe, 0xfe, 0x0, 0xa, 0xff, 0x20,
    0x4, 0xff, 0x80, 0x0, 0x0, 0x0, 0x0, 0x9,
    0xff, 0x30, 0xa, 0xff, 0x20, 0xc, 0xfe, 0x0,
    0x0, 0x0, 0x0, 0x0, 0x3, 0xa5, 0x0, 0xa,
    0xff, 0x20, 0x6, 0xb6, 0x0, 0x0, 0x0, 0x0,
    0x0, 0x0, 0x0, 0x0, 0xa, 0xff, 0x20, 0x0,
    0x0, 0x0, 0x0, 0x0, 0xcf, 0xff, 0xff, 0xff,
    0xff, 0xff, 0xff, 0xff, 0xff, 0xff, 0xff, 0xff,
    0xf7, 0xdf, 0xff, 0xff, 0xff, 0xff, 0xff, 0xff,
    0xff, 0xff, 0xff, 0xff, 0xff, 0xf7, 0x9b, 0xbb,
    0xbb, 0xbb, 0xbb, 0xbe, 0xff, 0xbb, 0xbb, 0xbb,
    0xbb, 0xbb, 0xb5, 0x0, 0x0, 0x0, 0x0, 0x0,
    0xa, 0xff, 0x20, 0x0, 0x0, 0x0, 0x0, 0x0,
    0x0, 0x0, 0x0, 0x0, 0x0, 0xa, 0xff, 0x20,
    0x0, 0x0, 0x0, 0x0, 0x0, 0x0, 0x0, 0x0,
    0x0, 0x0, 0xa, 0xff, 0x20, 0x0, 0x0, 0x0,
    0x0, 0x0, 0x0, 0x0, 0x0, 0x0, 0x0, 0xa,
    0xff, 0x20, 0x0, 0x0, 0x0, 0x0, 0x0, 0x0,
    0x0, 0x0, 0x0, 0x0, 0xa, 0xff, 0x20, 0x0,
    0x0, 0x0, 0x0, 0x0, 0x0, 0x0, 0x0, 0x0,
    0x0, 0xa, 0xff, 0x20, 0x0, 0x0, 0x0, 0x0,
    0x0, 0x0, 0x0, 0x0, 0x0, 0x0, 0xa, 0xff,
    0x20, 0x0, 0x0, 0x0, 0x0, 0x0, 0x0, 0x0,
    0x0, 0x0, 0x0, 0xa, 0xff, 0x20, 0x0, 0x0,
    0x0, 0x0, 0x0, 0x0, 0x0, 0x0, 0x0, 0x0,
    0xa, 0xff, 0x20, 0x0, 0x0, 0x0, 0x0, 0x0,

    /* U+5E76 "并" */
    0x0, 0x0, 0x0, 0x15, 0x0, 0x0, 0x0, 0x0,
    0x0, 0x34, 0x0, 0x0, 0x0, 0x0, 0x0, 0x0,
    0x7f, 0xf5, 0x0, 0x0, 0x0, 0x0, 0xa, 0xff,
    0x80, 0x0, 0x0, 0x0, 0x0, 0x2, 0xff, 0xe1,
    0x0, 0x0, 0x0, 0x1, 0xff, 0xf3, 0x0, 0x0,
    0x0, 0x0, 0x0, 0x8, 0xff, 0xa0, 0x0, 0x0,
    0x0, 0x7f, 0xfb, 0x0, 0x0, 0x0, 0x0, 0x0,
    0x0, 0xe, 0xff, 0x30, 0x0, 0x0, 0xe, 0xff,
    0x20, 0x0, 0x0, 0x0, 0x0, 0x0, 0x0, 0x7f,
    0xc3, 0x0, 0x0, 0x6, 0xff, 0x90, 0x0, 0x0,
    0x0, 0x4, 0xbb, 0xbb, 0xbc, 0xdb, 0xbb, 0xbb,
    0xbb, 0xef, 0xfc, 0xbb, 0xbb, 0xb1, 0x0, 0x7f,
    0xff, 0xff, 0xff, 0xff, 0xff, 0xff, 0xff, 0xff,
    0xff, 0xff, 0xff, 0x20, 0x5, 0xdd, 0xdd, 0xdf,
    0xff, 0xdd, 0xdd, 0xdd, 0xdf, 0xff, 0xdd, 0xdd,
    0xd2, 0x0, 0x0, 0x0, 0x1, 0xff, 0xb0, 0x0,
    0x0, 0x1, 0xff, 0xb0, 0x0, 0x0, 0x0, 0x0,
    0x0, 0x0, 0x1f, 0xfb, 0x0, 0x0, 0x0, 0x1f,
    0xfb, 0x0, 0x0, 0x0, 0x0, 0x0, 0x0, 0x1,
    0xff, 0xb0, 0x0, 0x0, 0x1, 0xff, 0xb0, 0x0,
    0x0, 0x0, 0x0, 0x0, 0x0, 0x1f, 0xfb, 0x0,
    0x0, 0x0, 0x1f, 0xfb, 0x0, 0x0, 0x0, 0x0,
    0x0, 0x0, 0x1, 0xff, 0xb0, 0x0, 0x0, 0x1,
    0xff, 0xb0, 0x0, 0x0, 0x0, 0x6f, 0xff, 0xff,
    0xff, 0xff, 0xff, 0xff, 0xff, 0xff, 0xff, 0xff,
    0xff, 0xff, 0x7, 0xff, 0xff, 0xff, 0xff, 0xff,
    0xff, 0xff, 0xff, 0xff, 0xff, 0xff, 0xff, 0xf0,
    0x49, 0x99, 0x99, 0xbf, 0xfc, 0x99, 0x99, 0x99,
    0xaf, 0xfe, 0x99, 0x99, 0x99, 0x0, 0x0, 0x0,
    0x7, 0xff, 0x60, 0x0, 0x0, 0x1, 0xff, 0xb0,
    0x0, 0x0, 0x0, 0x0, 0x0, 0x0, 0xcf, 0xf3,
    0x0, 0x0, 0x0, 0x1f, 0xfb, 0x0, 0x0, 0x0,
    0x0, 0x0, 0x0, 0x3f, 0xfe, 0x0, 0x0, 0x0,
    0x1, 0xff, 0xb0, 0x0, 0x0, 0x0, 0x0, 0x0,
    0xd, 0xff, 0x70, 0x0, 0x0, 0x0, 0x1f, 0xfb,
    0x0, 0x0, 0x0, 0x0, 0x0, 0xa, 0xff, 0xe0,
    0x0, 0x0, 0x0, 0x1, 0xff, 0xb0, 0x0, 0x0,
    0x0, 0x0, 0x1b, 0xff, 0xf4, 0x0, 0x0, 0x0,
    0x0, 0x1f, 0xfb, 0x0, 0x0, 0x0, 0x0, 0x5e,
    0xff, 0xf6, 0x0, 0x0, 0x0, 0x0, 0x1, 0xff,
    0xb0, 0x0, 0x0, 0x0, 0x1c, 0xff, 0xf5, 0x0,
    0x0, 0x0, 0x0, 0x0, 0x1f, 0xfb, 0x0, 0x0,
    0x0, 0x0, 0x1e, 0xb2, 0x0, 0x0, 0x0, 0x0,
    0x0, 0x1, 0xff, 0xb0, 0x0, 0x0, 0x0, 0x0,
    0x10, 0x0, 0x0, 0x0, 0x0, 0x0, 0x0, 0x0,
    0x0, 0x0, 0x0, 0x0, 0x0,

    /* U+5E94 "应" */
    0x0, 0x0, 0x0, 0x0, 0x0, 0x0, 0x37, 0x90,
    0x0, 0x0, 0x0, 0x0, 0x0, 0x0, 0x0, 0x0,
    0x0, 0x0, 0x0, 0xaf, 0xf5, 0x0, 0x0, 0x0,
    0x0, 0x0, 0x0, 0x0, 0x0, 0x0, 0x0, 0x0,
    0x3f, 0xfc, 0x0, 0x0, 0x0, 0x0, 0x0, 0x0,
    0x0, 0x10, 0x0, 0x0, 0x0, 0xd, 0xff, 0x30,
    0x0, 0x0, 0x0, 0x0, 0x0, 0xaf, 0xff, 0xff,
    0xff, 0xff, 0xff, 0xff, 0xff, 0xff, 0xff, 0xff,
    0xfa, 0x0, 0xaf, 0xff, 0xff, 0xff, 0xff, 0xff,
    0xff, 0xff, 0xff, 0xff, 0xff, 0xfa, 0x0, 0xaf,
    0xf7, 0x77, 0x77, 0x77, 0x77, 0x77, 0x77, 0x77,
    0x77, 0x77, 0x74, 0x0, 0xaf, 0xf0, 0x0, 0x0,
    0x0, 0x0, 0x0, 0x0, 0x0, 0x0, 0x0, 0x0,
    0x0, 0xaf, 0xf0, 0x0, 0x0, 0x0, 0x39, 0xb0,
    0x0, 0x0, 0x5, 0xc7, 0x10, 0x0, 0xaf, 0xf0,
    0x1, 0x50, 0x0, 0x7f, 0xf2, 0x0, 0x0, 0x9,
    0xff, 0x60, 0x0, 0xaf, 0xf0, 0x5f, 0xf2, 0x0,
    0x3f, 0xf7, 0x0, 0x0, 0xe, 0xff, 0x10, 0x0,
    0xaf, 0xf0, 0x2f, 0xf9, 0x0, 0xe, 0xfb, 0x0,
    0x0, 0x2f, 0xfb, 0x0, 0x0, 0xaf, 0xf0, 0xc,
    0xfe, 0x0, 0xa, 0xff, 0x0, 0x0, 0x7f, 0xf6,
    0x0, 0x0, 0xaf, 0xf0, 0x6, 0xff, 0x40, 0x6,
    0xff, 0x40, 0x0, 0xdf, 0xf0, 0x0, 0x0, 0xbf,
    0xf0, 0x1, 0xff, 0xa0, 0x2, 0xff, 0x80, 0x2,
    0xff, 0x90, 0x0, 0x0, 0xcf, 0xe0, 0x0, 0xbf,
    0xf0, 0x0, 0xef, 0xc0, 0x9, 0xff, 0x30, 0x0,
    0x0, 0xdf, 0xd0, 0x0, 0x7f, 0xf4, 0x0, 0xbf,
    0xf0, 0xe, 0xfc, 0x0, 0x0, 0x0, 0xef, 0xb0,
    0x0, 0x2f, 0xf9, 0x0, 0x8f, 0xb0, 0x6f, 0xf4,
    0x0, 0x0, 0x0, 0xff, 0xa0, 0x0, 0xe, 0xfd,
    0x0, 0x10, 0x0, 0xdf, 0xd0, 0x0, 0x0, 0x3,
    0xff, 0x70, 0x0, 0x8, 0x71, 0x0, 0x0, 0x5,
    0xff, 0x50, 0x0, 0x0, 0x6, 0xff, 0x50, 0x0,
    0x0, 0x0, 0x0, 0x0, 0xd, 0xfd, 0x0, 0x0,
    0x0, 0xa, 0xff, 0x10, 0x0, 0x0, 0x0, 0x0,
    0x0, 0x7f, 0xf4, 0x0, 0x0, 0x0, 0xe, 0xfd,
    0x7, 0x77, 0x77, 0x77, 0x77, 0x77, 0xff, 0xe7,
    0x77, 0x77, 0x77, 0x4f, 0xf9, 0xf, 0xff, 0xff,
    0xff, 0xff, 0xff, 0xff, 0xff, 0xff, 0xff, 0xff,
    0xbf, 0xf4, 0xf, 0xff, 0xff, 0xff, 0xff, 0xff,
    0xff, 0xff, 0xff, 0xff, 0xff, 0x3d, 0xd0, 0x0,
    0x0, 0x0, 0x0, 0x0, 0x0, 0x0, 0x0, 0x0,
    0x0, 0x0, 0x0, 0x20, 0x0, 0x0, 0x0, 0x0,
    0x0, 0x0, 0x0, 0x0, 0x0, 0x0, 0x0,

    /* U+5EA6 "度" */
    0x0, 0x0, 0x0, 0x0, 0x0, 0x0, 0x3, 0x7b,
    0x10, 0x0, 0x0, 0x0, 0x0, 0x0, 0x0, 0x0,
    0x0, 0x0, 0x0, 0x0, 0x7, 0xff, 0x80, 0x0,
    0x0, 0x0, 0x0, 0x0, 0x0, 0x0, 0x0, 0x0,
    0x0, 0x0, 0x1, 0xff, 0xe0, 0x0, 0x0, 0x0,
    0x0, 0x0, 0x0, 0x9, 0xff, 0xff, 0xff, 0xff,
    0xff, 0xff, 0xff, 0xff, 0xff, 0xff, 0xff, 0xa0,
    0x0, 0x9, 0xff, 0xff, 0xff, 0xff, 0xff, 0xff,
    0xff, 0xff, 0xff, 0xff, 0xff, 0xa0, 0x0, 0x9,
    0xff, 0x77, 0x77, 0x78, 0x87, 0x77, 0x77, 0x78,
    0x88, 0x77, 0x77, 0x50, 0x0, 0x9, 0xff, 0x0,
    0x0, 0x1f, 0xf7, 0x0, 0x0, 0x8, 0xff, 0x10,
    0x0, 0x0, 0x0, 0x9, 0xff, 0x0, 0x0, 0x1f,
    0xf7, 0x0, 0x0, 0x8, 0xff, 0x10, 0x0, 0x0,
    0x0, 0x9, 0xff, 0x4e, 0xee, 0xef, 0xff, 0xee,
    0xee, 0xef, 0xff, 0xee, 0xee, 0x50, 0x0, 0x9,
    0xff, 0x5f, 0xff, 0xff, 0xff, 0xff, 0xff, 0xff,
    0xff, 0xff, 0xff, 0x50, 0x0, 0x9, 0xff, 0x14,
    0x44, 0x4f, 0xf9, 0x44, 0x44, 0x4a, 0xff, 0x44,
    0x44, 0x10, 0x0, 0x9, 0xff, 0x0, 0x0, 0x1f,
    0xf7, 0x0, 0x0, 0x8, 0xff, 0x10, 0x0, 0x0,
    0x0, 0x9, 0xff, 0x0, 0x0, 0x1f, 0xf7, 0x0,
    0x0, 0x9, 0xff, 0x10, 0x0, 0x0, 0x0, 0xa,
    0xff, 0x0, 0x0, 0x1f, 0xff, 0xff, 0xff, 0xff,
    0xff, 0x10, 0x0, 0x0, 0x0, 0xb, 0xfe, 0x0,
    0x0, 0x1f, 0xff, 0xff, 0xff, 0xff, 0xff, 0x10,
    0x0, 0x0, 0x0, 0xb, 0xfd, 0x0, 0x0, 0x0,
    0x0, 0x0, 0x0, 0x0, 0x0, 0x0, 0x0, 0x0,
    0x0, 0xd, 0xfc, 0x4, 0x44, 0x44, 0x44, 0x44,
    0x44, 0x44, 0x44, 0x52, 0x0, 0x0, 0x0, 0xe,
    0xfa, 0x1f, 0xff, 0xff, 0xff, 0xff, 0xff, 0xff,
    0xff, 0xff, 0x60, 0x0, 0x0, 0x1f, 0xf9, 0x1d,
    0xdd, 0xff, 0xdd, 0xdd, 0xdd, 0xdd, 0xef, 0xff,
    0x10, 0x0, 0x0, 0x3f, 0xf6, 0x0, 0x5, 0xff,
    0xa0, 0x0, 0x0, 0x2, 0xdf, 0xf5, 0x0, 0x0,
    0x0, 0x6f, 0xf4, 0x0, 0x0, 0x9f, 0xfd, 0x30,
    0x0, 0x5e, 0xff, 0x60, 0x0, 0x0, 0x0, 0xaf,
    0xf0, 0x0, 0x0, 0x7, 0xff, 0xf9, 0x5c, 0xff,
    0xf5, 0x0, 0x0, 0x0, 0x0, 0xef, 0xd0, 0x0,
    0x0, 0x0, 0x4f, 0xff, 0xff, 0xfc, 0x10, 0x0,
    0x0, 0x0, 0x4, 0xff, 0x80, 0x0, 0x25, 0x7b,
    0xef, 0xff, 0xff, 0xff, 0xc8, 0x52, 0x0, 0x0,
    0xa, 0xff, 0x32, 0xef, 0xff, 0xff, 0xff, 0xd8,
    0x6c, 0xff, 0xff, 0xff, 0xfe, 0x90, 0x9, 0xfd,
    0x0, 0x9f, 0xff, 0xda, 0x62, 0x0, 0x0, 0x26,
    0xbe, 0xff, 0xff, 0x20, 0x0, 0x13, 0x0, 0x25,
    0x20, 0x0, 0x0, 0x0, 0x0, 0x0, 0x0, 0x14,
    0x76, 0x0,

    /* U+5F00 "开" */
    0x6, 0xaa, 0xaa, 0xaa, 0xaa, 0xaa, 0xaa, 0xaa,
    0xaa, 0xaa, 0xaa, 0xaa, 0x90, 0xa, 0xff, 0xff,
    0xff, 0xff, 0xff, 0xff, 0xff, 0xff, 0xff, 0xff,
    0xff, 0xe0, 0x8, 0xdd, 0xdd, 0xdf, 0xff, 0xdd,
    0xdd, 0xdd, 0xdf, 0xff, 0xdd, 0xdd, 0xb0, 0x0,
    0x0, 0x0, 0xf, 0xfa, 0x0, 0x0, 0x0, 0x1f,
    0xfb, 0x0, 0x0, 0x0, 0x0, 0x0, 0x0, 0xf,
    0xfa, 0x0, 0x0, 0x0, 0x1f, 0xfb, 0x0, 0x0,
    0x0, 0x0, 0x0, 0x0, 0xf, 0xfa, 0x0, 0x0,
    0x0, 0x1f, 0xfb, 0x0, 0x0, 0x0, 0x0, 0x0,
    0x0, 0xf, 0xfa, 0x0, 0x0, 0x0, 0x1f, 0xfb,
    0x0, 0x0, 0x0, 0x0, 0x0, 0x0, 0xf, 0xfa,
    0x0, 0x0, 0x0, 0x1f, 0xfb, 0x0, 0x0, 0x0,
    0x0, 0x0, 0x0, 0xf, 0xfa, 0x0, 0x0, 0x0,
    0x1f, 0xfb, 0x0, 0x0, 0x0, 0x0, 0x0, 0x0,
    0x1f, 0xfa, 0x0, 0x0, 0x0, 0x1f, 0xfb, 0x0,
    0x0, 0x0, 0x9f, 0xff, 0xff, 0xff, 0xff, 0xff,
    0xff, 0xff, 0xff, 0xff, 0xff, 0xff, 0xfb, 0xaf,
    0xff, 0xff, 0xff, 0xff, 0xff, 0xff, 0xff, 0xff,
    0xff, 0xff, 0xff, 0xfc, 0x59, 0x99, 0x99, 0xbf,
    0xfc, 0x99, 0x99, 0x99, 0x9f, 0xfe, 0x99, 0x99,
    0x96, 0x0, 0x0, 0x0, 0x6f, 0xf6, 0x0, 0x0,
    0x0, 0x1f, 0xfb, 0x0, 0x0, 0x0, 0x0, 0x0,
    0x0, 0xaf, 0xf3, 0x0, 0x0, 0x0, 0x1f, 0xfb,
    0x0, 0x0, 0x0, 0x0, 0x0, 0x0, 0xef, 0xf0,
    0x0, 0x0, 0x0, 0x1f, 0xfb, 0x0, 0x0, 0x0,
    0x0, 0x0, 0x4, 0xff, 0xb0, 0x0, 0x0, 0x0,
    0x1f, 0xfb, 0x0, 0x0, 0x0, 0x0, 0x0, 0xc,
    0xff, 0x50, 0x0, 0x0, 0x0, 0x1f, 0xfb, 0x0,
    0x0, 0x0, 0x0, 0x0, 0x7f, 0xfd, 0x0, 0x0,
    0x0, 0x0, 0x1f, 0xfb, 0x0, 0x0, 0x0, 0x0,
    0x4, 0xff, 0xf5, 0x0, 0x0, 0x0, 0x0, 0x1f,
    0xfb, 0x0, 0x0, 0x0, 0x0, 0x5f, 0xff, 0x90,
    0x0, 0x0, 0x0, 0x0, 0x1f, 0xfb, 0x0, 0x0,
    0x0, 0x9, 0xff, 0xfb, 0x0, 0x0, 0x0, 0x0,
    0x0, 0x1f, 0xfb, 0x0, 0x0, 0x0, 0x3e, 0xff,
    0xa0, 0x0, 0x0, 0x0, 0x0, 0x0, 0x1f, 0xfb,
    0x0, 0x0, 0x0, 0x2, 0xd6, 0x0, 0x0, 0x0,
    0x0, 0x0, 0x0, 0x1f, 0xfb, 0x0, 0x0, 0x0,
    0x0, 0x0, 0x0, 0x0, 0x0, 0x0, 0x0, 0x0,
    0x0, 0x0, 0x0, 0x0, 0x0,

    /* U+5F20 "张" */
    0x0, 0x0, 0x0, 0x0, 0x0, 0x0, 0x11, 0x0,
    0x0, 0x0, 0x0, 0x0, 0x0, 0x47, 0x77, 0x77,
    0x77, 0x20, 0x9, 0xff, 0x10, 0x0, 0x0, 0x1,
    0x0, 0x0, 0x8f, 0xff, 0xff, 0xff, 0x50, 0x9,
    0xff, 0x10, 0x0, 0x0, 0x1e, 0xe9, 0x0, 0x8f,
    0xff, 0xff, 0xff, 0x50, 0x9, 0xff, 0x10, 0x0,
    0x0, 0xaf, 0xf7, 0x0, 0x0, 0x0, 0x3, 0xff,
    0x50, 0x9, 0xff, 0x10, 0x0, 0x6, 0xff, 0xc0,
    0x0, 0x0, 0x0, 0x3, 0xff, 0x50, 0x9, 0xff,
    0x10, 0x0, 0x5f, 0xfe, 0x10, 0x0, 0x0, 0x0,
    0x3, 0xff, 0x50, 0x9, 0xff, 0x10, 0x5, 0xff,
    0xf3, 0x0, 0x0, 0x3, 0x55, 0x47, 0xff, 0x50,
    0x9, 0xff, 0x10, 0x8f, 0xff, 0x40, 0x0, 0x0,
    0xd, 0xff, 0xff, 0xff, 0x50, 0x9, 0xff, 0x1b,
    0xff, 0xf4, 0x0, 0x0, 0x0, 0xe, 0xff, 0xff,
    0xff, 0x50, 0x9, 0xff, 0x11, 0xdd, 0x20, 0x0,
    0x0, 0x0, 0xf, 0xf7, 0x11, 0x11, 0x0, 0x9,
    0xff, 0x10, 0x11, 0x0, 0x0, 0x0, 0x0, 0x1f,
    0xf5, 0x0, 0x0, 0x6f, 0xff, 0xff, 0xff, 0xff,
    0xff, 0xff, 0xff, 0xe0, 0x2f, 0xf4, 0x0, 0x0,
    0x6f, 0xff, 0xff, 0xff, 0xff, 0xff, 0xff, 0xff,
    0xe0, 0x4f, 0xf2, 0x0, 0x0, 0x38, 0x8c, 0xff,
    0x88, 0xbf, 0xf8, 0x88, 0x88, 0x70, 0x5f, 0xf8,
    0x77, 0x77, 0x30, 0x9, 0xff, 0x10, 0x4f, 0xf3,
    0x0, 0x0, 0x0, 0x7f, 0xff, 0xff, 0xff, 0x60,
    0x9, 0xff, 0x10, 0xf, 0xf8, 0x0, 0x0, 0x0,
    0x9f, 0xff, 0xff, 0xff, 0x50, 0x9, 0xff, 0x10,
    0xa, 0xfe, 0x0, 0x0, 0x0, 0x0, 0x0, 0x4,
    0xff, 0x40, 0x9, 0xff, 0x10, 0x5, 0xff, 0x50,
    0x0, 0x0, 0x0, 0x0, 0x5, 0xff, 0x30, 0x9,
    0xff, 0x10, 0x0, 0xef, 0xd0, 0x0, 0x0, 0x0,
    0x0, 0x7, 0xff, 0x20, 0x9, 0xff, 0x10, 0x0,
    0x7f, 0xf6, 0x0, 0x0, 0x0, 0x0, 0x8, 0xff,
    0x10, 0x9, 0xff, 0x10, 0x0, 0xe, 0xff, 0x20,
    0x0, 0x0, 0x0, 0xb, 0xff, 0x0, 0x9, 0xff,
    0x13, 0x9d, 0x6, 0xff, 0xc0, 0x0, 0x0, 0x0,
    0xe, 0xfd, 0x0, 0x9, 0xff, 0xef, 0xff, 0x0,
    0xbf, 0xfc, 0x10, 0x24, 0x33, 0x7f, 0xfa, 0x0,
    0x2f, 0xff, 0xff, 0xe8, 0x0, 0x1d, 0xff, 0xd2,
    0x2f, 0xff, 0xff, 0xf4, 0x0, 0xaf, 0xff, 0xc5,
    0x0, 0x0, 0x2, 0xdf, 0x90, 0xc, 0xff, 0xfd,
    0x60, 0x0, 0x2f, 0xa2, 0x0, 0x0, 0x0, 0x0,
    0x18, 0x0, 0x0, 0x0, 0x0, 0x0, 0x0, 0x2,
    0x0, 0x0, 0x0, 0x0, 0x0, 0x0, 0x0,

    /* U+5F53 "当" */
    0x0, 0x0, 0x0, 0x0, 0x0, 0x8c, 0xc2, 0x0,
    0x0, 0x0, 0x0, 0x0, 0x3, 0x50, 0x0, 0x0,
    0xa, 0xff, 0x30, 0x0, 0x0, 0x1a, 0x61, 0xb,
    0xff, 0x30, 0x0, 0x0, 0xaf, 0xf3, 0x0, 0x0,
    0x7, 0xff, 0xb0, 0x3f, 0xfd, 0x0, 0x0, 0xa,
    0xff, 0x30, 0x0, 0x0, 0xef, 0xf3, 0x0, 0x9f,
    0xf6, 0x0, 0x0, 0xaf, 0xf3, 0x0, 0x0, 0x6f,
    0xfb, 0x0, 0x1, 0xff, 0xe0, 0x0, 0xa, 0xff,
    0x30, 0x0, 0xe, 0xff, 0x20, 0x0, 0x8, 0xff,
    0x70, 0x0, 0xaf, 0xf3, 0x0, 0x7, 0xff, 0x90,
    0x0, 0x0, 0x1f, 0xfd, 0x0, 0xa, 0xff, 0x30,
    0x1, 0xef, 0xe1, 0x0, 0x0, 0x0, 0x86, 0x0,
    0x0, 0xaf, 0xf3, 0x0, 0x18, 0xd5, 0x0, 0x0,
    0x0, 0x0, 0x0, 0x0, 0xa, 0xff, 0x30, 0x0,
    0x0, 0x0, 0x0, 0x7, 0xff, 0xff, 0xff, 0xff,
    0xff, 0xff, 0xff, 0xff, 0xff, 0xff, 0x80, 0x8f,
    0xff, 0xff, 0xff, 0xff, 0xff, 0xff, 0xff, 0xff,
    0xff, 0xf9, 0x5, 0xbb, 0xbb, 0xbb, 0xbb, 0xbb,
    0xbb, 0xbb, 0xbb, 0xbc, 0xff, 0x90, 0x0, 0x0,
    0x0, 0x0, 0x0, 0x0, 0x0, 0x0, 0x0, 0x4f,
    0xf9, 0x0, 0x0, 0x0, 0x0, 0x0, 0x0, 0x0,
    0x0, 0x0, 0x4, 0xff, 0x90, 0x0, 0x0, 0x0,
    0x0, 0x0, 0x0, 0x0, 0x0, 0x0, 0x4f, 0xf9,
    0x0, 0x59, 0x99, 0x99, 0x99, 0x99, 0x99, 0x99,
    0x99, 0x9b, 0xff, 0x90, 0x9, 0xff, 0xff, 0xff,
    0xff, 0xff, 0xff, 0xff, 0xff, 0xff, 0xf9, 0x0,
    0x8f, 0xff, 0xff, 0xff, 0xff, 0xff, 0xff, 0xff,
    0xff, 0xff, 0x90, 0x0, 0x0, 0x0, 0x0, 0x0,
    0x0, 0x0, 0x0, 0x0, 0x4f, 0xf9, 0x0, 0x0,
    0x0, 0x0, 0x0, 0x0, 0x0, 0x0, 0x0, 0x4,
    0xff, 0x90, 0x0, 0x0, 0x0, 0x0, 0x0, 0x0,
    0x0, 0x0, 0x0, 0x4f, 0xf9, 0x9, 0x99, 0x99,
    0x99, 0x99, 0x99, 0x99, 0x99, 0x99, 0x9b, 0xff,
    0x91, 0xff, 0xff, 0xff, 0xff, 0xff, 0xff, 0xff,
    0xff, 0xff, 0xff, 0xf9, 0x1f, 0xff, 0xff, 0xff,
    0xff, 0xff, 0xff, 0xff, 0xff, 0xff, 0xff, 0x90,
    0x0, 0x0, 0x0, 0x0, 0x0, 0x0, 0x0, 0x0,
    0x0, 0x4f, 0xf9,

    /* U+5F85 "待" */
    0x0, 0x0, 0x0, 0x34, 0x0, 0x0, 0x0, 0x0,
    0x8, 0x84, 0x0, 0x0, 0x0, 0x0, 0x0, 0x0,
    0x1d, 0xfd, 0x10, 0x0, 0x0, 0x1, 0xff, 0x90,
    0x0, 0x0, 0x0, 0x0, 0x0, 0xb, 0xff, 0x70,
    0x0, 0x0, 0x0, 0x1f, 0xf9, 0x0, 0x0, 0x0,
    0x0, 0x0, 0xb, 0xff, 0xa0, 0x0, 0x33, 0x33,
    0x34, 0xff, 0xa3, 0x33, 0x33, 0x20, 0x0, 0x1c,
    0xff, 0xb0, 0x0, 0x1f, 0xff, 0xff, 0xff, 0xff,
    0xff, 0xff, 0xfd, 0x0, 0x4e, 0xff, 0xb0, 0x0,
    0x1, 0xff, 0xff, 0xff, 0xff, 0xff, 0xff, 0xff,
    0xd0, 0xa, 0xff, 0x90, 0x3, 0x0, 0x3, 0x33,
    0x33, 0x4f, 0xfa, 0x33, 0x33, 0x32, 0x0, 0x1e,
    0x60, 0x3, 0xfe, 0x50, 0x0, 0x0, 0x1, 0xff,
    0x90, 0x0, 0x0, 0x0, 0x0, 0x10, 0x0, 0xdf,
    0xf1, 0x0, 0x0, 0x0, 0x1f, 0xf9, 0x0, 0x0,
    0x0, 0x0, 0x0, 0x0, 0x9f, 0xf7, 0x8b, 0xbb,
    0xbb, 0xbc, 0xff, 0xeb, 0xbb, 0xbb, 0xb9, 0x0,
    0x0, 0x7f, 0xfc, 0xb, 0xff, 0xff, 0xff, 0xff,
    0xff, 0xff, 0xff, 0xff, 0xd0, 0x0, 0x6f, 0xff,
    0x70, 0x7b, 0xbb, 0xbb, 0xbb, 0xbb, 0xbe, 0xff,
    0xbb, 0xb9, 0x0, 0x6f, 0xff, 0xf7, 0x0, 0x0,
    0x0, 0x0, 0x0, 0x0, 0x8f, 0xf1, 0x0, 0x0,
    0x8f, 0xff, 0xff, 0x70, 0x0, 0x0, 0x0, 0x0,
    0x0, 0x8, 0xff, 0x10, 0x0, 0x1f, 0xff, 0x8f,
    0xf7, 0x5, 0x77, 0x77, 0x77, 0x77, 0x77, 0xcf,
    0xf8, 0x77, 0x40, 0x9f, 0x70, 0xff, 0x70, 0xcf,
    0xff, 0xff, 0xff, 0xff, 0xff, 0xff, 0xff, 0xfa,
    0x1, 0x60, 0xf, 0xf7, 0xb, 0xff, 0xff, 0xff,
    0xff, 0xff, 0xff, 0xff, 0xff, 0x90, 0x0, 0x0,
    0xff, 0x70, 0x0, 0x0, 0x60, 0x0, 0x0, 0x8,
    0xff, 0x10, 0x0, 0x0, 0x0, 0xf, 0xf7, 0x0,
    0x3, 0xef, 0x90, 0x0, 0x0, 0x8f, 0xf1, 0x0,
    0x0, 0x0, 0x0, 0xff, 0x70, 0x0, 0xb, 0xff,
    0x60, 0x0, 0x8, 0xff, 0x10, 0x0, 0x0, 0x0,
    0xf, 0xf7, 0x0, 0x0, 0x1e, 0xff, 0x20, 0x0,
    0x8f, 0xf1, 0x0, 0x0, 0x0, 0x0, 0xff, 0x70,
    0x0, 0x0, 0x4f, 0xfc, 0x0, 0x8, 0xff, 0x10,
    0x0, 0x0, 0x0, 0xf, 0xf7, 0x0, 0x0, 0x0,
    0xad, 0x40, 0x0, 0x8f, 0xf1, 0x0, 0x0, 0x0,
    0x0, 0xff, 0x70, 0x0, 0x0, 0x1, 0x1, 0x66,
    0x6c, 0xff, 0x10, 0x0, 0x0, 0x0, 0xf, 0xf7,
    0x0, 0x0, 0x0, 0x0, 0xe, 0xff, 0xff, 0xe0,
    0x0, 0x0, 0x0, 0x0, 0xff, 0x70, 0x0, 0x0,
    0x0, 0x0, 0x9f, 0xff, 0xc3, 0x0, 0x0, 0x0,
    0x0, 0x1, 0x10, 0x0, 0x0, 0x0, 0x0, 0x0,
    0x0, 0x0, 0x0, 0x0, 0x0,

    /* U+5F97 "得" */
    0x0, 0x0, 0x0, 0x27, 0x10, 0x0, 0x0, 0x0,
    0x0, 0x0, 0x0, 0x0, 0x0, 0x0, 0x0, 0x0,
    0xd, 0xff, 0x40, 0x6e, 0xee, 0xee, 0xee, 0xee,
    0xee, 0xee, 0x40, 0x0, 0x0, 0xb, 0xff, 0xa0,
    0x7, 0xff, 0xff, 0xff, 0xff, 0xff, 0xff, 0xf4,
    0x0, 0x0, 0xb, 0xff, 0xc0, 0x0, 0x7f, 0xf1,
    0x0, 0x0, 0x0, 0x6, 0xff, 0x40, 0x0, 0x1c,
    0xff, 0xd1, 0x0, 0x7, 0xff, 0x10, 0x0, 0x0,
    0x0, 0x6f, 0xf4, 0x0, 0x4e, 0xff, 0xd1, 0x0,
    0x0, 0x7f, 0xff, 0xff, 0xff, 0xff, 0xff, 0xff,
    0x40, 0xa, 0xff, 0xc1, 0x2, 0x0, 0x7, 0xff,
    0xdd, 0xdd, 0xdd, 0xdd, 0xef, 0xf4, 0x0, 0x1f,
    0xa0, 0x0, 0xef, 0x80, 0x7f, 0xf1, 0x0, 0x0,
    0x0, 0x6, 0xff, 0x40, 0x0, 0x30, 0x0, 0xaf,
    0xf6, 0x7, 0xff, 0x10, 0x0, 0x0, 0x0, 0x6f,
    0xf4, 0x0, 0x0, 0x0, 0x7f, 0xfb, 0x0, 0x7f,
    0xff, 0xff, 0xff, 0xff, 0xff, 0xff, 0x40, 0x0,
    0x0, 0x5f, 0xfe, 0x10, 0x6, 0xee, 0xee, 0xee,
    0xee, 0xee, 0xee, 0xe4, 0x0, 0x0, 0x5f, 0xff,
    0x80, 0x0, 0x0, 0x0, 0x0, 0x0, 0x0, 0x0,
    0x0, 0x0, 0x0, 0x6f, 0xff, 0xf8, 0x0, 0xab,
    0xbb, 0xbb, 0xbb, 0xbb, 0xbb, 0xbb, 0xbb, 0x40,
    0x9f, 0xff, 0xff, 0x80, 0xf, 0xff, 0xff, 0xff,
    0xff, 0xff, 0xff, 0xff, 0xf6, 0x1f, 0xff, 0xaf,
    0xf8, 0x0, 0x88, 0x88, 0x88, 0x88, 0x88, 0xef,
    0xf8, 0x88, 0x30, 0x9f, 0x81, 0xff, 0x80, 0x0,
    0x0, 0x0, 0x0, 0x0, 0xc, 0xfe, 0x0, 0x0,
    0x2, 0x60, 0x1f, 0xf8, 0x3, 0x55, 0x55, 0x55,
    0x55, 0x55, 0xdf, 0xf5, 0x55, 0x40, 0x0, 0x1,
    0xff, 0x80, 0xaf, 0xff, 0xff, 0xff, 0xff, 0xff,
    0xff, 0xff, 0xff, 0x0, 0x0, 0x1f, 0xf8, 0x9,
    0xff, 0xff, 0xff, 0xff, 0xff, 0xff, 0xff, 0xff,
    0xe0, 0x0, 0x1, 0xff, 0x80, 0x0, 0x6, 0xa0,
    0x0, 0x0, 0xc, 0xfe, 0x0, 0x0, 0x0, 0x0,
    0x1f, 0xf8, 0x0, 0x3, 0xff, 0xc1, 0x0, 0x0,
    0xcf, 0xe0, 0x0, 0x0, 0x0, 0x1, 0xff, 0x80,
    0x0, 0x4, 0xff, 0xd1, 0x0, 0xc, 0xfe, 0x0,
    0x0, 0x0, 0x0, 0x1f, 0xf8, 0x0, 0x0, 0x5,
    0xff, 0x90, 0x0, 0xcf, 0xe0, 0x0, 0x0, 0x0,
    0x1, 0xff, 0x80, 0x0, 0x0, 0x7, 0x82, 0x44,
    0x4d, 0xfe, 0x0, 0x0, 0x0, 0x0, 0x1f, 0xf8,
    0x0, 0x0, 0x0, 0x0, 0x2f, 0xff, 0xff, 0xc0,
    0x0, 0x0, 0x0, 0x1, 0xff, 0x80, 0x0, 0x0,
    0x0, 0x0, 0xcf, 0xff, 0xb2, 0x0, 0x0, 0x0,
    0x0, 0x1, 0x10, 0x0, 0x0, 0x0, 0x0, 0x0,
    0x0, 0x0, 0x0, 0x0, 0x0,

    /* U+5FC6 "忆" */
    0x0, 0x0, 0x1f, 0xf7, 0x0, 0x0, 0x0, 0x0,
    0x0, 0x0, 0x0, 0x0, 0x0, 0x0, 0x0, 0x1,
    0xff, 0x80, 0x0, 0x0, 0x0, 0x0, 0x0, 0x0,
    0x0, 0x0, 0x0, 0x0, 0x0, 0x1f, 0xf8, 0x0,
    0x0, 0x0, 0x0, 0x0, 0x0, 0x0, 0x1, 0x10,
    0x0, 0x0, 0x1, 0xff, 0x80, 0x0, 0xff, 0xff,
    0xff, 0xff, 0xff, 0xff, 0xff, 0x80, 0x0, 0x0,
    0x1f, 0xf8, 0x0, 0xf, 0xff, 0xff, 0xff, 0xff,
    0xff, 0xff, 0xf6, 0x0, 0x0, 0x1, 0xff, 0xaa,
    0x70, 0x77, 0x77, 0x77, 0x77, 0x78, 0xff, 0xf8,
    0x0, 0x0, 0xee, 0x3f, 0xfc, 0xfe, 0x0, 0x0,
    0x0, 0x0, 0x0, 0xbf, 0xfa, 0x0, 0x0, 0xf,
    0xf2, 0xff, 0x8d, 0xf6, 0x0, 0x0, 0x0, 0x0,
    0x9f, 0xfc, 0x0, 0x0, 0x2, 0xff, 0x1f, 0xf8,
    0x7f, 0xc0, 0x0, 0x0, 0x0, 0x7f, 0xfd, 0x10,
    0x0, 0x0, 0x5f, 0xd1, 0xff, 0x81, 0xff, 0x20,
    0x0, 0x0, 0x4f, 0xff, 0x20, 0x0, 0x0, 0x8,
    0xfa, 0x1f, 0xf8, 0xb, 0xa1, 0x0, 0x0, 0x2e,
    0xff, 0x40, 0x0, 0x0, 0x0, 0xcf, 0x71, 0xff,
    0x80, 0x0, 0x0, 0x0, 0xd, 0xff, 0x60, 0x0,
    0x0, 0x0, 0xf, 0xf4, 0x1f, 0xf8, 0x0, 0x0,
    0x0, 0xa, 0xff, 0x90, 0x0, 0x0, 0x0, 0x0,
    0x6b, 0x1, 0xff, 0x80, 0x0, 0x0, 0x7, 0xff,
    0xb0, 0x0, 0x0, 0x0, 0x0, 0x0, 0x0, 0x1f,
    0xf8, 0x0, 0x0, 0x3, 0xff, 0xd1, 0x0, 0x0,
    0x0, 0x0, 0x0, 0x0, 0x1, 0xff, 0x80, 0x0,
    0x1, 0xef, 0xf2, 0x0, 0x0, 0x0, 0x0, 0x0,
    0x0, 0x0, 0x1f, 0xf8, 0x0, 0x0, 0xaf, 0xf6,
    0x0, 0x0, 0x0, 0x0, 0x0, 0x0, 0x0, 0x1,
    0xff, 0x80, 0x0, 0x5f, 0xfa, 0x0, 0x0, 0x0,
    0x0, 0x4, 0x0, 0x0, 0x0, 0x1f, 0xf8, 0x0,
    0xd, 0xfe, 0x10, 0x0, 0x0, 0x0, 0x0, 0xcf,
    0x70, 0x0, 0x1, 0xff, 0x80, 0x6, 0xff, 0x60,
    0x0, 0x0, 0x0, 0x0, 0xd, 0xf8, 0x0, 0x0,
    0x1f, 0xf8, 0x0, 0xbf, 0xe0, 0x0, 0x0, 0x0,
    0x0, 0x0, 0xef, 0x70, 0x0, 0x1, 0xff, 0x80,
    0xd, 0xfd, 0x0, 0x0, 0x0, 0x0, 0x0, 0x1f,
    0xf4, 0x0, 0x0, 0x1f, 0xf8, 0x0, 0xcf, 0xf7,
    0x20, 0x0, 0x0, 0x0, 0x19, 0xff, 0x10, 0x0,
    0x1, 0xff, 0x80, 0x6, 0xff, 0xff, 0xff, 0xff,
    0xff, 0xff, 0xff, 0xc0, 0x0, 0x0, 0x1f, 0xf8,
    0x0, 0x8, 0xff, 0xff, 0xff, 0xff, 0xff, 0xff,
    0xe3, 0x0, 0x0, 0x1, 0xff, 0x80, 0x0, 0x1,
    0x57, 0x78, 0x88, 0x88, 0x87, 0x51, 0x0,

    /* U+5FEB "快" */
    0x0, 0x0, 0x8f, 0xf1, 0x0, 0x0, 0x0, 0x1,
    0xff, 0x80, 0x0, 0x0, 0x0, 0x0, 0x0, 0x0,
    0x9f, 0xf1, 0x0, 0x0, 0x0, 0x1, 0xff, 0x90,
    0x0, 0x0, 0x0, 0x0, 0x0, 0x0, 0x9f, 0xf1,
    0x0, 0x0, 0x0, 0x1, 0xff, 0x90, 0x0, 0x0,
    0x0, 0x0, 0x0, 0x0, 0x9f, 0xf1, 0x0, 0x0,
    0x0, 0x1, 0xff, 0x90, 0x0, 0x0, 0x0, 0x0,
    0x0, 0x0, 0x9f, 0xf1, 0x0, 0x14, 0x44, 0x45,
    0xff, 0xb4, 0x44, 0x44, 0x20, 0x0, 0x0, 0x10,
    0x9f, 0xfa, 0xd0, 0x5f, 0xff, 0xff, 0xff, 0xff,
    0xff, 0xff, 0xa0, 0x0, 0x1, 0xfd, 0x9f, 0xfe,
    0xf5, 0x5f, 0xff, 0xff, 0xff, 0xff, 0xff, 0xff,
    0xa0, 0x0, 0x3, 0xfc, 0x9f, 0xf8, 0xfd, 0x13,
    0x33, 0x34, 0xff, 0xa3, 0x33, 0xff, 0xa0, 0x0,
    0x5, 0xfb, 0x9f, 0xf2, 0xff, 0x30, 0x0, 0x1,
    0xff, 0x90, 0x0, 0xef, 0xa0, 0x0, 0x8, 0xf8,
    0x9f, 0xf1, 0xbf, 0x90, 0x0, 0x1, 0xff, 0x90,
    0x0, 0xef, 0xa0, 0x0, 0xb, 0xf6, 0x9f, 0xf1,
    0x6b, 0x30, 0x0, 0x1, 0xff, 0x80, 0x0, 0xef,
    0xa0, 0x0, 0xe, 0xf3, 0x9f, 0xf1, 0x0, 0x0,
    0x0, 0x2, 0xff, 0x80, 0x0, 0xef, 0xa0, 0x0,
    0x3f, 0xf0, 0x9f, 0xf1, 0x0, 0x0, 0x0, 0x2,
    0xff, 0x70, 0x0, 0xef, 0xa0, 0x0, 0x16, 0x70,
    0x9f, 0xf1, 0xc, 0xff, 0xff, 0xff, 0xff, 0xff,
    0xff, 0xff, 0xff, 0xc0, 0x0, 0x0, 0x9f, 0xf1,
    0xd, 0xff, 0xff, 0xff, 0xff, 0xff, 0xff, 0xff,
    0xff, 0xc0, 0x0, 0x0, 0x9f, 0xf1, 0x7, 0x99,
    0x99, 0x9d, 0xff, 0xfd, 0x99, 0x99, 0x99, 0x70,
    0x0, 0x0, 0x9f, 0xf1, 0x0, 0x0, 0x0, 0xe,
    0xff, 0xfe, 0x0, 0x0, 0x0, 0x0, 0x0, 0x0,
    0x9f, 0xf1, 0x0, 0x0, 0x0, 0x3f, 0xfc, 0xff,
    0x70, 0x0, 0x0, 0x0, 0x0, 0x0, 0x9f, 0xf1,
    0x0, 0x0, 0x0, 0xbf, 0xf2, 0xdf, 0xe1, 0x0,
    0x0, 0x0, 0x0, 0x0, 0x9f, 0xf1, 0x0, 0x0,
    0x4, 0xff, 0xa0, 0x6f, 0xfa, 0x0, 0x0, 0x0,
    0x0, 0x0, 0x9f, 0xf1, 0x0, 0x0, 0x1e, 0xff,
    0x20, 0xd, 0xff, 0x80, 0x0, 0x0, 0x0, 0x0,
    0x9f, 0xf1, 0x0, 0x1, 0xdf, 0xf7, 0x0, 0x3,
    0xff, 0xf8, 0x0, 0x0, 0x0, 0x0, 0x9f, 0xf1,
    0x0, 0x3e, 0xff, 0xa0, 0x0, 0x0, 0x6f, 0xff,
    0xb2, 0x0, 0x0, 0x0, 0x9f, 0xf1, 0x19, 0xff,
    0xfa, 0x0, 0x0, 0x0, 0x8, 0xff, 0xff, 0x90,
    0x0, 0x0, 0x9f, 0xf1, 0x6f, 0xff, 0x80, 0x0,
    0x0, 0x0, 0x0, 0x6f, 0xff, 0x70, 0x0, 0x0,
    0x9f, 0xf1, 0x7, 0xd4, 0x0, 0x0, 0x0, 0x0,
    0x0, 0x2, 0xba, 0x0, 0x0, 0x0, 0x0, 0x0,
    0x0, 0x0, 0x0, 0x0, 0x0, 0x0, 0x0, 0x0,
    0x0, 0x0,

    /* U+601D "思" */
    0x0, 0x5, 0x55, 0x55, 0x55, 0x55, 0x55, 0x55,
    0x55, 0x55, 0x55, 0x50, 0x0, 0x0, 0xf, 0xff,
    0xff, 0xff, 0xff, 0xff, 0xff, 0xff, 0xff, 0xff,
    0xe0, 0x0, 0x0, 0xf, 0xff, 0xff, 0xff, 0xff,
    0xff, 0xff, 0xff, 0xff, 0xff, 0xe0, 0x0, 0x0,
    0xf, 0xf7, 0x0, 0x0, 0x8, 0xff, 0x10, 0x0,
    0x0, 0xbf, 0xe0, 0x0, 0x0, 0xf, 0xf7, 0x0,
    0x0, 0x8, 0xff, 0x10, 0x0, 0x0, 0xbf, 0xe0,
    0x0, 0x0, 0xf, 0xf8, 0x11, 0x11, 0x18, 0xff,
    0x21, 0x11, 0x11, 0xbf, 0xe0, 0x0, 0x0, 0xf,
    0xff, 0xff, 0xff, 0xff, 0xff, 0xff, 0xff, 0xff,
    0xff, 0xe0, 0x0, 0x0, 0xf, 0xff, 0xff, 0xff,
    0xff, 0xff, 0xff, 0xff, 0xff, 0xff, 0xe0, 0x0,
    0x0, 0xf, 0xf8, 0x11, 0x11, 0x18, 0xff, 0x31,
    0x11, 0x11, 0xbf, 0xe0, 0x0, 0x0, 0xf, 0xf7,
    0x0, 0x0, 0x8, 0xff, 0x10, 0x0, 0x0, 0xbf,
    0xe0, 0x0, 0x0, 0xf, 0xf7, 0x0, 0x0, 0x8,
    0xff, 0x10, 0x0, 0x0, 0xbf, 0xe0, 0x0, 0x0,
    0xf, 0xff, 0xff, 0xff, 0xff, 0xff, 0xff, 0xff,
    0xff, 0xff, 0xe0, 0x0, 0x0, 0xf, 0xff, 0xff,
    0xff, 0xff, 0xff, 0xff, 0xff, 0xff, 0xff, 0xe0,
    0x0, 0x0, 0x5, 0x55, 0x55, 0x55, 0x59, 0x55,
    0x55, 0x55, 0x55, 0x55, 0x50, 0x0, 0x0, 0x0,
    0x0, 0x0, 0x0, 0x9f, 0xc2, 0x0, 0x0, 0x0,
    0x0, 0x0, 0x0, 0x0, 0x0, 0x0, 0x0, 0x2,
    0xdf, 0xff, 0x70, 0x0, 0x0, 0x0, 0x0, 0x0,
    0x0, 0xa, 0x61, 0x7, 0x74, 0x9, 0xff, 0xfb,
    0x0, 0x1, 0x8f, 0x80, 0x0, 0x0, 0x3f, 0xf7,
    0xf, 0xfa, 0x0, 0x4e, 0xff, 0xc0, 0x0, 0xcf,
    0xf3, 0x0, 0x0, 0x8f, 0xf2, 0xf, 0xfa, 0x0,
    0x2, 0xdf, 0x70, 0x0, 0x3f, 0xfd, 0x0, 0x0,
    0xef, 0xc0, 0xf, 0xfa, 0x0, 0x0, 0x15, 0x2,
    0x82, 0x9, 0xff, 0x70, 0x6, 0xff, 0x60, 0xf,
    0xfa, 0x0, 0x0, 0x0, 0x4, 0xff, 0x41, 0xff,
    0xe1, 0xe, 0xff, 0x0, 0xf, 0xfa, 0x0, 0x0,
    0x0, 0x6, 0xff, 0x30, 0x9f, 0xf7, 0x8f, 0xf8,
    0x0, 0xf, 0xfe, 0x76, 0x66, 0x66, 0x7e, 0xff,
    0x0, 0x2f, 0xfc, 0x7, 0xd0, 0x0, 0xb, 0xff,
    0xff, 0xff, 0xff, 0xff, 0xfa, 0x0, 0x9, 0x50,
    0x0, 0x0, 0x0, 0x1, 0xae, 0xff, 0xff, 0xff,
    0xfe, 0xa0, 0x0, 0x0, 0x0,

    /* U+6062 "恢" */
    0x0, 0x0, 0x7f, 0xf0, 0x0, 0x0, 0x1, 0xfd,
    0x40, 0x0, 0x0, 0x0, 0x0, 0x0, 0x0, 0x0,
    0x7f, 0xf0, 0x0, 0x0, 0x3, 0xff, 0x40, 0x0,
    0x0, 0x0, 0x0, 0x0, 0x0, 0x0, 0x7f, 0xf0,
    0x0, 0x0, 0x5, 0xff, 0x30, 0x0, 0x0, 0x0,
    0x0, 0x0, 0x0, 0x0, 0x7f, 0xf0, 0x0, 0x0,
    0x6, 0xff, 0x10, 0x0, 0x0, 0x0, 0x0, 0x0,
    0x0, 0x0, 0x7f, 0xf0, 0x0, 0x66, 0x6b, 0xff,
    0x66, 0x66, 0x66, 0x66, 0x66, 0x40, 0x0, 0x0,
    0x7f, 0xf7, 0xc1, 0xff, 0xff, 0xff, 0xff, 0xff,
    0xff, 0xff, 0xff, 0xa0, 0x0, 0xce, 0x9f, 0xfc,
    0xf7, 0xff, 0xff, 0xff, 0xff, 0xff, 0xff, 0xff,
    0xff, 0xa0, 0x0, 0xef, 0x9f, 0xf6, 0xfc, 0x0,
    0xf, 0xf7, 0x0, 0x0, 0x10, 0x0, 0x0, 0x0,
    0x0, 0xff, 0x8f, 0xf1, 0xff, 0x10, 0x2f, 0xf4,
    0x0, 0x4, 0xff, 0x0, 0x0, 0x0, 0x2, 0xfe,
    0x7f, 0xf0, 0xcf, 0x60, 0x6f, 0xf1, 0x0, 0x5,
    0xfe, 0x0, 0x0, 0x0, 0x5, 0xfb, 0x7f, 0xf0,
    0x8d, 0x40, 0x9f, 0xe0, 0x56, 0x16, 0xfc, 0x0,
    0x87, 0x10, 0x9, 0xf8, 0x7f, 0xf0, 0x0, 0x0,
    0xdf, 0xa0, 0xbf, 0x47, 0xfb, 0x0, 0xff, 0x20,
    0xe, 0xf5, 0x7f, 0xf0, 0x0, 0x2, 0xff, 0x60,
    0xef, 0x19, 0xfa, 0x4, 0xfe, 0x0, 0x4, 0x90,
    0x7f, 0xf0, 0x0, 0x7, 0xff, 0x12, 0xfd, 0xb,
    0xf8, 0x8, 0xf9, 0x0, 0x0, 0x0, 0x7f, 0xf0,
    0x0, 0xd, 0xfc, 0x6, 0xf9, 0xd, 0xf6, 0xd,
    0xf5, 0x0, 0x0, 0x0, 0x7f, 0xf0, 0x0, 0x3f,
    0xf7, 0xc, 0xf4, 0x1f, 0xf3, 0x3f, 0xf0, 0x0,
    0x0, 0x0, 0x7f, 0xf0, 0x0, 0xaf, 0xf1, 0x2f,
    0xd0, 0x5f, 0xf3, 0x9f, 0x90, 0x0, 0x0, 0x0,
    0x7f, 0xf0, 0x3, 0xff, 0xa0, 0x3, 0x50, 0x9f,
    0xf8, 0x5, 0x20, 0x0, 0x0, 0x0, 0x7f, 0xf0,
    0xc, 0xff, 0x20, 0x0, 0x0, 0xff, 0xfe, 0x0,
    0x0, 0x0, 0x0, 0x0, 0x7f, 0xf0, 0x8f, 0xf9,
    0x0, 0x0, 0x7, 0xff, 0xef, 0x70, 0x0, 0x0,
    0x0, 0x0, 0x7f, 0xf0, 0xdf, 0xe1, 0x0, 0x0,
    0x2f, 0xfb, 0x6f, 0xf2, 0x0, 0x0, 0x0, 0x0,
    0x7f, 0xf0, 0xb, 0x30, 0x0, 0x1, 0xdf, 0xf2,
    0xd, 0xfd, 0x0, 0x0, 0x0, 0x0, 0x7f, 0xf0,
    0x0, 0x0, 0x0, 0x3e, 0xff, 0x70, 0x4, 0xff,
    0xc1, 0x0, 0x0, 0x0, 0x7f, 0xf0, 0x0, 0x0,
    0x3a, 0xff, 0xf8, 0x0, 0x0, 0x7f, 0xfe, 0x60,
    0x0, 0x0, 0x7f, 0xf0, 0x0, 0x0, 0xaf, 0xff,
    0x60, 0x0, 0x0, 0x7, 0xff, 0x90, 0x0, 0x0,
    0x7f, 0xf0, 0x0, 0x0, 0x1d, 0x91, 0x0, 0x0,
    0x0, 0x0, 0x4a, 0x0, 0x0, 0x0, 0x0, 0x0,
    0x0, 0x0, 0x0, 0x0, 0x0, 0x0, 0x0, 0x0,
    0x0, 0x0,

    /* U+60C5 "情" */
    0x0, 0x0, 0xdf, 0x80, 0x0, 0x0, 0x0, 0x0,
    0x9f, 0xe0, 0x0, 0x0, 0x0, 0x0, 0x0, 0xd,
    0xf8, 0x0, 0x0, 0x0, 0x0, 0xa, 0xff, 0x0,
    0x0, 0x0, 0x0, 0x0, 0x0, 0xdf, 0x80, 0x7,
    0xcc, 0xcc, 0xcc, 0xef, 0xfc, 0xcc, 0xcc, 0xcc,
    0x10, 0x0, 0xd, 0xf8, 0x0, 0x9f, 0xff, 0xff,
    0xff, 0xff, 0xff, 0xff, 0xff, 0xf1, 0x0, 0x0,
    0xdf, 0xa9, 0x51, 0x22, 0x22, 0x22, 0xbf, 0xf2,
    0x22, 0x22, 0x22, 0x0, 0x0, 0xd, 0xfc, 0xfc,
    0x0, 0x0, 0x0, 0xa, 0xff, 0x0, 0x0, 0x0,
    0x0, 0x3, 0xfb, 0xdf, 0x8d, 0xf2, 0xdf, 0xff,
    0xff, 0xff, 0xff, 0xff, 0xff, 0xf6, 0x0, 0x4f,
    0xbd, 0xf8, 0x8f, 0x8a, 0xcc, 0xcc, 0xce, 0xff,
    0xcc, 0xcc, 0xcc, 0x40, 0x6, 0xf9, 0xdf, 0x83,
    0xe6, 0x0, 0x0, 0x0, 0xaf, 0xf0, 0x0, 0x0,
    0x0, 0x0, 0x8f, 0x7d, 0xf8, 0x5, 0xaa, 0xaa,
    0xaa, 0xae, 0xff, 0xaa, 0xaa, 0xaa, 0xa9, 0xb,
    0xf5, 0xdf, 0x80, 0x7f, 0xff, 0xff, 0xff, 0xff,
    0xff, 0xff, 0xff, 0xff, 0xf0, 0xef, 0x2d, 0xf8,
    0x2, 0x55, 0x55, 0x55, 0x55, 0x55, 0x55, 0x55,
    0x55, 0x54, 0x2f, 0xf0, 0xdf, 0x80, 0x0, 0x1,
    0x11, 0x11, 0x11, 0x11, 0x11, 0x11, 0x0, 0x1,
    0x9a, 0xd, 0xf8, 0x0, 0x7, 0xff, 0xff, 0xff,
    0xff, 0xff, 0xff, 0xfd, 0x0, 0x0, 0x0, 0xdf,
    0x80, 0x0, 0x7f, 0xfe, 0xee, 0xee, 0xee, 0xee,
    0xff, 0xd0, 0x0, 0x0, 0xd, 0xf8, 0x0, 0x7,
    0xff, 0x0, 0x0, 0x0, 0x0, 0xa, 0xfd, 0x0,
    0x0, 0x0, 0xdf, 0x80, 0x0, 0x7f, 0xfc, 0xcc,
    0xcc, 0xcc, 0xcc, 0xef, 0xd0, 0x0, 0x0, 0xd,
    0xf8, 0x0, 0x7, 0xff, 0xff, 0xff, 0xff, 0xff,
    0xff, 0xfd, 0x0, 0x0, 0x0, 0xdf, 0x80, 0x0,
    0x7f, 0xf2, 0x22, 0x22, 0x22, 0x22, 0xbf, 0xd0,
    0x0, 0x0, 0xd, 0xf8, 0x0, 0x7, 0xff, 0x0,
    0x0, 0x0, 0x0, 0xa, 0xfd, 0x0, 0x0, 0x0,
    0xdf, 0x80, 0x0, 0x7f, 0xfd, 0xdd, 0xdd, 0xdd,
    0xdd, 0xff, 0xd0, 0x0, 0x0, 0xd, 0xf8, 0x0,
    0x7, 0xff, 0xff, 0xff, 0xff, 0xff, 0xff, 0xfd,
    0x0, 0x0, 0x0, 0xdf, 0x80, 0x0, 0x7f, 0xf0,
    0x0, 0x0, 0x0, 0x0, 0xaf, 0xd0, 0x0, 0x0,
    0xd, 0xf8, 0x0, 0x7, 0xff, 0x0, 0x0, 0x0,
    0x54, 0x4c, 0xfd, 0x0, 0x0, 0x0, 0xdf, 0x80,
    0x0, 0x7f, 0xf0, 0x0, 0x0, 0xd, 0xff, 0xff,
    0xb0, 0x0, 0x0, 0xd, 0xf8, 0x0, 0x7, 0xff,
    0x0, 0x0, 0x0, 0x8e, 0xed, 0xa2, 0x0,

    /* U+611F "感" */
    0x0, 0x0, 0x0, 0x0, 0x0, 0x0, 0x0, 0x9,
    0xb6, 0x3, 0x92, 0x0, 0x0, 0x0, 0x0, 0x0,
    0x0, 0x0, 0x0, 0x0, 0xe, 0xfa, 0xc, 0xff,
    0x70, 0x0, 0x0, 0x0, 0x0, 0x0, 0x0, 0x0,
    0x0, 0xd, 0xfa, 0x0, 0x7f, 0xf3, 0x0, 0x0,
    0x7f, 0xff, 0xff, 0xff, 0xff, 0xff, 0xff, 0xff,
    0xff, 0xff, 0xff, 0xf9, 0x0, 0x8f, 0xff, 0xff,
    0xff, 0xff, 0xff, 0xff, 0xff, 0xff, 0xff, 0xff,
    0xf9, 0x0, 0x8f, 0xf2, 0x22, 0x22, 0x22, 0x22,
    0x2a, 0xff, 0x22, 0x22, 0x22, 0x21, 0x0, 0x8f,
    0xe0, 0x0, 0x0, 0x0, 0x0, 0x7, 0xff, 0x0,
    0x1, 0x62, 0x0, 0x0, 0x8f, 0xe2, 0xff, 0xff,
    0xff, 0xff, 0x84, 0xff, 0x30, 0x7, 0xff, 0x10,
    0x0, 0x8f, 0xe2, 0xdd, 0xdd, 0xdd, 0xdd, 0x71,
    0xff, 0x60, 0xe, 0xfb, 0x0, 0x0, 0x9f, 0xd0,
    0x0, 0x0, 0x0, 0x0, 0x0, 0xef, 0xa0, 0x7f,
    0xf3, 0x0, 0x0, 0xbf, 0xc0, 0xcd, 0xdd, 0xdd,
    0xdd, 0x20, 0xaf, 0xe2, 0xff, 0xa0, 0x0, 0x0,
    0xdf, 0xa0, 0xff, 0xff, 0xff, 0xff, 0x20, 0x5f,
    0xfe, 0xff, 0x10, 0x0, 0x0, 0xff, 0x70, 0xff,
    0x30, 0x0, 0xef, 0x20, 0xf, 0xff, 0xf5, 0x1,
    0x60, 0x3, 0xff, 0x40, 0xff, 0x30, 0x0, 0xef,
    0x20, 0xd, 0xff, 0x90, 0x2, 0xfd, 0x8, 0xff,
    0x0, 0xff, 0x97, 0x77, 0xff, 0x21, 0xbf, 0xff,
    0xc0, 0x4, 0xfd, 0xe, 0xfb, 0x0, 0xff, 0xff,
    0xff, 0xff, 0x7e, 0xff, 0xef, 0xfc, 0x5b, 0xfa,
    0x8f, 0xf5, 0x0, 0x56, 0x66, 0x66, 0x66, 0x8f,
    0xf8, 0xb, 0xff, 0xff, 0xf5, 0x3e, 0xc0, 0x0,
    0x0, 0x0, 0x1, 0x70, 0x7, 0x40, 0x0, 0x7e,
    0xff, 0x90, 0x1, 0x20, 0x0, 0x35, 0x40, 0x1e,
    0xfc, 0x0, 0x0, 0x0, 0x0, 0x30, 0x0, 0x0,
    0x19, 0x30, 0xbf, 0xf0, 0x4, 0xff, 0xc0, 0x0,
    0x0, 0x6e, 0xf2, 0x0, 0x0, 0x8f, 0xf2, 0xbf,
    0xf0, 0x0, 0x5f, 0xfb, 0x0, 0x10, 0x2f, 0xfb,
    0x0, 0x1, 0xef, 0xb0, 0xbf, 0xf0, 0x0, 0x8,
    0xfd, 0x20, 0xbd, 0x69, 0xff, 0x40, 0x8, 0xff,
    0x40, 0xbf, 0xf0, 0x0, 0x0, 0x50, 0x0, 0xdf,
    0xa1, 0xff, 0xd0, 0x3f, 0xfc, 0x0, 0xaf, 0xf3,
    0x11, 0x11, 0x11, 0x15, 0xff, 0x70, 0x8f, 0xf6,
    0x5d, 0xf3, 0x0, 0x7f, 0xff, 0xff, 0xff, 0xff,
    0xff, 0xff, 0x20, 0x1b, 0x61, 0x0, 0x20, 0x0,
    0x8, 0xdf, 0xff, 0xff, 0xff, 0xff, 0xc4, 0x0,
    0x0, 0x0,

    /* U+620F "戏" */
    0x0, 0x0, 0x0, 0x0, 0x0, 0x0, 0x0, 0x5,
    0x64, 0x0, 0x2, 0x0, 0x0, 0x0, 0x0, 0x0,
    0x0, 0x0, 0x0, 0x0, 0x0, 0xff, 0xc0, 0x9,
    0xf8, 0x0, 0x0, 0x0, 0x0, 0x0, 0x0, 0x0,
    0x0, 0x0, 0xe, 0xfd, 0x1, 0xcf, 0xf9, 0x0,
    0x0, 0x47, 0x77, 0x77, 0x77, 0x76, 0x20, 0x0,
    0xdf, 0xd0, 0x0, 0xcf, 0xf9, 0x0, 0xb, 0xff,
    0xff, 0xff, 0xff, 0xff, 0x0, 0xc, 0xfe, 0x0,
    0x0, 0xdf, 0xf2, 0x0, 0xaf, 0xff, 0xff, 0xff,
    0xff, 0xc0, 0x0, 0xbf, 0xf0, 0x0, 0x1, 0xc2,
    0x0, 0x0, 0x0, 0x0, 0x0, 0xf, 0xfa, 0x0,
    0xa, 0xff, 0x0, 0x0, 0x0, 0x2, 0x0, 0x1,
    0x40, 0x0, 0x3, 0xff, 0x70, 0x0, 0x9f, 0xf7,
    0x79, 0xbd, 0xff, 0xf5, 0x3, 0xef, 0x20, 0x0,
    0x6f, 0xf4, 0xbd, 0xef, 0xff, 0xff, 0xff, 0xff,
    0xff, 0x70, 0x2f, 0xfd, 0x0, 0xb, 0xff, 0xf,
    0xff, 0xff, 0xff, 0xec, 0xa8, 0x64, 0x30, 0x0,
    0x6f, 0xfa, 0x0, 0xff, 0xb0, 0x99, 0x79, 0xff,
    0x60, 0x0, 0x5, 0x0, 0x0, 0x0, 0xaf, 0xf7,
    0x5f, 0xf6, 0x0, 0x0, 0x3f, 0xf8, 0x0, 0x2,
    0xfe, 0x30, 0x0, 0x0, 0xdf, 0xfd, 0xff, 0x10,
    0x0, 0x1, 0xff, 0xa0, 0x0, 0xaf, 0xf1, 0x0,
    0x0, 0x3, 0xff, 0xff, 0xb0, 0x0, 0x0, 0xf,
    0xfc, 0x0, 0x2f, 0xf9, 0x0, 0x0, 0x0, 0x7,
    0xff, 0xf5, 0x0, 0x0, 0x0, 0xcf, 0xf0, 0xc,
    0xff, 0x10, 0x0, 0x0, 0x0, 0x2f, 0xff, 0x60,
    0x0, 0x0, 0xa, 0xff, 0x27, 0xff, 0x70, 0x0,
    0x0, 0x0, 0xa, 0xff, 0xff, 0x20, 0x0, 0x0,
    0x7f, 0xf9, 0xff, 0xd0, 0x0, 0x0, 0x0, 0x4,
    0xff, 0xff, 0xfc, 0x0, 0x0, 0x3, 0xff, 0xff,
    0xf3, 0x0, 0x0, 0x0, 0x1, 0xef, 0xf5, 0xbf,
    0xf7, 0x0, 0x0, 0xf, 0xff, 0xf6, 0x0, 0x20,
    0x0, 0x0, 0xcf, 0xfa, 0x1, 0xff, 0xf1, 0x0,
    0x1, 0xef, 0xfa, 0x0, 0x7, 0xd3, 0x0, 0xbf,
    0xfe, 0x10, 0x7, 0xfd, 0x20, 0x2, 0xef, 0xff,
    0xc0, 0x0, 0x8f, 0xd1, 0xcf, 0xff, 0x20, 0x0,
    0xa, 0x10, 0x6, 0xff, 0xff, 0xff, 0x60, 0xb,
    0xfa, 0xb, 0xff, 0x30, 0x0, 0x0, 0x0, 0x3c,
    0xff, 0xf9, 0x5f, 0xff, 0x73, 0xff, 0x60, 0xb,
    0x30, 0x0, 0x0, 0x0, 0x1c, 0xff, 0xf6, 0x0,
    0xaf, 0xff, 0xff, 0xf2, 0x0, 0x0, 0x0, 0x0,
    0x0, 0x0, 0xc, 0xb2, 0x0, 0x0, 0xbf, 0xff,
    0xfa, 0x0, 0x0, 0x0, 0x0, 0x0, 0x0, 0x0,
    0x0, 0x0, 0x0, 0x0, 0x6c, 0xfb, 0x10,

    /* U+6210 "成" */
    0x0, 0x0, 0x0, 0x0, 0x0, 0x0, 0x0, 0x18,
    0x85, 0x0, 0x71, 0x0, 0x0, 0x0, 0x0, 0x0,
    0x0, 0x0, 0x0, 0x0, 0x1, 0xff, 0xa0, 0xbf,
    0xe6, 0x0, 0x0, 0x0, 0x0, 0x0, 0x0, 0x0,
    0x0, 0x0, 0x1f, 0xfa, 0x6, 0xff, 0xfc, 0x20,
    0x0, 0x0, 0x0, 0x0, 0x0, 0x0, 0x0, 0x0,
    0xff, 0xa0, 0x1, 0xbf, 0xfe, 0x0, 0x0, 0x0,
    0x1, 0x0, 0x0, 0x0, 0x0, 0xf, 0xfb, 0x0,
    0x0, 0x7f, 0x50, 0x0, 0x0, 0xaf, 0xff, 0xff,
    0xff, 0xff, 0xff, 0xff, 0xff, 0xff, 0xff, 0xff,
    0xfb, 0x0, 0xa, 0xff, 0xff, 0xff, 0xff, 0xff,
    0xff, 0xff, 0xff, 0xff, 0xff, 0xff, 0xb0, 0x0,
    0xaf, 0xf9, 0x99, 0x99, 0x99, 0x99, 0xef, 0xf9,
    0x99, 0x99, 0x99, 0x96, 0x0, 0xa, 0xff, 0x10,
    0x0, 0x0, 0x0, 0xc, 0xff, 0x0, 0x0, 0x0,
    0x0, 0x0, 0x0, 0xaf, 0xf1, 0x0, 0x0, 0x0,
    0x0, 0xaf, 0xf1, 0x0, 0x5, 0x51, 0x0, 0x0,
    0xa, 0xff, 0x32, 0x22, 0x23, 0x20, 0x8, 0xff,
    0x30, 0x0, 0xdf, 0xe0, 0x0, 0x0, 0xaf, 0xff,
    0xff, 0xff, 0xff, 0x60, 0x6f, 0xf5, 0x0, 0x3f,
    0xf9, 0x0, 0x0, 0xa, 0xff, 0xff, 0xff, 0xff,
    0xf6, 0x4, 0xff, 0x70, 0xa, 0xff, 0x30, 0x0,
    0x0, 0xaf, 0xf5, 0x44, 0x46, 0xff, 0x50, 0x1f,
    0xfa, 0x2, 0xff, 0xc0, 0x0, 0x0, 0xb, 0xff,
    0x10, 0x0, 0x3f, 0xf5, 0x0, 0xef, 0xd0, 0x9f,
    0xf5, 0x0, 0x0, 0x0, 0xbf, 0xf0, 0x0, 0x3,
    0xff, 0x50, 0xb, 0xff, 0x4f, 0xfd, 0x0, 0x0,
    0x0, 0xc, 0xff, 0x0, 0x0, 0x4f, 0xf4, 0x0,
    0x8f, 0xfe, 0xff, 0x40, 0x0, 0x0, 0x0, 0xef,
    0xe0, 0x0, 0x5, 0xff, 0x30, 0x4, 0xff, 0xff,
    0xb0, 0x0, 0x0, 0x0, 0xf, 0xfc, 0x0, 0x0,
    0x7f, 0xf2, 0x0, 0xf, 0xff, 0xf1, 0x0, 0x21,
    0x0, 0x2, 0xff, 0x91, 0x21, 0x1b, 0xff, 0x10,
    0x2, 0xff, 0xf6, 0x0, 0x5, 0xe6, 0x0, 0x5f,
    0xf7, 0x3f, 0xff, 0xff, 0xd0, 0x3, 0xef, 0xff,
    0xa0, 0x0, 0x7f, 0xe0, 0xa, 0xff, 0x30, 0xef,
    0xff, 0xf4, 0x4, 0xff, 0xff, 0xff, 0x30, 0x9,
    0xfc, 0x0, 0xff, 0xf0, 0x3, 0x44, 0x30, 0x8,
    0xff, 0xfb, 0x6f, 0xfd, 0x10, 0xdf, 0x90, 0x7f,
    0xfa, 0x0, 0x0, 0x0, 0x4d, 0xff, 0xfa, 0x0,
    0xbf, 0xff, 0xcf, 0xf6, 0xe, 0xff, 0x30, 0x0,
    0x0, 0x3, 0xff, 0xf7, 0x0, 0x1, 0xdf, 0xff,
    0xfe, 0x0, 0x2d, 0xb0, 0x0, 0x0, 0x0, 0x4,
    0xd3, 0x0, 0x0, 0x1, 0x9e, 0xfc, 0x30, 0x0,
    0x1, 0x0, 0x0, 0x0, 0x0, 0x0, 0x0, 0x0,
    0x0, 0x0, 0x0, 0x0, 0x0,

    /* U+6216 "或" */
    0x0, 0x0, 0x0, 0x0, 0x0, 0x0, 0x0, 0xcc,
    0xa0, 0x6, 0x81, 0x0, 0x0, 0x0, 0x0, 0x0,
    0x0, 0x0, 0x0, 0x0, 0xff, 0xe0, 0x5f, 0xff,
    0x70, 0x0, 0x0, 0x0, 0x0, 0x0, 0x0, 0x0,
    0x0, 0xef, 0xe0, 0x6, 0xef, 0xfd, 0x20, 0x0,
    0x0, 0x0, 0x0, 0x0, 0x0, 0x0, 0xef, 0xe0,
    0x0, 0x1b, 0xfe, 0x20, 0x38, 0x88, 0x88, 0x88,
    0x88, 0x88, 0x88, 0xef, 0xf8, 0x88, 0x88, 0xeb,
    0x82, 0x6f, 0xff, 0xff, 0xff, 0xff, 0xff, 0xff,
    0xff, 0xff, 0xff, 0xff, 0xff, 0xf3, 0x6f, 0xff,
    0xff, 0xff, 0xff, 0xff, 0xff, 0xff, 0xff, 0xff,
    0xff, 0xff, 0xf3, 0x1, 0x11, 0x11, 0x11, 0x11,
    0x11, 0x11, 0xaf, 0xf3, 0x11, 0x11, 0x11, 0x10,
    0x0, 0x0, 0x0, 0x0, 0x0, 0x0, 0x0, 0x9f,
    0xf3, 0x0, 0x0, 0x0, 0x0, 0x0, 0x45, 0x55,
    0x55, 0x55, 0x55, 0x0, 0x7f, 0xf5, 0x0, 0x6,
    0x84, 0x0, 0x0, 0xef, 0xff, 0xff, 0xff, 0xff,
    0x10, 0x5f, 0xf7, 0x0, 0xd, 0xff, 0x0, 0x0,
    0xef, 0xff, 0xff, 0xff, 0xff, 0x10, 0x3f, 0xf9,
    0x0, 0x3f, 0xfa, 0x0, 0x0, 0xef, 0x80, 0x0,
    0x7, 0xff, 0x10, 0x1f, 0xfb, 0x0, 0xaf, 0xf4,
    0x0, 0x0, 0xef, 0x80, 0x0, 0x7, 0xff, 0x10,
    0xf, 0xfe, 0x2, 0xff, 0xd0, 0x0, 0x0, 0xef,
    0x80, 0x0, 0x7, 0xff, 0x10, 0xc, 0xff, 0x1a,
    0xff, 0x50, 0x0, 0x0, 0xef, 0x92, 0x22, 0x28,
    0xff, 0x10, 0x9, 0xff, 0x8f, 0xfd, 0x0, 0x0,
    0x0, 0xef, 0xff, 0xff, 0xff, 0xff, 0x10, 0x5,
    0xff, 0xff, 0xf4, 0x0, 0x0, 0x0, 0xef, 0xff,
    0xff, 0xff, 0xff, 0x10, 0x1, 0xff, 0xff, 0xa0,
    0x0, 0x0, 0x0, 0x22, 0x22, 0x22, 0x22, 0x22,
    0x0, 0x0, 0xdf, 0xfe, 0x10, 0x2, 0x0, 0x0,
    0x0, 0x0, 0x0, 0x0, 0x36, 0x80, 0x3, 0xff,
    0xf8, 0x0, 0x7, 0xd4, 0x0, 0x0, 0x14, 0x7a,
    0xdf, 0xff, 0xf0, 0x3f, 0xff, 0xfd, 0x0, 0x8,
    0xfd, 0x38, 0xbe, 0xff, 0xff, 0xff, 0xff, 0xd6,
    0xff, 0xff, 0xff, 0x50, 0xa, 0xfb, 0x6f, 0xff,
    0xff, 0xfe, 0xa7, 0x41, 0x8f, 0xff, 0xa4, 0xff,
    0xe2, 0xe, 0xf8, 0x3f, 0xeb, 0x84, 0x10, 0x0,
    0x4d, 0xff, 0xf8, 0x0, 0xaf, 0xff, 0xdf, 0xf4,
    0x1, 0x0, 0x0, 0x0, 0x0, 0x7f, 0xff, 0x50,
    0x0, 0x1d, 0xff, 0xff, 0xd0, 0x0, 0x0, 0x0,
    0x0, 0x0, 0x8, 0xc2, 0x0, 0x0, 0x0, 0x9e,
    0xfc, 0x20, 0x0, 0x0, 0x0, 0x0, 0x0, 0x0,
    0x0, 0x0, 0x0, 0x0, 0x0, 0x0, 0x0,

    /* U+6218 "战" */
    0x0, 0x0, 0x35, 0x50, 0x0, 0x0, 0x0, 0x3,
    0x66, 0x0, 0x0, 0x0, 0x0, 0x0, 0x0, 0xaf,
    0xe0, 0x0, 0x0, 0x0, 0x7, 0xff, 0x0, 0x23,
    0x0, 0x0, 0x0, 0x0, 0xaf, 0xe0, 0x0, 0x0,
    0x0, 0x6, 0xff, 0x5, 0xfe, 0x10, 0x0, 0x0,
    0x0, 0xaf, 0xe0, 0x0, 0x0, 0x0, 0x5, 0xff,
    0x10, 0xdf, 0xc0, 0x0, 0x0, 0x0, 0xaf, 0xe0,
    0x0, 0x0, 0x0, 0x5, 0xff, 0x10, 0x3f, 0xf7,
    0x0, 0x0, 0x0, 0xaf, 0xf6, 0x66, 0x66, 0x30,
    0x4, 0xff, 0x20, 0x8, 0xfc, 0x0, 0x0, 0x0,
    0xaf, 0xff, 0xff, 0xff, 0x80, 0x3, 0xff, 0x30,
    0x0, 0x60, 0x0, 0x0, 0x0, 0xaf, 0xff, 0xff,
    0xff, 0x70, 0x2, 0xff, 0x40, 0x0, 0x25, 0x30,
    0x0, 0x0, 0xaf, 0xe0, 0x0, 0x0, 0x0, 0x4,
    0xff, 0xcc, 0xef, 0xff, 0xa0, 0x0, 0x0, 0xaf,
    0xe0, 0x0, 0x0, 0x8e, 0xff, 0xff, 0xff, 0xff,
    0xff, 0xa0, 0x0, 0x0, 0xaf, 0xe0, 0x0, 0x0,
    0x8f, 0xff, 0xff, 0xd8, 0x64, 0x10, 0x0, 0x0,
    0x0, 0xaf, 0xe0, 0x0, 0x0, 0x36, 0x42, 0xdf,
    0xa0, 0x0, 0xc7, 0x0, 0x1, 0x11, 0xaf, 0xf1,
    0x11, 0x11, 0x0, 0x0, 0xbf, 0xc0, 0x2, 0xff,
    0x30, 0xdf, 0xff, 0xff, 0xff, 0xff, 0xff, 0x0,
    0x0, 0x9f, 0xe0, 0x9, 0xfd, 0x0, 0xdf, 0xff,
    0xff, 0xff, 0xff, 0xff, 0x0, 0x0, 0x7f, 0xf0,
    0x1f, 0xf6, 0x0, 0xdf, 0xb5, 0x55, 0x55, 0x59,
    0xff, 0x0, 0x0, 0x5f, 0xf3, 0x9f, 0xe0, 0x0,
    0xdf, 0x90, 0x0, 0x0, 0x6, 0xff, 0x0, 0x0,
    0x2f, 0xf9, 0xff, 0x60, 0x0, 0xdf, 0x90, 0x0,
    0x0, 0x6, 0xff, 0x0, 0x0, 0xf, 0xff, 0xfd,
    0x0, 0x0, 0xdf, 0x90, 0x0, 0x0, 0x6, 0xff,
    0x0, 0x0, 0xc, 0xff, 0xf3, 0x0, 0x0, 0xdf,
    0x90, 0x0, 0x0, 0x6, 0xff, 0x0, 0x0, 0xa,
    0xff, 0x80, 0x4, 0x0, 0xdf, 0x90, 0x0, 0x0,
    0x6, 0xff, 0x0, 0x0, 0x6f, 0xff, 0x60, 0xb,
    0xc1, 0xdf, 0xa3, 0x33, 0x33, 0x38, 0xff, 0x0,
    0x7, 0xff, 0xff, 0xd0, 0xe, 0xf2, 0xdf, 0xff,
    0xff, 0xff, 0xff, 0xff, 0x1, 0xaf, 0xfe, 0x9f,
    0xf7, 0x3f, 0xf0, 0xdf, 0xff, 0xff, 0xff, 0xff,
    0xff, 0x6e, 0xff, 0xd1, 0x1e, 0xff, 0xff, 0xa0,
    0xdf, 0xa4, 0x44, 0x44, 0x49, 0xff, 0x4f, 0xfa,
    0x10, 0x5, 0xff, 0xff, 0x40, 0xbd, 0x70, 0x0,
    0x0, 0x4, 0xbb, 0x4, 0x50, 0x0, 0x0, 0x5d,
    0xf8, 0x0, 0x0, 0x0, 0x0, 0x0, 0x0, 0x0,
    0x0, 0x0, 0x0, 0x0, 0x0, 0x0, 0x0,

    /* U+6240 "所" */
    0x0, 0x0, 0x0, 0x0, 0x0, 0x0, 0x0, 0x0,
    0x0, 0x0, 0x0, 0x0, 0x0, 0x0, 0x0, 0x0,
    0x0, 0x0, 0x15, 0xa7, 0x0, 0x0, 0x0, 0x0,
    0x15, 0xaf, 0x40, 0x0, 0x0, 0x14, 0x69, 0xdf,
    0xff, 0xf3, 0x0, 0x3, 0x69, 0xdf, 0xff, 0xfe,
    0x10, 0x5, 0xff, 0xff, 0xff, 0xff, 0xfc, 0x61,
    0xdf, 0xff, 0xff, 0xff, 0xfc, 0x81, 0x0, 0x6f,
    0xff, 0xfd, 0xa7, 0x41, 0x0, 0x1f, 0xff, 0xfe,
    0xb8, 0x41, 0x0, 0x0, 0x6, 0xff, 0x40, 0x0,
    0x0, 0x0, 0x1, 0xff, 0xb1, 0x0, 0x0, 0x0,
    0x0, 0x0, 0x6f, 0xf3, 0x0, 0x0, 0x0, 0x0,
    0x1f, 0xfa, 0x0, 0x0, 0x0, 0x0, 0x0, 0x6,
    0xff, 0x87, 0x77, 0x77, 0x74, 0x1, 0xff, 0xa0,
    0x0, 0x0, 0x0, 0x0, 0x0, 0x6f, 0xff, 0xff,
    0xff, 0xff, 0xa0, 0x1f, 0xfa, 0x0, 0x0, 0x0,
    0x0, 0x0, 0x6, 0xff, 0xff, 0xff, 0xff, 0xfa,
    0x1, 0xff, 0xc6, 0x66, 0x66, 0x66, 0x66, 0x0,
    0x6f, 0xf3, 0x0, 0x0, 0xff, 0xa0, 0x1f, 0xff,
    0xff, 0xff, 0xff, 0xff, 0xf0, 0x6, 0xff, 0x30,
    0x0, 0xf, 0xfa, 0x1, 0xff, 0xff, 0xff, 0xff,
    0xff, 0xff, 0x0, 0x6f, 0xf3, 0x0, 0x0, 0xff,
    0xa0, 0x1f, 0xfb, 0x22, 0x2b, 0xff, 0x22, 0x20,
    0x6, 0xff, 0x53, 0x33, 0x3f, 0xfa, 0x1, 0xff,
    0x90, 0x0, 0xaf, 0xf0, 0x0, 0x0, 0x6f, 0xff,
    0xff, 0xff, 0xff, 0xa0, 0x2f, 0xf8, 0x0, 0xa,
    0xff, 0x0, 0x0, 0x7, 0xff, 0xff, 0xff, 0xff,
    0xfa, 0x3, 0xff, 0x70, 0x0, 0xaf, 0xf0, 0x0,
    0x0, 0x7f, 0xf4, 0x33, 0x33, 0x33, 0x10, 0x5f,
    0xf6, 0x0, 0xa, 0xff, 0x0, 0x0, 0x8, 0xff,
    0x0, 0x0, 0x0, 0x0, 0x7, 0xff, 0x30, 0x0,
    0xaf, 0xf0, 0x0, 0x0, 0xaf, 0xf0, 0x0, 0x0,
    0x0, 0x0, 0xbf, 0xf0, 0x0, 0xa, 0xff, 0x0,
    0x0, 0xc, 0xfd, 0x0, 0x0, 0x0, 0x0, 0xf,
    0xfd, 0x0, 0x0, 0xaf, 0xf0, 0x0, 0x0, 0xff,
    0xa0, 0x0, 0x0, 0x0, 0x5, 0xff, 0x80, 0x0,
    0xa, 0xff, 0x0, 0x0, 0x2f, 0xf7, 0x0, 0x0,
    0x0, 0x0, 0xcf, 0xf2, 0x0, 0x0, 0xaf, 0xf0,
    0x0, 0x7, 0xff, 0x40, 0x0, 0x0, 0x0, 0x5f,
    0xfb, 0x0, 0x0, 0xa, 0xff, 0x0, 0x0, 0xdf,
    0xf0, 0x0, 0x0, 0x0, 0x2f, 0xff, 0x30, 0x0,
    0x0, 0xaf, 0xf0, 0x0, 0x2f, 0xfa, 0x0, 0x0,
    0x0, 0xa, 0xff, 0x90, 0x0, 0x0, 0xa, 0xff,
    0x0, 0x0, 0x2d, 0x30, 0x0, 0x0, 0x0, 0x9,
    0xc0, 0x0, 0x0, 0x0, 0xaf, 0xf0, 0x0, 0x0,
    0x0, 0x0, 0x0, 0x0, 0x0, 0x0, 0x0, 0x0,
    0x0, 0x0, 0x0, 0x0, 0x0,

    /* U+624B "手" */
    0x0, 0x0, 0x0, 0x0, 0x0, 0x0, 0x0, 0x0,
    0x0, 0x1, 0x55, 0x0, 0x0, 0x0, 0x0, 0x0,
    0x0, 0x0, 0x0, 0x2, 0x46, 0x9b, 0xef, 0xff,
    0x50, 0x0, 0x0, 0x25, 0x56, 0x78, 0xab, 0xde,
    0xff, 0xff, 0xff, 0xff, 0xff, 0xc1, 0x0, 0x0,
    0x7f, 0xff, 0xff, 0xff, 0xff, 0xff, 0xff, 0xfc,
    0xa7, 0x40, 0x0, 0x0, 0x0, 0x2f, 0xff, 0xed,
    0xcb, 0x99, 0xff, 0xb1, 0x0, 0x0, 0x0, 0x0,
    0x0, 0x0, 0x0, 0x0, 0x0, 0x0, 0x2, 0xff,
    0xa0, 0x0, 0x0, 0x0, 0x0, 0x0, 0x0, 0x0,
    0x0, 0x0, 0x0, 0x2, 0xff, 0xa0, 0x0, 0x0,
    0x0, 0x0, 0x0, 0x0, 0x0, 0x0, 0x0, 0x0,
    0x2, 0xff, 0xa0, 0x0, 0x0, 0x0, 0x0, 0x0,
    0x0, 0x59, 0x99, 0x99, 0x99, 0x9a, 0xff, 0xd9,
    0x99, 0x99, 0x99, 0x99, 0x30, 0x0, 0x9f, 0xff,
    0xff, 0xff, 0xff, 0xff, 0xff, 0xff, 0xff, 0xff,
    0xff, 0x50, 0x0, 0x9f, 0xff, 0xff, 0xff, 0xff,
    0xff, 0xff, 0xff, 0xff, 0xff, 0xff, 0x50, 0x0,
    0x0, 0x0, 0x0, 0x0, 0x2, 0xff, 0xa0, 0x0,
    0x0, 0x0, 0x0, 0x0, 0x0, 0x0, 0x0, 0x0,
    0x0, 0x2, 0xff, 0xa0, 0x0, 0x0, 0x0, 0x0,
    0x0, 0x0, 0x0, 0x0, 0x0, 0x0, 0x2, 0xff,
    0xa0, 0x0, 0x0, 0x0, 0x0, 0x0, 0x0, 0x0,
    0x0, 0x0, 0x0, 0x2, 0xff, 0xa0, 0x0, 0x0,
    0x0, 0x0, 0x0, 0x8f, 0xff, 0xff, 0xff, 0xff,
    0xff, 0xff, 0xff, 0xff, 0xff, 0xff, 0xff, 0xff,
    0x8f, 0xff, 0xff, 0xff, 0xff, 0xff, 0xff, 0xff,
    0xff, 0xff, 0xff, 0xff, 0xff, 0x48, 0x88, 0x88,
    0x88, 0x88, 0x89, 0xff, 0xd8, 0x88, 0x88, 0x88,
    0x88, 0x88, 0x0, 0x0, 0x0, 0x0, 0x0, 0x2,
    0xff, 0xa0, 0x0, 0x0, 0x0, 0x0, 0x0, 0x0,
    0x0, 0x0, 0x0, 0x0, 0x2, 0xff, 0xa0, 0x0,
    0x0, 0x0, 0x0, 0x0, 0x0, 0x0, 0x0, 0x0,
    0x0, 0x2, 0xff, 0xa0, 0x0, 0x0, 0x0, 0x0,
    0x0, 0x0, 0x0, 0x0, 0x0, 0x0, 0x2, 0xff,
    0xa0, 0x0, 0x0, 0x0, 0x0, 0x0, 0x0, 0x0,
    0x0, 0x0, 0x0, 0x2, 0xff, 0xa0, 0x0, 0x0,
    0x0, 0x0, 0x0, 0x0, 0x0, 0x0, 0x88, 0x88,
    0x8a, 0xff, 0x90, 0x0, 0x0, 0x0, 0x0, 0x0,
    0x0, 0x0, 0x0, 0x9f, 0xff, 0xff, 0xff, 0x50,
    0x0, 0x0, 0x0, 0x0, 0x0, 0x0, 0x0, 0x0,
    0x3f, 0xff, 0xfe, 0xb5, 0x0, 0x0, 0x0, 0x0,
    0x0, 0x0, 0x0, 0x0, 0x0, 0x0, 0x0, 0x0,
    0x0, 0x0, 0x0, 0x0, 0x0, 0x0, 0x0,

    /* U+6253 "打" */
    0x0, 0x0, 0x69, 0x80, 0x0, 0x0, 0x0, 0x0,
    0x0, 0x0, 0x0, 0x0, 0x0, 0x0, 0x0, 0xbf,
    0xe0, 0x0, 0x0, 0x0, 0x0, 0x0, 0x0, 0x0,
    0x0, 0x0, 0x0, 0x0, 0xbf, 0xe0, 0x0, 0x26,
    0x66, 0x66, 0x66, 0x66, 0x66, 0x66, 0x65, 0x0,
    0x0, 0xbf, 0xe0, 0x0, 0x6f, 0xff, 0xff, 0xff,
    0xff, 0xff, 0xff, 0xfd, 0x0, 0x0, 0xbf, 0xe0,
    0x0, 0x6f, 0xff, 0xff, 0xff, 0xff, 0xff, 0xff,
    0xfd, 0x0, 0x0, 0xcf, 0xe0, 0x0, 0x25, 0x55,
    0x55, 0x55, 0xdf, 0xf6, 0x55, 0x54, 0xbf, 0xff,
    0xff, 0xff, 0xff, 0x70, 0x0, 0x0, 0x0, 0xcf,
    0xf1, 0x0, 0x0, 0xbf, 0xff, 0xff, 0xff, 0xff,
    0x70, 0x0, 0x0, 0x0, 0xcf, 0xf1, 0x0, 0x0,
    0x57, 0x77, 0xdf, 0xf7, 0x77, 0x30, 0x0, 0x0,
    0x0, 0xcf, 0xf1, 0x0, 0x0, 0x0, 0x0, 0xbf,
    0xe0, 0x0, 0x0, 0x0, 0x0, 0x0, 0xcf, 0xf1,
    0x0, 0x0, 0x0, 0x0, 0xbf, 0xe0, 0x0, 0x0,
    0x0, 0x0, 0x0, 0xcf, 0xf1, 0x0, 0x0, 0x0,
    0x0, 0xbf, 0xe0, 0x0, 0x0, 0x0, 0x0, 0x0,
    0xcf, 0xf1, 0x0, 0x0, 0x0, 0x0, 0xbf, 0xe0,
    0x48, 0x60, 0x0, 0x0, 0x0, 0xcf, 0xf1, 0x0,
    0x0, 0x0, 0x0, 0xcf, 0xff, 0xff, 0x90, 0x0,
    0x0, 0x0, 0xcf, 0xf1, 0x0, 0x0, 0x36, 0xae,
    0xff, 0xff, 0xff, 0x80, 0x0, 0x0, 0x0, 0xcf,
    0xf1, 0x0, 0x0, 0xdf, 0xff, 0xff, 0xf9, 0x51,
    0x0, 0x0, 0x0, 0x0, 0xcf, 0xf1, 0x0, 0x0,
    0x8f, 0xfc, 0xef, 0xe0, 0x0, 0x0, 0x0, 0x0,
    0x0, 0xcf, 0xf1, 0x0, 0x0, 0x25, 0x10, 0xbf,
    0xe0, 0x0, 0x0, 0x0, 0x0, 0x0, 0xcf, 0xf1,
    0x0, 0x0, 0x0, 0x0, 0xbf, 0xe0, 0x0, 0x0,
    0x0, 0x0, 0x0, 0xcf, 0xf1, 0x0, 0x0, 0x0,
    0x0, 0xbf, 0xe0, 0x0, 0x0, 0x0, 0x0, 0x0,
    0xcf, 0xf1, 0x0, 0x0, 0x0, 0x0, 0xbf, 0xe0,
    0x0, 0x0, 0x0, 0x0, 0x0, 0xcf, 0xf1, 0x0,
    0x0, 0x0, 0x0, 0xbf, 0xe0, 0x0, 0x0, 0x0,
    0x0, 0x0, 0xcf, 0xf1, 0x0, 0x0, 0x0, 0x0,
    0xbf, 0xe0, 0x0, 0x0, 0x0, 0x0, 0x0, 0xcf,
    0xf1, 0x0, 0x0, 0x7, 0x77, 0xef, 0xe0, 0x0,
    0x0, 0xb, 0xbb, 0xbb, 0xff, 0xf0, 0x0, 0x0,
    0xa, 0xff, 0xff, 0xb0, 0x0, 0x0, 0x8, 0xff,
    0xff, 0xff, 0xb0, 0x0, 0x0, 0x6, 0xff, 0xd9,
    0x10, 0x0, 0x0, 0x3, 0xff, 0xff, 0xd9, 0x10,
    0x0, 0x0, 0x0, 0x0, 0x0, 0x0, 0x0, 0x0,
    0x0, 0x11, 0x0, 0x0, 0x0, 0x0, 0x0,

    /* U+626B "扫" */
    0x0, 0x0, 0x58, 0x70, 0x0, 0x0, 0x0, 0x0,
    0x0, 0x0, 0x0, 0x0, 0x0, 0x0, 0xa, 0xfe,
    0x0, 0x0, 0x0, 0x0, 0x0, 0x0, 0x0, 0x0,
    0x0, 0x0, 0x0, 0xaf, 0xe0, 0x0, 0x0, 0x0,
    0x0, 0x0, 0x0, 0x0, 0x0, 0x0, 0x0, 0xa,
    0xfe, 0x0, 0x2, 0xff, 0xff, 0xff, 0xff, 0xff,
    0xff, 0xf9, 0x0, 0x0, 0xaf, 0xe0, 0x0, 0x2f,
    0xff, 0xff, 0xff, 0xff, 0xff, 0xff, 0x92, 0x44,
    0x4c, 0xff, 0x44, 0x42, 0x66, 0x66, 0x66, 0x66,
    0x66, 0x6f, 0xf9, 0xaf, 0xff, 0xff, 0xff, 0xff,
    0x50, 0x0, 0x0, 0x0, 0x0, 0x0, 0xff, 0x9a,
    0xff, 0xff, 0xff, 0xff, 0xf5, 0x0, 0x0, 0x0,
    0x0, 0x0, 0xf, 0xf9, 0x12, 0x22, 0xbf, 0xf2,
    0x22, 0x0, 0x0, 0x0, 0x0, 0x0, 0x0, 0xff,
    0x90, 0x0, 0xa, 0xfe, 0x0, 0x0, 0x0, 0x0,
    0x0, 0x0, 0x0, 0xf, 0xf9, 0x0, 0x0, 0xaf,
    0xe0, 0x0, 0x0, 0x0, 0x0, 0x0, 0x0, 0x0,
    0xff, 0x90, 0x0, 0xa, 0xfe, 0x0, 0x0, 0x0,
    0x0, 0x0, 0x0, 0x0, 0xf, 0xf9, 0x0, 0x0,
    0xaf, 0xe0, 0x3, 0x27, 0xff, 0xff, 0xff, 0xff,
    0xff, 0xff, 0x90, 0x0, 0xa, 0xff, 0xcf, 0xf7,
    0x7f, 0xff, 0xff, 0xff, 0xff, 0xff, 0xf9, 0x26,
    0x9d, 0xff, 0xff, 0xff, 0x94, 0x99, 0x99, 0x99,
    0x99, 0x99, 0xff, 0x9d, 0xff, 0xff, 0xff, 0xc8,
    0x40, 0x0, 0x0, 0x0, 0x0, 0x0, 0xf, 0xf9,
    0x8f, 0xfc, 0xef, 0xe0, 0x0, 0x0, 0x0, 0x0,
    0x0, 0x0, 0x0, 0xff, 0x92, 0x40, 0xa, 0xfe,
    0x0, 0x0, 0x0, 0x0, 0x0, 0x0, 0x0, 0xf,
    0xf9, 0x0, 0x0, 0xaf, 0xe0, 0x0, 0x0, 0x0,
    0x0, 0x0, 0x0, 0x0, 0xff, 0x90, 0x0, 0xa,
    0xfe, 0x0, 0x0, 0x0, 0x0, 0x0, 0x0, 0x0,
    0xf, 0xf9, 0x0, 0x0, 0xaf, 0xe0, 0x0, 0x0,
    0x0, 0x0, 0x0, 0x0, 0x0, 0xff, 0x90, 0x0,
    0xa, 0xfe, 0x0, 0x0, 0x22, 0x22, 0x22, 0x22,
    0x22, 0x2f, 0xf9, 0x0, 0x0, 0xaf, 0xe0, 0x0,
    0x5f, 0xff, 0xff, 0xff, 0xff, 0xff, 0xff, 0x90,
    0x56, 0x6d, 0xfe, 0x0, 0x5, 0xff, 0xff, 0xff,
    0xff, 0xff, 0xff, 0xf9, 0xa, 0xff, 0xff, 0xb0,
    0x0, 0x15, 0x55, 0x55, 0x55, 0x55, 0x55, 0xff,
    0x90, 0x5f, 0xfe, 0xa1, 0x0, 0x0, 0x0, 0x0,
    0x0, 0x0, 0x0, 0xf, 0xf9,

    /* U+627E "找" */
    0x0, 0x0, 0xa, 0xa5, 0x0, 0x0, 0x0, 0x28,
    0x83, 0x0, 0x0, 0x0, 0x0, 0x0, 0x0, 0x0,
    0xf, 0xf9, 0x0, 0x0, 0x0, 0x4f, 0xf6, 0x3,
    0xd9, 0x0, 0x0, 0x0, 0x0, 0x0, 0xf, 0xf9,
    0x0, 0x0, 0x0, 0x3f, 0xf7, 0xb, 0xff, 0xa0,
    0x0, 0x0, 0x0, 0x0, 0xf, 0xf9, 0x0, 0x0,
    0x0, 0x2f, 0xf7, 0x0, 0xbf, 0xf9, 0x0, 0x0,
    0x0, 0x0, 0xf, 0xf9, 0x0, 0x0, 0x0, 0x1f,
    0xf8, 0x0, 0xd, 0xff, 0x70, 0x0, 0x1, 0x11,
    0x2f, 0xf9, 0x11, 0x10, 0x0, 0xf, 0xf9, 0x0,
    0x1, 0xec, 0x20, 0x0, 0xc, 0xff, 0xff, 0xff,
    0xff, 0xd0, 0x0, 0xf, 0xfb, 0x0, 0x0, 0x32,
    0x45, 0x20, 0xc, 0xff, 0xff, 0xff, 0xff, 0xd0,
    0x12, 0x4f, 0xfe, 0xac, 0xdf, 0xff, 0xff, 0x70,
    0x4, 0x55, 0x5f, 0xfb, 0x55, 0x4c, 0xff, 0xff,
    0xff, 0xff, 0xff, 0xff, 0xff, 0x80, 0x0, 0x0,
    0xf, 0xf9, 0x0, 0xb, 0xff, 0xff, 0xff, 0xdc,
    0xa8, 0x75, 0x32, 0x0, 0x0, 0x0, 0xf, 0xf9,
    0x0, 0x5, 0x76, 0x4a, 0xff, 0x20, 0x0, 0x1,
    0x0, 0x0, 0x0, 0x0, 0xf, 0xf9, 0x0, 0x0,
    0x0, 0x7, 0xff, 0x40, 0x0, 0x4f, 0x70, 0x0,
    0x0, 0x0, 0xf, 0xf9, 0x15, 0x70, 0x0, 0x4,
    0xff, 0x60, 0x0, 0xcf, 0xf1, 0x0, 0x0, 0x0,
    0x1f, 0xff, 0xff, 0xf0, 0x0, 0x2, 0xff, 0x90,
    0x6, 0xff, 0x80, 0x0, 0x4, 0x8c, 0xff, 0xff,
    0xff, 0xe0, 0x0, 0x0, 0xff, 0xd0, 0x2f, 0xfe,
    0x0, 0x0, 0xf, 0xff, 0xff, 0xfd, 0x73, 0x0,
    0x0, 0x0, 0xcf, 0xf1, 0xcf, 0xf5, 0x0, 0x0,
    0xb, 0xfd, 0x9f, 0xf9, 0x0, 0x0, 0x0, 0x0,
    0x8f, 0xfd, 0xff, 0xa0, 0x0, 0x0, 0x2, 0x20,
    0xf, 0xf9, 0x0, 0x0, 0x0, 0x0, 0x4f, 0xff,
    0xfd, 0x0, 0x0, 0x0, 0x0, 0x0, 0xf, 0xf9,
    0x0, 0x0, 0x0, 0x0, 0xf, 0xff, 0xe1, 0x0,
    0x2, 0x0, 0x0, 0x0, 0xf, 0xf9, 0x0, 0x0,
    0x0, 0x0, 0xaf, 0xff, 0x60, 0x0, 0xf, 0x70,
    0x0, 0x0, 0xf, 0xf9, 0x0, 0x0, 0x0, 0x2d,
    0xff, 0xff, 0xd0, 0x0, 0x2f, 0xf3, 0x0, 0x0,
    0xf, 0xf9, 0x0, 0x0, 0x7, 0xff, 0xfd, 0xdf,
    0xf8, 0x0, 0x5f, 0xf0, 0x0, 0x0, 0xf, 0xf9,
    0x0, 0x6, 0xdf, 0xff, 0xb1, 0x4f, 0xff, 0x82,
    0xcf, 0xc0, 0x1, 0x66, 0x6f, 0xf8, 0x0, 0x6f,
    0xff, 0xf7, 0x0, 0x9, 0xff, 0xff, 0xff, 0x80,
    0x0, 0xff, 0xff, 0xf5, 0x0, 0x6, 0xfa, 0x10,
    0x0, 0x0, 0xaf, 0xff, 0xff, 0x10, 0x0, 0xaf,
    0xfd, 0x70, 0x0, 0x0, 0x10, 0x0, 0x0, 0x0,
    0x6, 0xdf, 0xf5, 0x0, 0x0, 0x0, 0x0, 0x0,
    0x0, 0x0, 0x0, 0x0, 0x0, 0x0, 0x0, 0x0,
    0x0, 0x0,

    /* U+62A2 "抢" */
    0x0, 0x0, 0x9, 0x94, 0x0, 0x0, 0x0, 0x0,
    0x6, 0x94, 0x0, 0x0, 0x0, 0x0, 0x0, 0x0,
    0x1f, 0xf8, 0x0, 0x0, 0x0, 0x0, 0xe, 0xfe,
    0x0, 0x0, 0x0, 0x0, 0x0, 0x0, 0x1f, 0xf8,
    0x0, 0x0, 0x0, 0x0, 0x7f, 0xff, 0x10, 0x0,
    0x0, 0x0, 0x0, 0x0, 0x1f, 0xf8, 0x0, 0x0,
    0x0, 0x2, 0xff, 0xff, 0xb0, 0x0, 0x0, 0x0,
    0x0, 0x0, 0x1f, 0xf8, 0x0, 0x0, 0x0, 0xc,
    0xff, 0x8f, 0xf7, 0x0, 0x0, 0x0, 0x0, 0x0,
    0x2f, 0xf8, 0x0, 0x0, 0x0, 0x9f, 0xfa, 0xa,
    0xff, 0x40, 0x0, 0x0, 0xc, 0xff, 0xff, 0xff,
    0xff, 0x80, 0x6, 0xff, 0xd1, 0x0, 0xdf, 0xf3,
    0x0, 0x0, 0xc, 0xff, 0xff, 0xff, 0xff, 0x80,
    0x6f, 0xff, 0x30, 0x0, 0x3f, 0xff, 0x40, 0x0,
    0x5, 0x77, 0x8f, 0xfb, 0x77, 0x47, 0xff, 0xf5,
    0x0, 0x0, 0x5, 0xff, 0xf6, 0x0, 0x0, 0x0,
    0x1f, 0xf8, 0x0, 0xaf, 0xff, 0x60, 0x0, 0x0,
    0x0, 0x6f, 0xff, 0xb1, 0x0, 0x0, 0x1f, 0xf8,
    0x0, 0xcf, 0xff, 0xff, 0xff, 0xff, 0xff, 0xfd,
    0xff, 0xc1, 0x0, 0x0, 0x1f, 0xf8, 0x0, 0x3f,
    0x5f, 0xff, 0xff, 0xff, 0xff, 0xf7, 0x4d, 0x10,
    0x0, 0x0, 0x1f, 0xf8, 0x26, 0x51, 0xf, 0xfc,
    0x88, 0x88, 0x8f, 0xf7, 0x0, 0x0, 0x0, 0x0,
    0x2f, 0xff, 0xff, 0xb0, 0xf, 0xf9, 0x0, 0x0,
    0x1f, 0xf6, 0x0, 0x0, 0x5, 0x9d, 0xff, 0xff,
    0xff, 0xc0, 0xf, 0xf9, 0x0, 0x0, 0x2f, 0xf5,
    0x0, 0x0, 0xe, 0xff, 0xff, 0xfd, 0x73, 0x0,
    0xf, 0xf9, 0x0, 0x0, 0x3f, 0xf4, 0x0, 0x0,
    0xa, 0xfd, 0xaf, 0xf8, 0x0, 0x0, 0xf, 0xf9,
    0x0, 0x0, 0x6f, 0xf3, 0x0, 0x0, 0x2, 0x20,
    0x1f, 0xf8, 0x0, 0x0, 0xf, 0xf9, 0xd, 0xdd,
    0xff, 0xf0, 0x0, 0x0, 0x0, 0x0, 0x1f, 0xf8,
    0x0, 0x0, 0xf, 0xf9, 0x9, 0xff, 0xff, 0x80,
    0x0, 0x0, 0x0, 0x0, 0x1f, 0xf8, 0x0, 0x0,
    0xf, 0xf9, 0x2, 0x45, 0x42, 0x1, 0x60, 0x0,
    0x0, 0x0, 0x1f, 0xf8, 0x0, 0x0, 0xf, 0xf9,
    0x0, 0x0, 0x0, 0x2, 0xfe, 0x30, 0x0, 0x0,
    0x1f, 0xf8, 0x0, 0x0, 0xf, 0xf9, 0x0, 0x0,
    0x0, 0x4, 0xff, 0x30, 0x0, 0x0, 0x1f, 0xf8,
    0x0, 0x0, 0xf, 0xfa, 0x0, 0x0, 0x0, 0x7,
    0xff, 0x0, 0x2, 0x77, 0x8f, 0xf7, 0x0, 0x0,
    0xe, 0xff, 0x87, 0x77, 0x77, 0x7e, 0xfd, 0x0,
    0x1, 0xff, 0xff, 0xf4, 0x0, 0x0, 0x9, 0xff,
    0xff, 0xff, 0xff, 0xff, 0xf6, 0x0, 0x0, 0xcf,
    0xec, 0x70, 0x0, 0x0, 0x0, 0x9e, 0xff, 0xff,
    0xff, 0xfe, 0x80, 0x0,

    /* U+62D6 "拖" */
    0x0, 0x0, 0x69, 0x90, 0x0, 0x0, 0x3, 0x84,
    0x0, 0x0, 0x0, 0x0, 0x0, 0x0, 0x0, 0xa,
    0xff, 0x0, 0x0, 0x0, 0x9f, 0xf2, 0x0, 0x0,
    0x0, 0x0, 0x0, 0x0, 0x0, 0xaf, 0xf0, 0x0,
    0x0, 0xe, 0xfd, 0x0, 0x0, 0x0, 0x0, 0x0,
    0x0, 0x0, 0xa, 0xff, 0x0, 0x0, 0x5, 0xff,
    0x70, 0x0, 0x0, 0x0, 0x0, 0x0, 0x0, 0x0,
    0xaf, 0xf0, 0x0, 0x0, 0xdf, 0xff, 0xff, 0xff,
    0xff, 0xff, 0xff, 0xb0, 0x45, 0x5c, 0xff, 0x55,
    0x20, 0x5f, 0xff, 0xff, 0xff, 0xff, 0xff, 0xff,
    0xfb, 0xf, 0xff, 0xff, 0xff, 0xf8, 0xe, 0xff,
    0x55, 0x55, 0x55, 0x55, 0x55, 0x55, 0x30, 0xff,
    0xff, 0xff, 0xff, 0x89, 0xff, 0x70, 0x0, 0x4f,
    0xf0, 0x0, 0x0, 0x0, 0x2, 0x33, 0xbf, 0xf3,
    0x38, 0xff, 0xd0, 0x0, 0x4, 0xff, 0x0, 0x0,
    0x0, 0x0, 0x0, 0xa, 0xff, 0x0, 0xaf, 0xf7,
    0x88, 0x0, 0x4f, 0xf0, 0x0, 0x63, 0x0, 0x0,
    0x0, 0xaf, 0xf0, 0x0, 0x66, 0x7f, 0xe0, 0x4,
    0xff, 0x28, 0xef, 0xf4, 0x0, 0x0, 0xa, 0xff,
    0x0, 0x0, 0x7, 0xfe, 0x0, 0x4f, 0xff, 0xff,
    0xff, 0x30, 0x0, 0x0, 0xaf, 0xf0, 0x22, 0x0,
    0x7f, 0xe4, 0xaf, 0xff, 0xfe, 0xaf, 0xf3, 0x0,
    0x0, 0xa, 0xff, 0xdf, 0x80, 0x7, 0xff, 0xff,
    0xff, 0xf5, 0x1, 0xff, 0x30, 0x2, 0x7b, 0xff,
    0xff, 0xfb, 0x6c, 0xff, 0xff, 0xda, 0xff, 0x0,
    0x1f, 0xf2, 0x2, 0xff, 0xff, 0xff, 0xa5, 0x2f,
    0xff, 0xff, 0x30, 0x4f, 0xf0, 0x2, 0xff, 0x20,
    0xe, 0xfe, 0xef, 0xf0, 0x0, 0xcb, 0xbf, 0xe0,
    0x4, 0xff, 0x0, 0x2f, 0xf2, 0x0, 0x53, 0xa,
    0xff, 0x0, 0x0, 0x7, 0xfe, 0x0, 0x4f, 0xf0,
    0x2, 0xff, 0x20, 0x0, 0x0, 0xaf, 0xf0, 0x0,
    0x0, 0x7f, 0xe0, 0x4, 0xff, 0x1b, 0xdf, 0xf1,
    0x0, 0x0, 0xa, 0xff, 0x0, 0x0, 0x7, 0xfe,
    0x0, 0x4f, 0xf0, 0xcf, 0xfb, 0x0, 0x0, 0x0,
    0xaf, 0xf0, 0x0, 0x0, 0x7f, 0xe0, 0x4, 0xff,
    0x5, 0x74, 0x10, 0x0, 0x0, 0xa, 0xff, 0x0,
    0x0, 0x7, 0xfe, 0x0, 0x15, 0x50, 0x0, 0x5,
    0xe9, 0x0, 0x0, 0xaf, 0xf0, 0x0, 0x0, 0x7f,
    0xf0, 0x0, 0x0, 0x0, 0x0, 0x8f, 0xd0, 0x49,
    0x9e, 0xfe, 0x0, 0x0, 0x5, 0xff, 0x96, 0x66,
    0x66, 0x66, 0x7e, 0xf9, 0x3, 0xff, 0xff, 0xb0,
    0x0, 0x0, 0x1f, 0xff, 0xff, 0xff, 0xff, 0xff,
    0xff, 0x30, 0xe, 0xfe, 0xa1, 0x0, 0x0, 0x0,
    0x3a, 0xcd, 0xee, 0xee, 0xee, 0xdb, 0x50,

    /* U+6301 "持" */
    0x0, 0x0, 0x49, 0x90, 0x0, 0x0, 0x0, 0x0,
    0x5, 0x87, 0x0, 0x0, 0x0, 0x0, 0x0, 0x0,
    0x7f, 0xf0, 0x0, 0x0, 0x0, 0x0, 0x9, 0xfe,
    0x0, 0x0, 0x0, 0x0, 0x0, 0x0, 0x7f, 0xf0,
    0x0, 0x0, 0x0, 0x0, 0x9, 0xfe, 0x0, 0x0,
    0x0, 0x0, 0x0, 0x0, 0x7f, 0xf0, 0x0, 0x1,
    0x33, 0x33, 0x3b, 0xff, 0x33, 0x33, 0x32, 0x0,
    0x0, 0x0, 0x7f, 0xf0, 0x0, 0x7, 0xff, 0xff,
    0xff, 0xff, 0xff, 0xff, 0xfc, 0x0, 0x2, 0x22,
    0x8f, 0xf2, 0x21, 0x7, 0xff, 0xff, 0xff, 0xff,
    0xff, 0xff, 0xfc, 0x0, 0xe, 0xff, 0xff, 0xff,
    0xfb, 0x1, 0x33, 0x33, 0x3b, 0xff, 0x33, 0x33,
    0x32, 0x0, 0xe, 0xff, 0xff, 0xff, 0xfb, 0x0,
    0x0, 0x0, 0x9, 0xfe, 0x0, 0x0, 0x0, 0x0,
    0x4, 0x55, 0xaf, 0xf5, 0x53, 0x0, 0x0, 0x0,
    0x9, 0xfe, 0x0, 0x0, 0x0, 0x0, 0x0, 0x0,
    0x7f, 0xf0, 0x0, 0x9b, 0xbb, 0xbb, 0xbe, 0xff,
    0xbb, 0xbb, 0xbb, 0xb0, 0x0, 0x0, 0x7f, 0xf0,
    0x0, 0xdf, 0xff, 0xff, 0xff, 0xff, 0xff, 0xff,
    0xff, 0xf0, 0x0, 0x0, 0x7f, 0xf0, 0x0, 0x9b,
    0xbb, 0xbb, 0xbb, 0xbb, 0xbf, 0xfd, 0xbb, 0xb0,
    0x0, 0x0, 0x7f, 0xf0, 0x33, 0x0, 0x0, 0x0,
    0x0, 0x0, 0xf, 0xf8, 0x0, 0x0, 0x0, 0x0,
    0x7f, 0xfe, 0xfa, 0x0, 0x0, 0x0, 0x0, 0x0,
    0xf, 0xf8, 0x0, 0x0, 0x3, 0x7c, 0xff, 0xff,
    0xfc, 0x47, 0x77, 0x77, 0x77, 0x77, 0x8f, 0xfc,
    0x77, 0x60, 0x2f, 0xff, 0xff, 0xfa, 0x61, 0x9f,
    0xff, 0xff, 0xff, 0xff, 0xff, 0xff, 0xff, 0xd0,
    0xe, 0xfe, 0xdf, 0xf0, 0x0, 0x8f, 0xff, 0xff,
    0xff, 0xff, 0xff, 0xff, 0xff, 0xc0, 0x5, 0x30,
    0x7f, 0xf0, 0x0, 0x0, 0x2, 0x50, 0x0, 0x0,
    0xf, 0xf8, 0x0, 0x0, 0x0, 0x0, 0x7f, 0xf0,
    0x0, 0x0, 0x6f, 0xf4, 0x0, 0x0, 0xf, 0xf8,
    0x0, 0x0, 0x0, 0x0, 0x7f, 0xf0, 0x0, 0x0,
    0x1d, 0xfe, 0x20, 0x0, 0xf, 0xf8, 0x0, 0x0,
    0x0, 0x0, 0x7f, 0xf0, 0x0, 0x0, 0x3, 0xff,
    0xc0, 0x0, 0xf, 0xf8, 0x0, 0x0, 0x0, 0x0,
    0x7f, 0xf0, 0x0, 0x0, 0x0, 0x9f, 0xf5, 0x0,
    0xf, 0xf8, 0x0, 0x0, 0x0, 0x0, 0x7f, 0xf0,
    0x0, 0x0, 0x0, 0x1e, 0x81, 0x0, 0xf, 0xf8,
    0x0, 0x0, 0x2, 0x88, 0xcf, 0xf0, 0x0, 0x0,
    0x0, 0x0, 0x5, 0x76, 0x7f, 0xf7, 0x0, 0x0,
    0x1, 0xff, 0xff, 0xc0, 0x0, 0x0, 0x0, 0x0,
    0x7, 0xff, 0xff, 0xf5, 0x0, 0x0, 0x0, 0xce,
    0xd9, 0x10, 0x0, 0x0, 0x0, 0x0, 0x2, 0xff,
    0xfd, 0x70, 0x0, 0x0, 0x0, 0x0, 0x0, 0x0,
    0x0, 0x0, 0x0, 0x0, 0x0, 0x10, 0x0, 0x0,
    0x0, 0x0,

    /* U+6309 "按" */
    0x0, 0x0, 0x5a, 0xa0, 0x0, 0x0, 0x0, 0x0,
    0x48, 0xb1, 0x0, 0x0, 0x0, 0x0, 0x0, 0x8,
    0xff, 0x10, 0x0, 0x0, 0x0, 0x6, 0xff, 0x60,
    0x0, 0x0, 0x0, 0x0, 0x0, 0x8f, 0xf1, 0x0,
    0x0, 0x0, 0x0, 0x2f, 0xfb, 0x0, 0x0, 0x0,
    0x0, 0x0, 0x8, 0xff, 0x10, 0x1, 0x33, 0x33,
    0x33, 0xef, 0xf3, 0x33, 0x33, 0x31, 0x0, 0x0,
    0x8f, 0xf1, 0x0, 0x6f, 0xff, 0xff, 0xff, 0xff,
    0xff, 0xff, 0xff, 0x80, 0x22, 0x29, 0xff, 0x32,
    0x26, 0xff, 0xff, 0xff, 0xff, 0xff, 0xff, 0xff,
    0xf8, 0x1f, 0xff, 0xff, 0xff, 0xff, 0x6f, 0xf3,
    0x22, 0x22, 0x22, 0x22, 0x22, 0xff, 0x81, 0xff,
    0xff, 0xff, 0xff, 0xf6, 0xff, 0x10, 0x1c, 0xa6,
    0x0, 0x0, 0xf, 0xf8, 0x5, 0x55, 0xaf, 0xf5,
    0x54, 0x6f, 0xf1, 0x6, 0xff, 0x70, 0x0, 0x0,
    0xff, 0x80, 0x0, 0x8, 0xff, 0x10, 0x3, 0x77,
    0x0, 0xbf, 0xf2, 0x0, 0x0, 0x7, 0x74, 0x0,
    0x0, 0x8f, 0xf1, 0x0, 0x0, 0x0, 0x1f, 0xfc,
    0x0, 0x0, 0x0, 0x0, 0x0, 0x0, 0x8, 0xff,
    0x10, 0x19, 0x99, 0x9b, 0xff, 0xc9, 0x99, 0x99,
    0x99, 0x98, 0x0, 0x0, 0x8f, 0xf1, 0x2, 0xff,
    0xff, 0xff, 0xff, 0xff, 0xff, 0xff, 0xff, 0xe0,
    0x0, 0x8, 0xff, 0x13, 0x8d, 0xdd, 0xef, 0xfe,
    0xdd, 0xdd, 0xff, 0xfd, 0xdc, 0x0, 0x0, 0x8f,
    0xfe, 0xff, 0x30, 0xb, 0xff, 0x20, 0x0, 0xe,
    0xff, 0x0, 0x0, 0x59, 0xdf, 0xff, 0xff, 0xf4,
    0x3, 0xff, 0xb0, 0x0, 0x2, 0xff, 0xb0, 0x0,
    0x4f, 0xff, 0xff, 0xf9, 0x40, 0x0, 0xbf, 0xf4,
    0x0, 0x0, 0x8f, 0xf6, 0x0, 0x1, 0xff, 0xbc,
    0xff, 0x10, 0x0, 0x4f, 0xff, 0x50, 0x0, 0xe,
    0xfe, 0x0, 0x0, 0x3, 0x0, 0x8f, 0xf1, 0x0,
    0x3, 0xcf, 0xff, 0xd5, 0x9, 0xff, 0x80, 0x0,
    0x0, 0x0, 0x8, 0xff, 0x10, 0x0, 0x0, 0x3c,
    0xff, 0xfe, 0xff, 0xe0, 0x0, 0x0, 0x0, 0x0,
    0x8f, 0xf1, 0x0, 0x0, 0x0, 0x4, 0xdf, 0xff,
    0xf7, 0x0, 0x0, 0x0, 0x0, 0x8, 0xff, 0x10,
    0x0, 0x0, 0x0, 0x1a, 0xff, 0xff, 0xfb, 0x20,
    0x0, 0x0, 0x0, 0x8f, 0xf1, 0x0, 0x0, 0x3,
    0x9f, 0xff, 0xe9, 0xff, 0xff, 0x80, 0x0, 0x46,
    0x6b, 0xff, 0x10, 0x6, 0x9e, 0xff, 0xff, 0xa1,
    0x2, 0xbf, 0xff, 0xd4, 0x5, 0xff, 0xff, 0xe0,
    0x0, 0xaf, 0xff, 0xfa, 0x20, 0x0, 0x0, 0x5e,
    0xff, 0x60, 0x1f, 0xfe, 0xb3, 0x0, 0x2, 0xea,
    0x50, 0x0, 0x0, 0x0, 0x0, 0x1b, 0x60, 0x0,
    0x0, 0x0, 0x0, 0x0, 0x0, 0x0, 0x0, 0x0,
    0x0, 0x0, 0x0, 0x0, 0x0,

    /* U+6311 "挑" */
    0x0, 0x0, 0x59, 0x90, 0x0, 0x0, 0x0, 0x66,
    0x20, 0x6, 0x62, 0x0, 0x0, 0x0, 0x0, 0x0,
    0x8f, 0xe0, 0x0, 0x0, 0x0, 0xff, 0x60, 0x1f,
    0xf7, 0x0, 0x0, 0x0, 0x0, 0x0, 0x8f, 0xe0,
    0x0, 0x0, 0x0, 0xff, 0x60, 0x1f, 0xf7, 0x0,
    0x0, 0x0, 0x0, 0x0, 0x8f, 0xe0, 0x0, 0x0,
    0x0, 0xff, 0x60, 0x1f, 0xf7, 0x0, 0x30, 0x0,
    0x0, 0x0, 0x8f, 0xe0, 0x2, 0xac, 0x0, 0xff,
    0x60, 0x1f, 0xf7, 0x0, 0xfd, 0x40, 0x2, 0x22,
    0x9f, 0xf2, 0x25, 0xff, 0x60, 0xff, 0x60, 0x1f,
    0xf7, 0x6, 0xff, 0x40, 0xe, 0xff, 0xff, 0xff,
    0xf8, 0xaf, 0xe1, 0xff, 0x60, 0x1f, 0xf7, 0xd,
    0xfb, 0x0, 0xe, 0xff, 0xff, 0xff, 0xf8, 0x2f,
    0xf8, 0xff, 0x60, 0x1f, 0xf7, 0x6f, 0xf2, 0x0,
    0x4, 0x55, 0xaf, 0xf5, 0x52, 0xa, 0xfe, 0xff,
    0x60, 0x1f, 0xf7, 0xef, 0x90, 0x0, 0x0, 0x0,
    0x8f, 0xe0, 0x0, 0x4, 0xff, 0xff, 0x60, 0x1f,
    0xfd, 0xfe, 0x10, 0x0, 0x0, 0x0, 0x8f, 0xe0,
    0x0, 0x0, 0x82, 0xff, 0x60, 0x1f, 0xf7, 0x65,
    0x0, 0x0, 0x0, 0x0, 0x8f, 0xe0, 0x0, 0x0,
    0x0, 0xff, 0x60, 0x1f, 0xf7, 0x0, 0x0, 0x0,
    0x0, 0x0, 0x8f, 0xf6, 0xc6, 0x0, 0x0, 0xff,
    0x60, 0x1f, 0xf8, 0x30, 0x0, 0x0, 0x0, 0x0,
    0xaf, 0xff, 0xf9, 0x0, 0x2, 0xff, 0x60, 0x1f,
    0xff, 0xf5, 0x0, 0x0, 0x4, 0xaf, 0xff, 0xff,
    0xc5, 0x0, 0x6f, 0xff, 0x60, 0x1f, 0xff, 0xff,
    0x60, 0x0, 0x1f, 0xff, 0xff, 0xf2, 0x0, 0x1b,
    0xff, 0xff, 0x40, 0x1f, 0xf8, 0xdf, 0xf6, 0x0,
    0xc, 0xfa, 0xbf, 0xe0, 0x6, 0xff, 0xfd, 0xff,
    0x30, 0x1f, 0xf7, 0x1d, 0xff, 0x60, 0x3, 0x10,
    0x8f, 0xe0, 0x6f, 0xff, 0x77, 0xff, 0x10, 0x1f,
    0xf7, 0x1, 0xef, 0xf1, 0x0, 0x0, 0x8f, 0xe0,
    0xd, 0xe3, 0xc, 0xfe, 0x0, 0x1f, 0xf7, 0x0,
    0x2f, 0x50, 0x0, 0x0, 0x8f, 0xe0, 0x2, 0x10,
    0x2f, 0xf9, 0x0, 0x1f, 0xf7, 0x0, 0x2, 0x0,
    0x0, 0x0, 0x8f, 0xe0, 0x0, 0x0, 0xbf, 0xf3,
    0x0, 0x1f, 0xf7, 0x0, 0xe, 0x71, 0x0, 0x0,
    0x8f, 0xe0, 0x0, 0x7, 0xff, 0xc0, 0x0, 0x1f,
    0xf7, 0x0, 0xf, 0xf4, 0x0, 0x0, 0x8f, 0xe0,
    0x0, 0x7f, 0xff, 0x20, 0x0, 0x1f, 0xf7, 0x0,
    0x2f, 0xf2, 0x2, 0x77, 0xcf, 0xe0, 0x2b, 0xff,
    0xf5, 0x0, 0x0, 0xf, 0xfc, 0x66, 0xaf, 0xf0,
    0x2, 0xff, 0xff, 0xb0, 0x6f, 0xff, 0x40, 0x0,
    0x0, 0xc, 0xff, 0xff, 0xff, 0xa0, 0x0, 0xef,
    0xea, 0x10, 0x7, 0xa1, 0x0, 0x0, 0x0, 0x3,
    0xdf, 0xff, 0xfc, 0x20,

    /* U+6321 "挡" */
    0x0, 0x0, 0x48, 0x80, 0x0, 0x0, 0x0, 0x0,
    0x6, 0x74, 0x0, 0x0, 0x0, 0x0, 0x0, 0x8,
    0xff, 0x10, 0x0, 0x0, 0x0, 0x0, 0xef, 0xa0,
    0x0, 0x0, 0x0, 0x0, 0x0, 0x8f, 0xf1, 0x0,
    0x2, 0x83, 0x0, 0xe, 0xfa, 0x0, 0x6, 0x73,
    0x0, 0x0, 0x8, 0xff, 0x10, 0x0, 0xef, 0xa0,
    0x0, 0xef, 0xa0, 0x0, 0xef, 0xd0, 0x0, 0x0,
    0x8f, 0xf1, 0x0, 0x8, 0xff, 0x10, 0xe, 0xfa,
    0x0, 0x2f, 0xf8, 0x0, 0x0, 0x8, 0xff, 0x20,
    0x0, 0x3f, 0xf6, 0x0, 0xef, 0xa0, 0x7, 0xff,
    0x20, 0xf, 0xff, 0xff, 0xff, 0xff, 0x30, 0xdf,
    0xc0, 0xe, 0xfa, 0x0, 0xdf, 0xb0, 0x0, 0xff,
    0xff, 0xff, 0xff, 0xf3, 0x8, 0xff, 0x10, 0xef,
    0xa0, 0x2f, 0xf5, 0x0, 0x7, 0x77, 0xcf, 0xf8,
    0x77, 0x10, 0x3f, 0xf3, 0xe, 0xfa, 0x9, 0xfe,
    0x0, 0x0, 0x0, 0x8, 0xff, 0x10, 0x0, 0x0,
    0x61, 0x0, 0xef, 0xa0, 0x39, 0x60, 0x0, 0x0,
    0x0, 0x8f, 0xf1, 0x0, 0x1, 0x11, 0x11, 0x1f,
    0xfb, 0x11, 0x11, 0x11, 0x0, 0x0, 0x8, 0xff,
    0x10, 0x3, 0xff, 0xff, 0xff, 0xff, 0xff, 0xff,
    0xff, 0x90, 0x0, 0x0, 0x8f, 0xf1, 0x4, 0x3f,
    0xff, 0xff, 0xff, 0xff, 0xff, 0xff, 0xf9, 0x0,
    0x0, 0x8, 0xff, 0xcf, 0xf3, 0x66, 0x66, 0x66,
    0x66, 0x66, 0x66, 0xff, 0x90, 0x1, 0x5a, 0xef,
    0xff, 0xff, 0x40, 0x0, 0x0, 0x0, 0x0, 0x0,
    0xf, 0xf9, 0x5, 0xff, 0xff, 0xff, 0xe9, 0x50,
    0x0, 0x0, 0x0, 0x0, 0x0, 0x0, 0xff, 0x90,
    0x2f, 0xff, 0xff, 0xf1, 0x0, 0x5, 0x66, 0x66,
    0x66, 0x66, 0x66, 0x6f, 0xf9, 0x0, 0xa6, 0x18,
    0xff, 0x10, 0x0, 0xdf, 0xff, 0xff, 0xff, 0xff,
    0xff, 0xff, 0x90, 0x0, 0x0, 0x8f, 0xf1, 0x0,
    0xd, 0xff, 0xff, 0xff, 0xff, 0xff, 0xff, 0xf9,
    0x0, 0x0, 0x8, 0xff, 0x10, 0x0, 0x0, 0x0,
    0x0, 0x0, 0x0, 0x0, 0xff, 0x90, 0x0, 0x0,
    0x8f, 0xf1, 0x0, 0x0, 0x0, 0x0, 0x0, 0x0,
    0x0, 0xf, 0xf9, 0x0, 0x0, 0x8, 0xff, 0x10,
    0x0, 0x0, 0x0, 0x0, 0x0, 0x0, 0x0, 0xff,
    0x90, 0x0, 0x0, 0x8f, 0xf1, 0x0, 0xdf, 0xff,
    0xff, 0xff, 0xff, 0xff, 0xff, 0xf9, 0x0, 0x35,
    0x5b, 0xff, 0x10, 0xd, 0xff, 0xff, 0xff, 0xff,
    0xff, 0xff, 0xff, 0x90, 0x5, 0xff, 0xff, 0xe0,
    0x0, 0x79, 0x99, 0x99, 0x99, 0x99, 0x99, 0x9f,
    0xf9, 0x0, 0xf, 0xff, 0xc4, 0x0, 0x0, 0x0,
    0x0, 0x0, 0x0, 0x0, 0x0, 0xff, 0x90, 0x0,
    0x11, 0x0, 0x0, 0x0, 0x0, 0x0, 0x0, 0x0,
    0x0, 0x0, 0x0, 0x0, 0x0,

    /* U+6362 "换" */
    0x0, 0x0, 0x69, 0x90, 0x0, 0x0, 0x0, 0x28,
    0x51, 0x0, 0x0, 0x0, 0x0, 0x0, 0x0, 0x0,
    0xbf, 0xe0, 0x0, 0x0, 0x0, 0x9f, 0xf4, 0x0,
    0x0, 0x0, 0x0, 0x0, 0x0, 0x0, 0xbf, 0xe0,
    0x0, 0x0, 0x2, 0xff, 0xd3, 0x33, 0x33, 0x40,
    0x0, 0x0, 0x0, 0x0, 0xbf, 0xe0, 0x0, 0x0,
    0xc, 0xff, 0xff, 0xff, 0xff, 0xfd, 0x20, 0x0,
    0x0, 0x0, 0xbf, 0xe0, 0x0, 0x0, 0x8f, 0xff,
    0xff, 0xff, 0xff, 0xff, 0x10, 0x0, 0x1, 0x22,
    0xbf, 0xf2, 0x20, 0x5, 0xff, 0xd1, 0x0, 0x0,
    0x9f, 0xf6, 0x0, 0x0, 0xc, 0xff, 0xff, 0xff,
    0xf6, 0x4f, 0xff, 0x30, 0x0, 0x5, 0xff, 0x90,
    0x0, 0x0, 0xc, 0xff, 0xff, 0xff, 0xfa, 0xff,
    0xfc, 0x88, 0x88, 0x8f, 0xff, 0x88, 0x80, 0x0,
    0x4, 0x55, 0xcf, 0xf5, 0x52, 0xbf, 0xff, 0xff,
    0xff, 0xff, 0xff, 0xff, 0xf1, 0x0, 0x0, 0x0,
    0xbf, 0xe0, 0x0, 0xd, 0xff, 0x88, 0x9f, 0xfc,
    0x88, 0xbf, 0xf1, 0x0, 0x0, 0x0, 0xbf, 0xe0,
    0x0, 0xa, 0xfe, 0x0, 0x1f, 0xf8, 0x0, 0x6f,
    0xf1, 0x0, 0x0, 0x0, 0xbf, 0xe0, 0x0, 0xa,
    0xfe, 0x0, 0x1f, 0xf8, 0x0, 0x6f, 0xf1, 0x0,
    0x0, 0x0, 0xbf, 0xe0, 0x2, 0xa, 0xfe, 0x0,
    0x1f, 0xf8, 0x0, 0x6f, 0xf1, 0x0, 0x0, 0x0,
    0xbf, 0xfb, 0xf9, 0xa, 0xfe, 0x0, 0x1f, 0xf8,
    0x0, 0x6f, 0xf1, 0x0, 0x0, 0x49, 0xef, 0xff,
    0xfc, 0xa, 0xfe, 0x0, 0x2f, 0xf6, 0x0, 0x6f,
    0xf1, 0x0, 0xf, 0xff, 0xff, 0xfe, 0x93, 0xa,
    0xfe, 0x0, 0x5f, 0xf5, 0x0, 0x6f, 0xf1, 0x0,
    0xc, 0xff, 0xff, 0xf0, 0x8, 0xff, 0xff, 0xff,
    0xff, 0xff, 0xff, 0xff, 0xff, 0xc0, 0x6, 0x62,
    0xbf, 0xe0, 0x8, 0xff, 0xff, 0xff, 0xff, 0xff,
    0xff, 0xff, 0xff, 0xc0, 0x0, 0x0, 0xbf, 0xe0,
    0x2, 0x44, 0x44, 0x4b, 0xff, 0xfe, 0x44, 0x44,
    0x44, 0x30, 0x0, 0x0, 0xbf, 0xe0, 0x0, 0x0,
    0x0, 0x3f, 0xfd, 0xff, 0x80, 0x0, 0x0, 0x0,
    0x0, 0x0, 0xbf, 0xe0, 0x0, 0x0, 0x2, 0xef,
    0xf3, 0x7f, 0xf7, 0x0, 0x0, 0x0, 0x0, 0x0,
    0xbf, 0xe0, 0x0, 0x0, 0x4e, 0xff, 0x50, 0xa,
    0xff, 0x90, 0x0, 0x0, 0x0, 0x0, 0xbf, 0xe0,
    0x0, 0x9, 0xff, 0xf6, 0x0, 0x0, 0xbf, 0xfd,
    0x40, 0x0, 0x2, 0x99, 0xef, 0xe0, 0x7, 0xef,
    0xfe, 0x40, 0x0, 0x0, 0x9, 0xff, 0xfc, 0x60,
    0x0, 0xff, 0xff, 0xa0, 0xbf, 0xff, 0xa1, 0x0,
    0x0, 0x0, 0x0, 0x5e, 0xff, 0xc0, 0x0, 0xbf,
    0xea, 0x10, 0xc, 0xc4, 0x0, 0x0, 0x0, 0x0,
    0x0, 0x0, 0x7d, 0x10, 0x0, 0x0, 0x0, 0x0,
    0x0, 0x0, 0x0, 0x0, 0x0, 0x0, 0x0, 0x0,
    0x0, 0x0,

    /* U+636E "据" */
    0x0, 0x0, 0x49, 0x90, 0x0, 0x0, 0x0, 0x0,
    0x0, 0x0, 0x0, 0x0, 0x0, 0x0, 0x0, 0x8,
    0xfe, 0x0, 0x1, 0x56, 0x65, 0x55, 0x55, 0x55,
    0x55, 0x55, 0x50, 0x0, 0x0, 0x8f, 0xe0, 0x0,
    0x3f, 0xff, 0xff, 0xff, 0xff, 0xff, 0xff, 0xff,
    0x10, 0x0, 0x8, 0xfe, 0x0, 0x3, 0xff, 0xff,
    0xff, 0xff, 0xff, 0xff, 0xff, 0xf1, 0x0, 0x0,
    0x8f, 0xe0, 0x0, 0x3f, 0xf6, 0x0, 0x0, 0x0,
    0x0, 0x7, 0xff, 0x10, 0x1, 0x18, 0xff, 0x11,
    0x3, 0xff, 0x60, 0x0, 0x0, 0x0, 0x0, 0x7f,
    0xf1, 0xc, 0xff, 0xff, 0xff, 0xff, 0x3f, 0xf6,
    0x0, 0x0, 0x0, 0x0, 0x7, 0xff, 0x10, 0xcf,
    0xff, 0xff, 0xff, 0xf3, 0xff, 0xff, 0xff, 0xff,
    0xff, 0xff, 0xff, 0xf1, 0x4, 0x66, 0xbf, 0xf6,
    0x65, 0x3f, 0xff, 0xff, 0xff, 0xff, 0xff, 0xff,
    0xff, 0x10, 0x0, 0x8, 0xfe, 0x0, 0x3, 0xff,
    0x84, 0x44, 0x4a, 0xff, 0x44, 0x44, 0x40, 0x0,
    0x0, 0x8f, 0xe0, 0x0, 0x3f, 0xf6, 0x0, 0x0,
    0x8f, 0xf0, 0x0, 0x0, 0x0, 0x0, 0x8, 0xfe,
    0x0, 0x3, 0xff, 0x50, 0x0, 0x8, 0xff, 0x0,
    0x0, 0x0, 0x0, 0x0, 0x8f, 0xe0, 0x35, 0x4f,
    0xff, 0xff, 0xff, 0xff, 0xff, 0xff, 0xff, 0xf0,
    0x0, 0x8, 0xff, 0xef, 0xd4, 0xff, 0xff, 0xff,
    0xff, 0xff, 0xff, 0xff, 0xff, 0x5, 0x9d, 0xff,
    0xff, 0xfe, 0x5f, 0xf6, 0x44, 0x44, 0xaf, 0xf4,
    0x44, 0x44, 0x30, 0xff, 0xff, 0xff, 0x84, 0x6,
    0xff, 0x20, 0x0, 0x8, 0xff, 0x0, 0x0, 0x0,
    0xb, 0xfb, 0xbf, 0xe0, 0x0, 0x8f, 0xf0, 0x0,
    0x0, 0x8f, 0xf0, 0x0, 0x0, 0x0, 0x10, 0x8,
    0xfe, 0x0, 0xa, 0xfe, 0x4d, 0xdd, 0xde, 0xff,
    0xdd, 0xdd, 0xd2, 0x0, 0x0, 0x8f, 0xe0, 0x0,
    0xdf, 0xc5, 0xff, 0xff, 0xff, 0xff, 0xff, 0xff,
    0x30, 0x0, 0x8, 0xfe, 0x0, 0xf, 0xf9, 0x5f,
    0xf6, 0x66, 0x66, 0x66, 0x8f, 0xf3, 0x0, 0x0,
    0x8f, 0xe0, 0x4, 0xff, 0x55, 0xff, 0x0, 0x0,
    0x0, 0x3, 0xff, 0x30, 0x0, 0x8, 0xfe, 0x0,
    0x9f, 0xf1, 0x5f, 0xf0, 0x0, 0x0, 0x0, 0x3f,
    0xf3, 0x0, 0x0, 0x8f, 0xe0, 0xf, 0xfc, 0x5,
    0xff, 0x0, 0x0, 0x0, 0x3, 0xff, 0x30, 0x3a,
    0xad, 0xfe, 0x7, 0xff, 0x60, 0x5f, 0xff, 0xff,
    0xff, 0xff, 0xff, 0xf3, 0x1, 0xff, 0xff, 0xa0,
    0xdf, 0xe0, 0x5, 0xff, 0xff, 0xff, 0xff, 0xff,
    0xff, 0x30, 0xa, 0xcb, 0x70, 0x0, 0x96, 0x0,
    0x5f, 0xf3, 0x33, 0x33, 0x33, 0x6f, 0xf3, 0x0,
    0x0, 0x0, 0x0, 0x0, 0x0, 0x0, 0x11, 0x0,
    0x0, 0x0, 0x0, 0x0, 0x0,

    /* U+638C "掌" */
    0x0, 0x0, 0x16, 0x10, 0x0, 0x5, 0xaa, 0x0,
    0x0, 0x1, 0x61, 0x0, 0x0, 0x0, 0x1, 0xff,
    0xc0, 0x0, 0x9, 0xff, 0x10, 0x0, 0xb, 0xff,
    0x50, 0x0, 0x0, 0x0, 0x8f, 0xf8, 0x0, 0x9,
    0xff, 0x10, 0x0, 0x8f, 0xf9, 0x0, 0x0, 0x0,
    0x0, 0x1e, 0xfa, 0x0, 0x9, 0xff, 0x20, 0x2,
    0xcf, 0xa0, 0x0, 0x0, 0xf, 0xff, 0xff, 0xff,
    0xff, 0xff, 0xff, 0xff, 0xff, 0xff, 0xff, 0xff,
    0xf0, 0xf, 0xff, 0xff, 0xff, 0xff, 0xff, 0xff,
    0xff, 0xff, 0xff, 0xff, 0xff, 0xf0, 0xf, 0xf9,
    0x22, 0x22, 0x22, 0x22, 0x22, 0x22, 0x22, 0x22,
    0x22, 0x9f, 0xf0, 0xf, 0xf8, 0x9, 0xaa, 0xaa,
    0xaa, 0xaa, 0xaa, 0xaa, 0xaa, 0x90, 0x8f, 0xf0,
    0xf, 0xf8, 0xe, 0xff, 0xff, 0xff, 0xff, 0xff,
    0xff, 0xff, 0xe0, 0x8f, 0xf0, 0xc, 0xd7, 0xe,
    0xf9, 0x11, 0x11, 0x11, 0x11, 0x11, 0xbf, 0xe0,
    0x7d, 0xd0, 0x0, 0x0, 0xe, 0xf8, 0x0, 0x0,
    0x0, 0x0, 0x0, 0xaf, 0xe0, 0x0, 0x0, 0x0,
    0x0, 0xe, 0xfe, 0xbb, 0xbb, 0xbb, 0xbb, 0xbb,
    0xef, 0xe0, 0x0, 0x0, 0x0, 0x0, 0xe, 0xff,
    0xff, 0xff, 0xff, 0xff, 0xff, 0xff, 0xe0, 0x0,
    0x0, 0x0, 0x0, 0x0, 0x0, 0x0, 0x0, 0x0,
    0x12, 0x35, 0x79, 0xa2, 0x0, 0x0, 0x0, 0x8,
    0xbb, 0xcc, 0xdd, 0xee, 0xff, 0xff, 0xff, 0xff,
    0xfe, 0x10, 0x0, 0x0, 0x8, 0xff, 0xff, 0xfe,
    0xef, 0xff, 0xba, 0x87, 0x54, 0x20, 0x0, 0x0,
    0x0, 0x0, 0x0, 0x0, 0x0, 0x9, 0xff, 0x10,
    0x0, 0x0, 0x0, 0x0, 0x0, 0x0, 0x9c, 0xcc,
    0xcc, 0xcc, 0xce, 0xff, 0xdc, 0xcc, 0xcc, 0xcc,
    0xcc, 0x0, 0x0, 0xcf, 0xff, 0xff, 0xff, 0xff,
    0xff, 0xff, 0xff, 0xff, 0xff, 0xff, 0x0, 0x0,
    0x0, 0x0, 0x0, 0x0, 0x9, 0xff, 0x20, 0x0,
    0x0, 0x0, 0x0, 0x0, 0x1, 0x11, 0x11, 0x11,
    0x11, 0x19, 0xff, 0x31, 0x11, 0x11, 0x11, 0x11,
    0x10, 0x6f, 0xff, 0xff, 0xff, 0xff, 0xff, 0xff,
    0xff, 0xff, 0xff, 0xff, 0xff, 0xf6, 0x4b, 0xbb,
    0xbb, 0xbb, 0xbb, 0xbe, 0xff, 0xbb, 0xbb, 0xbb,
    0xbb, 0xbb, 0xb4, 0x0, 0x0, 0x0, 0x0, 0x0,
    0x9, 0xff, 0x10, 0x0, 0x0, 0x0, 0x0, 0x0,
    0x0, 0x0, 0x0, 0xe, 0xff, 0xff, 0xff, 0x0,
    0x0, 0x0, 0x0, 0x0, 0x0, 0x0, 0x0, 0x0,
    0x8, 0xff, 0xfe, 0xc4, 0x0, 0x0, 0x0, 0x0,
    0x0, 0x0, 0x0, 0x0, 0x0, 0x0, 0x0, 0x0,
    0x0, 0x0, 0x0, 0x0, 0x0, 0x0, 0x0,

    /* U+63A5 "接" */
    0x0, 0x0, 0x99, 0x40, 0x0, 0x0, 0x0, 0x0,
    0x25, 0x10, 0x0, 0x0, 0x0, 0x0, 0x0, 0xe,
    0xf8, 0x0, 0x0, 0x0, 0x0, 0x1f, 0xfb, 0x0,
    0x0, 0x0, 0x0, 0x0, 0x0, 0xef, 0x80, 0x0,
    0x0, 0x0, 0x0, 0x7f, 0xf4, 0x0, 0x0, 0x0,
    0x0, 0x0, 0xe, 0xf8, 0x0, 0x5, 0xee, 0xee,
    0xee, 0xff, 0xfe, 0xee, 0xee, 0xd0, 0x0, 0x0,
    0xef, 0x80, 0x0, 0x6f, 0xff, 0xff, 0xff, 0xff,
    0xff, 0xff, 0xff, 0x0, 0x22, 0x2f, 0xf9, 0x22,
    0x2, 0x66, 0x8b, 0x66, 0x66, 0x66, 0xc8, 0x66,
    0x50, 0x1f, 0xff, 0xff, 0xff, 0xf1, 0x0, 0x2f,
    0xf4, 0x0, 0x0, 0x4f, 0xf5, 0x0, 0x1, 0xff,
    0xff, 0xff, 0xff, 0x10, 0x0, 0xaf, 0xd0, 0x0,
    0xc, 0xfd, 0x0, 0x0, 0x5, 0x55, 0xff, 0xa5,
    0x50, 0x0, 0x2, 0xff, 0x50, 0x5, 0xff, 0x40,
    0x0, 0x0, 0x0, 0xe, 0xf8, 0x0, 0x15, 0x55,
    0x5d, 0xa5, 0x55, 0xef, 0xd5, 0x55, 0x53, 0x0,
    0x0, 0xef, 0x80, 0x5, 0xff, 0xff, 0xff, 0xff,
    0xff, 0xff, 0xff, 0xff, 0x90, 0x0, 0xe, 0xf8,
    0x0, 0x5f, 0xff, 0xff, 0xff, 0xff, 0xff, 0xff,
    0xff, 0xf9, 0x0, 0x0, 0xef, 0x80, 0x30, 0x0,
    0x0, 0x5, 0xeb, 0x10, 0x0, 0x0, 0x0, 0x0,
    0x0, 0xe, 0xfe, 0xfe, 0x0, 0x0, 0x0, 0xdf,
    0xd0, 0x0, 0x0, 0x0, 0x0, 0x4, 0x8d, 0xff,
    0xff, 0xf4, 0x44, 0x44, 0x8f, 0xf9, 0x44, 0x44,
    0x44, 0x44, 0x45, 0xff, 0xff, 0xfe, 0x83, 0xbf,
    0xff, 0xff, 0xff, 0xff, 0xff, 0xff, 0xff, 0xfe,
    0x1f, 0xfc, 0xff, 0x80, 0xa, 0xff, 0xff, 0xff,
    0xff, 0xff, 0xff, 0xff, 0xff, 0xe0, 0x51, 0xe,
    0xf8, 0x0, 0x0, 0x2, 0xff, 0x90, 0x0, 0x3,
    0xff, 0x70, 0x0, 0x0, 0x0, 0xef, 0x80, 0x0,
    0x0, 0xdf, 0xe0, 0x0, 0x0, 0xbf, 0xf1, 0x0,
    0x0, 0x0, 0xe, 0xf8, 0x0, 0x0, 0xaf, 0xfe,
    0x93, 0x0, 0x5f, 0xf9, 0x0, 0x0, 0x0, 0x0,
    0xef, 0x80, 0x0, 0x6, 0xbf, 0xff, 0xfd, 0x9f,
    0xfe, 0x10, 0x0, 0x0, 0x0, 0xe, 0xf8, 0x0,
    0x0, 0x0, 0x16, 0xcf, 0xff, 0xff, 0x80, 0x0,
    0x0, 0x0, 0x0, 0xef, 0x80, 0x0, 0x0, 0x0,
    0x38, 0xff, 0xff, 0xff, 0xd5, 0x0, 0x0, 0x47,
    0x7f, 0xf7, 0x0, 0x46, 0x8b, 0xef, 0xff, 0xf9,
    0x7e, 0xff, 0xfd, 0x40, 0x6, 0xff, 0xff, 0x40,
    0xb, 0xff, 0xff, 0xfd, 0x81, 0x0, 0x6, 0xef,
    0xfd, 0x0, 0x1f, 0xfd, 0x70, 0x0, 0x4e, 0xc9,
    0x52, 0x0, 0x0, 0x0, 0x0, 0x8e, 0x20, 0x0,
    0x0, 0x0, 0x0, 0x0, 0x0, 0x0, 0x0, 0x0,
    0x0, 0x0, 0x0, 0x0, 0x0,

    /* U+63A8 "推" */
    0x0, 0x0, 0x59, 0x90, 0x0, 0x0, 0x0, 0x52,
    0x0, 0x1, 0x20, 0x0, 0x0, 0x0, 0x0, 0x9,
    0xff, 0x0, 0x0, 0x0, 0x3f, 0xf7, 0x9, 0xfe,
    0x0, 0x0, 0x0, 0x0, 0x0, 0x9f, 0xf0, 0x0,
    0x0, 0x9, 0xff, 0x20, 0x5f, 0xf7, 0x0, 0x0,
    0x0, 0x0, 0x9, 0xff, 0x0, 0x0, 0x0, 0xff,
    0xc0, 0x0, 0xdf, 0xe0, 0x0, 0x0, 0x0, 0x0,
    0x9f, 0xf0, 0x0, 0x0, 0x6f, 0xf5, 0x0, 0x7,
    0xfe, 0x20, 0x0, 0x0, 0x33, 0x3a, 0xff, 0x33,
    0x30, 0xe, 0xff, 0xbb, 0xbb, 0xcf, 0xbb, 0xbb,
    0xb4, 0xf, 0xff, 0xff, 0xff, 0xff, 0x6, 0xff,
    0xff, 0xff, 0xff, 0xff, 0xff, 0xff, 0x60, 0xff,
    0xff, 0xff, 0xff, 0xf1, 0xef, 0xfe, 0xbb, 0xbc,
    0xff, 0xdb, 0xbb, 0xb4, 0x3, 0x33, 0xaf, 0xf3,
    0x33, 0xaf, 0xff, 0xb0, 0x0, 0x1f, 0xf6, 0x0,
    0x0, 0x0, 0x0, 0x9, 0xff, 0x0, 0x5f, 0xff,
    0xfb, 0x0, 0x1, 0xff, 0x60, 0x0, 0x0, 0x0,
    0x0, 0x9f, 0xf0, 0x3f, 0xff, 0xff, 0xb2, 0x22,
    0x3f, 0xf8, 0x22, 0x22, 0x0, 0x0, 0x9, 0xff,
    0x9, 0xff, 0x7d, 0xff, 0xff, 0xff, 0xff, 0xff,
    0xff, 0xf0, 0x0, 0x0, 0x9f, 0xf0, 0x3e, 0xa0,
    0xdf, 0xff, 0xff, 0xff, 0xff, 0xff, 0xff, 0x0,
    0x0, 0x9, 0xff, 0xef, 0xc0, 0xd, 0xfc, 0x33,
    0x34, 0xff, 0x83, 0x33, 0x30, 0x1, 0x6a, 0xff,
    0xff, 0xfe, 0x0, 0xdf, 0xb0, 0x0, 0x1f, 0xf6,
    0x0, 0x0, 0x2, 0xff, 0xff, 0xff, 0xc7, 0x20,
    0xd, 0xfb, 0x0, 0x1, 0xff, 0x60, 0x0, 0x0,
    0xe, 0xff, 0xef, 0xf0, 0x0, 0x0, 0xdf, 0xd6,
    0x66, 0x7f, 0xfa, 0x66, 0x66, 0x0, 0x75, 0x19,
    0xff, 0x0, 0x0, 0xd, 0xff, 0xff, 0xff, 0xff,
    0xff, 0xff, 0xf0, 0x0, 0x0, 0x9f, 0xf0, 0x0,
    0x0, 0xdf, 0xff, 0xff, 0xff, 0xff, 0xff, 0xfe,
    0x0, 0x0, 0x9, 0xff, 0x0, 0x0, 0xd, 0xfb,
    0x0, 0x1, 0xff, 0x60, 0x0, 0x0, 0x0, 0x0,
    0x9f, 0xf0, 0x0, 0x0, 0xdf, 0xb0, 0x0, 0x1f,
    0xf6, 0x0, 0x0, 0x0, 0x0, 0x9, 0xff, 0x0,
    0x0, 0xd, 0xfb, 0x0, 0x1, 0xff, 0x60, 0x0,
    0x0, 0x0, 0x0, 0x9f, 0xf0, 0x0, 0x0, 0xdf,
    0xff, 0xff, 0xff, 0xff, 0xff, 0xff, 0xe0, 0x49,
    0x9d, 0xff, 0x0, 0x0, 0xd, 0xff, 0xff, 0xff,
    0xff, 0xff, 0xff, 0xff, 0x2, 0xff, 0xff, 0xc0,
    0x0, 0x0, 0xdf, 0xd7, 0x77, 0x77, 0x77, 0x77,
    0x77, 0x70, 0xd, 0xfe, 0xa1, 0x0, 0x0, 0xd,
    0xfb, 0x0, 0x0, 0x0, 0x0, 0x0, 0x0, 0x0,
    0x0, 0x0, 0x0, 0x0, 0x0, 0x11, 0x0, 0x0,
    0x0, 0x0, 0x0, 0x0, 0x0,

    /* U+63D0 "提" */
    0x0, 0x0, 0x59, 0x90, 0x0, 0x0, 0x0, 0x0,
    0x0, 0x0, 0x0, 0x0, 0x0, 0x0, 0x0, 0x0,
    0x8f, 0xe0, 0x0, 0x5, 0xee, 0xee, 0xee, 0xee,
    0xee, 0xee, 0xe1, 0x0, 0x0, 0x0, 0x8f, 0xe0,
    0x0, 0x6, 0xff, 0xff, 0xff, 0xff, 0xff, 0xff,
    0xf1, 0x0, 0x0, 0x0, 0x8f, 0xe0, 0x0, 0x6,
    0xff, 0x10, 0x0, 0x0, 0x0, 0x7f, 0xf1, 0x0,
    0x0, 0x0, 0x8f, 0xe0, 0x0, 0x6, 0xff, 0x0,
    0x0, 0x0, 0x0, 0x7f, 0xf1, 0x0, 0x2, 0x22,
    0x9f, 0xf2, 0x22, 0x6, 0xff, 0xff, 0xff, 0xff,
    0xff, 0xff, 0xf1, 0x0, 0xc, 0xff, 0xff, 0xff,
    0xfe, 0x6, 0xff, 0xcc, 0xcc, 0xcc, 0xcc, 0xef,
    0xf1, 0x0, 0xc, 0xff, 0xff, 0xff, 0xfe, 0x6,
    0xff, 0x0, 0x0, 0x0, 0x0, 0x7f, 0xf1, 0x0,
    0x6, 0x77, 0xcf, 0xf7, 0x76, 0x6, 0xff, 0x11,
    0x11, 0x11, 0x11, 0x7f, 0xf1, 0x0, 0x0, 0x0,
    0x8f, 0xe0, 0x0, 0x6, 0xff, 0xff, 0xff, 0xff,
    0xff, 0xff, 0xf1, 0x0, 0x0, 0x0, 0x8f, 0xe0,
    0x0, 0x5, 0xee, 0xee, 0xee, 0xee, 0xee, 0xee,
    0xe1, 0x0, 0x0, 0x0, 0x8f, 0xe0, 0x0, 0x0,
    0x0, 0x0, 0x0, 0x0, 0x0, 0x0, 0x0, 0x0,
    0x0, 0x0, 0x8f, 0xe0, 0x2, 0x36, 0x66, 0x66,
    0x66, 0x66, 0x66, 0x66, 0x66, 0x50, 0x0, 0x0,
    0x8f, 0xfa, 0xfb, 0x8f, 0xff, 0xff, 0xff, 0xff,
    0xff, 0xff, 0xff, 0xd0, 0x0, 0x38, 0xdf, 0xff,
    0xfe, 0x6c, 0xcc, 0xcc, 0xcf, 0xff, 0xcc, 0xcc,
    0xcc, 0xa0, 0xf, 0xff, 0xff, 0xfe, 0x94, 0x0,
    0x10, 0x0, 0xc, 0xfb, 0x0, 0x0, 0x0, 0x0,
    0xc, 0xff, 0xff, 0xf0, 0x0, 0x0, 0xff, 0x50,
    0xc, 0xfb, 0x0, 0x0, 0x0, 0x0, 0x6, 0x62,
    0x8f, 0xe0, 0x0, 0x2, 0xff, 0x40, 0xc, 0xfc,
    0x55, 0x55, 0x50, 0x0, 0x0, 0x0, 0x8f, 0xe0,
    0x0, 0x6, 0xff, 0x10, 0xc, 0xff, 0xff, 0xff,
    0xf2, 0x0, 0x0, 0x0, 0x8f, 0xe0, 0x0, 0xa,
    0xff, 0x20, 0xc, 0xff, 0xdd, 0xdd, 0xd1, 0x0,
    0x0, 0x0, 0x8f, 0xe0, 0x0, 0xf, 0xff, 0x90,
    0xc, 0xfb, 0x0, 0x0, 0x0, 0x0, 0x0, 0x0,
    0x8f, 0xe0, 0x0, 0x6f, 0xff, 0xf5, 0xc, 0xfb,
    0x0, 0x0, 0x0, 0x0, 0x0, 0x0, 0x8f, 0xe0,
    0x1, 0xef, 0xc6, 0xff, 0x8d, 0xfb, 0x0, 0x0,
    0x0, 0x0, 0x2, 0x44, 0xbf, 0xe0, 0xb, 0xff,
    0x30, 0x9f, 0xff, 0xfd, 0x65, 0x55, 0x55, 0x53,
    0x2, 0xff, 0xff, 0xc0, 0xaf, 0xf9, 0x0, 0x7,
    0xff, 0xff, 0xff, 0xff, 0xff, 0xf4, 0x0, 0xef,
    0xfc, 0x30, 0x2d, 0xc0, 0x0, 0x0, 0x17, 0xbd,
    0xff, 0xff, 0xff, 0xf0, 0x0, 0x11, 0x0, 0x0,
    0x1, 0x0, 0x0, 0x0, 0x0, 0x0, 0x0, 0x0,
    0x0, 0x0,

    /* U+63D2 "插" */
    0x0, 0x6, 0xa9, 0x0, 0x0, 0x0, 0x0, 0x0,
    0x0, 0x0, 0x3, 0x73, 0x0, 0x0, 0xa, 0xfe,
    0x0, 0x0, 0x0, 0x1, 0x24, 0x68, 0xad, 0xff,
    0xfc, 0x0, 0x0, 0xa, 0xfe, 0x0, 0x0, 0xae,
    0xff, 0xff, 0xff, 0xff, 0xff, 0xfd, 0x30, 0x0,
    0xa, 0xfe, 0x0, 0x0, 0x7f, 0xff, 0xff, 0xff,
    0xf9, 0x64, 0x10, 0x0, 0x0, 0xa, 0xfe, 0x0,
    0x0, 0x14, 0x32, 0x10, 0x8f, 0xe0, 0x0, 0x0,
    0x0, 0x13, 0x3b, 0xff, 0x33, 0x10, 0x0, 0x0,
    0x0, 0x8f, 0xe0, 0x0, 0x0, 0x0, 0x7f, 0xff,
    0xff, 0xff, 0x70, 0x11, 0x11, 0x11, 0x8f, 0xf1,
    0x11, 0x11, 0x11, 0x7f, 0xff, 0xff, 0xff, 0x77,
    0xff, 0xff, 0xff, 0xff, 0xff, 0xff, 0xff, 0xff,
    0x25, 0x5c, 0xff, 0x55, 0x27, 0xff, 0xff, 0xff,
    0xff, 0xff, 0xff, 0xff, 0xff, 0x0, 0xa, 0xfe,
    0x0, 0x2, 0x55, 0x55, 0x55, 0xaf, 0xf5, 0x55,
    0x55, 0x55, 0x0, 0xa, 0xfe, 0x0, 0x0, 0x0,
    0x0, 0x0, 0x8f, 0xe0, 0x0, 0x0, 0x0, 0x0,
    0xa, 0xfe, 0x0, 0x0, 0x1, 0x6d, 0xa0, 0x8f,
    0xe0, 0x44, 0x44, 0x30, 0x0, 0xa, 0xfe, 0x0,
    0x11, 0xbf, 0xff, 0xf3, 0x8f, 0xe3, 0xff, 0xff,
    0xb0, 0x0, 0xa, 0xff, 0xae, 0xa1, 0xff, 0xea,
    0x50, 0x8f, 0xe3, 0xff, 0xff, 0xb0, 0x15, 0x9e,
    0xff, 0xff, 0xc1, 0xff, 0x30, 0x0, 0x8f, 0xe0,
    0x0, 0xaf, 0xb0, 0xdf, 0xff, 0xff, 0xd8, 0x31,
    0xff, 0x30, 0x0, 0x8f, 0xe0, 0x0, 0xaf, 0xb0,
    0xaf, 0xfe, 0xfe, 0x0, 0x1, 0xff, 0x30, 0x0,
    0x8f, 0xe0, 0x0, 0xaf, 0xb0, 0x35, 0xa, 0xfe,
    0x0, 0x1, 0xff, 0xff, 0xf2, 0x8f, 0xe3, 0xff,
    0xff, 0xb0, 0x0, 0xa, 0xfe, 0x0, 0x1, 0xff,
    0xff, 0xf2, 0x8f, 0xe3, 0xff, 0xff, 0xb0, 0x0,
    0xa, 0xfe, 0x0, 0x1, 0xff, 0x64, 0x40, 0x8f,
    0xe0, 0x33, 0xbf, 0xb0, 0x0, 0xa, 0xfe, 0x0,
    0x1, 0xff, 0x30, 0x0, 0x8f, 0xe0, 0x0, 0xaf,
    0xb0, 0x0, 0xa, 0xfe, 0x0, 0x1, 0xff, 0x30,
    0x0, 0x8f, 0xe0, 0x0, 0xaf, 0xb0, 0x0, 0xa,
    0xfe, 0x0, 0x1, 0xff, 0x64, 0x44, 0xaf, 0xf4,
    0x44, 0xbf, 0xb0, 0x7, 0x8d, 0xfe, 0x0, 0x1,
    0xff, 0xff, 0xff, 0xff, 0xff, 0xff, 0xff, 0xb0,
    0xa, 0xff, 0xfb, 0x0, 0x1, 0xff, 0xff, 0xff,
    0xff, 0xff, 0xff, 0xff, 0xb0, 0x5, 0xec, 0x91,
    0x0, 0x1, 0xff, 0x52, 0x22, 0x22, 0x22, 0x22,
    0xbf, 0xb0, 0x0, 0x0, 0x0, 0x0, 0x0, 0x0,
    0x0, 0x0, 0x0, 0x0, 0x0, 0x1, 0x0,

    /* U+649E "撞" */
    0x0, 0x0, 0x9a, 0x40, 0x0, 0x0, 0x0, 0x0,
    0x38, 0x90, 0x0, 0x0, 0x0, 0x0, 0x0, 0xe,
    0xf7, 0x0, 0x0, 0x0, 0x0, 0x7, 0xff, 0x40,
    0x0, 0x0, 0x0, 0x0, 0x0, 0xef, 0x70, 0x0,
    0xad, 0xdd, 0xdd, 0xdf, 0xfe, 0xdd, 0xdd, 0xdd,
    0x10, 0x0, 0xe, 0xf7, 0x0, 0xd, 0xff, 0xff,
    0xff, 0xff, 0xff, 0xff, 0xff, 0xf1, 0x0, 0x0,
    0xef, 0x70, 0x0, 0x23, 0x5c, 0xf4, 0x33, 0x33,
    0x5e, 0xb6, 0x33, 0x0, 0x33, 0x3f, 0xf9, 0x33,
    0x0, 0x0, 0xff, 0x80, 0x0, 0x8, 0xff, 0x20,
    0x0, 0xd, 0xff, 0xff, 0xff, 0xf0, 0x0, 0xb,
    0xfd, 0x0, 0x1, 0xef, 0xa0, 0x0, 0x0, 0xdf,
    0xff, 0xff, 0xff, 0x7f, 0xff, 0xff, 0xff, 0xff,
    0xff, 0xff, 0xff, 0xfe, 0x4, 0x55, 0xff, 0xa5,
    0x57, 0xff, 0xff, 0xff, 0xff, 0xff, 0xff, 0xff,
    0xff, 0xe0, 0x0, 0xe, 0xf7, 0x0, 0x0, 0x0,
    0x0, 0x0, 0x0, 0x0, 0x0, 0x0, 0x0, 0x0,
    0x0, 0xef, 0x70, 0x0, 0xa, 0xaa, 0xaa, 0xaa,
    0xaa, 0xaa, 0xaa, 0xa3, 0x0, 0x0, 0xe, 0xf7,
    0x0, 0x1, 0xff, 0xff, 0xff, 0xff, 0xff, 0xff,
    0xff, 0x50, 0x0, 0x0, 0xef, 0x73, 0x90, 0x1f,
    0xf4, 0x0, 0x3f, 0xf2, 0x0, 0x1f, 0xf5, 0x0,
    0x0, 0xf, 0xff, 0xff, 0x31, 0xff, 0xa8, 0x89,
    0xff, 0x98, 0x88, 0xff, 0x50, 0x3, 0x9e, 0xff,
    0xff, 0xf4, 0x1f, 0xff, 0xff, 0xff, 0xff, 0xff,
    0xff, 0xf5, 0x0, 0xff, 0xff, 0xfc, 0x50, 0x1,
    0xff, 0x40, 0x3, 0xff, 0x20, 0x1, 0xff, 0x50,
    0xb, 0xfb, 0xff, 0x70, 0x0, 0x1f, 0xfa, 0x88,
    0xaf, 0xf9, 0x88, 0x9f, 0xf5, 0x0, 0x21, 0xe,
    0xf7, 0x0, 0x1, 0xff, 0xff, 0xff, 0xff, 0xff,
    0xff, 0xff, 0x50, 0x0, 0x0, 0xef, 0x70, 0x0,
    0x0, 0x0, 0x0, 0x6f, 0xf5, 0x0, 0x0, 0x0,
    0x0, 0x0, 0xe, 0xf7, 0x0, 0x0, 0x11, 0x11,
    0x16, 0xff, 0x51, 0x11, 0x11, 0x0, 0x0, 0x0,
    0xef, 0x70, 0x0, 0x9f, 0xff, 0xff, 0xff, 0xff,
    0xff, 0xff, 0xfd, 0x0, 0x0, 0xe, 0xf7, 0x0,
    0x9, 0xff, 0xff, 0xff, 0xff, 0xff, 0xff, 0xff,
    0xc0, 0x0, 0x0, 0xef, 0x70, 0x0, 0x0, 0x0,
    0x0, 0x5f, 0xf4, 0x0, 0x0, 0x0, 0x0, 0x47,
    0x7f, 0xf7, 0x1, 0x33, 0x33, 0x33, 0x37, 0xff,
    0x73, 0x33, 0x33, 0x33, 0x5, 0xff, 0xff, 0x40,
    0x6f, 0xff, 0xff, 0xff, 0xff, 0xff, 0xff, 0xff,
    0xff, 0xf0, 0x1f, 0xfd, 0x70, 0x5, 0xee, 0xee,
    0xee, 0xee, 0xee, 0xee, 0xee, 0xee, 0xed,

    /* U+64A4 "撤" */
    0x0, 0x1, 0x99, 0x10, 0x0, 0x1, 0x57, 0x0,
    0x0, 0x0, 0x8a, 0x50, 0x0, 0x0, 0x0, 0x1,
    0xff, 0x30, 0x0, 0x2, 0xff, 0x30, 0x0, 0x0,
    0xdf, 0x90, 0x0, 0x0, 0x0, 0x1, 0xff, 0x30,
    0x0, 0x0, 0xcf, 0x80, 0x0, 0x0, 0xff, 0x70,
    0x0, 0x0, 0x0, 0x1, 0xff, 0x30, 0x2d, 0xdd,
    0xff, 0xfd, 0xdd, 0x81, 0xff, 0x40, 0x0, 0x0,
    0x0, 0x1, 0xff, 0x30, 0x2f, 0xff, 0xff, 0xff,
    0xff, 0xa4, 0xff, 0x10, 0x0, 0x0, 0x1, 0x24,
    0xff, 0x42, 0x14, 0x4e, 0xfa, 0x44, 0x44, 0x37,
    0xff, 0xee, 0xee, 0xe4, 0xc, 0xff, 0xff, 0xff,
    0x80, 0x3f, 0xf1, 0x5c, 0x30, 0xa, 0xff, 0xff,
    0xff, 0xf4, 0xc, 0xff, 0xff, 0xff, 0x80, 0xcf,
    0x70, 0x6f, 0xb0, 0xe, 0xfb, 0x68, 0xff, 0x82,
    0x3, 0x56, 0xff, 0x75, 0x27, 0xff, 0x79, 0xbf,
    0xf3, 0x3f, 0xf4, 0x3, 0xff, 0x0, 0x0, 0x1,
    0xff, 0x30, 0x1f, 0xff, 0xff, 0xff, 0xfa, 0x8f,
    0xf5, 0x5, 0xfe, 0x0, 0x0, 0x1, 0xff, 0x30,
    0xd, 0xfc, 0x97, 0x44, 0xfb, 0xef, 0xf7, 0x7,
    0xfc, 0x0, 0x0, 0x1, 0xff, 0x30, 0x2, 0x0,
    0x0, 0x1, 0x26, 0xff, 0xfa, 0x9, 0xfa, 0x0,
    0x0, 0x1, 0xff, 0x30, 0xa, 0xff, 0xff, 0xff,
    0xfa, 0xfe, 0xfc, 0xc, 0xf7, 0x0, 0x0, 0x1,
    0xff, 0x8b, 0x8a, 0xff, 0xff, 0xff, 0xf1, 0xa6,
    0xef, 0xf, 0xf4, 0x0, 0x0, 0x49, 0xff, 0xff,
    0xca, 0xf8, 0x0, 0x1f, 0xf1, 0x0, 0xbf, 0x6f,
    0xf1, 0x0, 0x1f, 0xff, 0xff, 0xfd, 0x8a, 0xf9,
    0x11, 0x2f, 0xf1, 0x0, 0x8f, 0xdf, 0xd0, 0x0,
    0xd, 0xff, 0xff, 0x50, 0xa, 0xff, 0xff, 0xff,
    0xf1, 0x0, 0x4f, 0xff, 0x80, 0x0, 0x6, 0x63,
    0xff, 0x30, 0xa, 0xfd, 0xbb, 0xbf, 0xf1, 0x0,
    0xf, 0xff, 0x30, 0x0, 0x0, 0x1, 0xff, 0x30,
    0xa, 0xf8, 0x0, 0x1f, 0xf1, 0x0, 0xc, 0xfe,
    0x0, 0x0, 0x0, 0x1, 0xff, 0x30, 0xa, 0xfe,
    0xcc, 0xcf, 0xf1, 0x0, 0xe, 0xfd, 0x0, 0x0,
    0x0, 0x1, 0xff, 0x30, 0xa, 0xff, 0xff, 0xff,
    0xf1, 0x0, 0x7f, 0xff, 0x60, 0x0, 0x0, 0x1,
    0xff, 0x30, 0xa, 0xf8, 0x0, 0x2f, 0xf1, 0x2,
    0xff, 0xef, 0xe1, 0x0, 0x0, 0x1, 0xff, 0x30,
    0xa, 0xf8, 0x0, 0x1f, 0xf1, 0x1d, 0xfe, 0x1f,
    0xfb, 0x0, 0x1, 0x46, 0xff, 0x20, 0xa, 0xf8,
    0x4, 0x5f, 0xf2, 0xcf, 0xf3, 0x6, 0xff, 0xa0,
    0x2, 0xff, 0xff, 0x0, 0xa, 0xf8, 0xe, 0xff,
    0xf8, 0xff, 0x60, 0x0, 0xbf, 0xd1, 0x0, 0xdf,
    0xd5, 0x0, 0x9, 0xe7, 0x9, 0xdb, 0x40, 0xb6,
    0x0, 0x0, 0xb, 0x20, 0x0, 0x0, 0x0, 0x0,
    0x0, 0x0, 0x0, 0x0, 0x0, 0x0, 0x0, 0x0,
    0x0, 0x0,

    /* U+653E "放" */
    0x0, 0x0, 0x0, 0x48, 0x20, 0x0, 0x0, 0x0,
    0x19, 0x62, 0x0, 0x0, 0x0, 0x0, 0x0, 0x0,
    0x0, 0xff, 0x90, 0x0, 0x0, 0x0, 0x4f, 0xf7,
    0x0, 0x0, 0x0, 0x0, 0x0, 0x0, 0x0, 0x9f,
    0xf0, 0x0, 0x0, 0x0, 0x7f, 0xf4, 0x0, 0x0,
    0x0, 0x0, 0x0, 0x0, 0x0, 0x3f, 0xf5, 0x0,
    0x0, 0x0, 0xaf, 0xf1, 0x0, 0x0, 0x0, 0x0,
    0x2, 0x33, 0x33, 0x3d, 0x84, 0x33, 0x32, 0x0,
    0xef, 0xd0, 0x0, 0x0, 0x0, 0x0, 0xa, 0xff,
    0xff, 0xff, 0xff, 0xff, 0xfb, 0x2, 0xff, 0xd7,
    0x77, 0x77, 0x77, 0x70, 0xa, 0xff, 0xff, 0xff,
    0xff, 0xff, 0xfb, 0x7, 0xff, 0xff, 0xff, 0xff,
    0xff, 0xf1, 0x2, 0x44, 0xbf, 0xe4, 0x44, 0x44,
    0x42, 0xd, 0xff, 0xff, 0xff, 0xff, 0xff, 0xf1,
    0x0, 0x0, 0x9f, 0xe0, 0x0, 0x0, 0x0, 0x3f,
    0xfd, 0x0, 0x0, 0xbf, 0xe0, 0x0, 0x0, 0x0,
    0x9f, 0xe0, 0x0, 0x0, 0x0, 0x9f, 0xff, 0x0,
    0x0, 0xdf, 0xb0, 0x0, 0x0, 0x0, 0x9f, 0xf7,
    0x77, 0x87, 0x41, 0xff, 0xff, 0x40, 0x1, 0xff,
    0x80, 0x0, 0x0, 0x0, 0x9f, 0xff, 0xff, 0xff,
    0xaa, 0xff, 0xff, 0x80, 0x4, 0xff, 0x40, 0x0,
    0x0, 0x0, 0x9f, 0xff, 0xff, 0xff, 0xef, 0xfd,
    0xaf, 0xd0, 0x9, 0xff, 0x0, 0x0, 0x0, 0x0,
    0xaf, 0xe0, 0x0, 0xef, 0xac, 0xf5, 0x5f, 0xf2,
    0xd, 0xfc, 0x0, 0x0, 0x0, 0x0, 0xaf, 0xd0,
    0x0, 0xff, 0x91, 0x80, 0x1f, 0xf7, 0x2f, 0xf7,
    0x0, 0x0, 0x0, 0x0, 0xbf, 0xc0, 0x0, 0xff,
    0x80, 0x0, 0xb, 0xfd, 0x9f, 0xf1, 0x0, 0x0,
    0x0, 0x0, 0xdf, 0xb0, 0x0, 0xff, 0x80, 0x0,
    0x5, 0xff, 0xff, 0xb0, 0x0, 0x0, 0x0, 0x0,
    0xff, 0x90, 0x0, 0xff, 0x70, 0x0, 0x0, 0xef,
    0xff, 0x40, 0x0, 0x0, 0x0, 0x2, 0xff, 0x70,
    0x1, 0xff, 0x70, 0x0, 0x0, 0x8f, 0xfd, 0x0,
    0x0, 0x0, 0x0, 0x7, 0xff, 0x30, 0x2, 0xff,
    0x60, 0x0, 0x0, 0xdf, 0xff, 0x20, 0x0, 0x0,
    0x0, 0xc, 0xfe, 0x0, 0x2, 0xff, 0x50, 0x0,
    0xb, 0xff, 0xff, 0xd1, 0x0, 0x0, 0x0, 0x3f,
    0xf9, 0x0, 0x4, 0xff, 0x40, 0x1, 0xbf, 0xfc,
    0xbf, 0xfc, 0x10, 0x0, 0x0, 0xcf, 0xf3, 0x0,
    0x6, 0xff, 0x30, 0x3d, 0xff, 0xd1, 0x1e, 0xff,
    0xd3, 0x0, 0x8, 0xff, 0xa0, 0x55, 0x5d, 0xff,
    0x2a, 0xff, 0xfc, 0x10, 0x2, 0xef, 0xff, 0x91,
    0x1e, 0xfe, 0x10, 0x8f, 0xff, 0xfb, 0x5f, 0xff,
    0x90, 0x0, 0x0, 0x2d, 0xff, 0xb0, 0x1, 0xd4,
    0x0, 0x4f, 0xff, 0xb1, 0xa, 0xe4, 0x0, 0x0,
    0x0, 0x0, 0x8d, 0x10, 0x0, 0x0, 0x0, 0x0,
    0x0, 0x0, 0x1, 0x0, 0x0, 0x0, 0x0, 0x0,
    0x0, 0x0,

    /* U+6548 "效" */
    0x0, 0x0, 0x0, 0x36, 0x0, 0x0, 0x0, 0x0,
    0x4, 0x63, 0x0, 0x0, 0x0, 0x0, 0x0, 0x0,
    0x6f, 0xf5, 0x0, 0x0, 0x0, 0x0, 0x9f, 0xd0,
    0x0, 0x0, 0x0, 0x0, 0x0, 0x0, 0xdf, 0xe0,
    0x0, 0x0, 0x0, 0xc, 0xfa, 0x0, 0x0, 0x0,
    0x0, 0x0, 0x0, 0x5, 0xff, 0x50, 0x0, 0x0,
    0x0, 0xff, 0x70, 0x0, 0x0, 0x0, 0x6, 0x88,
    0x88, 0x8f, 0xb8, 0x88, 0x88, 0x20, 0x3f, 0xf3,
    0x0, 0x0, 0x0, 0x0, 0xbf, 0xff, 0xff, 0xff,
    0xff, 0xff, 0xf4, 0x7, 0xff, 0x88, 0x88, 0x88,
    0x83, 0x9, 0xdd, 0xdd, 0xdd, 0xdd, 0xdd, 0xdd,
    0x30, 0xbf, 0xff, 0xff, 0xff, 0xff, 0x60, 0x0,
    0x8, 0x50, 0x0, 0x2a, 0x30, 0x0, 0xf, 0xff,
    0xff, 0xff, 0xff, 0xf5, 0x0, 0x4, 0xff, 0x50,
    0xc, 0xfe, 0x10, 0x5, 0xff, 0x20, 0x0, 0xbf,
    0xd0, 0x0, 0x0, 0xcf, 0xd0, 0x0, 0x2f, 0xfa,
    0x0, 0xbf, 0xd0, 0x0, 0xd, 0xfa, 0x0, 0x0,
    0x5f, 0xf5, 0x0, 0x0, 0x6f, 0xf5, 0x2f, 0xfe,
    0x0, 0x1, 0xff, 0x70, 0x0, 0x1e, 0xfc, 0x0,
    0x0, 0x20, 0xdf, 0xda, 0xff, 0xf2, 0x0, 0x4f,
    0xf4, 0x0, 0xb, 0xff, 0x30, 0x0, 0x3f, 0xfa,
    0xfd, 0xff, 0xff, 0x70, 0x8, 0xff, 0x0, 0x3,
    0xff, 0x98, 0xe3, 0x8, 0xff, 0x23, 0x7f, 0xfb,
    0xfc, 0x0, 0xcf, 0xc0, 0x0, 0x3, 0xb3, 0xff,
    0xe2, 0xdf, 0xc0, 0x0, 0xb7, 0x5f, 0xf2, 0x2f,
    0xf7, 0x0, 0x0, 0x0, 0x4, 0xff, 0xff, 0xf6,
    0x0, 0x1, 0x0, 0xff, 0x88, 0xff, 0x10, 0x0,
    0x0, 0x0, 0x5, 0xff, 0xff, 0x0, 0x0, 0x0,
    0x9, 0xff, 0xef, 0xb0, 0x0, 0x0, 0x0, 0x0,
    0x9, 0xff, 0xd0, 0x0, 0x0, 0x0, 0x2f, 0xff,
    0xf5, 0x0, 0x0, 0x0, 0x0, 0x0, 0xdf, 0xff,
    0xa0, 0x0, 0x0, 0x0, 0xbf, 0xfd, 0x0, 0x0,
    0x0, 0x0, 0x0, 0x8f, 0xfe, 0xff, 0x70, 0x0,
    0x0, 0xa, 0xff, 0xb0, 0x0, 0x0, 0x0, 0x0,
    0x5f, 0xfc, 0x2e, 0xff, 0x30, 0x0, 0x6, 0xff,
    0xff, 0x60, 0x0, 0x0, 0x0, 0x4f, 0xff, 0x20,
    0x5f, 0xfc, 0x0, 0x5, 0xff, 0xee, 0xff, 0x40,
    0x0, 0x0, 0x6f, 0xff, 0x40, 0x0, 0xaf, 0x70,
    0x8, 0xff, 0xf2, 0x4f, 0xff, 0x40, 0x1, 0xaf,
    0xff, 0x50, 0x0, 0x1, 0x40, 0x3c, 0xff, 0xe3,
    0x0, 0x7f, 0xff, 0x80, 0xa, 0xff, 0x40, 0x0,
    0x0, 0x0, 0x9f, 0xff, 0xd2, 0x0, 0x0, 0x8f,
    0xff, 0x70, 0x9, 0x20, 0x0, 0x0, 0x0, 0x3,
    0xff, 0x90, 0x0, 0x0, 0x0, 0x6f, 0xa0, 0x0,
    0x0, 0x0, 0x0, 0x0, 0x0, 0x3, 0x30, 0x0,
    0x0, 0x0, 0x0, 0x20, 0x0,

    /* U+656C "敬" */
    0x0, 0x0, 0x1a, 0xa1, 0x0, 0x9a, 0x30, 0x0,
    0x4, 0x64, 0x0, 0x0, 0x0, 0x0, 0x0, 0x0,
    0x3f, 0xf3, 0x0, 0xff, 0x60, 0x0, 0xa, 0xff,
    0x0, 0x0, 0x0, 0x0, 0x0, 0x0, 0x3f, 0xf3,
    0x0, 0xff, 0x60, 0x0, 0xd, 0xfd, 0x0, 0x0,
    0x0, 0x0, 0xb, 0xff, 0xff, 0xff, 0xff, 0xff,
    0xff, 0xf4, 0xf, 0xf9, 0x0, 0x0, 0x0, 0x0,
    0xb, 0xff, 0xff, 0xff, 0xff, 0xff, 0xff, 0xf4,
    0x4f, 0xf6, 0x0, 0x0, 0x0, 0x0, 0x3, 0x44,
    0x7f, 0xf7, 0x44, 0xff, 0x94, 0x41, 0x8f, 0xf8,
    0x66, 0x66, 0x66, 0x50, 0x0, 0x0, 0x5f, 0xf3,
    0x0, 0xff, 0x60, 0x0, 0xdf, 0xff, 0xff, 0xff,
    0xff, 0xe0, 0x0, 0x4, 0xff, 0x50, 0x0, 0x77,
    0x20, 0x2, 0xff, 0xff, 0xff, 0xff, 0xff, 0xe0,
    0x0, 0x9, 0xff, 0x63, 0x33, 0x33, 0x33, 0x17,
    0xff, 0x52, 0x22, 0xaf, 0xf3, 0x10, 0x0, 0xf,
    0xff, 0xff, 0xff, 0xff, 0xff, 0x8e, 0xff, 0x30,
    0x0, 0xbf, 0xf0, 0x0, 0x0, 0x7f, 0xff, 0xff,
    0xff, 0xff, 0xff, 0xef, 0xff, 0x70, 0x0, 0xef,
    0xc0, 0x0, 0x0, 0xef, 0xe0, 0x0, 0x0, 0x0,
    0xff, 0xff, 0xff, 0xb0, 0x1, 0xff, 0x90, 0x0,
    0x9, 0xff, 0x81, 0x11, 0x11, 0x1, 0xff, 0xff,
    0xdf, 0xf0, 0x5, 0xff, 0x50, 0x0, 0x2f, 0xff,
    0xff, 0xff, 0xfe, 0x2, 0xff, 0xba, 0x4f, 0xf4,
    0x9, 0xff, 0x10, 0x0, 0x3, 0xef, 0xff, 0xff,
    0xfe, 0x3, 0xff, 0x40, 0xf, 0xfa, 0xe, 0xfd,
    0x0, 0x0, 0x0, 0x2f, 0xe0, 0x2, 0xfe, 0x3,
    0xff, 0x40, 0xa, 0xff, 0x5f, 0xf8, 0x0, 0x0,
    0x0, 0x1f, 0xe0, 0x2, 0xfe, 0x4, 0xff, 0x30,
    0x4, 0xff, 0xff, 0xf2, 0x0, 0x0, 0x0, 0x1f,
    0xe0, 0x2, 0xfe, 0x5, 0xff, 0x20, 0x0, 0xef,
    0xff, 0xb0, 0x0, 0x0, 0x0, 0x1f, 0xf2, 0x24,
    0xfe, 0x6, 0xff, 0x10, 0x0, 0x7f, 0xff, 0x40,
    0x0, 0x0, 0x0, 0x1f, 0xff, 0xff, 0xfe, 0x8,
    0xff, 0x0, 0x0, 0x7f, 0xff, 0x40, 0x0, 0x0,
    0x0, 0x1f, 0xff, 0xff, 0xfd, 0xa, 0xfe, 0x0,
    0x5, 0xff, 0xff, 0xe2, 0x0, 0x0, 0x0, 0x1f,
    0xe0, 0x0, 0x0, 0xc, 0xfc, 0x0, 0x6f, 0xff,
    0xcf, 0xfe, 0x20, 0x0, 0x0, 0x7, 0x60, 0x0,
    0x0, 0xf, 0xfa, 0x19, 0xff, 0xf7, 0xc, 0xff,
    0xe4, 0x0, 0x0, 0x0, 0x0, 0x5, 0x55, 0x9f,
    0xfc, 0xef, 0xff, 0x70, 0x1, 0xdf, 0xff, 0xa1,
    0x0, 0x0, 0x0, 0x9, 0xff, 0xff, 0xfa, 0xff,
    0xe4, 0x0, 0x0, 0x1b, 0xff, 0xb0, 0x0, 0x0,
    0x0, 0x5, 0xff, 0xfc, 0x30, 0xea, 0x10, 0x0,
    0x0, 0x0, 0x7d, 0x10, 0x0, 0x0, 0x0, 0x0,
    0x0, 0x0, 0x0, 0x10, 0x0, 0x0, 0x0, 0x0,
    0x0, 0x0,

    /* U+6570 "数" */
    0x0, 0x0, 0x0, 0x1a, 0xa3, 0x0, 0x0, 0x0,
    0x4, 0x52, 0x0, 0x0, 0x0, 0x0, 0x0, 0x3b,
    0x90, 0x1f, 0xf5, 0x1, 0xfa, 0x20, 0xb, 0xfb,
    0x0, 0x0, 0x0, 0x0, 0x0, 0x3f, 0xf2, 0x1f,
    0xf5, 0x9, 0xfe, 0x0, 0xd, 0xf9, 0x0, 0x0,
    0x0, 0x0, 0x0, 0xb, 0xf9, 0x1f, 0xf5, 0x2f,
    0xf5, 0x0, 0xf, 0xf6, 0x0, 0x0, 0x0, 0x0,
    0x0, 0x4, 0xfa, 0x1f, 0xf5, 0x6f, 0xa0, 0x0,
    0x3f, 0xf2, 0x0, 0x0, 0x0, 0x0, 0x5, 0x88,
    0xb8, 0x9f, 0xfb, 0x89, 0x98, 0x70, 0x6f, 0xf5,
    0x55, 0x55, 0x55, 0x30, 0xb, 0xff, 0xff, 0xff,
    0xff, 0xff, 0xff, 0xe0, 0xaf, 0xff, 0xff, 0xff,
    0xff, 0xb0, 0x6, 0x99, 0x9a, 0xff, 0xff, 0xc9,
    0x99, 0x80, 0xff, 0xff, 0xff, 0xff, 0xff, 0xb0,
    0x0, 0x0, 0xb, 0xff, 0xff, 0xf9, 0x10, 0x4,
    0xff, 0xa2, 0x22, 0xbf, 0xd2, 0x10, 0x0, 0x1,
    0xcf, 0xff, 0xfa, 0xef, 0xe5, 0xa, 0xff, 0xc0,
    0x0, 0xdf, 0x90, 0x0, 0x0, 0x5e, 0xff, 0x6f,
    0xf5, 0x2c, 0xfd, 0x1f, 0xff, 0xf0, 0x0, 0xff,
    0x60, 0x0, 0xb, 0xff, 0xe3, 0x1f, 0xf5, 0x0,
    0xa3, 0x8f, 0xff, 0xf3, 0x3, 0xff, 0x30, 0x0,
    0x3, 0xfc, 0x20, 0x1c, 0xc4, 0x0, 0x2, 0xff,
    0x9d, 0xf8, 0x6, 0xff, 0x0, 0x0, 0x0, 0x30,
    0x0, 0xca, 0x40, 0x0, 0x3, 0xef, 0x19, 0xfc,
    0xb, 0xfb, 0x0, 0x0, 0x0, 0x23, 0x36, 0xff,
    0x63, 0x33, 0x40, 0x26, 0x4, 0xff, 0x2f, 0xf7,
    0x0, 0x0, 0x0, 0xff, 0xff, 0xff, 0xff, 0xff,
    0xfe, 0x0, 0x0, 0xef, 0xdf, 0xf2, 0x0, 0x0,
    0x0, 0xff, 0xff, 0xff, 0xff, 0xff, 0xfb, 0x0,
    0x0, 0x9f, 0xff, 0xc0, 0x0, 0x0, 0x0, 0x0,
    0xcf, 0xc0, 0x0, 0x1f, 0xf4, 0x0, 0x0, 0x3f,
    0xff, 0x60, 0x0, 0x0, 0x0, 0x5, 0xff, 0x40,
    0x0, 0xaf, 0xd0, 0x0, 0x0, 0xe, 0xff, 0x10,
    0x0, 0x0, 0x0, 0xe, 0xff, 0xe6, 0x6, 0xff,
    0x30, 0x0, 0x0, 0x7f, 0xff, 0x90, 0x0, 0x0,
    0x0, 0x1, 0x7e, 0xff, 0xef, 0xf8, 0x0, 0x0,
    0x3, 0xff, 0xff, 0xf4, 0x0, 0x0, 0x0, 0x0,
    0x0, 0x8f, 0xff, 0xf5, 0x0, 0x0, 0x3f, 0xfe,
    0x4f, 0xff, 0x30, 0x0, 0x0, 0x0, 0x6, 0xef,
    0xff, 0xff, 0xb0, 0x6, 0xff, 0xf4, 0x6, 0xff,
    0xe3, 0x0, 0x0, 0x39, 0xef, 0xff, 0x62, 0xbf,
    0x62, 0xbf, 0xff, 0x40, 0x0, 0x8f, 0xff, 0x70,
    0xa, 0xff, 0xff, 0x91, 0x0, 0x3, 0x1f, 0xff,
    0xe3, 0x0, 0x0, 0x8, 0xff, 0xc0, 0x1, 0xed,
    0x71, 0x0, 0x0, 0x0, 0x7, 0xfa, 0x10, 0x0,
    0x0, 0x0, 0x5d, 0x10, 0x0, 0x10, 0x0, 0x0,
    0x0, 0x0, 0x0, 0x30, 0x0, 0x0, 0x0, 0x0,
    0x0, 0x0,

    /* U+6574 "整" */
    0x0, 0x0, 0x0, 0x29, 0x90, 0x0, 0x0, 0x0,
    0x4, 0x62, 0x0, 0x0, 0x0, 0x0, 0x0, 0x0,
    0x0, 0x5f, 0xf0, 0x0, 0x0, 0x0, 0xd, 0xfd,
    0x0, 0x0, 0x0, 0x0, 0x7, 0xff, 0xff, 0xff,
    0xff, 0xff, 0xff, 0x50, 0x3f, 0xf8, 0x0, 0x0,
    0x0, 0x0, 0x6, 0xee, 0xee, 0xef, 0xfe, 0xee,
    0xee, 0x50, 0xbf, 0xfb, 0x99, 0x99, 0x99, 0x60,
    0x0, 0x0, 0x0, 0x4f, 0xf0, 0x0, 0x0, 0x4,
    0xff, 0xff, 0xff, 0xff, 0xff, 0xb0, 0x0, 0xef,
    0xff, 0xff, 0xff, 0xff, 0xf5, 0x1e, 0xff, 0xa8,
    0x88, 0xef, 0xe8, 0x50, 0x0, 0xef, 0xcb, 0xcf,
    0xfb, 0xbf, 0xf7, 0xdf, 0xff, 0xb0, 0x2, 0xff,
    0x70, 0x0, 0x0, 0xef, 0x30, 0x4f, 0xf0, 0xd,
    0xfa, 0xff, 0xcf, 0xf5, 0x9, 0xff, 0x10, 0x0,
    0x0, 0xef, 0xb9, 0xbf, 0xf9, 0x9f, 0xf6, 0x3c,
    0x17, 0xff, 0x6f, 0xf9, 0x0, 0x0, 0x0, 0xef,
    0xff, 0xff, 0xff, 0xff, 0xf6, 0x0, 0x0, 0xcf,
    0xff, 0xe1, 0x0, 0x0, 0x0, 0x0, 0x1a, 0xff,
    0xfa, 0xc3, 0x0, 0x0, 0x0, 0x5f, 0xff, 0x60,
    0x0, 0x0, 0x0, 0x1, 0xcf, 0xff, 0xfa, 0xff,
    0x80, 0x0, 0x19, 0xff, 0xff, 0xf8, 0x0, 0x0,
    0x0, 0x7f, 0xfd, 0x6f, 0xf0, 0x3d, 0xf2, 0x39,
    0xff, 0xfd, 0x5d, 0xff, 0xe7, 0x20, 0xc, 0xff,
    0xa0, 0x4f, 0xf0, 0x0, 0x62, 0xef, 0xff, 0x80,
    0x0, 0x9f, 0xff, 0xb0, 0x1, 0xb5, 0x0, 0x3a,
    0xa0, 0x0, 0x0, 0x2d, 0x81, 0x0, 0x0, 0x2,
    0xad, 0x10, 0x0, 0xb, 0xcc, 0xcc, 0xcc, 0xcc,
    0xcc, 0xcc, 0xcc, 0xcc, 0xcc, 0xcc, 0xb0, 0x0,
    0x0, 0xf, 0xff, 0xff, 0xff, 0xff, 0xff, 0xff,
    0xff, 0xff, 0xff, 0xff, 0xf0, 0x0, 0x0, 0x6,
    0x66, 0x66, 0x66, 0x66, 0xaf, 0xf9, 0x66, 0x66,
    0x66, 0x66, 0x60, 0x0, 0x0, 0x0, 0x2, 0x44,
    0x0, 0x0, 0x6f, 0xf4, 0x0, 0x0, 0x0, 0x0,
    0x0, 0x0, 0x0, 0x0, 0x8, 0xff, 0x0, 0x0,
    0x6f, 0xfc, 0xbb, 0xbb, 0xbb, 0xb0, 0x0, 0x0,
    0x0, 0x0, 0x8, 0xff, 0x0, 0x0, 0x6f, 0xff,
    0xff, 0xff, 0xff, 0xf0, 0x0, 0x0, 0x0, 0x0,
    0x8, 0xff, 0x0, 0x0, 0x6f, 0xf7, 0x44, 0x44,
    0x44, 0x40, 0x0, 0x0, 0x0, 0x0, 0x8, 0xff,
    0x0, 0x0, 0x6f, 0xf4, 0x0, 0x0, 0x0, 0x0,
    0x0, 0x0, 0xc, 0xdd, 0xde, 0xff, 0xdd, 0xdd,
    0xef, 0xfd, 0xdd, 0xdd, 0xdd, 0xdd, 0xdd, 0x90,
    0xe, 0xff, 0xff, 0xff, 0xff, 0xff, 0xff, 0xff,
    0xff, 0xff, 0xff, 0xff, 0xff, 0xc0, 0x6, 0x66,
    0x66, 0x66, 0x66, 0x66, 0x66, 0x66, 0x66, 0x66,
    0x66, 0x66, 0x66, 0x50,

    /* U+659C "斜" */
    0x0, 0x0, 0x0, 0x0, 0xb9, 0x30, 0x0, 0x0,
    0x0, 0x0, 0x1, 0xff, 0x80, 0x0, 0x0, 0x0,
    0x0, 0x7, 0xff, 0x80, 0x0, 0x0, 0x0, 0x0,
    0x1, 0xff, 0x80, 0x0, 0x0, 0x0, 0x0, 0x4f,
    0xff, 0xa0, 0x0, 0x0, 0x3b, 0x20, 0x1, 0xff,
    0x80, 0x0, 0x0, 0x0, 0x3, 0xff, 0xff, 0xfd,
    0x30, 0x1, 0xff, 0xe3, 0x1, 0xff, 0x80, 0x0,
    0x0, 0x0, 0x4f, 0xff, 0x59, 0xff, 0xf6, 0x0,
    0x5f, 0xff, 0x31, 0xff, 0x80, 0x0, 0x0, 0x5,
    0xff, 0xf6, 0x0, 0x5f, 0xff, 0x90, 0x5, 0xff,
    0xf3, 0xff, 0x80, 0x0, 0x0, 0x9f, 0xff, 0x60,
    0x0, 0x3, 0xef, 0xf6, 0x0, 0x6f, 0xf7, 0xff,
    0x80, 0x0, 0x1d, 0xff, 0xf9, 0x33, 0x33, 0x33,
    0x5d, 0xd0, 0x0, 0x8, 0x51, 0xff, 0x80, 0x0,
    0xf, 0xff, 0xff, 0xff, 0xff, 0xff, 0xf1, 0x30,
    0x0, 0x0, 0x1, 0xff, 0x80, 0x0, 0x8, 0xd9,
    0xff, 0xff, 0xff, 0xff, 0xf0, 0x2, 0x80, 0x0,
    0x1, 0xff, 0x80, 0x0, 0x1, 0x0, 0x22, 0x2f,
    0xf8, 0x22, 0x20, 0x3e, 0xfd, 0x20, 0x1, 0xff,
    0x80, 0x0, 0x0, 0x0, 0x0, 0xf, 0xf7, 0x0,
    0x0, 0x8, 0xff, 0xf4, 0x1, 0xff, 0x80, 0x0,
    0x1, 0x33, 0x33, 0x3f, 0xf9, 0x33, 0x33, 0x10,
    0x4f, 0xff, 0x51, 0xff, 0x80, 0x0, 0x9, 0xff,
    0xff, 0xff, 0xff, 0xff, 0xff, 0x70, 0x3, 0xff,
    0x51, 0xff, 0x80, 0x0, 0x9, 0xff, 0xff, 0xff,
    0xff, 0xff, 0xff, 0x70, 0x0, 0x44, 0x1, 0xff,
    0x80, 0x0, 0x1, 0x33, 0x33, 0x3f, 0xf9, 0x33,
    0x33, 0x10, 0x0, 0x0, 0x1, 0xff, 0xa5, 0x80,
    0x0, 0x3, 0x20, 0xf, 0xf7, 0x1, 0x40, 0x0,
    0x0, 0x1, 0x48, 0xff, 0xff, 0xf2, 0x0, 0xc,
    0xfa, 0xf, 0xf7, 0x3f, 0xf1, 0x4, 0x7a, 0xef,
    0xff, 0xff, 0xff, 0xe3, 0x0, 0x1f, 0xf6, 0xf,
    0xf7, 0xd, 0xf9, 0x4f, 0xff, 0xff, 0xff, 0xff,
    0xa2, 0x0, 0x0, 0x7f, 0xf1, 0xf, 0xf7, 0x6,
    0xff, 0x1f, 0xfc, 0x96, 0x21, 0xff, 0x80, 0x0,
    0x0, 0xef, 0xa0, 0xf, 0xf7, 0x0, 0xff, 0x63,
    0x0, 0x0, 0x1, 0xff, 0x80, 0x0, 0x6, 0xff,
    0x30, 0xf, 0xf7, 0x0, 0xaf, 0xc0, 0x0, 0x0,
    0x1, 0xff, 0x80, 0x0, 0xc, 0xfb, 0x0, 0xf,
    0xf7, 0x0, 0x5a, 0x30, 0x0, 0x0, 0x1, 0xff,
    0x80, 0x0, 0x0, 0x73, 0x66, 0x7f, 0xf7, 0x0,
    0x0, 0x0, 0x0, 0x0, 0x1, 0xff, 0x80, 0x0,
    0x0, 0x0, 0xcf, 0xff, 0xf4, 0x0, 0x0, 0x0,
    0x0, 0x0, 0x1, 0xff, 0x80, 0x0, 0x0, 0x0,
    0x7f, 0xfd, 0x70, 0x0, 0x0, 0x0, 0x0, 0x0,
    0x1, 0xff, 0x80, 0x0,

    /* U+65AD "断" */
    0x0, 0x0, 0x0, 0x7, 0x93, 0x0, 0x0, 0x0,
    0x0, 0x0, 0x2, 0x97, 0x0, 0x9e, 0xa0, 0x0,
    0xc, 0xf6, 0x0, 0x0, 0x0, 0x0, 0x6, 0xcf,
    0xff, 0x80, 0xaf, 0xb1, 0x76, 0xc, 0xf6, 0x9,
    0x50, 0x1, 0x6b, 0xff, 0xff, 0xfd, 0x60, 0xaf,
    0xb1, 0xfd, 0xc, 0xf6, 0x3f, 0xc0, 0xbf, 0xff,
    0xff, 0xe9, 0x30, 0x0, 0xaf, 0xb0, 0xcf, 0x1c,
    0xf6, 0x7f, 0x60, 0xdf, 0xfb, 0x73, 0x0, 0x0,
    0x0, 0xaf, 0xb0, 0x8f, 0x5c, 0xf6, 0xcf, 0x10,
    0xdf, 0xa0, 0x0, 0x0, 0x0, 0x0, 0xaf, 0xb0,
    0x5f, 0x8c, 0xf7, 0xfa, 0x0, 0xdf, 0xa0, 0x0,
    0x0, 0x0, 0x0, 0xaf, 0xb0, 0x28, 0x2c, 0xf7,
    0x83, 0x0, 0xdf, 0xa0, 0x0, 0x0, 0x0, 0x0,
    0xaf, 0xb4, 0x55, 0x5d, 0xf9, 0x55, 0x50, 0xdf,
    0xa0, 0x0, 0x0, 0x0, 0x0, 0xaf, 0xbe, 0xff,
    0xff, 0xff, 0xff, 0xf0, 0xdf, 0xb4, 0x44, 0x44,
    0x44, 0x41, 0xaf, 0xbc, 0xee, 0xef, 0xff, 0xee,
    0xe0, 0xdf, 0xff, 0xff, 0xff, 0xff, 0xf3, 0xaf,
    0xb0, 0x0, 0x5f, 0xfb, 0x0, 0x0, 0xdf, 0xff,
    0xff, 0xff, 0xff, 0xf3, 0xaf, 0xb0, 0x0, 0xdf,
    0xff, 0x80, 0x0, 0xdf, 0xb2, 0x22, 0xff, 0x92,
    0x20, 0xaf, 0xb0, 0x7, 0xff, 0xff, 0xf6, 0x0,
    0xdf, 0x90, 0x0, 0xff, 0x80, 0x0, 0xaf, 0xb0,
    0x2f, 0xfe, 0xf8, 0xff, 0x40, 0xef, 0x90, 0x0,
    0xff, 0x80, 0x0, 0xaf, 0xb0, 0xcf, 0x8c, 0xf6,
    0x6f, 0xb0, 0xff, 0x80, 0x0, 0xff, 0x80, 0x0,
    0xaf, 0xbb, 0xfe, 0xc, 0xf6, 0xb, 0x30, 0xff,
    0x70, 0x0, 0xff, 0x80, 0x0, 0xaf, 0xbe, 0xf3,
    0xc, 0xf6, 0x0, 0x1, 0xff, 0x60, 0x0, 0xff,
    0x80, 0x0, 0xaf, 0xb7, 0x60, 0xc, 0xf6, 0x0,
    0x3, 0xff, 0x40, 0x0, 0xff, 0x80, 0x0, 0xaf,
    0xb0, 0x0, 0xc, 0xf6, 0x0, 0x6, 0xff, 0x20,
    0x0, 0xff, 0x80, 0x0, 0xaf, 0xb0, 0x0, 0x7,
    0x93, 0x0, 0x9, 0xff, 0x0, 0x0, 0xff, 0x80,
    0x0, 0xaf, 0xfe, 0xee, 0xee, 0xee, 0xee, 0x6d,
    0xfc, 0x0, 0x0, 0xff, 0x80, 0x0, 0xaf, 0xff,
    0xff, 0xff, 0xff, 0xff, 0x8f, 0xf8, 0x0, 0x0,
    0xff, 0x80, 0x0, 0x47, 0x76, 0x66, 0x66, 0x66,
    0x66, 0xaf, 0xf3, 0x0, 0x0, 0xff, 0x80, 0x0,
    0x0, 0x0, 0x0, 0x0, 0x0, 0x0, 0xcf, 0xd0,
    0x0, 0x0, 0xff, 0x80, 0x0, 0x0, 0x0, 0x0,
    0x0, 0x0, 0x0, 0x1a, 0x60, 0x0, 0x0, 0xff,
    0x80, 0x0, 0x0, 0x0, 0x0, 0x0, 0x0, 0x0,
    0x0, 0x0, 0x0, 0x0, 0x0, 0x0, 0x0,

    /* U+65B0 "新" */
    0x0, 0x0, 0x1, 0x8c, 0x50, 0x0, 0x0, 0x0,
    0x0, 0x0, 0x0, 0x2, 0x20, 0x0, 0x0, 0x0,
    0xd, 0xfd, 0x0, 0x0, 0x0, 0x0, 0x0, 0x3,
    0x7c, 0xfe, 0x20, 0x0, 0x0, 0x0, 0x6f, 0xf4,
    0x0, 0x0, 0x1, 0x47, 0xbf, 0xff, 0xff, 0xfb,
    0x0, 0x5f, 0xff, 0xff, 0xff, 0xff, 0xff, 0xf1,
    0x7f, 0xff, 0xff, 0xea, 0x62, 0x0, 0x6, 0xff,
    0xff, 0xff, 0xff, 0xff, 0xff, 0x17, 0xff, 0x85,
    0x20, 0x0, 0x0, 0x0, 0x13, 0x6a, 0x93, 0x33,
    0x3c, 0xb6, 0x30, 0x7f, 0xf0, 0x0, 0x0, 0x0,
    0x0, 0x0, 0x7, 0xfe, 0x0, 0x1, 0xff, 0x60,
    0x7, 0xff, 0x0, 0x0, 0x0, 0x0, 0x0, 0x0,
    0x2f, 0xf3, 0x0, 0x6f, 0xf1, 0x0, 0x7f, 0xf0,
    0x0, 0x0, 0x0, 0x0, 0x0, 0x0, 0xef, 0x60,
    0xc, 0xfa, 0x0, 0x7, 0xff, 0x0, 0x0, 0x0,
    0x0, 0x0, 0x67, 0x7d, 0xd8, 0x77, 0xff, 0xa7,
    0x73, 0x7f, 0xf4, 0x44, 0x44, 0x44, 0x44, 0xd,
    0xff, 0xff, 0xff, 0xff, 0xff, 0xff, 0x87, 0xff,
    0xff, 0xff, 0xff, 0xff, 0xf0, 0xac, 0xcc, 0xcd,
    0xff, 0xcc, 0xcc, 0xc6, 0x7f, 0xff, 0xff, 0xff,
    0xff, 0xff, 0x0, 0x0, 0x0, 0x3f, 0xf2, 0x0,
    0x0, 0x7, 0xff, 0x33, 0x39, 0xff, 0x43, 0x20,
    0x0, 0x0, 0x3, 0xff, 0x20, 0x0, 0x0, 0x7f,
    0xf0, 0x0, 0x8f, 0xf1, 0x0, 0x9, 0xee, 0xee,
    0xef, 0xfe, 0xee, 0xee, 0x27, 0xff, 0x0, 0x8,
    0xff, 0x10, 0x0, 0xbf, 0xff, 0xff, 0xff, 0xff,
    0xff, 0xf2, 0x8f, 0xf0, 0x0, 0x8f, 0xf1, 0x0,
    0x4, 0x66, 0x66, 0x8f, 0xf7, 0x66, 0x66, 0x9,
    0xfe, 0x0, 0x8, 0xff, 0x10, 0x0, 0x0, 0x55,
    0x13, 0xff, 0x22, 0xa0, 0x0, 0xaf, 0xc0, 0x0,
    0x8f, 0xf1, 0x0, 0x0, 0xe, 0xf6, 0x3f, 0xf2,
    0xcf, 0x80, 0xc, 0xfa, 0x0, 0x8, 0xff, 0x10,
    0x0, 0x5, 0xff, 0x13, 0xff, 0x24, 0xff, 0x20,
    0xff, 0x80, 0x0, 0x8f, 0xf1, 0x0, 0x0, 0xdf,
    0x90, 0x3f, 0xf2, 0xc, 0xf9, 0x2f, 0xf5, 0x0,
    0x8, 0xff, 0x10, 0x0, 0x8f, 0xf1, 0x3, 0xff,
    0x20, 0x4f, 0xe7, 0xff, 0x10, 0x0, 0x8f, 0xf1,
    0x0, 0x7, 0xf7, 0x0, 0x3f, 0xf2, 0x0, 0x91,
    0xdf, 0xc0, 0x0, 0x8, 0xff, 0x10, 0x0, 0x3,
    0x2, 0x26, 0xff, 0x20, 0x0, 0x4f, 0xf6, 0x0,
    0x0, 0x8f, 0xf1, 0x0, 0x0, 0x0, 0x6f, 0xff,
    0xf0, 0x0, 0xc, 0xfe, 0x0, 0x0, 0x8, 0xff,
    0x10, 0x0, 0x0, 0x1, 0xff, 0xd5, 0x0, 0x0,
    0x8, 0x60, 0x0, 0x0, 0x8f, 0xf1, 0x0,

    /* U+65B9 "方" */
    0x0, 0x0, 0x0, 0x0, 0x0, 0x0, 0x38, 0x0,
    0x0, 0x0, 0x0, 0x0, 0x0, 0x0, 0x0, 0x0,
    0x0, 0x0, 0xa, 0xff, 0x50, 0x0, 0x0, 0x0,
    0x0, 0x0, 0x0, 0x0, 0x0, 0x0, 0x0, 0x5,
    0xff, 0xd0, 0x0, 0x0, 0x0, 0x0, 0x0, 0x0,
    0x0, 0x0, 0x0, 0x0, 0x0, 0xdf, 0xf5, 0x0,
    0x0, 0x0, 0x0, 0x0, 0x0, 0x0, 0x0, 0x0,
    0x0, 0x0, 0x6f, 0xe6, 0x0, 0x0, 0x0, 0x0,
    0x0, 0x3b, 0xbb, 0xbb, 0xbb, 0xbb, 0xbb, 0xcf,
    0xbb, 0xbb, 0xbb, 0xbb, 0xbb, 0xb4, 0x4f, 0xff,
    0xff, 0xff, 0xff, 0xff, 0xff, 0xff, 0xff, 0xff,
    0xff, 0xff, 0xf6, 0x4d, 0xdd, 0xdd, 0xdd, 0xff,
    0xfd, 0xdd, 0xdd, 0xdd, 0xdd, 0xdd, 0xdd, 0xd5,
    0x0, 0x0, 0x0, 0x0, 0xef, 0xf0, 0x0, 0x0,
    0x0, 0x0, 0x0, 0x0, 0x0, 0x0, 0x0, 0x0,
    0x0, 0xff, 0xe0, 0x0, 0x0, 0x0, 0x0, 0x0,
    0x0, 0x0, 0x0, 0x0, 0x0, 0x0, 0xff, 0xd0,
    0x0, 0x0, 0x0, 0x0, 0x0, 0x0, 0x0, 0x0,
    0x0, 0x0, 0x2, 0xff, 0xe8, 0x88, 0x88, 0x88,
    0x88, 0x88, 0x70, 0x0, 0x0, 0x0, 0x0, 0x4,
    0xff, 0xff, 0xff, 0xff, 0xff, 0xff, 0xff, 0xd0,
    0x0, 0x0, 0x0, 0x0, 0x6, 0xff, 0xff, 0xff,
    0xff, 0xff, 0xff, 0xff, 0xb0, 0x0, 0x0, 0x0,
    0x0, 0xa, 0xff, 0x40, 0x0, 0x0, 0x0, 0x1,
    0xff, 0xa0, 0x0, 0x0, 0x0, 0x0, 0xd, 0xff,
    0x10, 0x0, 0x0, 0x0, 0x2, 0xff, 0x90, 0x0,
    0x0, 0x0, 0x0, 0x2f, 0xfc, 0x0, 0x0, 0x0,
    0x0, 0x3, 0xff, 0x70, 0x0, 0x0, 0x0, 0x0,
    0x8f, 0xf7, 0x0, 0x0, 0x0, 0x0, 0x5, 0xff,
    0x60, 0x0, 0x0, 0x0, 0x0, 0xef, 0xf2, 0x0,
    0x0, 0x0, 0x0, 0x7, 0xff, 0x40, 0x0, 0x0,
    0x0, 0x8, 0xff, 0xb0, 0x0, 0x0, 0x0, 0x0,
    0x9, 0xff, 0x20, 0x0, 0x0, 0x0, 0x4f, 0xff,
    0x30, 0x0, 0x0, 0x0, 0x0, 0xc, 0xff, 0x0,
    0x0, 0x0, 0x2, 0xef, 0xf9, 0x0, 0x0, 0x0,
    0x0, 0x0, 0xf, 0xfd, 0x0, 0x0, 0x0, 0x3e,
    0xff, 0xc0, 0x0, 0x0, 0x0, 0x0, 0x0, 0x5f,
    0xf9, 0x0, 0x0, 0x8, 0xff, 0xfd, 0x10, 0x0,
    0x0, 0x78, 0x87, 0x78, 0xef, 0xf4, 0x0, 0x0,
    0x7f, 0xff, 0xc1, 0x0, 0x0, 0x0, 0x5f, 0xff,
    0xff, 0xff, 0xc0, 0x0, 0x0, 0x9, 0xf8, 0x0,
    0x0, 0x0, 0x0, 0x1f, 0xff, 0xff, 0xe9, 0x10,
    0x0, 0x0, 0x0, 0x20, 0x0, 0x0, 0x0, 0x0,
    0x0, 0x0, 0x0, 0x0, 0x0, 0x0, 0x0,

    /* U+65D7 "旗" */
    0x0, 0x0, 0x38, 0x40, 0x0, 0x0, 0x6, 0xa6,
    0x0, 0x0, 0x0, 0x0, 0x0, 0x0, 0x0, 0xb,
    0xfd, 0x0, 0x0, 0x0, 0xcf, 0xc0, 0x0, 0x0,
    0x0, 0x0, 0x0, 0x0, 0x0, 0x3f, 0xf6, 0x0,
    0x0, 0x2f, 0xf6, 0x0, 0x0, 0x0, 0x0, 0x0,
    0x0, 0x0, 0x0, 0xbf, 0xd0, 0x0, 0xa, 0xff,
    0xff, 0xff, 0xff, 0xff, 0xff, 0xfc, 0x1, 0x22,
    0x26, 0xd7, 0x22, 0x12, 0xff, 0xff, 0xff, 0xff,
    0xff, 0xff, 0xff, 0xd0, 0xef, 0xff, 0xff, 0xff,
    0xf9, 0xcf, 0xf4, 0x44, 0x44, 0x44, 0x44, 0x44,
    0x43, 0xe, 0xff, 0xff, 0xff, 0xff, 0xff, 0xf7,
    0x6b, 0x80, 0x0, 0x2, 0xbb, 0x10, 0x0, 0x33,
    0x6f, 0xf4, 0x33, 0x7f, 0xfc, 0x9, 0xfb, 0x0,
    0x0, 0x3f, 0xf1, 0x0, 0x0, 0x4, 0xff, 0x0,
    0x0, 0x6e, 0x8f, 0xff, 0xff, 0xff, 0xff, 0xff,
    0xff, 0x20, 0x0, 0x4f, 0xf0, 0x0, 0x0, 0x6,
    0xff, 0xff, 0xff, 0xff, 0xff, 0xff, 0xf2, 0x0,
    0x5, 0xff, 0x33, 0x43, 0x10, 0x13, 0xbf, 0xc3,
    0x33, 0x36, 0xff, 0x43, 0x0, 0x0, 0x5f, 0xff,
    0xff, 0xf8, 0x0, 0x9, 0xfb, 0x0, 0x0, 0x4f,
    0xf1, 0x0, 0x0, 0x6, 0xff, 0xff, 0xff, 0x80,
    0x0, 0x9f, 0xff, 0xff, 0xff, 0xff, 0x10, 0x0,
    0x0, 0x7f, 0xe5, 0x5e, 0xf8, 0x0, 0x9, 0xfe,
    0xbb, 0xbb, 0xcf, 0xf1, 0x0, 0x0, 0x8, 0xfb,
    0x0, 0xdf, 0x70, 0x0, 0x9f, 0xb0, 0x0, 0x3,
    0xff, 0x10, 0x0, 0x0, 0xaf, 0xa0, 0xd, 0xf7,
    0x0, 0x9, 0xff, 0xcc, 0xcc, 0xdf, 0xf1, 0x0,
    0x0, 0xb, 0xf8, 0x0, 0xef, 0x60, 0x0, 0x9f,
    0xff, 0xff, 0xff, 0xff, 0x10, 0x0, 0x0, 0xdf,
    0x70, 0xe, 0xf6, 0x0, 0x9, 0xfb, 0x0, 0x0,
    0x3f, 0xf1, 0x0, 0x0, 0xf, 0xf4, 0x0, 0xff,
    0x51, 0x33, 0xbf, 0xc3, 0x33, 0x35, 0xff, 0x43,
    0x20, 0x3, 0xff, 0x20, 0xf, 0xf4, 0x9f, 0xff,
    0xff, 0xff, 0xff, 0xff, 0xff, 0xfe, 0x0, 0x7f,
    0xe0, 0x1, 0xff, 0x39, 0xff, 0xff, 0xff, 0xff,
    0xff, 0xff, 0xff, 0xe0, 0xb, 0xfa, 0x0, 0x2f,
    0xf2, 0x0, 0x0, 0x8a, 0x50, 0x1, 0x97, 0x0,
    0x0, 0x1, 0xff, 0x60, 0x4, 0xff, 0x10, 0x0,
    0x6f, 0xfa, 0x0, 0x8f, 0xfb, 0x10, 0x0, 0x8f,
    0xf1, 0x54, 0xbf, 0xf0, 0x0, 0x8f, 0xfc, 0x0,
    0x0, 0x7f, 0xfd, 0x20, 0xe, 0xfa, 0xc, 0xff,
    0xfa, 0x2, 0xcf, 0xfc, 0x0, 0x0, 0x0, 0x6f,
    0xfe, 0x20, 0x2e, 0x20, 0x8f, 0xfb, 0x10, 0x8,
    0xfb, 0x0, 0x0, 0x0, 0x0, 0x5f, 0xa1, 0x0,
    0x10, 0x0, 0x0, 0x0, 0x0, 0x3, 0x0, 0x0,
    0x0, 0x0, 0x0, 0x20, 0x0,

    /* U+65E0 "无" */
    0x0, 0x9, 0xaa, 0xaa, 0xaa, 0xaa, 0xaa, 0xaa,
    0xaa, 0xaa, 0xaa, 0xaa, 0xa1, 0x0, 0x0, 0xef,
    0xff, 0xff, 0xff, 0xff, 0xff, 0xff, 0xff, 0xff,
    0xff, 0xff, 0x20, 0x0, 0xd, 0xff, 0xff, 0xff,
    0xff, 0xff, 0xff, 0xff, 0xff, 0xff, 0xff, 0xf2,
    0x0, 0x0, 0x0, 0x0, 0x0, 0x0, 0xd, 0xfd,
    0x0, 0x0, 0x0, 0x0, 0x0, 0x0, 0x0, 0x0,
    0x0, 0x0, 0x0, 0x0, 0xef, 0xc0, 0x0, 0x0,
    0x0, 0x0, 0x0, 0x0, 0x0, 0x0, 0x0, 0x0,
    0x0, 0xf, 0xfb, 0x0, 0x0, 0x0, 0x0, 0x0,
    0x0, 0x0, 0x0, 0x0, 0x0, 0x0, 0x0, 0xff,
    0xa0, 0x0, 0x0, 0x0, 0x0, 0x0, 0x0, 0x0,
    0x0, 0x0, 0x0, 0x0, 0x2f, 0xf8, 0x0, 0x0,
    0x0, 0x0, 0x0, 0x0, 0x6, 0xaa, 0xaa, 0xaa,
    0xaa, 0xab, 0xff, 0xda, 0xaa, 0xaa, 0xaa, 0xaa,
    0xaa, 0x70, 0xaf, 0xff, 0xff, 0xff, 0xff, 0xff,
    0xff, 0xff, 0xff, 0xff, 0xff, 0xff, 0xfb, 0x9,
    0xff, 0xff, 0xff, 0xff, 0xff, 0xff, 0xff, 0xff,
    0xff, 0xff, 0xff, 0xff, 0xb0, 0x0, 0x0, 0x0,
    0x0, 0x0, 0xef, 0xdc, 0xff, 0x0, 0x0, 0x0,
    0x0, 0x0, 0x0, 0x0, 0x0, 0x0, 0x0, 0x3f,
    0xf9, 0xcf, 0xf0, 0x0, 0x0, 0x0, 0x0, 0x0,
    0x0, 0x0, 0x0, 0x0, 0x9, 0xff, 0x4c, 0xff,
    0x0, 0x0, 0x0, 0x0, 0x0, 0x0, 0x0, 0x0,
    0x0, 0x1, 0xff, 0xe0, 0xcf, 0xf0, 0x0, 0x0,
    0x0, 0x0, 0x0, 0x0, 0x0, 0x0, 0x0, 0x9f,
    0xf7, 0xc, 0xff, 0x0, 0x0, 0x0, 0x0, 0x0,
    0x0, 0x0, 0x0, 0x0, 0x3f, 0xfe, 0x10, 0xcf,
    0xf0, 0x0, 0x0, 0x0, 0x10, 0x0, 0x0, 0x0,
    0x0, 0x1e, 0xff, 0x60, 0xc, 0xff, 0x0, 0x0,
    0x0, 0x9, 0xb5, 0x0, 0x0, 0x0, 0x2d, 0xff,
    0xb0, 0x0, 0xcf, 0xf0, 0x0, 0x0, 0x0, 0xaf,
    0xe0, 0x0, 0x0, 0x4e, 0xff, 0xd1, 0x0, 0xc,
    0xff, 0x0, 0x0, 0x0, 0xc, 0xfd, 0x0, 0x1,
    0x9f, 0xff, 0xd1, 0x0, 0x0, 0xbf, 0xf2, 0x0,
    0x0, 0x2, 0xff, 0xa0, 0x18, 0xff, 0xff, 0xb0,
    0x0, 0x0, 0x9, 0xff, 0xff, 0xff, 0xff, 0xff,
    0xf6, 0x9, 0xff, 0xff, 0x60, 0x0, 0x0, 0x0,
    0x3f, 0xff, 0xff, 0xff, 0xff, 0xfd, 0x0, 0xb,
    0xf8, 0x10, 0x0, 0x0, 0x0, 0x0, 0x27, 0xaa,
    0xaa, 0xaa, 0xa7, 0x10, 0x0, 0x11, 0x0, 0x0,
    0x0, 0x0, 0x0, 0x0, 0x0, 0x0, 0x0, 0x0,
    0x0, 0x0,

    /* U+65F6 "时" */
    0x0, 0x0, 0x0, 0x0, 0x0, 0x0, 0x0, 0x0,
    0x0, 0x0, 0x44, 0x30, 0x0, 0x0, 0x0, 0x0,
    0x0, 0x0, 0x0, 0x0, 0x0, 0x0, 0x0, 0xff,
    0xa0, 0x0, 0x3, 0x43, 0x33, 0x33, 0x32, 0x0,
    0x0, 0x0, 0x0, 0x0, 0xff, 0xa0, 0x0, 0x2f,
    0xff, 0xff, 0xff, 0xfd, 0x0, 0x0, 0x0, 0x0,
    0x0, 0xff, 0xa0, 0x0, 0x2f, 0xff, 0xff, 0xff,
    0xfd, 0x0, 0x0, 0x0, 0x0, 0x0, 0xff, 0xa0,
    0x0, 0x2f, 0xf8, 0x33, 0x3b, 0xfd, 0x0, 0x0,
    0x0, 0x0, 0x1, 0xff, 0xb0, 0x0, 0x2f, 0xf6,
    0x0, 0xa, 0xfd, 0xd, 0xff, 0xff, 0xff, 0xff,
    0xff, 0xff, 0xfd, 0x2f, 0xf6, 0x0, 0xa, 0xfd,
    0xd, 0xff, 0xff, 0xff, 0xff, 0xff, 0xff, 0xfd,
    0x2f, 0xf6, 0x0, 0xa, 0xfd, 0x7, 0x99, 0x99,
    0x99, 0x99, 0xff, 0xe9, 0x97, 0x2f, 0xf6, 0x0,
    0xa, 0xfd, 0x0, 0x0, 0x0, 0x0, 0x0, 0xff,
    0xa0, 0x0, 0x2f, 0xfa, 0x66, 0x6c, 0xfd, 0x0,
    0x3, 0x10, 0x0, 0x0, 0xff, 0xa0, 0x0, 0x2f,
    0xff, 0xff, 0xff, 0xfd, 0x0, 0xaf, 0xb0, 0x0,
    0x0, 0xff, 0xa0, 0x0, 0x2f, 0xff, 0xff, 0xff,
    0xfd, 0x0, 0x9f, 0xf7, 0x0, 0x0, 0xff, 0xa0,
    0x0, 0x2f, 0xf6, 0x0, 0xa, 0xfd, 0x0, 0xd,
    0xff, 0x20, 0x0, 0xff, 0xa0, 0x0, 0x2f, 0xf6,
    0x0, 0xa, 0xfd, 0x0, 0x4, 0xff, 0xc0, 0x0,
    0xff, 0xa0, 0x0, 0x2f, 0xf6, 0x0, 0xa, 0xfd,
    0x0, 0x0, 0xaf, 0xf7, 0x0, 0xff, 0xa0, 0x0,
    0x2f, 0xf6, 0x0, 0xa, 0xfd, 0x0, 0x0, 0x1e,
    0xff, 0x20, 0xff, 0xa0, 0x0, 0x2f, 0xf6, 0x0,
    0xa, 0xfd, 0x0, 0x0, 0x6, 0xf7, 0x0, 0xff,
    0xa0, 0x0, 0x2f, 0xf8, 0x33, 0x3b, 0xfd, 0x0,
    0x0, 0x0, 0x10, 0x0, 0xff, 0xa0, 0x0, 0x2f,
    0xff, 0xff, 0xff, 0xfd, 0x0, 0x0, 0x0, 0x0,
    0x0, 0xff, 0xa0, 0x0, 0x2f, 0xff, 0xff, 0xff,
    0xfd, 0x0, 0x0, 0x0, 0x0, 0x0, 0xff, 0xa0,
    0x0, 0x2f, 0xf7, 0x22, 0x22, 0x22, 0x0, 0x0,
    0x0, 0x0, 0x0, 0xff, 0xa0, 0x0, 0x2f, 0xf6,
    0x0, 0x0, 0x0, 0x0, 0x0, 0x0, 0x0, 0x0,
    0xff, 0xa0, 0x0, 0x6, 0x62, 0x0, 0x0, 0x0,
    0x0, 0x0, 0x49, 0x98, 0x8a, 0xff, 0x90, 0x0,
    0x0, 0x0, 0x0, 0x0, 0x0, 0x0, 0x0, 0x2f,
    0xff, 0xff, 0xff, 0x50, 0x0, 0x0, 0x0, 0x0,
    0x0, 0x0, 0x0, 0x0, 0xc, 0xff, 0xfe, 0xc6,
    0x0, 0x0, 0x0, 0x0, 0x0, 0x0, 0x0, 0x0,
    0x0, 0x0, 0x10, 0x0, 0x0, 0x0, 0x0,

    /* U+667A "智" */
    0x0, 0x5, 0x51, 0x0, 0x0, 0x0, 0x0, 0x0,
    0x0, 0x0, 0x0, 0x0, 0x0, 0x0, 0xff, 0x90,
    0x0, 0x0, 0x0, 0x0, 0x0, 0x0, 0x0, 0x0,
    0x0, 0x0, 0x6f, 0xf6, 0x33, 0x33, 0x33, 0x10,
    0x33, 0x33, 0x33, 0x33, 0x33, 0x20, 0xe, 0xff,
    0xff, 0xff, 0xff, 0xf5, 0xe, 0xff, 0xff, 0xff,
    0xff, 0xf9, 0x9, 0xff, 0xee, 0xff, 0xfe, 0xee,
    0x50, 0xef, 0xff, 0xff, 0xff, 0xff, 0x96, 0xff,
    0x80, 0xf, 0xf8, 0x0, 0x0, 0xe, 0xf9, 0x22,
    0x22, 0x3f, 0xf9, 0x19, 0xb0, 0x0, 0xff, 0x70,
    0x0, 0x0, 0xef, 0x80, 0x0, 0x1, 0xff, 0x9b,
    0xff, 0xff, 0xff, 0xff, 0xff, 0xff, 0x1e, 0xf8,
    0x0, 0x0, 0x1f, 0xf9, 0xbf, 0xff, 0xff, 0xff,
    0xff, 0xff, 0xf1, 0xef, 0x80, 0x0, 0x1, 0xff,
    0x91, 0x11, 0x11, 0xbf, 0xf5, 0x11, 0x11, 0xe,
    0xf8, 0x0, 0x0, 0x1f, 0xf9, 0x0, 0x0, 0x3f,
    0xff, 0xf9, 0x10, 0x0, 0xef, 0xb7, 0x77, 0x77,
    0xff, 0x90, 0x0, 0x2e, 0xfe, 0x8f, 0xfe, 0x60,
    0xe, 0xff, 0xff, 0xff, 0xff, 0xf9, 0x0, 0x6f,
    0xff, 0x30, 0x4e, 0xff, 0xa0, 0xdf, 0xff, 0xff,
    0xff, 0xff, 0x85, 0xdf, 0xfe, 0x30, 0x0, 0x1b,
    0xd1, 0x0, 0x0, 0x0, 0x0, 0x0, 0x0, 0x4f,
    0xfa, 0x33, 0x33, 0x33, 0x33, 0x33, 0x33, 0x33,
    0x33, 0x32, 0x0, 0x0, 0x43, 0xb, 0xff, 0xff,
    0xff, 0xff, 0xff, 0xff, 0xff, 0xff, 0xd0, 0x0,
    0x0, 0x0, 0xbf, 0xff, 0xff, 0xff, 0xff, 0xff,
    0xff, 0xff, 0xfd, 0x0, 0x0, 0x0, 0xb, 0xfe,
    0x0, 0x0, 0x0, 0x0, 0x0, 0x0, 0xef, 0xd0,
    0x0, 0x0, 0x0, 0xbf, 0xe0, 0x0, 0x0, 0x0,
    0x0, 0x0, 0xe, 0xfd, 0x0, 0x0, 0x0, 0xb,
    0xff, 0xff, 0xff, 0xff, 0xff, 0xff, 0xff, 0xff,
    0xd0, 0x0, 0x0, 0x0, 0xbf, 0xff, 0xff, 0xff,
    0xff, 0xff, 0xff, 0xff, 0xfd, 0x0, 0x0, 0x0,
    0xb, 0xfe, 0x0, 0x0, 0x0, 0x0, 0x0, 0x0,
    0xef, 0xd0, 0x0, 0x0, 0x0, 0xbf, 0xe0, 0x0,
    0x0, 0x0, 0x0, 0x0, 0xe, 0xfd, 0x0, 0x0,
    0x0, 0xb, 0xff, 0xff, 0xff, 0xff, 0xff, 0xff,
    0xff, 0xff, 0xd0, 0x0, 0x0, 0x0, 0xbf, 0xff,
    0xff, 0xff, 0xff, 0xff, 0xff, 0xff, 0xfd, 0x0,
    0x0, 0x0, 0xb, 0xff, 0x22, 0x22, 0x22, 0x22,
    0x22, 0x22, 0xef, 0xd0, 0x0, 0x0, 0x0, 0x1,
    0x0, 0x0, 0x0, 0x0, 0x0, 0x0, 0x0, 0x0,
    0x0, 0x0,

    /* U+6682 "暂" */
    0x0, 0x0, 0x8, 0x51, 0x0, 0x0, 0x0, 0x0,
    0x0, 0x0, 0x0, 0x2, 0x0, 0x0, 0x0, 0x4f,
    0xf9, 0x0, 0x0, 0x0, 0x0, 0x1, 0x36, 0x9c,
    0xff, 0x40, 0xbe, 0xee, 0xff, 0xfe, 0xee, 0xee,
    0xe4, 0x6e, 0xff, 0xff, 0xff, 0xff, 0xa0, 0xcf,
    0xff, 0xff, 0xff, 0xff, 0xff, 0xf5, 0x6f, 0xfe,
    0xdb, 0x96, 0x41, 0x0, 0x12, 0x4f, 0xfa, 0x22,
    0x22, 0x22, 0x20, 0x6f, 0xe0, 0x0, 0x0, 0x0,
    0x0, 0x0, 0xcf, 0xd0, 0x1c, 0xc3, 0x0, 0x0,
    0x6f, 0xe0, 0x0, 0x0, 0x0, 0x0, 0xa, 0xff,
    0x20, 0x2f, 0xf5, 0x0, 0x0, 0x6f, 0xf4, 0x44,
    0x44, 0x44, 0x43, 0x6f, 0xff, 0xff, 0xff, 0xff,
    0xff, 0xf6, 0x7f, 0xff, 0xff, 0xff, 0xff, 0xfb,
    0xf, 0xff, 0xff, 0xff, 0xff, 0xff, 0xf6, 0x8f,
    0xfd, 0xde, 0xff, 0xed, 0xd9, 0x3, 0x10, 0x0,
    0x2f, 0xf5, 0x0, 0x0, 0xaf, 0xb0, 0x4, 0xff,
    0x30, 0x0, 0x0, 0x0, 0x0, 0x1f, 0xf7, 0x56,
    0x81, 0xdf, 0x90, 0x4, 0xff, 0x30, 0x0, 0x59,
    0xab, 0xde, 0xff, 0xff, 0xff, 0xf3, 0xff, 0x60,
    0x4, 0xff, 0x30, 0x0, 0xaf, 0xff, 0xff, 0xff,
    0xfc, 0xa8, 0x68, 0xff, 0x10, 0x4, 0xff, 0x30,
    0x0, 0x69, 0x76, 0x42, 0x2f, 0xf4, 0x0, 0x1f,
    0xfb, 0x0, 0x4, 0xff, 0x30, 0x0, 0x0, 0x0,
    0x0, 0x1f, 0xf4, 0x0, 0x19, 0xf3, 0x0, 0x4,
    0xff, 0x30, 0x0, 0x0, 0x0, 0x11, 0x15, 0x52,
    0x11, 0x11, 0x31, 0x11, 0x12, 0x54, 0x0, 0x0,
    0x0, 0x4, 0xff, 0xff, 0xff, 0xff, 0xff, 0xff,
    0xff, 0xff, 0xff, 0x0, 0x0, 0x0, 0x4, 0xff,
    0xff, 0xff, 0xff, 0xff, 0xff, 0xff, 0xff, 0xff,
    0x0, 0x0, 0x0, 0x4, 0xff, 0x30, 0x0, 0x0,
    0x0, 0x0, 0x0, 0xb, 0xff, 0x0, 0x0, 0x0,
    0x4, 0xff, 0x52, 0x22, 0x22, 0x22, 0x22, 0x22,
    0x2b, 0xff, 0x0, 0x0, 0x0, 0x4, 0xff, 0xff,
    0xff, 0xff, 0xff, 0xff, 0xff, 0xff, 0xff, 0x0,
    0x0, 0x0, 0x4, 0xff, 0xba, 0xaa, 0xaa, 0xaa,
    0xaa, 0xaa, 0xae, 0xff, 0x0, 0x0, 0x0, 0x4,
    0xff, 0x30, 0x0, 0x0, 0x0, 0x0, 0x0, 0xb,
    0xff, 0x0, 0x0, 0x0, 0x4, 0xff, 0xdd, 0xdd,
    0xdd, 0xdd, 0xdd, 0xdd, 0xdf, 0xff, 0x0, 0x0,
    0x0, 0x4, 0xff, 0xff, 0xff, 0xff, 0xff, 0xff,
    0xff, 0xff, 0xff, 0x0, 0x0, 0x0, 0x4, 0xff,
    0x53, 0x33, 0x33, 0x33, 0x33, 0x33, 0x3c, 0xff,
    0x0, 0x0, 0x0, 0x0, 0x0, 0x0, 0x0, 0x0,
    0x0, 0x0, 0x0, 0x0, 0x0, 0x0, 0x0,

    /* U+66F4 "更" */
    0x3, 0x33, 0x33, 0x33, 0x33, 0x33, 0x33, 0x33,
    0x33, 0x33, 0x33, 0x33, 0x31, 0x1, 0xff, 0xff,
    0xff, 0xff, 0xff, 0xff, 0xff, 0xff, 0xff, 0xff,
    0xff, 0xff, 0x60, 0x1f, 0xff, 0xff, 0xff, 0xff,
    0xff, 0xff, 0xff, 0xff, 0xff, 0xff, 0xff, 0xf6,
    0x0, 0x22, 0x22, 0x22, 0x22, 0x22, 0x2f, 0xfc,
    0x22, 0x22, 0x22, 0x22, 0x22, 0x0, 0x0, 0x0,
    0x0, 0x0, 0x0, 0x0, 0xff, 0xb0, 0x0, 0x0,
    0x0, 0x0, 0x0, 0x0, 0x0, 0x9f, 0xff, 0xff,
    0xff, 0xff, 0xff, 0xff, 0xff, 0xff, 0xff, 0x90,
    0x0, 0x0, 0x9, 0xff, 0xff, 0xff, 0xff, 0xff,
    0xff, 0xff, 0xff, 0xff, 0xfa, 0x0, 0x0, 0x0,
    0x9f, 0xf3, 0x33, 0x33, 0x4f, 0xfc, 0x33, 0x33,
    0x33, 0xff, 0xa0, 0x0, 0x0, 0x9, 0xfe, 0x0,
    0x0, 0x0, 0xff, 0xb0, 0x0, 0x0, 0xf, 0xfa,
    0x0, 0x0, 0x0, 0x9f, 0xe1, 0x11, 0x11, 0x1f,
    0xfc, 0x11, 0x11, 0x11, 0xff, 0xa0, 0x0, 0x0,
    0x9, 0xff, 0xff, 0xff, 0xff, 0xff, 0xff, 0xff,
    0xff, 0xff, 0xfa, 0x0, 0x0, 0x0, 0x9f, 0xff,
    0xff, 0xff, 0xff, 0xff, 0xff, 0xff, 0xff, 0xff,
    0xa0, 0x0, 0x0, 0x9, 0xfe, 0x0, 0x0, 0x0,
    0xff, 0xb0, 0x0, 0x0, 0xf, 0xfa, 0x0, 0x0,
    0x0, 0x9f, 0xe0, 0x0, 0x0, 0x1f, 0xfb, 0x0,
    0x0, 0x0, 0xff, 0xa0, 0x0, 0x0, 0x9, 0xff,
    0xff, 0xff, 0xff, 0xff, 0xff, 0xff, 0xff, 0xff,
    0xfa, 0x0, 0x0, 0x0, 0x9f, 0xff, 0xff, 0xff,
    0xff, 0xff, 0xff, 0xff, 0xff, 0xff, 0xa0, 0x0,
    0x0, 0x2, 0x49, 0xa3, 0x33, 0x3a, 0xff, 0x73,
    0x33, 0x33, 0x33, 0x32, 0x0, 0x0, 0x0, 0xa,
    0xff, 0x50, 0x0, 0xef, 0xf0, 0x0, 0x0, 0x0,
    0x0, 0x0, 0x0, 0x0, 0x0, 0x1e, 0xff, 0x60,
    0xaf, 0xf9, 0x0, 0x0, 0x0, 0x0, 0x0, 0x0,
    0x0, 0x0, 0x0, 0x3e, 0xff, 0xdf, 0xfe, 0x10,
    0x0, 0x0, 0x0, 0x0, 0x0, 0x0, 0x0, 0x0,
    0x0, 0x2e, 0xff, 0xff, 0x60, 0x0, 0x0, 0x0,
    0x0, 0x0, 0x0, 0x0, 0x0, 0x1, 0x6c, 0xff,
    0xff, 0xff, 0xd9, 0x63, 0x10, 0x0, 0x0, 0x0,
    0x0, 0x15, 0x8c, 0xff, 0xff, 0xfa, 0xbf, 0xff,
    0xff, 0xff, 0xfd, 0xcb, 0xa9, 0x99, 0x22, 0xff,
    0xff, 0xff, 0x92, 0x0, 0x16, 0xbf, 0xff, 0xff,
    0xff, 0xff, 0xff, 0xd0, 0x7, 0xfe, 0xa5, 0x0,
    0x0, 0x0, 0x0, 0x2, 0x57, 0x9b, 0xcd, 0xef,
    0xf7, 0x0, 0x2, 0x0, 0x0, 0x0, 0x0, 0x0,
    0x0, 0x0, 0x0, 0x0, 0x0, 0x0, 0x0,

    /* U+6700 "最" */
    0x0, 0x0, 0xcc, 0xcc, 0xcc, 0xcc, 0xcc, 0xcc,
    0xcc, 0xcc, 0xcc, 0x60, 0x0, 0x0, 0x0, 0x1f,
    0xff, 0xff, 0xff, 0xff, 0xff, 0xff, 0xff, 0xff,
    0xf8, 0x0, 0x0, 0x0, 0x1, 0xff, 0x70, 0x0,
    0x0, 0x0, 0x0, 0x0, 0x1, 0xff, 0x80, 0x0,
    0x0, 0x0, 0x1f, 0xfc, 0x99, 0x99, 0x99, 0x99,
    0x99, 0x99, 0xaf, 0xf8, 0x0, 0x0, 0x0, 0x1,
    0xff, 0xff, 0xff, 0xff, 0xff, 0xff, 0xff, 0xff,
    0xff, 0x80, 0x0, 0x0, 0x0, 0x1f, 0xf8, 0x11,
    0x11, 0x11, 0x11, 0x11, 0x11, 0x2f, 0xf8, 0x0,
    0x0, 0x0, 0x1, 0xff, 0x70, 0x0, 0x0, 0x0,
    0x0, 0x0, 0x1, 0xff, 0x80, 0x0, 0x0, 0x0,
    0x1f, 0xff, 0xff, 0xff, 0xff, 0xff, 0xff, 0xff,
    0xff, 0xf8, 0x0, 0x0, 0x0, 0x0, 0xbb, 0xbb,
    0xbb, 0xbb, 0xbb, 0xbb, 0xbb, 0xbb, 0xbb, 0x60,
    0x0, 0x0, 0x0, 0x0, 0x0, 0x0, 0x0, 0x0,
    0x0, 0x0, 0x0, 0x0, 0x0, 0x0, 0x0, 0x8f,
    0xff, 0xff, 0xff, 0xff, 0xff, 0xff, 0xff, 0xff,
    0xff, 0xff, 0xff, 0xfb, 0x9, 0xff, 0xff, 0xff,
    0xff, 0xff, 0xff, 0xff, 0xff, 0xff, 0xff, 0xff,
    0xff, 0xc0, 0x13, 0x3f, 0xf8, 0x33, 0x34, 0xff,
    0x83, 0x33, 0x33, 0x33, 0x33, 0x33, 0x32, 0x0,
    0x0, 0xff, 0x70, 0x0, 0x2f, 0xf7, 0x12, 0x22,
    0x22, 0x22, 0x22, 0x30, 0x0, 0x0, 0xf, 0xff,
    0xff, 0xff, 0xff, 0x7a, 0xff, 0xff, 0xff, 0xff,
    0xff, 0xe0, 0x0, 0x0, 0xff, 0xed, 0xdd, 0xef,
    0xf7, 0xaf, 0xff, 0xff, 0xff, 0xff, 0xfb, 0x0,
    0x0, 0xf, 0xf7, 0x0, 0x1, 0xff, 0x70, 0x5f,
    0xf1, 0x0, 0x2, 0xff, 0x40, 0x0, 0x0, 0xff,
    0xed, 0xdd, 0xdf, 0xf7, 0x0, 0xdf, 0xa0, 0x0,
    0xbf, 0xc0, 0x0, 0x0, 0xf, 0xff, 0xff, 0xff,
    0xff, 0x70, 0x4, 0xff, 0x70, 0x8f, 0xf2, 0x0,
    0x0, 0x0, 0xff, 0x70, 0x0, 0x2f, 0xf7, 0x0,
    0x8, 0xff, 0xbf, 0xf6, 0x0, 0x0, 0x0, 0xf,
    0xf7, 0x23, 0x58, 0xff, 0xeb, 0x0, 0xb, 0xff,
    0xf8, 0x0, 0x0, 0x5, 0xab, 0xff, 0xff, 0xff,
    0xff, 0xff, 0xd0, 0x5, 0xef, 0xff, 0xe6, 0x0,
    0x0, 0x8f, 0xff, 0xff, 0xfe, 0xcc, 0xff, 0xa4,
    0x6d, 0xff, 0xe8, 0xff, 0xfe, 0x83, 0x4, 0x87,
    0x53, 0x20, 0x0, 0x1f, 0xf7, 0x9f, 0xff, 0x80,
    0x2, 0xaf, 0xff, 0xb0, 0x0, 0x0, 0x0, 0x0,
    0x1, 0xff, 0x70, 0xb8, 0x10, 0x0, 0x0, 0x28,
    0xc1, 0x0,

    /* U+6709 "有" */
    0x0, 0x0, 0x0, 0x0, 0x3, 0x62, 0x0, 0x0,
    0x0, 0x0, 0x0, 0x0, 0x0, 0x0, 0x0, 0x0,
    0x0, 0xa, 0xff, 0x20, 0x0, 0x0, 0x0, 0x0,
    0x0, 0x0, 0x0, 0x0, 0x0, 0x0, 0xe, 0xfd,
    0x0, 0x0, 0x0, 0x0, 0x0, 0x0, 0x0, 0x0,
    0x0, 0x0, 0x0, 0x5f, 0xf8, 0x0, 0x0, 0x0,
    0x0, 0x0, 0x0, 0x0, 0x1f, 0xff, 0xff, 0xff,
    0xff, 0xff, 0xff, 0xff, 0xff, 0xff, 0xff, 0xff,
    0xfa, 0x1f, 0xff, 0xff, 0xff, 0xff, 0xff, 0xff,
    0xff, 0xff, 0xff, 0xff, 0xff, 0xfa, 0x7, 0x77,
    0x77, 0x7d, 0xff, 0x87, 0x77, 0x77, 0x77, 0x77,
    0x77, 0x77, 0x74, 0x0, 0x0, 0x0, 0x2f, 0xfc,
    0x0, 0x0, 0x0, 0x0, 0x0, 0x0, 0x0, 0x0,
    0x0, 0x0, 0x0, 0xbf, 0xf4, 0x0, 0x0, 0x0,
    0x0, 0x0, 0x0, 0x0, 0x0, 0x0, 0x0, 0x6,
    0xff, 0xff, 0xff, 0xff, 0xff, 0xff, 0xff, 0xff,
    0x20, 0x0, 0x0, 0x0, 0x1e, 0xff, 0xff, 0xff,
    0xff, 0xff, 0xff, 0xff, 0xff, 0x20, 0x0, 0x0,
    0x0, 0xcf, 0xff, 0xb6, 0x66, 0x66, 0x66, 0x66,
    0x6a, 0xff, 0x20, 0x0, 0x0, 0xb, 0xff, 0xff,
    0x80, 0x0, 0x0, 0x0, 0x0, 0x6, 0xff, 0x20,
    0x0, 0x0, 0xaf, 0xfe, 0xff, 0x91, 0x11, 0x11,
    0x11, 0x11, 0x17, 0xff, 0x20, 0x0, 0x1c, 0xff,
    0xe3, 0xff, 0xff, 0xff, 0xff, 0xff, 0xff, 0xff,
    0xff, 0x20, 0x0, 0x8f, 0xfe, 0x21, 0xff, 0xff,
    0xff, 0xff, 0xff, 0xff, 0xff, 0xff, 0x20, 0x0,
    0xc, 0xc1, 0x1, 0xff, 0x92, 0x22, 0x22, 0x22,
    0x22, 0x28, 0xff, 0x20, 0x0, 0x1, 0x0, 0x1,
    0xff, 0x80, 0x0, 0x0, 0x0, 0x0, 0x6, 0xff,
    0x20, 0x0, 0x0, 0x0, 0x1, 0xff, 0xa4, 0x44,
    0x44, 0x44, 0x44, 0x49, 0xff, 0x20, 0x0, 0x0,
    0x0, 0x1, 0xff, 0xff, 0xff, 0xff, 0xff, 0xff,
    0xff, 0xff, 0x20, 0x0, 0x0, 0x0, 0x1, 0xff,
    0xff, 0xff, 0xff, 0xff, 0xff, 0xff, 0xff, 0x20,
    0x0, 0x0, 0x0, 0x1, 0xff, 0x80, 0x0, 0x0,
    0x0, 0x0, 0x6, 0xff, 0x20, 0x0, 0x0, 0x0,
    0x1, 0xff, 0x80, 0x0, 0x0, 0x0, 0x0, 0x6,
    0xff, 0x20, 0x0, 0x0, 0x0, 0x1, 0xff, 0x80,
    0x0, 0x0, 0x6, 0x88, 0x8c, 0xff, 0x20, 0x0,
    0x0, 0x0, 0x1, 0xff, 0x80, 0x0, 0x0, 0x7,
    0xff, 0xff, 0xfe, 0x0, 0x0, 0x0, 0x0, 0x1,
    0xff, 0x80, 0x0, 0x0, 0x2, 0xff, 0xfd, 0xa3,
    0x0, 0x0,

    /* U+671D "朝" */
    0x0, 0x0, 0x4, 0x76, 0x0, 0x0, 0x0, 0x0,
    0x0, 0x0, 0x0, 0x0, 0x0, 0x0, 0x0, 0xaf,
    0xe0, 0x0, 0x0, 0x0, 0x24, 0x22, 0x22, 0x23,
    0x21, 0x0, 0x0, 0xa, 0xfe, 0x0, 0x0, 0x0,
    0x7f, 0xff, 0xff, 0xff, 0xff, 0xb4, 0x77, 0x77,
    0xdf, 0xf7, 0x77, 0x77, 0x7, 0xff, 0xff, 0xff,
    0xff, 0xfb, 0xaf, 0xff, 0xff, 0xff, 0xff, 0xff,
    0xf2, 0x7f, 0xf5, 0x44, 0x44, 0xff, 0xb9, 0xee,
    0xee, 0xff, 0xfe, 0xee, 0xee, 0x17, 0xff, 0x10,
    0x0, 0xe, 0xfb, 0x0, 0x0, 0xa, 0xfe, 0x0,
    0x0, 0x0, 0x7f, 0xf1, 0x0, 0x0, 0xef, 0xb0,
    0x23, 0x33, 0xbf, 0xf3, 0x33, 0x31, 0x7, 0xff,
    0x10, 0x0, 0xe, 0xfb, 0xe, 0xff, 0xff, 0xff,
    0xff, 0xff, 0x60, 0x7f, 0xf7, 0x66, 0x66, 0xff,
    0xb0, 0xef, 0xec, 0xcc, 0xcc, 0xcf, 0xf6, 0x7,
    0xff, 0xff, 0xff, 0xff, 0xfb, 0xe, 0xf7, 0x0,
    0x0, 0x0, 0xff, 0x60, 0x7f, 0xfb, 0xbb, 0xbb,
    0xff, 0xb0, 0xef, 0xda, 0xaa, 0xaa, 0xbf, 0xf6,
    0x7, 0xff, 0x10, 0x0, 0xe, 0xfb, 0xe, 0xff,
    0xff, 0xff, 0xff, 0xff, 0x60, 0x7f, 0xf1, 0x0,
    0x0, 0xef, 0xb0, 0xef, 0x83, 0x33, 0x33, 0x3f,
    0xf6, 0x7, 0xff, 0x0, 0x0, 0xe, 0xfb, 0xe,
    0xf7, 0x0, 0x0, 0x0, 0xff, 0x60, 0x8f, 0xf0,
    0x0, 0x0, 0xef, 0xb0, 0xef, 0xa7, 0x77, 0x77,
    0x7f, 0xf6, 0x9, 0xff, 0xff, 0xff, 0xff, 0xfb,
    0xe, 0xff, 0xff, 0xff, 0xff, 0xff, 0x60, 0xbf,
    0xff, 0xff, 0xff, 0xff, 0xb0, 0x88, 0x88, 0xdf,
    0xf8, 0x88, 0x83, 0xe, 0xfc, 0x77, 0x77, 0x7f,
    0xfb, 0x0, 0x0, 0xa, 0xfe, 0x0, 0x0, 0x1,
    0xff, 0x70, 0x0, 0x0, 0xef, 0xb6, 0x66, 0x66,
    0xcf, 0xf6, 0x66, 0x66, 0x6f, 0xf4, 0x0, 0x0,
    0xe, 0xfb, 0xff, 0xff, 0xff, 0xff, 0xff, 0xff,
    0xfd, 0xff, 0x0, 0x0, 0x0, 0xef, 0xbe, 0xee,
    0xee, 0xff, 0xfe, 0xee, 0xef, 0xff, 0xa0, 0x0,
    0x0, 0xe, 0xfb, 0x0, 0x0, 0xa, 0xfe, 0x0,
    0x0, 0xaf, 0xf3, 0x0, 0x0, 0x0, 0xef, 0xb0,
    0x0, 0x0, 0xaf, 0xe0, 0x0, 0x5f, 0xfc, 0x0,
    0x3, 0x88, 0x9f, 0xfa, 0x0, 0x0, 0xa, 0xfe,
    0x0, 0x1e, 0xff, 0x20, 0x0, 0x1f, 0xff, 0xff,
    0x70, 0x0, 0x0, 0xaf, 0xe0, 0x0, 0x2c, 0x50,
    0x0, 0x0, 0xcf, 0xfe, 0x80, 0x0, 0x0, 0x0,
    0x0, 0x0, 0x0, 0x0, 0x0, 0x0, 0x0, 0x0,
    0x0, 0x0,

    /* U+671F "期" */
    0x0, 0x2, 0x55, 0x0, 0x0, 0x15, 0x50, 0x0,
    0x0, 0x0, 0x0, 0x0, 0x0, 0x0, 0x0, 0x6f,
    0xf0, 0x0, 0x5, 0xff, 0x10, 0x5, 0x65, 0x55,
    0x55, 0x56, 0x51, 0x0, 0x6, 0xff, 0x0, 0x0,
    0x5f, 0xf1, 0x0, 0xff, 0xff, 0xff, 0xff, 0xff,
    0x50, 0x11, 0x7f, 0xf2, 0x11, 0x17, 0xff, 0x31,
    0xf, 0xff, 0xff, 0xff, 0xff, 0xf5, 0xb, 0xff,
    0xff, 0xff, 0xff, 0xff, 0xff, 0xf2, 0xff, 0x81,
    0x11, 0x15, 0xff, 0x50, 0xbf, 0xff, 0xff, 0xff,
    0xff, 0xff, 0xff, 0x2f, 0xf7, 0x0, 0x0, 0x4f,
    0xf5, 0x2, 0x38, 0xff, 0x33, 0x33, 0x8f, 0xf4,
    0x31, 0xff, 0x70, 0x0, 0x4, 0xff, 0x50, 0x0,
    0x6f, 0xf0, 0x0, 0x5, 0xff, 0x10, 0xf, 0xf7,
    0x0, 0x0, 0x4f, 0xf5, 0x0, 0x6, 0xff, 0xaa,
    0xaa, 0xcf, 0xf1, 0x0, 0xff, 0xff, 0xff, 0xff,
    0xff, 0x50, 0x0, 0x6f, 0xff, 0xff, 0xff, 0xff,
    0x10, 0xf, 0xff, 0xff, 0xff, 0xff, 0xf5, 0x0,
    0x6, 0xff, 0x66, 0x66, 0xaf, 0xf1, 0x0, 0xff,
    0xa6, 0x66, 0x69, 0xff, 0x50, 0x0, 0x6f, 0xf0,
    0x0, 0x5, 0xff, 0x10, 0xf, 0xf7, 0x0, 0x0,
    0x4f, 0xf5, 0x0, 0x6, 0xff, 0x22, 0x22, 0x7f,
    0xf1, 0x0, 0xff, 0x60, 0x0, 0x4, 0xff, 0x50,
    0x0, 0x6f, 0xff, 0xff, 0xff, 0xff, 0x10, 0x1f,
    0xf6, 0x0, 0x0, 0x4f, 0xf5, 0x0, 0x6, 0xff,
    0xff, 0xff, 0xff, 0xf1, 0x1, 0xff, 0x95, 0x55,
    0x58, 0xff, 0x50, 0x0, 0x6f, 0xf0, 0x0, 0x5,
    0xff, 0x10, 0x2f, 0xff, 0xff, 0xff, 0xff, 0xf5,
    0x0, 0x6, 0xff, 0x0, 0x0, 0x5f, 0xf1, 0x3,
    0xff, 0xdd, 0xdd, 0xde, 0xff, 0x50, 0xee, 0xff,
    0xfe, 0xee, 0xef, 0xff, 0xee, 0x4f, 0xf2, 0x0,
    0x0, 0x4f, 0xf5, 0xf, 0xff, 0xff, 0xff, 0xff,
    0xff, 0xff, 0xf6, 0xff, 0x0, 0x0, 0x4, 0xff,
    0x50, 0x77, 0x77, 0x77, 0x77, 0x77, 0x77, 0x77,
    0x8f, 0xe0, 0x0, 0x0, 0x4f, 0xf5, 0x0, 0x0,
    0x9e, 0xa1, 0x6, 0xea, 0x0, 0xb, 0xfb, 0x0,
    0x0, 0x4, 0xff, 0x50, 0x0, 0x3f, 0xfb, 0x0,
    0x7f, 0xf7, 0x0, 0xff, 0x80, 0x0, 0x0, 0x4f,
    0xf5, 0x0, 0x1e, 0xff, 0x20, 0x0, 0xbf, 0xf4,
    0x4f, 0xf4, 0x0, 0x0, 0x4, 0xff, 0x50, 0x1d,
    0xff, 0x50, 0x0, 0x1, 0xef, 0xda, 0xfe, 0x0,
    0x8, 0x88, 0xbf, 0xf4, 0xc, 0xff, 0x80, 0x0,
    0x0, 0x5, 0xb3, 0xef, 0x80, 0x0, 0xcf, 0xff,
    0xff, 0x10, 0xa, 0x90, 0x0, 0x0, 0x0, 0x0,
    0x2, 0xc1, 0x0, 0x7, 0xff, 0xdb, 0x30, 0x0,
    0x0, 0x0, 0x0, 0x0, 0x0, 0x0, 0x0, 0x0,
    0x0, 0x0, 0x0, 0x0, 0x0,

    /* U+672A "未" */
    0x0, 0x0, 0x0, 0x0, 0x0, 0x0, 0x47, 0x71,
    0x0, 0x0, 0x0, 0x0, 0x0, 0x0, 0x0, 0x0,
    0x0, 0x0, 0x0, 0xa, 0xff, 0x20, 0x0, 0x0,
    0x0, 0x0, 0x0, 0x0, 0x0, 0x0, 0x0, 0x0,
    0x0, 0xaf, 0xf2, 0x0, 0x0, 0x0, 0x0, 0x0,
    0x0, 0x0, 0x0, 0x0, 0x0, 0x0, 0xa, 0xff,
    0x20, 0x0, 0x0, 0x0, 0x0, 0x0, 0x0, 0x0,
    0x0, 0x0, 0x0, 0x0, 0xaf, 0xf3, 0x0, 0x0,
    0x0, 0x0, 0x0, 0x0, 0x0, 0x8f, 0xff, 0xff,
    0xff, 0xff, 0xff, 0xff, 0xff, 0xff, 0xff, 0xf4,
    0x0, 0x0, 0x8, 0xff, 0xff, 0xff, 0xff, 0xff,
    0xff, 0xff, 0xff, 0xff, 0xff, 0x40, 0x0, 0x0,
    0x59, 0x99, 0x99, 0x99, 0x9d, 0xff, 0xa9, 0x99,
    0x99, 0x99, 0x92, 0x0, 0x0, 0x0, 0x0, 0x0,
    0x0, 0x0, 0xaf, 0xf2, 0x0, 0x0, 0x0, 0x0,
    0x0, 0x0, 0x0, 0x0, 0x0, 0x0, 0x0, 0xa,
    0xff, 0x20, 0x0, 0x0, 0x0, 0x0, 0x0, 0x0,
    0x0, 0x0, 0x0, 0x0, 0x0, 0xaf, 0xf2, 0x0,
    0x0, 0x0, 0x0, 0x0, 0x0, 0x1, 0x11, 0x11,
    0x11, 0x11, 0x1a, 0xff, 0x31, 0x11, 0x11, 0x11,
    0x11, 0x10, 0x9, 0xff, 0xff, 0xff, 0xff, 0xff,
    0xff, 0xff, 0xff, 0xff, 0xff, 0xff, 0xff, 0x40,
    0x9f, 0xff, 0xff, 0xff, 0xff, 0xff, 0xff, 0xff,
    0xff, 0xff, 0xff, 0xff, 0xf4, 0x5, 0x99, 0x99,
    0x99, 0x99, 0xaf, 0xff, 0xff, 0xe9, 0x99, 0x99,
    0x99, 0x99, 0x20, 0x0, 0x0, 0x0, 0x0, 0xc,
    0xff, 0xff, 0xff, 0x50, 0x0, 0x0, 0x0, 0x0,
    0x0, 0x0, 0x0, 0x0, 0xb, 0xff, 0xff, 0xfe,
    0xff, 0x40, 0x0, 0x0, 0x0, 0x0, 0x0, 0x0,
    0x0, 0xb, 0xff, 0xba, 0xff, 0x4e, 0xff, 0x50,
    0x0, 0x0, 0x0, 0x0, 0x0, 0x0, 0x1c, 0xff,
    0xb0, 0xaf, 0xf2, 0x3f, 0xff, 0x70, 0x0, 0x0,
    0x0, 0x0, 0x0, 0x4e, 0xff, 0xb0, 0xa, 0xff,
    0x20, 0x3e, 0xff, 0xb1, 0x0, 0x0, 0x0, 0x1,
    0xaf, 0xff, 0xa0, 0x0, 0xaf, 0xf2, 0x0, 0x2e,
    0xff, 0xe5, 0x0, 0x0, 0x7, 0xef, 0xff, 0x70,
    0x0, 0xa, 0xff, 0x20, 0x0, 0x1c, 0xff, 0xfb,
    0x30, 0x2e, 0xff, 0xfe, 0x30, 0x0, 0x0, 0xaf,
    0xf2, 0x0, 0x0, 0x8, 0xff, 0xff, 0x80, 0x6f,
    0xf9, 0x0, 0x0, 0x0, 0xa, 0xff, 0x20, 0x0,
    0x0, 0x3, 0xdf, 0xe1, 0x0, 0x62, 0x0, 0x0,
    0x0, 0x0, 0xaf, 0xf2, 0x0, 0x0, 0x0, 0x0,
    0x63, 0x0, 0x0, 0x0, 0x0, 0x0, 0x0, 0xa,
    0xff, 0x20, 0x0, 0x0, 0x0, 0x0, 0x0,

    /* U+672C "本" */
    0x0, 0x0, 0x0, 0x0, 0x0, 0x0, 0x6a, 0xa1,
    0x0, 0x0, 0x0, 0x0, 0x0, 0x0, 0x0, 0x0,
    0x0, 0x0, 0x0, 0xa, 0xff, 0x20, 0x0, 0x0,
    0x0, 0x0, 0x0, 0x0, 0x0, 0x0, 0x0, 0x0,
    0x0, 0xaf, 0xf2, 0x0, 0x0, 0x0, 0x0, 0x0,
    0x0, 0x0, 0x0, 0x0, 0x0, 0x0, 0xa, 0xff,
    0x20, 0x0, 0x0, 0x0, 0x0, 0x0, 0x0, 0x0,
    0x0, 0x0, 0x0, 0x0, 0xaf, 0xf2, 0x0, 0x0,
    0x0, 0x0, 0x0, 0x0, 0x0, 0x0, 0x0, 0x0,
    0x0, 0xa, 0xff, 0x20, 0x0, 0x0, 0x0, 0x0,
    0x0, 0x7, 0xff, 0xff, 0xff, 0xff, 0xff, 0xff,
    0xff, 0xff, 0xff, 0xff, 0xff, 0xff, 0x10, 0x7f,
    0xff, 0xff, 0xff, 0xff, 0xff, 0xff, 0xff, 0xff,
    0xff, 0xff, 0xff, 0xf1, 0x5, 0xcc, 0xcc, 0xcc,
    0xcf, 0xff, 0xef, 0xfe, 0xff, 0xdc, 0xcc, 0xcc,
    0xcc, 0x10, 0x0, 0x0, 0x0, 0x1, 0xff, 0xba,
    0xff, 0x6f, 0xf7, 0x0, 0x0, 0x0, 0x0, 0x0,
    0x0, 0x0, 0x0, 0x8f, 0xf4, 0xaf, 0xf2, 0xcf,
    0xe0, 0x0, 0x0, 0x0, 0x0, 0x0, 0x0, 0x0,
    0x1f, 0xfd, 0xa, 0xff, 0x25, 0xff, 0x80, 0x0,
    0x0, 0x0, 0x0, 0x0, 0x0, 0xa, 0xff, 0x40,
    0xaf, 0xf2, 0xd, 0xff, 0x20, 0x0, 0x0, 0x0,
    0x0, 0x0, 0x4, 0xff, 0xc0, 0xa, 0xff, 0x20,
    0x4f, 0xfc, 0x0, 0x0, 0x0, 0x0, 0x0, 0x1,
    0xef, 0xf2, 0x0, 0xaf, 0xf2, 0x0, 0xaf, 0xf9,
    0x0, 0x0, 0x0, 0x0, 0x0, 0xcf, 0xf8, 0x0,
    0xa, 0xff, 0x20, 0x1, 0xff, 0xf6, 0x0, 0x0,
    0x0, 0x0, 0xaf, 0xfc, 0x0, 0x0, 0xaf, 0xf2,
    0x0, 0x5, 0xff, 0xf5, 0x0, 0x0, 0x0, 0x9f,
    0xfe, 0x10, 0x0, 0xa, 0xff, 0x20, 0x0, 0x9,
    0xff, 0xf6, 0x0, 0x0, 0xbf, 0xff, 0xb9, 0x99,
    0x99, 0xdf, 0xfa, 0x99, 0x99, 0x9e, 0xff, 0xf9,
    0x1, 0xdf, 0xff, 0x4e, 0xff, 0xff, 0xff, 0xff,
    0xff, 0xff, 0xff, 0x7c, 0xff, 0xf9, 0x7, 0xff,
    0x40, 0xef, 0xff, 0xff, 0xff, 0xff, 0xff, 0xff,
    0xf6, 0xb, 0xfb, 0x0, 0x7, 0x20, 0x1, 0x22,
    0x22, 0x2b, 0xff, 0x42, 0x22, 0x22, 0x0, 0x6,
    0x10, 0x0, 0x0, 0x0, 0x0, 0x0, 0x0, 0xaf,
    0xf2, 0x0, 0x0, 0x0, 0x0, 0x0, 0x0, 0x0,
    0x0, 0x0, 0x0, 0x0, 0xa, 0xff, 0x20, 0x0,
    0x0, 0x0, 0x0, 0x0, 0x0, 0x0, 0x0, 0x0,
    0x0, 0x0, 0xaf, 0xf2, 0x0, 0x0, 0x0, 0x0,
    0x0, 0x0, 0x0, 0x0, 0x0, 0x0, 0x0, 0xa,
    0xff, 0x20, 0x0, 0x0, 0x0, 0x0, 0x0,

    /* U+673A "机" */
    0x0, 0x0, 0x0, 0x77, 0x30, 0x0, 0x0, 0x0,
    0x0, 0x0, 0x0, 0x0, 0x0, 0x0, 0x0, 0x0,
    0x1, 0xff, 0x70, 0x0, 0x0, 0x0, 0x0, 0x0,
    0x1, 0x0, 0x0, 0x0, 0x0, 0x0, 0x1, 0xff,
    0x70, 0x0, 0x0, 0xdf, 0xff, 0xff, 0xff, 0xfa,
    0x0, 0x0, 0x0, 0x0, 0x1, 0xff, 0x70, 0x0,
    0x0, 0xdf, 0xff, 0xff, 0xff, 0xfa, 0x0, 0x0,
    0x0, 0x0, 0x1, 0xff, 0x70, 0x0, 0x0, 0xdf,
    0xd7, 0x77, 0x7f, 0xfa, 0x0, 0x0, 0x0, 0x0,
    0x1, 0xff, 0x70, 0x0, 0x0, 0xdf, 0xb0, 0x0,
    0xf, 0xfa, 0x0, 0x0, 0x4, 0x99, 0x99, 0xff,
    0xc9, 0x99, 0x30, 0xdf, 0xb0, 0x0, 0xf, 0xfa,
    0x0, 0x0, 0x8, 0xff, 0xff, 0xff, 0xff, 0xff,
    0x60, 0xdf, 0xb0, 0x0, 0xf, 0xfa, 0x0, 0x0,
    0x7, 0xff, 0xff, 0xff, 0xff, 0xff, 0x50, 0xdf,
    0xb0, 0x0, 0xf, 0xfa, 0x0, 0x0, 0x0, 0x0,
    0x9, 0xff, 0x70, 0x0, 0x0, 0xdf, 0xb0, 0x0,
    0xf, 0xfa, 0x0, 0x0, 0x0, 0x0, 0xe, 0xff,
    0x70, 0x0, 0x0, 0xdf, 0xb0, 0x0, 0xf, 0xfa,
    0x0, 0x0, 0x0, 0x0, 0x4f, 0xff, 0xd1, 0x0,
    0x0, 0xdf, 0xb0, 0x0, 0xf, 0xfa, 0x0, 0x0,
    0x0, 0x0, 0xaf, 0xff, 0xfc, 0x0, 0x0, 0xef,
    0xa0, 0x0, 0xf, 0xfa, 0x0, 0x0, 0x0, 0x1,
    0xff, 0xff, 0xff, 0xb0, 0x0, 0xef, 0xa0, 0x0,
    0xf, 0xfa, 0x0, 0x0, 0x0, 0x8, 0xfc, 0xff,
    0xaf, 0xfa, 0x0, 0xff, 0x80, 0x0, 0xf, 0xfa,
    0x0, 0x0, 0x0, 0x1f, 0xf6, 0xff, 0x77, 0xff,
    0x71, 0xff, 0x70, 0x0, 0xf, 0xfa, 0x0, 0x0,
    0x0, 0x9f, 0xd1, 0xff, 0x70, 0xce, 0x23, 0xff,
    0x40, 0x0, 0xf, 0xfa, 0x0, 0x0, 0x3, 0xff,
    0x61, 0xff, 0x70, 0x24, 0x6, 0xff, 0x20, 0x0,
    0xf, 0xfa, 0x0, 0x0, 0xd, 0xfd, 0x1, 0xff,
    0x70, 0x0, 0xa, 0xfe, 0x0, 0x0, 0xf, 0xfa,
    0x0, 0x10, 0xc, 0xf5, 0x1, 0xff, 0x70, 0x0,
    0xf, 0xfa, 0x0, 0x0, 0xf, 0xfa, 0x2, 0xe7,
    0x3, 0xb0, 0x1, 0xff, 0x70, 0x0, 0x6f, 0xf5,
    0x0, 0x0, 0xf, 0xfa, 0x2, 0xfd, 0x0, 0x0,
    0x1, 0xff, 0x70, 0x0, 0xdf, 0xe0, 0x0, 0x0,
    0xf, 0xfa, 0x3, 0xfc, 0x0, 0x0, 0x1, 0xff,
    0x70, 0x7, 0xff, 0x70, 0x0, 0x0, 0xf, 0xfa,
    0x4, 0xfb, 0x0, 0x0, 0x1, 0xff, 0x70, 0x3f,
    0xfd, 0x0, 0x0, 0x0, 0xe, 0xfe, 0x7b, 0xf9,
    0x0, 0x0, 0x1, 0xff, 0x70, 0xdf, 0xf3, 0x0,
    0x0, 0x0, 0xc, 0xff, 0xff, 0xf6, 0x0, 0x0,
    0x1, 0xff, 0x70, 0x1a, 0x50, 0x0, 0x0, 0x0,
    0x2, 0xcf, 0xff, 0xa0,

    /* U+675F "束" */
    0x0, 0x0, 0x0, 0x0, 0x0, 0x0, 0x8c, 0xc1,
    0x0, 0x0, 0x0, 0x0, 0x0, 0x0, 0x0, 0x0,
    0x0, 0x0, 0x0, 0xa, 0xff, 0x20, 0x0, 0x0,
    0x0, 0x0, 0x0, 0x0, 0x0, 0x0, 0x0, 0x0,
    0x0, 0xaf, 0xf2, 0x0, 0x0, 0x0, 0x0, 0x0,
    0x0, 0x2f, 0xff, 0xff, 0xff, 0xff, 0xff, 0xff,
    0xff, 0xff, 0xff, 0xff, 0xff, 0xc0, 0x2, 0xff,
    0xff, 0xff, 0xff, 0xff, 0xff, 0xff, 0xff, 0xff,
    0xff, 0xff, 0xfc, 0x0, 0x17, 0x77, 0x77, 0x77,
    0x77, 0x7d, 0xff, 0x87, 0x77, 0x77, 0x77, 0x77,
    0x60, 0x0, 0x0, 0x0, 0x0, 0x0, 0x0, 0xaf,
    0xf2, 0x0, 0x0, 0x0, 0x0, 0x0, 0x0, 0x0,
    0x0, 0x0, 0x0, 0x0, 0xa, 0xff, 0x20, 0x0,
    0x0, 0x0, 0x0, 0x0, 0x0, 0x0, 0x77, 0x77,
    0x77, 0x77, 0xcf, 0xf8, 0x77, 0x77, 0x77, 0x77,
    0x0, 0x0, 0x0, 0xf, 0xff, 0xff, 0xff, 0xff,
    0xff, 0xff, 0xff, 0xff, 0xff, 0xf1, 0x0, 0x0,
    0x0, 0xff, 0xfe, 0xee, 0xee, 0xff, 0xfe, 0xee,
    0xee, 0xef, 0xff, 0x10, 0x0, 0x0, 0xf, 0xf8,
    0x0, 0x0, 0xa, 0xff, 0x20, 0x0, 0x0, 0xaf,
    0xf1, 0x0, 0x0, 0x0, 0xff, 0x80, 0x0, 0x0,
    0xaf, 0xf2, 0x0, 0x0, 0xa, 0xff, 0x10, 0x0,
    0x0, 0xf, 0xf8, 0x0, 0x0, 0xa, 0xff, 0x20,
    0x0, 0x0, 0xaf, 0xf1, 0x0, 0x0, 0x0, 0xff,
    0xb6, 0x66, 0x66, 0xcf, 0xf8, 0x66, 0x66, 0x6c,
    0xff, 0x10, 0x0, 0x0, 0xf, 0xff, 0xff, 0xff,
    0xff, 0xff, 0xff, 0xff, 0xff, 0xff, 0xf1, 0x0,
    0x0, 0x0, 0xff, 0xff, 0xff, 0xff, 0xff, 0xff,
    0xff, 0xff, 0xff, 0xff, 0x10, 0x0, 0x0, 0x0,
    0x0, 0x0, 0xa, 0xff, 0xff, 0xff, 0x40, 0x0,
    0x0, 0x0, 0x0, 0x0, 0x0, 0x0, 0x0, 0x1b,
    0xff, 0xff, 0xff, 0xff, 0x60, 0x0, 0x0, 0x0,
    0x0, 0x0, 0x0, 0x0, 0x3e, 0xff, 0xaa, 0xff,
    0x4e, 0xff, 0xa1, 0x0, 0x0, 0x0, 0x0, 0x0,
    0x1, 0x9f, 0xff, 0x90, 0xaf, 0xf2, 0x1c, 0xff,
    0xe5, 0x0, 0x0, 0x0, 0x0, 0x7, 0xef, 0xff,
    0x50, 0xa, 0xff, 0x20, 0x9, 0xff, 0xfc, 0x40,
    0x0, 0x2, 0x8e, 0xff, 0xfc, 0x20, 0x0, 0xaf,
    0xf2, 0x0, 0x5, 0xef, 0xff, 0xd6, 0x10, 0xbf,
    0xff, 0xe5, 0x0, 0x0, 0xa, 0xff, 0x20, 0x0,
    0x1, 0x9f, 0xff, 0xf7, 0x0, 0xde, 0x70, 0x0,
    0x0, 0x0, 0xaf, 0xf2, 0x0, 0x0, 0x0, 0x29,
    0xf9, 0x0, 0x1, 0x0, 0x0, 0x0, 0x0, 0xa,
    0xff, 0x20, 0x0, 0x0, 0x0, 0x1, 0x0,

    /* U+6761 "条" */
    0x0, 0x0, 0x0, 0x0, 0x1, 0x96, 0x30, 0x0,
    0x0, 0x0, 0x0, 0x0, 0x0, 0x0, 0x0, 0x0,
    0x0, 0x0, 0xaf, 0xf9, 0x0, 0x0, 0x0, 0x0,
    0x0, 0x0, 0x0, 0x0, 0x0, 0x0, 0x0, 0x7f,
    0xfe, 0x33, 0x33, 0x33, 0x33, 0x20, 0x0, 0x0,
    0x0, 0x0, 0x0, 0x0, 0x6f, 0xff, 0xff, 0xff,
    0xff, 0xff, 0xff, 0xa0, 0x0, 0x0, 0x0, 0x0,
    0x0, 0x7f, 0xff, 0xff, 0xff, 0xff, 0xff, 0xff,
    0xfb, 0x0, 0x0, 0x0, 0x0, 0x1, 0xaf, 0xff,
    0xe3, 0x11, 0x11, 0x11, 0x6f, 0xfe, 0x10, 0x0,
    0x0, 0x0, 0x5, 0xef, 0xfe, 0xff, 0xe2, 0x0,
    0x0, 0x6f, 0xff, 0x30, 0x0, 0x0, 0x0, 0xc,
    0xff, 0xfb, 0x15, 0xff, 0xf6, 0x0, 0xaf, 0xff,
    0x40, 0x0, 0x0, 0x0, 0x0, 0x4f, 0xf6, 0x0,
    0x4, 0xef, 0xfc, 0xef, 0xfe, 0x30, 0x0, 0x0,
    0x0, 0x0, 0x0, 0x41, 0x0, 0x0, 0x2, 0xef,
    0xff, 0xfd, 0x10, 0x0, 0x0, 0x0, 0x0, 0x0,
    0x0, 0x0, 0x0, 0x39, 0xef, 0xff, 0xff, 0xfe,
    0x83, 0x0, 0x0, 0x0, 0x0, 0x0, 0x2, 0x6a,
    0xef, 0xff, 0xfd, 0x68, 0xef, 0xff, 0xfe, 0xb7,
    0x41, 0x0, 0x19, 0xcf, 0xff, 0xff, 0xff, 0xa4,
    0x0, 0x0, 0x6c, 0xff, 0xff, 0xff, 0xfe, 0x70,
    0xbf, 0xff, 0xfe, 0xa5, 0x10, 0x8, 0xdd, 0x10,
    0x1, 0x6a, 0xef, 0xff, 0xe0, 0x4, 0xc9, 0x62,
    0x0, 0x0, 0x0, 0x9f, 0xf1, 0x0, 0x0, 0x0,
    0x25, 0x84, 0x0, 0x0, 0x2, 0x22, 0x22, 0x22,
    0x2a, 0xff, 0x42, 0x22, 0x22, 0x22, 0x20, 0x0,
    0x0, 0x2, 0xff, 0xff, 0xff, 0xff, 0xff, 0xff,
    0xff, 0xff, 0xff, 0xfd, 0x0, 0x0, 0x0, 0x2f,
    0xff, 0xff, 0xff, 0xff, 0xff, 0xff, 0xff, 0xff,
    0xff, 0xd0, 0x0, 0x0, 0x0, 0x22, 0x22, 0x22,
    0x22, 0xaf, 0xf3, 0x22, 0x22, 0x22, 0x21, 0x0,
    0x0, 0x0, 0x0, 0x0, 0xbc, 0x50, 0x9, 0xff,
    0x10, 0x9, 0xd2, 0x0, 0x0, 0x0, 0x0, 0x0,
    0x1, 0xbf, 0xf5, 0x0, 0x9f, 0xf1, 0x4, 0xff,
    0xf4, 0x0, 0x0, 0x0, 0x0, 0x3, 0xdf, 0xf6,
    0x0, 0x9, 0xff, 0x10, 0x3, 0xef, 0xf5, 0x0,
    0x0, 0x0, 0x8, 0xff, 0xf5, 0x0, 0x0, 0x9f,
    0xf1, 0x0, 0x2, 0xef, 0xf6, 0x0, 0x0, 0x7,
    0xff, 0xe4, 0x0, 0x24, 0x3b, 0xff, 0x10, 0x0,
    0x2, 0xef, 0xf3, 0x0, 0x0, 0x9, 0xb1, 0x0,
    0x3, 0xff, 0xff, 0xf0, 0x0, 0x0, 0x2, 0xf9,
    0x0, 0x0, 0x0, 0x0, 0x0, 0x0, 0xe, 0xff,
    0xd4, 0x0, 0x0, 0x0, 0x1, 0x0, 0x0, 0x0,
    0x0, 0x0, 0x0, 0x0, 0x0, 0x0, 0x0, 0x0,
    0x0, 0x0, 0x0, 0x0, 0x0,

    /* U+6765 "来" */
    0x0, 0x0, 0x0, 0x0, 0x0, 0x2, 0xbb, 0x70,
    0x0, 0x0, 0x0, 0x0, 0x0, 0x0, 0x0, 0x0,
    0x0, 0x0, 0x0, 0x3f, 0xfa, 0x0, 0x0, 0x0,
    0x0, 0x0, 0x0, 0x0, 0x0, 0x0, 0x0, 0x0,
    0x3, 0xff, 0xa0, 0x0, 0x0, 0x0, 0x0, 0x0,
    0x0, 0x7, 0x88, 0x88, 0x88, 0x88, 0x9f, 0xfd,
    0x88, 0x88, 0x88, 0x88, 0x84, 0x0, 0x0, 0xef,
    0xff, 0xff, 0xff, 0xff, 0xff, 0xff, 0xff, 0xff,
    0xff, 0xff, 0x90, 0x0, 0xe, 0xff, 0xff, 0xff,
    0xff, 0xff, 0xff, 0xff, 0xff, 0xff, 0xff, 0xf9,
    0x0, 0x0, 0x0, 0x4, 0x60, 0x0, 0x3, 0xff,
    0xa0, 0x0, 0x1, 0xa5, 0x10, 0x0, 0x0, 0x0,
    0x9, 0xff, 0x30, 0x0, 0x3f, 0xfa, 0x0, 0x0,
    0x5f, 0xfa, 0x0, 0x0, 0x0, 0x0, 0x2f, 0xfc,
    0x0, 0x3, 0xff, 0xa0, 0x0, 0xc, 0xff, 0x20,
    0x0, 0x0, 0x0, 0x0, 0x9f, 0xf5, 0x0, 0x3f,
    0xfa, 0x0, 0x4, 0xff, 0x90, 0x0, 0x0, 0x0,
    0x0, 0x2, 0xff, 0xb0, 0x3, 0xff, 0xa0, 0x0,
    0xcf, 0xe1, 0x0, 0x0, 0x0, 0x0, 0x0, 0xb,
    0xfa, 0x0, 0x3f, 0xfa, 0x0, 0x3f, 0xf5, 0x0,
    0x0, 0x0, 0x28, 0x88, 0x88, 0xa9, 0x88, 0x89,
    0xff, 0xd8, 0x88, 0x8c, 0x88, 0x88, 0x85, 0x4,
    0xff, 0xff, 0xff, 0xff, 0xff, 0xff, 0xff, 0xff,
    0xff, 0xff, 0xff, 0xff, 0xb0, 0x4f, 0xff, 0xff,
    0xff, 0xff, 0xff, 0xff, 0xff, 0xff, 0xff, 0xff,
    0xff, 0xfb, 0x0, 0x0, 0x0, 0x0, 0x0, 0x4f,
    0xff, 0xff, 0xfb, 0x0, 0x0, 0x0, 0x0, 0x0,
    0x0, 0x0, 0x0, 0x0, 0x3f, 0xff, 0xff, 0xff,
    0xf9, 0x0, 0x0, 0x0, 0x0, 0x0, 0x0, 0x0,
    0x0, 0x3e, 0xff, 0x6f, 0xfa, 0xaf, 0xf9, 0x0,
    0x0, 0x0, 0x0, 0x0, 0x0, 0x0, 0x4f, 0xff,
    0x43, 0xff, 0xa0, 0xcf, 0xfa, 0x0, 0x0, 0x0,
    0x0, 0x0, 0x0, 0x7f, 0xff, 0x50, 0x3f, 0xfa,
    0x0, 0xcf, 0xfc, 0x10, 0x0, 0x0, 0x0, 0x2,
    0xcf, 0xff, 0x40, 0x3, 0xff, 0xa0, 0x0, 0xcf,
    0xff, 0x50, 0x0, 0x0, 0x7, 0xff, 0xfe, 0x30,
    0x0, 0x3f, 0xfa, 0x0, 0x0, 0xaf, 0xff, 0xb2,
    0x0, 0x6e, 0xff, 0xfb, 0x10, 0x0, 0x3, 0xff,
    0xa0, 0x0, 0x0, 0x7f, 0xff, 0xfa, 0x13, 0xff,
    0xf7, 0x0, 0x0, 0x0, 0x3f, 0xfa, 0x0, 0x0,
    0x0, 0x3d, 0xff, 0xb0, 0x5, 0xa1, 0x0, 0x0,
    0x0, 0x3, 0xff, 0xa0, 0x0, 0x0, 0x0, 0x7,
    0xc0, 0x0, 0x0, 0x0, 0x0, 0x0, 0x0, 0x3f,
    0xfa, 0x0, 0x0, 0x0, 0x0, 0x0, 0x0,

    /* U+677F "板" */
    0x0, 0x0, 0x9, 0xa5, 0x0, 0x0, 0x0, 0x0,
    0x0, 0x0, 0x0, 0x0, 0x10, 0x0, 0x0, 0x0,
    0xe, 0xf8, 0x0, 0x0, 0x0, 0x0, 0x0, 0x0,
    0x26, 0xae, 0xe1, 0x0, 0x0, 0x0, 0xe, 0xf8,
    0x0, 0x1, 0x44, 0x68, 0x9b, 0xdf, 0xff, 0xff,
    0xfd, 0x0, 0x0, 0x0, 0xe, 0xf8, 0x0, 0x3,
    0xff, 0xff, 0xff, 0xff, 0xff, 0xea, 0x61, 0x0,
    0x0, 0x0, 0xe, 0xf8, 0x0, 0x3, 0xff, 0xfd,
    0xca, 0x86, 0x41, 0x0, 0x0, 0x0, 0x2, 0x44,
    0x4f, 0xfa, 0x44, 0x33, 0xff, 0x50, 0x0, 0x0,
    0x0, 0x0, 0x0, 0x0, 0xa, 0xff, 0xff, 0xff,
    0xff, 0xb3, 0xff, 0x50, 0x0, 0x0, 0x0, 0x0,
    0x0, 0x0, 0xa, 0xff, 0xff, 0xff, 0xff, 0xb3,
    0xff, 0x50, 0x0, 0x0, 0x0, 0x0, 0x0, 0x0,
    0x2, 0x44, 0x6f, 0xfa, 0x44, 0x33, 0xff, 0xa7,
    0x77, 0x77, 0x77, 0x78, 0x61, 0x0, 0x0, 0x0,
    0x6f, 0xfd, 0x0, 0x3, 0xff, 0xff, 0xff, 0xff,
    0xff, 0xff, 0xf8, 0x0, 0x0, 0x0, 0xbf, 0xff,
    0x90, 0x3, 0xff, 0xff, 0xff, 0xff, 0xff, 0xff,
    0xf5, 0x0, 0x0, 0x0, 0xff, 0xff, 0xf3, 0x3,
    0xff, 0x5f, 0xf5, 0x0, 0x0, 0x7f, 0xf1, 0x0,
    0x0, 0x5, 0xff, 0xfd, 0xfd, 0x4, 0xff, 0x4b,
    0xfa, 0x0, 0x0, 0xcf, 0xd0, 0x0, 0x0, 0xc,
    0xff, 0xf8, 0xcf, 0x95, 0xff, 0x37, 0xff, 0x0,
    0x1, 0xff, 0x90, 0x0, 0x0, 0x3f, 0xbe, 0xf8,
    0x5f, 0x66, 0xff, 0x21, 0xff, 0x60, 0x7, 0xff,
    0x30, 0x0, 0x0, 0xaf, 0x6e, 0xf8, 0x7, 0x8,
    0xff, 0x0, 0xcf, 0xc0, 0xe, 0xfd, 0x0, 0x0,
    0x2, 0xff, 0xe, 0xf8, 0x0, 0xa, 0xfe, 0x0,
    0x5f, 0xf4, 0x7f, 0xf6, 0x0, 0x0, 0xc, 0xf9,
    0xe, 0xf8, 0x0, 0xd, 0xfc, 0x0, 0xe, 0xfd,
    0xff, 0xe0, 0x0, 0x0, 0x2f, 0xf2, 0xe, 0xf8,
    0x0, 0xf, 0xf9, 0x0, 0x6, 0xff, 0xff, 0x50,
    0x0, 0x0, 0xa, 0xa0, 0xe, 0xf8, 0x0, 0x4f,
    0xf5, 0x0, 0x0, 0xef, 0xfb, 0x0, 0x0, 0x0,
    0x2, 0x10, 0xe, 0xf8, 0x0, 0x9f, 0xf1, 0x0,
    0x7, 0xff, 0xfe, 0x20, 0x0, 0x0, 0x0, 0x0,
    0xe, 0xf8, 0x0, 0xef, 0xc0, 0x0, 0x9f, 0xff,
    0xff, 0xe3, 0x0, 0x0, 0x0, 0x0, 0xe, 0xf8,
    0x5, 0xff, 0x70, 0x2c, 0xff, 0xf3, 0xaf, 0xff,
    0x70, 0x0, 0x0, 0x0, 0xe, 0xf8, 0xd, 0xff,
    0x39, 0xff, 0xfd, 0x20, 0xa, 0xff, 0xfd, 0x50,
    0x0, 0x0, 0xe, 0xf8, 0x6f, 0xf8, 0x2f, 0xff,
    0x90, 0x0, 0x0, 0x7f, 0xff, 0x80, 0x0, 0x0,
    0xe, 0xf8, 0x5, 0xd1, 0x6, 0xc3, 0x0, 0x0,
    0x0, 0x2, 0xbb, 0x0, 0x0, 0x0, 0x0, 0x0,
    0x0, 0x0, 0x0, 0x0, 0x0, 0x0, 0x0, 0x0,
    0x0, 0x0,

    /* U+67E5 "查" */
    0x0, 0x0, 0x0, 0x0, 0x0, 0x0, 0x3a, 0xa2,
    0x0, 0x0, 0x0, 0x0, 0x0, 0x0, 0x0, 0x0,
    0x0, 0x0, 0x0, 0x0, 0x6f, 0xf3, 0x0, 0x0,
    0x0, 0x0, 0x0, 0x0, 0x0, 0x0, 0x0, 0x0,
    0x0, 0x0, 0x6f, 0xf3, 0x0, 0x0, 0x0, 0x0,
    0x0, 0x0, 0x1, 0x44, 0x44, 0x44, 0x44, 0x44,
    0x8f, 0xf7, 0x44, 0x44, 0x44, 0x44, 0x44, 0x20,
    0x7, 0xff, 0xff, 0xff, 0xff, 0xff, 0xff, 0xff,
    0xff, 0xff, 0xff, 0xff, 0xff, 0x70, 0x7, 0xff,
    0xff, 0xff, 0xff, 0xff, 0xff, 0xff, 0xff, 0xff,
    0xff, 0xff, 0xff, 0x70, 0x0, 0x0, 0x0, 0x0,
    0x9, 0xff, 0xef, 0xfd, 0xff, 0x60, 0x0, 0x0,
    0x0, 0x0, 0x0, 0x0, 0x0, 0x0, 0xaf, 0xfb,
    0x6f, 0xf4, 0xbf, 0xf8, 0x0, 0x0, 0x0, 0x0,
    0x0, 0x0, 0x0, 0x2c, 0xff, 0xa0, 0x6f, 0xf3,
    0xb, 0xff, 0xc2, 0x0, 0x0, 0x0, 0x0, 0x0,
    0x7, 0xff, 0xf9, 0x0, 0x6f, 0xf3, 0x0, 0x8f,
    0xff, 0x81, 0x0, 0x0, 0x0, 0x6, 0xef, 0xff,
    0x50, 0x0, 0x6f, 0xf3, 0x0, 0x5, 0xef, 0xfe,
    0x81, 0x0, 0x8, 0xef, 0xff, 0xb2, 0x0, 0x0,
    0x38, 0x82, 0x0, 0x0, 0x1a, 0xff, 0xff, 0x90,
    0x6, 0xff, 0xd5, 0xcc, 0xcc, 0xcc, 0xcc, 0xcc,
    0xcc, 0xcc, 0xca, 0x3b, 0xff, 0x20, 0x0, 0x75,
    0x0, 0xff, 0xff, 0xff, 0xff, 0xff, 0xff, 0xff,
    0xfe, 0x0, 0x23, 0x0, 0x0, 0x0, 0x0, 0xff,
    0xa0, 0x0, 0x0, 0x0, 0x0, 0xd, 0xfe, 0x0,
    0x0, 0x0, 0x0, 0x0, 0x0, 0xff, 0xa0, 0x0,
    0x0, 0x0, 0x0, 0xd, 0xfe, 0x0, 0x0, 0x0,
    0x0, 0x0, 0x0, 0xff, 0xff, 0xff, 0xff, 0xff,
    0xff, 0xff, 0xfe, 0x0, 0x0, 0x0, 0x0, 0x0,
    0x0, 0xff, 0xed, 0xdd, 0xdd, 0xdd, 0xdd, 0xdf,
    0xfe, 0x0, 0x0, 0x0, 0x0, 0x0, 0x0, 0xff,
    0xa0, 0x0, 0x0, 0x0, 0x0, 0xd, 0xfe, 0x0,
    0x0, 0x0, 0x0, 0x0, 0x0, 0xff, 0xa0, 0x0,
    0x0, 0x0, 0x0, 0xd, 0xfe, 0x0, 0x0, 0x0,
    0x0, 0x0, 0x0, 0xff, 0xff, 0xff, 0xff, 0xff,
    0xff, 0xff, 0xfe, 0x0, 0x0, 0x0, 0x0, 0x0,
    0x0, 0xcc, 0xcc, 0xcc, 0xcc, 0xcc, 0xcc, 0xcc,
    0xca, 0x0, 0x0, 0x0, 0x0, 0x0, 0x0, 0x0,
    0x0, 0x0, 0x0, 0x0, 0x0, 0x0, 0x0, 0x0,
    0x0, 0x0, 0x1, 0xff, 0xff, 0xff, 0xff, 0xff,
    0xff, 0xff, 0xff, 0xff, 0xff, 0xff, 0xff, 0x20,
    0x1, 0xff, 0xff, 0xff, 0xff, 0xff, 0xff, 0xff,
    0xff, 0xff, 0xff, 0xff, 0xff, 0x30, 0x0, 0x66,
    0x66, 0x66, 0x66, 0x66, 0x66, 0x66, 0x66, 0x66,
    0x66, 0x66, 0x66, 0x10,

    /* U+6807 "标" */
    0x0, 0x0, 0x7, 0xba, 0x0, 0x0, 0x0, 0x0,
    0x0, 0x0, 0x0, 0x0, 0x0, 0x0, 0x0, 0x0,
    0xb, 0xfe, 0x0, 0x0, 0x0, 0x0, 0x0, 0x0,
    0x0, 0x0, 0x0, 0x0, 0x0, 0x0, 0xb, 0xfe,
    0x0, 0x0, 0x7, 0x88, 0x88, 0x88, 0x88, 0x88,
    0x82, 0x0, 0x0, 0x0, 0xb, 0xfe, 0x0, 0x0,
    0xf, 0xff, 0xff, 0xff, 0xff, 0xff, 0xf5, 0x0,
    0x0, 0x0, 0xb, 0xfe, 0x0, 0x0, 0xe, 0xff,
    0xff, 0xff, 0xff, 0xff, 0xf5, 0x0, 0x0, 0x0,
    0xb, 0xfe, 0x0, 0x0, 0x0, 0x0, 0x0, 0x0,
    0x0, 0x0, 0x0, 0x0, 0xc, 0xff, 0xff, 0xff,
    0xff, 0xf6, 0x0, 0x0, 0x0, 0x0, 0x0, 0x0,
    0x0, 0x0, 0xc, 0xff, 0xff, 0xff, 0xff, 0xf6,
    0x0, 0x0, 0x0, 0x0, 0x0, 0x0, 0x0, 0x0,
    0x6, 0x88, 0xaf, 0xff, 0x88, 0x84, 0x33, 0x33,
    0x33, 0x33, 0x33, 0x33, 0x33, 0x20, 0x0, 0x0,
    0x8f, 0xff, 0x40, 0x3, 0xff, 0xff, 0xff, 0xff,
    0xff, 0xff, 0xff, 0xd0, 0x0, 0x0, 0xdf, 0xff,
    0xf2, 0x3, 0xff, 0xff, 0xff, 0xff, 0xff, 0xff,
    0xff, 0xd0, 0x0, 0x2, 0xff, 0xff, 0xfd, 0x10,
    0x44, 0x44, 0x49, 0xff, 0x74, 0x44, 0x44, 0x30,
    0x0, 0x8, 0xff, 0xfe, 0xcf, 0xb0, 0x0, 0x0,
    0x6, 0xff, 0x40, 0x0, 0x0, 0x0, 0x0, 0xe,
    0xfe, 0xfe, 0x2f, 0xf7, 0x0, 0x0, 0x6, 0xff,
    0x40, 0x0, 0x0, 0x0, 0x0, 0x7f, 0xdb, 0xfe,
    0x8, 0xf2, 0x8, 0x84, 0x6, 0xff, 0x40, 0x6c,
    0x20, 0x0, 0x0, 0xef, 0x7b, 0xfe, 0x0, 0x50,
    0xe, 0xf9, 0x6, 0xff, 0x40, 0xef, 0x90, 0x0,
    0x9, 0xff, 0x1b, 0xfe, 0x0, 0x0, 0x3f, 0xf5,
    0x6, 0xff, 0x40, 0x8f, 0xf1, 0x0, 0x3f, 0xf9,
    0xb, 0xfe, 0x0, 0x0, 0x9f, 0xf0, 0x6, 0xff,
    0x40, 0x2f, 0xf6, 0x0, 0xd, 0xf1, 0xb, 0xfe,
    0x0, 0x0, 0xef, 0x90, 0x6, 0xff, 0x40, 0xd,
    0xfc, 0x0, 0x5, 0x70, 0xb, 0xfe, 0x0, 0x6,
    0xff, 0x30, 0x6, 0xff, 0x40, 0x7, 0xff, 0x20,
    0x0, 0x0, 0xb, 0xfe, 0x0, 0xe, 0xfc, 0x0,
    0x6, 0xff, 0x40, 0x2, 0xff, 0x70, 0x0, 0x0,
    0xb, 0xfe, 0x0, 0x8f, 0xf4, 0x0, 0x6, 0xff,
    0x40, 0x0, 0xef, 0xb0, 0x0, 0x0, 0xb, 0xfe,
    0x0, 0x7f, 0xc0, 0x0, 0x6, 0xff, 0x40, 0x0,
    0xaf, 0xd0, 0x0, 0x0, 0xb, 0xfe, 0x0, 0x2,
    0x20, 0x7a, 0x9d, 0xff, 0x40, 0x0, 0x45, 0x0,
    0x0, 0x0, 0xb, 0xfe, 0x0, 0x0, 0x0, 0x6f,
    0xff, 0xff, 0x10, 0x0, 0x0, 0x0, 0x0, 0x0,
    0xb, 0xfe, 0x0, 0x0, 0x0, 0x2f, 0xff, 0xc4,
    0x0, 0x0, 0x0, 0x0, 0x0, 0x0, 0x1, 0x22,
    0x0, 0x0, 0x0, 0x0, 0x0, 0x0, 0x0, 0x0,
    0x0, 0x0,

    /* U+6821 "校" */
    0x0, 0x0, 0xa, 0xb5, 0x0, 0x0, 0x0, 0x0,
    0x4a, 0x70, 0x0, 0x0, 0x0, 0x0, 0x0, 0x0,
    0xe, 0xf8, 0x0, 0x0, 0x0, 0x0, 0xcf, 0xf3,
    0x0, 0x0, 0x0, 0x0, 0x0, 0x0, 0xe, 0xf8,
    0x0, 0x0, 0x0, 0x0, 0x2f, 0xfd, 0x0, 0x0,
    0x0, 0x0, 0x0, 0x0, 0xe, 0xf8, 0x0, 0x0,
    0x0, 0x0, 0x9, 0xfe, 0x20, 0x0, 0x0, 0x0,
    0x0, 0x0, 0xe, 0xf8, 0x0, 0x9, 0xaa, 0xaa,
    0xab, 0xfa, 0xaa, 0xaa, 0xaa, 0x50, 0x0, 0x0,
    0xe, 0xf8, 0x0, 0xe, 0xff, 0xff, 0xff, 0xff,
    0xff, 0xff, 0xff, 0x80, 0x6, 0xff, 0xff, 0xff,
    0xff, 0x7b, 0xcc, 0xcc, 0xcc, 0xcc, 0xcc, 0xcc,
    0xcc, 0x60, 0x7, 0xff, 0xff, 0xff, 0xff, 0x80,
    0x0, 0x76, 0x0, 0x0, 0x2c, 0x40, 0x0, 0x0,
    0x3, 0x88, 0xcf, 0xfc, 0x88, 0x40, 0x2, 0xff,
    0xb0, 0x0, 0xdf, 0xf4, 0x0, 0x0, 0x0, 0x0,
    0xaf, 0xf9, 0x0, 0x0, 0xc, 0xff, 0x30, 0x0,
    0x2e, 0xff, 0x30, 0x0, 0x0, 0x0, 0xef, 0xff,
    0x20, 0x0, 0x9f, 0xf7, 0x0, 0x0, 0x3, 0xff,
    0xe2, 0x0, 0x0, 0x2, 0xff, 0xff, 0xb0, 0x7,
    0xff, 0xa0, 0x0, 0x0, 0x0, 0x5f, 0xfd, 0x0,
    0x0, 0x7, 0xff, 0xff, 0xf5, 0x8f, 0xff, 0x96,
    0x0, 0x0, 0x2b, 0x7a, 0xff, 0x60, 0x0, 0xd,
    0xff, 0xfb, 0xfe, 0x3e, 0xcb, 0xfe, 0x0, 0x0,
    0x8f, 0xf4, 0xc8, 0x0, 0x0, 0x3f, 0xce, 0xf8,
    0xbf, 0x82, 0x3, 0xff, 0x60, 0x0, 0xef, 0xd0,
    0x0, 0x0, 0x0, 0xaf, 0x7e, 0xf8, 0x4f, 0x60,
    0x0, 0xcf, 0xe0, 0x6, 0xff, 0x70, 0x0, 0x0,
    0x2, 0xff, 0x1e, 0xf8, 0x7, 0x0, 0x0, 0x4f,
    0xf9, 0xe, 0xfe, 0x0, 0x0, 0x0, 0xa, 0xfb,
    0xe, 0xf8, 0x0, 0x0, 0x0, 0xb, 0xff, 0xcf,
    0xf7, 0x0, 0x0, 0x0, 0x2f, 0xf4, 0xe, 0xf8,
    0x0, 0x0, 0x0, 0x1, 0xff, 0xff, 0xd0, 0x0,
    0x0, 0x0, 0xc, 0xd0, 0xe, 0xf8, 0x0, 0x0,
    0x0, 0x0, 0x8f, 0xff, 0x50, 0x0, 0x0, 0x0,
    0x5, 0x50, 0xe, 0xf8, 0x0, 0x0, 0x0, 0x4,
    0xff, 0xff, 0xf5, 0x0, 0x0, 0x0, 0x0, 0x0,
    0xe, 0xf8, 0x0, 0x0, 0x0, 0x7f, 0xff, 0xcf,
    0xff, 0x91, 0x0, 0x0, 0x0, 0x0, 0xe, 0xf8,
    0x0, 0x0, 0x3c, 0xff, 0xf5, 0x8, 0xff, 0xff,
    0x71, 0x0, 0x0, 0x0, 0xe, 0xf8, 0x0, 0x3a,
    0xff, 0xfd, 0x20, 0x0, 0x5e, 0xff, 0xff, 0x90,
    0x0, 0x0, 0xe, 0xf8, 0x0, 0xaf, 0xff, 0x80,
    0x0, 0x0, 0x1, 0x9f, 0xff, 0x30, 0x0, 0x0,
    0xe, 0xf8, 0x0, 0xd, 0x91, 0x0, 0x0, 0x0,
    0x0, 0x2, 0x87, 0x0, 0x0, 0x0, 0x0, 0x0,
    0x0, 0x0, 0x0, 0x0, 0x0, 0x0, 0x0, 0x0,
    0x0, 0x0,

    /* U+6839 "根" */
    0x0, 0x0, 0x4, 0xa9, 0x0, 0x0, 0x0, 0x0,
    0x0, 0x0, 0x0, 0x0, 0x0, 0x0, 0x0, 0x0,
    0x7, 0xfe, 0x0, 0x0, 0x46, 0x76, 0x66, 0x66,
    0x66, 0x66, 0x30, 0x0, 0x0, 0x0, 0x7, 0xfe,
    0x0, 0x0, 0xbf, 0xff, 0xff, 0xff, 0xff, 0xff,
    0xa0, 0x0, 0x0, 0x0, 0x7, 0xfe, 0x0, 0x0,
    0xbf, 0xff, 0xff, 0xff, 0xff, 0xff, 0xa0, 0x0,
    0x0, 0x0, 0x7, 0xfe, 0x0, 0x0, 0xbf, 0xe0,
    0x0, 0x0, 0x0, 0xef, 0xa0, 0x0, 0x2, 0x33,
    0x39, 0xff, 0x33, 0x30, 0xbf, 0xe0, 0x0, 0x0,
    0x0, 0xef, 0xa0, 0x0, 0xa, 0xff, 0xff, 0xff,
    0xff, 0xf0, 0xbf, 0xe3, 0x33, 0x33, 0x33, 0xff,
    0xa0, 0x0, 0xa, 0xff, 0xff, 0xff, 0xff, 0xf0,
    0xbf, 0xff, 0xff, 0xff, 0xff, 0xff, 0xa0, 0x0,
    0x2, 0x33, 0x3d, 0xff, 0x33, 0x30, 0xbf, 0xff,
    0xff, 0xff, 0xff, 0xff, 0xa0, 0x0, 0x0, 0x0,
    0x1f, 0xff, 0x10, 0x0, 0xbf, 0xe0, 0x0, 0x0,
    0x0, 0xef, 0xa0, 0x0, 0x0, 0x0, 0x5f, 0xff,
    0xb0, 0x0, 0xbf, 0xe0, 0x0, 0x0, 0x0, 0xef,
    0xa0, 0x0, 0x0, 0x0, 0xaf, 0xff, 0xf6, 0x0,
    0xbf, 0xe3, 0x33, 0x33, 0x33, 0xff, 0xa0, 0x0,
    0x0, 0x1, 0xff, 0xff, 0xff, 0x10, 0xbf, 0xff,
    0xff, 0xff, 0xff, 0xff, 0xa0, 0x0, 0x0, 0x7,
    0xff, 0xfe, 0xaf, 0xb0, 0xbf, 0xff, 0xff, 0xff,
    0xff, 0xff, 0xa0, 0x0, 0x0, 0xd, 0xfb, 0xfe,
    0x2f, 0xe1, 0xbf, 0xe1, 0x1b, 0xfa, 0x11, 0x11,
    0x20, 0x0, 0x0, 0x5f, 0xd7, 0xfe, 0x9, 0x30,
    0xbf, 0xe0, 0x6, 0xfe, 0x0, 0x4, 0xf5, 0x0,
    0x0, 0xdf, 0x77, 0xfe, 0x0, 0x0, 0xbf, 0xe0,
    0x1, 0xff, 0x50, 0x7f, 0xff, 0x10, 0x8, 0xff,
    0x17, 0xfe, 0x0, 0x0, 0xbf, 0xe0, 0x0, 0xbf,
    0xcb, 0xff, 0xd2, 0x0, 0xd, 0xf9, 0x7, 0xfe,
    0x0, 0x0, 0xbf, 0xe0, 0x0, 0x4f, 0xff, 0xf9,
    0x0, 0x0, 0x4, 0xf1, 0x7, 0xfe, 0x0, 0x0,
    0xbf, 0xe0, 0x0, 0xc, 0xff, 0x40, 0x0, 0x0,
    0x0, 0x40, 0x7, 0xfe, 0x0, 0x0, 0xbf, 0xe0,
    0x0, 0x4, 0xff, 0xc0, 0x0, 0x0, 0x0, 0x0,
    0x7, 0xfe, 0x0, 0x0, 0xbf, 0xe0, 0x0, 0x12,
    0x9f, 0xfb, 0x0, 0x0, 0x0, 0x0, 0x7, 0xfe,
    0x0, 0x0, 0xbf, 0xf7, 0xae, 0xf8, 0xd, 0xff,
    0xd3, 0x0, 0x0, 0x0, 0x7, 0xfe, 0x0, 0x4,
    0xff, 0xff, 0xff, 0xf9, 0x1, 0xdf, 0xff, 0x90,
    0x0, 0x0, 0x7, 0xfe, 0x0, 0x8, 0xff, 0xff,
    0xb7, 0x30, 0x0, 0x1b, 0xff, 0x40, 0x0, 0x0,
    0x7, 0xfe, 0x0, 0x0, 0xd8, 0x30, 0x0, 0x0,
    0x0, 0x0, 0x67, 0x0, 0x0, 0x0, 0x0, 0x0,
    0x0, 0x0, 0x0, 0x0, 0x0, 0x0, 0x0, 0x0,
    0x0, 0x0,

    /* U+683C "格" */
    0x0, 0x0, 0x3, 0x66, 0x0, 0x0, 0x0, 0x0,
    0x41, 0x0, 0x0, 0x0, 0x0, 0x0, 0x0, 0x0,
    0x9, 0xfe, 0x0, 0x0, 0x0, 0x1, 0xff, 0x90,
    0x0, 0x0, 0x0, 0x0, 0x0, 0x0, 0x9, 0xfe,
    0x0, 0x0, 0x0, 0x9, 0xff, 0x40, 0x0, 0x0,
    0x0, 0x0, 0x0, 0x0, 0x9, 0xfe, 0x0, 0x0,
    0x0, 0x2f, 0xfe, 0x66, 0x66, 0x67, 0x20, 0x0,
    0x0, 0x0, 0x9, 0xfe, 0x0, 0x0, 0x0, 0xcf,
    0xff, 0xff, 0xff, 0xff, 0xf3, 0x0, 0x0, 0x0,
    0x9, 0xfe, 0x0, 0x0, 0x7, 0xff, 0xed, 0xdd,
    0xdd, 0xff, 0xe0, 0x0, 0x4, 0x88, 0x8c, 0xff,
    0x88, 0x82, 0x4f, 0xff, 0x50, 0x0, 0x5, 0xff,
    0x70, 0x0, 0x9, 0xff, 0xff, 0xff, 0xff, 0xf8,
    0xff, 0xff, 0xe1, 0x0, 0x1e, 0xfe, 0x0, 0x0,
    0x8, 0xff, 0xff, 0xff, 0xff, 0xff, 0xff, 0x8f,
    0xfb, 0x0, 0xaf, 0xf5, 0x0, 0x0, 0x0, 0x0,
    0xf, 0xff, 0x0, 0x5f, 0xf8, 0x6, 0xff, 0x98,
    0xff, 0xa0, 0x0, 0x0, 0x0, 0x0, 0x4f, 0xff,
    0x70, 0x3, 0x70, 0x0, 0xaf, 0xff, 0xfd, 0x0,
    0x0, 0x0, 0x0, 0x0, 0x9f, 0xff, 0xf5, 0x0,
    0x0, 0x0, 0xe, 0xff, 0xf3, 0x0, 0x0, 0x0,
    0x0, 0x0, 0xef, 0xff, 0xff, 0x30, 0x0, 0x2,
    0xcf, 0xff, 0xfe, 0x40, 0x0, 0x0, 0x0, 0x5,
    0xff, 0xfe, 0xaf, 0xe1, 0x0, 0x8f, 0xff, 0xc9,
    0xff, 0xfb, 0x30, 0x0, 0x0, 0xc, 0xfe, 0xfe,
    0x1e, 0xd2, 0x7e, 0xff, 0xf8, 0x0, 0x5e, 0xff,
    0xfc, 0x61, 0x0, 0x3f, 0xea, 0xfe, 0x6, 0xdf,
    0xff, 0xfc, 0x30, 0x0, 0x1, 0x9f, 0xff, 0xf3,
    0x0, 0xbf, 0x89, 0xfe, 0x0, 0xbf, 0xff, 0xff,
    0xff, 0xff, 0xff, 0xff, 0xff, 0x70, 0x5, 0xff,
    0x29, 0xfe, 0x0, 0x29, 0x4f, 0xff, 0xff, 0xff,
    0xff, 0xff, 0xf2, 0x0, 0x1e, 0xfa, 0x9, 0xfe,
    0x0, 0x0, 0x1f, 0xf8, 0x33, 0x33, 0x33, 0x9f,
    0xf1, 0x0, 0xd, 0xf2, 0x9, 0xfe, 0x0, 0x0,
    0x1f, 0xf6, 0x0, 0x0, 0x0, 0x7f, 0xf1, 0x0,
    0x4, 0x80, 0x9, 0xfe, 0x0, 0x0, 0x1f, 0xf6,
    0x0, 0x0, 0x0, 0x7f, 0xf1, 0x0, 0x0, 0x0,
    0x9, 0xfe, 0x0, 0x0, 0x1f, 0xf6, 0x0, 0x0,
    0x0, 0x7f, 0xf1, 0x0, 0x0, 0x0, 0x9, 0xfe,
    0x0, 0x0, 0x1f, 0xf6, 0x0, 0x0, 0x0, 0x7f,
    0xf1, 0x0, 0x0, 0x0, 0x9, 0xfe, 0x0, 0x0,
    0x1f, 0xff, 0xff, 0xff, 0xff, 0xff, 0xf1, 0x0,
    0x0, 0x0, 0x9, 0xfe, 0x0, 0x0, 0x1f, 0xff,
    0xff, 0xff, 0xff, 0xff, 0xf1, 0x0, 0x0, 0x0,
    0x9, 0xfe, 0x0, 0x0, 0x1f, 0xf8, 0x44, 0x44,
    0x44, 0x9f, 0xf1, 0x0, 0x0, 0x0, 0x0, 0x10,
    0x0, 0x0, 0x1, 0x10, 0x0, 0x0, 0x0, 0x0,
    0x0, 0x0,

    /* U+6863 "档" */
    0x0, 0x0, 0x6, 0x63, 0x0, 0x0, 0x0, 0x0,
    0x4, 0x53, 0x0, 0x0, 0x0, 0x0, 0x0, 0x0,
    0xef, 0x90, 0x0, 0x0, 0x0, 0x0, 0xef, 0xa0,
    0x0, 0x0, 0x0, 0x0, 0x0, 0xe, 0xf9, 0x0,
    0x1, 0x61, 0x0, 0xe, 0xfa, 0x0, 0x4, 0x51,
    0x0, 0x0, 0x0, 0xef, 0x90, 0x0, 0xef, 0x80,
    0x0, 0xef, 0xa0, 0x0, 0xcf, 0xe0, 0x0, 0x0,
    0xe, 0xf9, 0x0, 0x8, 0xfe, 0x0, 0xe, 0xfa,
    0x0, 0x2f, 0xf7, 0x0, 0x0, 0x0, 0xef, 0x90,
    0x0, 0x2f, 0xf6, 0x0, 0xef, 0xa0, 0x8, 0xff,
    0x10, 0x6, 0x88, 0x8f, 0xfc, 0x88, 0x70, 0xcf,
    0xc0, 0xe, 0xfa, 0x0, 0xef, 0x90, 0x0, 0xcf,
    0xff, 0xff, 0xff, 0xff, 0x6, 0xff, 0x20, 0xef,
    0xa0, 0x5f, 0xf2, 0x0, 0xb, 0xff, 0xff, 0xff,
    0xff, 0xe0, 0xf, 0xf6, 0xe, 0xfa, 0xc, 0xfb,
    0x0, 0x0, 0x0, 0x7, 0xff, 0x90, 0x0, 0x0,
    0x52, 0x0, 0xef, 0xa0, 0x49, 0x20, 0x0, 0x0,
    0x0, 0xbf, 0xfe, 0x10, 0x1, 0x11, 0x11, 0x1f,
    0xfa, 0x11, 0x11, 0x11, 0x0, 0x0, 0xf, 0xff,
    0xfb, 0x2, 0xff, 0xff, 0xff, 0xff, 0xff, 0xff,
    0xff, 0xb0, 0x0, 0x4, 0xff, 0xff, 0xf7, 0x2f,
    0xff, 0xff, 0xff, 0xff, 0xff, 0xff, 0xfb, 0x0,
    0x0, 0xaf, 0xff, 0xdf, 0xf3, 0x66, 0x66, 0x66,
    0x66, 0x66, 0x66, 0xef, 0xb0, 0x0, 0x1f, 0xef,
    0xf9, 0xaf, 0xd0, 0x0, 0x0, 0x0, 0x0, 0x0,
    0xe, 0xfb, 0x0, 0x7, 0xf9, 0xef, 0x92, 0xfc,
    0x0, 0x0, 0x0, 0x0, 0x0, 0x0, 0xef, 0xb0,
    0x0, 0xef, 0x3e, 0xf9, 0x8, 0x14, 0x66, 0x66,
    0x66, 0x66, 0x66, 0x6f, 0xfb, 0x0, 0x6f, 0xd0,
    0xef, 0x90, 0x0, 0xbf, 0xff, 0xff, 0xff, 0xff,
    0xff, 0xff, 0xb0, 0x1e, 0xf6, 0xe, 0xf9, 0x0,
    0xa, 0xff, 0xff, 0xff, 0xff, 0xff, 0xff, 0xfb,
    0x2, 0xfe, 0x0, 0xef, 0x90, 0x0, 0x0, 0x0,
    0x0, 0x0, 0x0, 0x0, 0xef, 0xb0, 0x8, 0x60,
    0xe, 0xf9, 0x0, 0x0, 0x0, 0x0, 0x0, 0x0,
    0x0, 0xe, 0xfb, 0x0, 0x0, 0x0, 0xef, 0x90,
    0x0, 0x0, 0x0, 0x0, 0x0, 0x0, 0x0, 0xef,
    0xb0, 0x0, 0x0, 0xe, 0xf9, 0x0, 0xbf, 0xff,
    0xff, 0xff, 0xff, 0xff, 0xff, 0xfb, 0x0, 0x0,
    0x0, 0xef, 0x90, 0xc, 0xff, 0xff, 0xff, 0xff,
    0xff, 0xff, 0xff, 0xb0, 0x0, 0x0, 0xe, 0xf9,
    0x0, 0x69, 0x99, 0x99, 0x99, 0x99, 0x99, 0x9f,
    0xfb, 0x0, 0x0, 0x0, 0xef, 0x90, 0x0, 0x0,
    0x0, 0x0, 0x0, 0x0, 0x0, 0xef, 0xb0,

    /* U+68CB "棋" */
    0x0, 0x0, 0x1c, 0xc5, 0x0, 0x0, 0x3, 0xcc,
    0x20, 0x0, 0x2, 0xcc, 0x40, 0x0, 0x0, 0x0,
    0x1f, 0xf7, 0x0, 0x0, 0x4, 0xff, 0x30, 0x0,
    0x3, 0xff, 0x50, 0x0, 0x0, 0x0, 0x1f, 0xf7,
    0x0, 0x0, 0x4, 0xff, 0x30, 0x0, 0x3, 0xff,
    0x50, 0x0, 0x0, 0x0, 0x1f, 0xf7, 0x0, 0x0,
    0x4, 0xff, 0x30, 0x0, 0x3, 0xff, 0x50, 0x0,
    0x0, 0x0, 0x1f, 0xf7, 0x0, 0xd, 0xff, 0xff,
    0xff, 0xff, 0xff, 0xff, 0xff, 0xd0, 0x5, 0x77,
    0x8f, 0xfb, 0x77, 0x4d, 0xff, 0xff, 0xff, 0xff,
    0xff, 0xff, 0xff, 0xe0, 0xb, 0xff, 0xff, 0xff,
    0xff, 0x85, 0x69, 0xff, 0x86, 0x66, 0x68, 0xff,
    0xa6, 0x50, 0xb, 0xff, 0xff, 0xff, 0xff, 0x80,
    0x4, 0xff, 0x30, 0x0, 0x3, 0xff, 0x50, 0x0,
    0x2, 0x33, 0x8f, 0xf9, 0x33, 0x20, 0x4, 0xff,
    0x41, 0x11, 0x14, 0xff, 0x50, 0x0, 0x0, 0x0,
    0x9f, 0xfa, 0x0, 0x0, 0x4, 0xff, 0xff, 0xff,
    0xff, 0xff, 0x50, 0x0, 0x0, 0x0, 0xdf, 0xff,
    0x50, 0x0, 0x4, 0xff, 0xff, 0xff, 0xff, 0xff,
    0x50, 0x0, 0x0, 0x2, 0xff, 0xff, 0xe1, 0x0,
    0x4, 0xff, 0x30, 0x0, 0x3, 0xff, 0x50, 0x0,
    0x0, 0x8, 0xff, 0xff, 0xfb, 0x0, 0x4, 0xff,
    0x30, 0x0, 0x3, 0xff, 0x50, 0x0, 0x0, 0xe,
    0xff, 0xf8, 0xff, 0x60, 0x4, 0xff, 0xff, 0xff,
    0xff, 0xff, 0x50, 0x0, 0x0, 0x5f, 0xdf, 0xf7,
    0x9f, 0x90, 0x4, 0xff, 0xff, 0xff, 0xff, 0xff,
    0x50, 0x0, 0x0, 0xcf, 0x8f, 0xf7, 0x1b, 0x0,
    0x4, 0xff, 0x40, 0x0, 0x4, 0xff, 0x50, 0x0,
    0x5, 0xff, 0x2f, 0xf7, 0x0, 0x0, 0x4, 0xff,
    0x30, 0x0, 0x3, 0xff, 0x50, 0x0, 0xd, 0xfa,
    0x1f, 0xf7, 0x0, 0x6f, 0xff, 0xff, 0xff, 0xff,
    0xff, 0xff, 0xff, 0xf2, 0x2f, 0xf3, 0x1f, 0xf7,
    0x0, 0x7f, 0xff, 0xff, 0xff, 0xff, 0xff, 0xff,
    0xff, 0xf2, 0x9, 0xb0, 0x1f, 0xf7, 0x0, 0x37,
    0x77, 0x7a, 0x77, 0x77, 0x77, 0x87, 0x77, 0x71,
    0x1, 0x20, 0x1f, 0xf7, 0x0, 0x0, 0x0, 0x5f,
    0xc2, 0x0, 0x3d, 0xe3, 0x0, 0x0, 0x0, 0x0,
    0x1f, 0xf7, 0x0, 0x0, 0x4, 0xff, 0xe2, 0x0,
    0x4f, 0xff, 0x40, 0x0, 0x0, 0x0, 0x1f, 0xf7,
    0x0, 0x0, 0x5f, 0xff, 0x30, 0x0, 0x3, 0xef,
    0xf5, 0x0, 0x0, 0x0, 0x1f, 0xf7, 0x0, 0x9,
    0xff, 0xf4, 0x0, 0x0, 0x0, 0x2e, 0xff, 0x60,
    0x0, 0x0, 0x1f, 0xf7, 0x0, 0x9f, 0xfd, 0x20,
    0x0, 0x0, 0x0, 0x2, 0xef, 0xf1, 0x0, 0x0,
    0x1f, 0xf7, 0x0, 0xb, 0xa0, 0x0, 0x0, 0x0,
    0x0, 0x0, 0x3c, 0x20, 0x0, 0x0, 0x0, 0x0,
    0x0, 0x0, 0x0, 0x0, 0x0, 0x0, 0x0, 0x0,
    0x0, 0x0,

    /* U+6B21 "次" */
    0x0, 0x0, 0x0, 0x0, 0x0, 0x4, 0x74, 0x10,
    0x0, 0x0, 0x0, 0x0, 0x0, 0x0, 0x0, 0x0,
    0x0, 0x0, 0xa, 0xff, 0x40, 0x0, 0x0, 0x0,
    0x0, 0x0, 0x2, 0x70, 0x0, 0x0, 0x0, 0xe,
    0xff, 0x0, 0x0, 0x0, 0x0, 0x0, 0x0, 0x1d,
    0xfe, 0x50, 0x0, 0x0, 0x2f, 0xfc, 0x0, 0x0,
    0x0, 0x0, 0x0, 0x0, 0x2c, 0xff, 0xfa, 0x10,
    0x0, 0x7f, 0xf8, 0x0, 0x0, 0x0, 0x0, 0x11,
    0x0, 0x0, 0x7f, 0xff, 0xe3, 0x0, 0xcf, 0xff,
    0xff, 0xff, 0xff, 0xff, 0xff, 0x70, 0x0, 0x2,
    0xdf, 0xf4, 0x2, 0xff, 0xff, 0xff, 0xff, 0xff,
    0xff, 0xff, 0xf0, 0x0, 0x0, 0xb, 0x70, 0x8,
    0xff, 0xc9, 0x99, 0x99, 0x99, 0x9a, 0xff, 0xb0,
    0x0, 0x0, 0x0, 0x0, 0xf, 0xff, 0x10, 0x14,
    0x42, 0x0, 0x5, 0xff, 0x60, 0x0, 0x0, 0x0,
    0x0, 0x8f, 0xfa, 0x0, 0x3f, 0xf9, 0x0, 0xa,
    0xff, 0x10, 0x0, 0x0, 0x0, 0x2, 0xff, 0xf3,
    0x0, 0x3f, 0xf9, 0x0, 0xf, 0xfb, 0x0, 0x0,
    0x0, 0x0, 0xc, 0xff, 0xa0, 0x0, 0x4f, 0xf9,
    0x0, 0x6f, 0xf4, 0x0, 0x0, 0x0, 0x0, 0x5,
    0xdf, 0x20, 0x0, 0x5f, 0xf8, 0x0, 0xbf, 0xd0,
    0x0, 0x0, 0x0, 0x5, 0x30, 0x3, 0x0, 0x0,
    0x7f, 0xfc, 0x0, 0x5, 0x50, 0x0, 0x0, 0x0,
    0xe, 0xf6, 0x0, 0x0, 0x0, 0xaf, 0xff, 0x10,
    0x0, 0x0, 0x0, 0x0, 0x0, 0x9f, 0xf8, 0x0,
    0x0, 0x0, 0xef, 0xff, 0x60, 0x0, 0x0, 0x0,
    0x0, 0x3, 0xff, 0xe1, 0x0, 0x0, 0x3, 0xff,
    0xff, 0xc0, 0x0, 0x0, 0x0, 0x0, 0xd, 0xff,
    0x60, 0x0, 0x0, 0xa, 0xff, 0xdf, 0xf3, 0x0,
    0x0, 0x0, 0x0, 0x8f, 0xfc, 0x0, 0x0, 0x0,
    0x3f, 0xff, 0x2f, 0xfc, 0x0, 0x0, 0x0, 0x3,
    0xff, 0xf3, 0x0, 0x0, 0x0, 0xdf, 0xf9, 0x8,
    0xff, 0x60, 0x0, 0x0, 0xd, 0xff, 0x90, 0x0,
    0x0, 0xb, 0xff, 0xe1, 0x1, 0xef, 0xf3, 0x0,
    0x0, 0x9f, 0xfe, 0x0, 0x0, 0x0, 0xbf, 0xff,
    0x40, 0x0, 0x5f, 0xff, 0x30, 0x0, 0x2d, 0xf4,
    0x0, 0x0, 0x2c, 0xff, 0xf6, 0x0, 0x0, 0x9,
    0xff, 0xf7, 0x0, 0x0, 0x60, 0x0, 0x7, 0xff,
    0xff, 0x60, 0x0, 0x0, 0x0, 0xbf, 0xff, 0xd6,
    0x0, 0x0, 0x0, 0xcf, 0xff, 0xe4, 0x0, 0x0,
    0x0, 0x0, 0x9, 0xff, 0xf5, 0x0, 0x0, 0x0,
    0x2e, 0xf9, 0x10, 0x0, 0x0, 0x0, 0x0, 0x0,
    0x4d, 0x90, 0x0, 0x0, 0x0, 0x2, 0x20, 0x0,
    0x0, 0x0, 0x0, 0x0, 0x0, 0x0, 0x0,

    /* U+6B62 "止" */
    0x0, 0x0, 0x0, 0x0, 0x0, 0x0, 0x3b, 0xb5,
    0x0, 0x0, 0x0, 0x0, 0x0, 0x0, 0x0, 0x0,
    0x0, 0x0, 0x0, 0x5f, 0xf7, 0x0, 0x0, 0x0,
    0x0, 0x0, 0x0, 0x0, 0x0, 0x0, 0x0, 0x0,
    0x5f, 0xf7, 0x0, 0x0, 0x0, 0x0, 0x0, 0x0,
    0x0, 0x0, 0x0, 0x0, 0x0, 0x5f, 0xf7, 0x0,
    0x0, 0x0, 0x0, 0x0, 0x0, 0x0, 0x0, 0x0,
    0x0, 0x0, 0x5f, 0xf7, 0x0, 0x0, 0x0, 0x0,
    0x0, 0x0, 0x0, 0x0, 0x0, 0x0, 0x0, 0x5f,
    0xf7, 0x0, 0x0, 0x0, 0x0, 0x0, 0x0, 0x0,
    0xbc, 0x90, 0x0, 0x0, 0x5f, 0xf7, 0x0, 0x0,
    0x0, 0x0, 0x0, 0x0, 0x0, 0xff, 0xc0, 0x0,
    0x0, 0x5f, 0xf7, 0x0, 0x0, 0x0, 0x0, 0x0,
    0x0, 0x0, 0xff, 0xc0, 0x0, 0x0, 0x5f, 0xf7,
    0x0, 0x0, 0x0, 0x0, 0x0, 0x0, 0x0, 0xff,
    0xc0, 0x0, 0x0, 0x5f, 0xfc, 0x99, 0x99, 0x99,
    0x99, 0x30, 0x0, 0x0, 0xff, 0xc0, 0x0, 0x0,
    0x5f, 0xff, 0xff, 0xff, 0xff, 0xff, 0x50, 0x0,
    0x0, 0xff, 0xc0, 0x0, 0x0, 0x5f, 0xff, 0xff,
    0xff, 0xff, 0xff, 0x50, 0x0, 0x0, 0xff, 0xc0,
    0x0, 0x0, 0x5f, 0xf8, 0x0, 0x0, 0x0, 0x0,
    0x0, 0x0, 0x0, 0xff, 0xc0, 0x0, 0x0, 0x5f,
    0xf7, 0x0, 0x0, 0x0, 0x0, 0x0, 0x0, 0x0,
    0xff, 0xc0, 0x0, 0x0, 0x5f, 0xf7, 0x0, 0x0,
    0x0, 0x0, 0x0, 0x0, 0x0, 0xff, 0xc0, 0x0,
    0x0, 0x5f, 0xf7, 0x0, 0x0, 0x0, 0x0, 0x0,
    0x0, 0x0, 0xff, 0xc0, 0x0, 0x0, 0x5f, 0xf7,
    0x0, 0x0, 0x0, 0x0, 0x0, 0x0, 0x0, 0xff,
    0xc0, 0x0, 0x0, 0x5f, 0xf7, 0x0, 0x0, 0x0,
    0x0, 0x0, 0x0, 0x0, 0xff, 0xc0, 0x0, 0x0,
    0x5f, 0xf7, 0x0, 0x0, 0x0, 0x0, 0x0, 0x0,
    0x0, 0xff, 0xc0, 0x0, 0x0, 0x5f, 0xf7, 0x0,
    0x0, 0x0, 0x0, 0x0, 0x0, 0x0, 0xff, 0xc0,
    0x0, 0x0, 0x5f, 0xf7, 0x0, 0x0, 0x0, 0x0,
    0x0, 0x0, 0x0, 0xff, 0xc0, 0x0, 0x0, 0x5f,
    0xf7, 0x0, 0x0, 0x0, 0x0, 0x0, 0x57, 0x77,
    0xff, 0xd7, 0x77, 0x77, 0xaf, 0xfb, 0x77, 0x77,
    0x77, 0x77, 0x75, 0xbf, 0xff, 0xff, 0xff, 0xff,
    0xff, 0xff, 0xff, 0xff, 0xff, 0xff, 0xff, 0xfb,
    0xbf, 0xff, 0xff, 0xff, 0xff, 0xff, 0xff, 0xff,
    0xff, 0xff, 0xff, 0xff, 0xfb, 0x22, 0x22, 0x22,
    0x22, 0x22, 0x22, 0x22, 0x22, 0x22, 0x22, 0x22,
    0x22, 0x21,

    /* U+6B65 "步" */
    0x0, 0x0, 0x0, 0x0, 0x0, 0x0, 0x9a, 0x40,
    0x0, 0x0, 0x0, 0x0, 0x0, 0x0, 0x0, 0x0,
    0x0, 0x0, 0x0, 0xff, 0x70, 0x0, 0x0, 0x0,
    0x0, 0x0, 0x0, 0x0, 0x59, 0x90, 0x0, 0x0,
    0xff, 0x70, 0x0, 0x0, 0x0, 0x0, 0x0, 0x0,
    0x0, 0x9f, 0xf1, 0x0, 0x0, 0xff, 0xff, 0xff,
    0xff, 0xff, 0xf0, 0x0, 0x0, 0x0, 0x9f, 0xf1,
    0x0, 0x0, 0xff, 0xff, 0xff, 0xff, 0xff, 0xf0,
    0x0, 0x0, 0x0, 0x9f, 0xf1, 0x0, 0x0, 0xff,
    0xb8, 0x88, 0x88, 0x88, 0x80, 0x0, 0x0, 0x0,
    0x9f, 0xf1, 0x0, 0x0, 0xff, 0x70, 0x0, 0x0,
    0x0, 0x0, 0x0, 0x0, 0x0, 0x9f, 0xf1, 0x0,
    0x0, 0xff, 0x70, 0x0, 0x0, 0x0, 0x0, 0x0,
    0x46, 0x66, 0xcf, 0xf7, 0x66, 0x66, 0xff, 0xb6,
    0x66, 0x66, 0x66, 0x66, 0x62, 0xaf, 0xff, 0xff,
    0xff, 0xff, 0xff, 0xff, 0xff, 0xff, 0xff, 0xff,
    0xff, 0xf6, 0xaf, 0xff, 0xff, 0xff, 0xff, 0xff,
    0xff, 0xff, 0xff, 0xff, 0xff, 0xff, 0xf6, 0x0,
    0x0, 0x0, 0x0, 0x0, 0xa, 0xff, 0x30, 0x0,
    0x0, 0x0, 0x0, 0x0, 0x0, 0x0, 0x0, 0xaa,
    0x40, 0xa, 0xff, 0x20, 0x0, 0x0, 0x28, 0x10,
    0x0, 0x0, 0x0, 0x6, 0xff, 0xb0, 0xa, 0xff,
    0x20, 0x0, 0x0, 0xbf, 0xf4, 0x0, 0x0, 0x0,
    0x4f, 0xfe, 0x10, 0xa, 0xff, 0x20, 0x0, 0x6,
    0xff, 0xe0, 0x0, 0x0, 0x4, 0xff, 0xf4, 0x0,
    0xa, 0xff, 0x20, 0x0, 0x3f, 0xff, 0x40, 0x0,
    0x0, 0x5f, 0xff, 0x60, 0x0, 0xa, 0xff, 0x20,
    0x2, 0xef, 0xf9, 0x0, 0x0, 0x8, 0xff, 0xf7,
    0x0, 0x0, 0xa, 0xff, 0x20, 0x4e, 0xff, 0xb0,
    0x0, 0x0, 0x3, 0xff, 0x70, 0x0, 0x0, 0xa,
    0xff, 0x37, 0xff, 0xfb, 0x0, 0x0, 0x0, 0x0,
    0x45, 0x0, 0x0, 0x0, 0x6, 0x9d, 0xef, 0xff,
    0xa0, 0x0, 0x0, 0x0, 0x0, 0x0, 0x0, 0x0,
    0x0, 0x4, 0xcf, 0xff, 0xf6, 0x0, 0x0, 0x0,
    0x0, 0x0, 0x0, 0x0, 0x0, 0x38, 0xef, 0xff,
    0xfb, 0x20, 0x0, 0x0, 0x0, 0x0, 0x0, 0x0,
    0x36, 0xae, 0xff, 0xff, 0xfb, 0x30, 0x0, 0x0,
    0x0, 0x0, 0x0, 0x5a, 0xdf, 0xff, 0xff, 0xff,
    0xe9, 0x20, 0x0, 0x0, 0x0, 0x0, 0x0, 0x0,
    0x3f, 0xff, 0xff, 0xfd, 0x84, 0x0, 0x0, 0x0,
    0x0, 0x0, 0x0, 0x0, 0x0, 0xb, 0xeb, 0x84,
    0x10, 0x0, 0x0, 0x0, 0x0, 0x0, 0x0, 0x0,
    0x0, 0x0, 0x0, 0x0, 0x0, 0x0, 0x0, 0x0,
    0x0, 0x0, 0x0, 0x0, 0x0, 0x0, 0x0,

    /* U+6C60 "池" */
    0x0, 0x2, 0x0, 0x0, 0x0, 0x0, 0x0, 0x0,
    0x88, 0x50, 0x0, 0x0, 0x0, 0x0, 0x9, 0xfa,
    0x20, 0x0, 0x0, 0x0, 0x0, 0xf, 0xfa, 0x0,
    0x0, 0x0, 0x0, 0x3, 0xff, 0xff, 0x91, 0x0,
    0x0, 0x0, 0x0, 0xff, 0xa0, 0x0, 0x0, 0x0,
    0x0, 0x1, 0x9f, 0xff, 0xe0, 0xc, 0xc6, 0x0,
    0xf, 0xfa, 0x0, 0x0, 0x0, 0x0, 0x0, 0x0,
    0x3d, 0xf7, 0x0, 0xff, 0x80, 0x0, 0xff, 0xa0,
    0x0, 0x0, 0x0, 0x0, 0x0, 0x0, 0x6, 0x0,
    0xf, 0xf8, 0x0, 0xf, 0xfa, 0x0, 0x7, 0xc6,
    0x0, 0x0, 0x0, 0x0, 0x0, 0x0, 0xff, 0x80,
    0x0, 0xff, 0xa3, 0x9f, 0xff, 0xe0, 0x0, 0x0,
    0x0, 0x0, 0x0, 0xf, 0xf8, 0x0, 0xf, 0xff,
    0xff, 0xff, 0xfe, 0x0, 0x7, 0x20, 0x0, 0x0,
    0x0, 0xff, 0x80, 0x4a, 0xff, 0xff, 0xfb, 0xcf,
    0xe0, 0x6, 0xff, 0xb2, 0x0, 0x0, 0xf, 0xfd,
    0xef, 0xff, 0xfe, 0x71, 0xa, 0xfe, 0x0, 0x8f,
    0xff, 0xf9, 0x0, 0x5, 0xff, 0xff, 0xff, 0xff,
    0xa0, 0x0, 0xaf, 0xe0, 0x0, 0x1a, 0xff, 0xf3,
    0x8e, 0xff, 0xff, 0xd7, 0x1f, 0xfa, 0x0, 0xa,
    0xfd, 0x0, 0x0, 0x3, 0xd7, 0xe, 0xff, 0xff,
    0x90, 0x0, 0xff, 0xa0, 0x0, 0xaf, 0xd0, 0x0,
    0x0, 0x0, 0x0, 0x7c, 0x7f, 0xf8, 0x0, 0xf,
    0xfa, 0x0, 0xb, 0xfd, 0x0, 0x0, 0x0, 0x0,
    0x0, 0x0, 0xff, 0x80, 0x0, 0xff, 0xa0, 0x0,
    0xbf, 0xc0, 0x0, 0x0, 0x0, 0x24, 0x0, 0xf,
    0xf8, 0x0, 0xf, 0xfa, 0x0, 0xd, 0xfb, 0x0,
    0x0, 0x0, 0xa, 0xf7, 0x0, 0xff, 0x80, 0x0,
    0xff, 0xa5, 0xab, 0xff, 0x90, 0x0, 0x0, 0x3,
    0xff, 0xa0, 0xf, 0xf8, 0x0, 0xf, 0xfa, 0x4f,
    0xff, 0xf3, 0x0, 0x0, 0x0, 0xbf, 0xf3, 0x0,
    0xff, 0x80, 0x0, 0xff, 0xa1, 0xcc, 0x93, 0x0,
    0x0, 0x0, 0x4f, 0xfb, 0x0, 0xf, 0xf8, 0x0,
    0xe, 0xfa, 0x0, 0x0, 0x10, 0x0, 0x0, 0xd,
    0xff, 0x30, 0x0, 0xff, 0x80, 0x0, 0x0, 0x0,
    0x0, 0x7, 0xe8, 0x0, 0x6, 0xff, 0xa0, 0x0,
    0xf, 0xf8, 0x0, 0x0, 0x0, 0x0, 0x0, 0x9f,
    0xf0, 0x1, 0xef, 0xf2, 0x0, 0x0, 0xff, 0xa0,
    0x0, 0x0, 0x0, 0x0, 0xc, 0xfd, 0x0, 0x9f,
    0xf9, 0x0, 0x0, 0xd, 0xff, 0x97, 0x77, 0x77,
    0x77, 0x7a, 0xff, 0x90, 0x9, 0xff, 0x10, 0x0,
    0x0, 0x7f, 0xff, 0xff, 0xff, 0xff, 0xff, 0xff,
    0xf2, 0x0, 0x5, 0x60, 0x0, 0x0, 0x0, 0x7c,
    0xff, 0xff, 0xff, 0xff, 0xff, 0xb3, 0x0,

    /* U+6CA1 "没" */
    0x0, 0x0, 0x0, 0x0, 0x0, 0x0, 0x0, 0x0,
    0x0, 0x0, 0x0, 0x0, 0x0, 0x0, 0x1, 0xd8,
    0x10, 0x0, 0x0, 0x5, 0x88, 0x88, 0x88, 0x88,
    0x83, 0x0, 0x0, 0x0, 0xaf, 0xff, 0x70, 0x0,
    0x0, 0xaf, 0xff, 0xff, 0xff, 0xff, 0x60, 0x0,
    0x0, 0x1, 0xaf, 0xff, 0xd3, 0x0, 0xa, 0xff,
    0xff, 0xff, 0xff, 0xf6, 0x0, 0x0, 0x0, 0x0,
    0x3d, 0xff, 0x30, 0x0, 0xaf, 0xe0, 0x0, 0x3,
    0xff, 0x60, 0x0, 0x0, 0x0, 0x0, 0x8, 0x70,
    0x0, 0xb, 0xfd, 0x0, 0x0, 0x3f, 0xf6, 0x0,
    0x0, 0x0, 0x0, 0x0, 0x0, 0x0, 0x0, 0xef,
    0xb0, 0x0, 0x3, 0xff, 0x60, 0x0, 0x0, 0x0,
    0x0, 0x0, 0x0, 0x0, 0x5f, 0xf7, 0x0, 0x0,
    0x3f, 0xf6, 0x0, 0x0, 0x2, 0x60, 0x0, 0x0,
    0x0, 0x2e, 0xff, 0x10, 0x0, 0x2, 0xff, 0xda,
    0xaa, 0x60, 0xcf, 0xe7, 0x0, 0x0, 0x6f, 0xff,
    0x60, 0x0, 0x0, 0xe, 0xff, 0xff, 0xf9, 0x1b,
    0xff, 0xfe, 0x50, 0xaf, 0xff, 0x80, 0x0, 0x0,
    0x0, 0x4d, 0xff, 0xfe, 0x90, 0x3, 0xcf, 0xfe,
    0x11, 0xdd, 0x40, 0x0, 0x0, 0x0, 0x0, 0x0,
    0x0, 0x0, 0x0, 0x0, 0x6f, 0x50, 0x5, 0x77,
    0x77, 0x77, 0x77, 0x77, 0x77, 0x86, 0x0, 0x0,
    0x0, 0x0, 0x10, 0x0, 0x9f, 0xff, 0xff, 0xff,
    0xff, 0xff, 0xff, 0xfc, 0x0, 0x0, 0x0, 0x0,
    0x0, 0x9, 0xff, 0xff, 0xff, 0xff, 0xff, 0xff,
    0xff, 0x60, 0x0, 0x0, 0x0, 0x6, 0x10, 0x4,
    0xff, 0x70, 0x0, 0x0, 0x2, 0xff, 0xe0, 0x0,
    0x0, 0x0, 0x1, 0xfe, 0x20, 0xd, 0xff, 0x20,
    0x0, 0x0, 0xaf, 0xf7, 0x0, 0x0, 0x0, 0x0,
    0x9f, 0xf3, 0x0, 0x4f, 0xfd, 0x0, 0x0, 0x6f,
    0xfd, 0x0, 0x0, 0x0, 0x0, 0x2f, 0xfb, 0x0,
    0x0, 0x8f, 0xfc, 0x0, 0x5f, 0xff, 0x20, 0x0,
    0x0, 0x0, 0xb, 0xff, 0x30, 0x0, 0x0, 0xbf,
    0xfd, 0x8f, 0xff, 0x50, 0x0, 0x0, 0x0, 0x4,
    0xff, 0xb0, 0x0, 0x0, 0x0, 0xcf, 0xff, 0xff,
    0x50, 0x0, 0x0, 0x0, 0x0, 0xdf, 0xf3, 0x0,
    0x0, 0x0, 0x19, 0xff, 0xff, 0xd4, 0x0, 0x0,
    0x0, 0x0, 0x6f, 0xfa, 0x0, 0x0, 0x3, 0x9f,
    0xff, 0xff, 0xff, 0xfc, 0x61, 0x0, 0x0, 0x1f,
    0xff, 0x20, 0x26, 0xae, 0xff, 0xff, 0xd5, 0x2c,
    0xff, 0xff, 0xfc, 0x84, 0x2, 0xdf, 0x80, 0x2,
    0xff, 0xff, 0xfc, 0x50, 0x0, 0x4, 0xbf, 0xff,
    0xff, 0x60, 0x0, 0x90, 0x0, 0x9, 0xfc, 0x72,
    0x0, 0x0, 0x0, 0x0, 0x27, 0xcf, 0xa0, 0x0,
    0x0, 0x0, 0x0, 0x11, 0x0, 0x0, 0x0, 0x0,
    0x0, 0x0, 0x0, 0x11, 0x0,

    /* U+6CBF "沿" */
    0x0, 0x0, 0x0, 0x0, 0x0, 0x0, 0x0, 0x0,
    0x0, 0x0, 0x0, 0x0, 0x0, 0x0, 0x0, 0xb9,
    0x10, 0x0, 0x0, 0x4, 0x66, 0x55, 0x55, 0x56,
    0x63, 0x0, 0x0, 0x0, 0x8f, 0xff, 0x60, 0x0,
    0x0, 0xcf, 0xff, 0xff, 0xff, 0xff, 0xb0, 0x0,
    0x0, 0x0, 0x8f, 0xff, 0xb1, 0x0, 0xc, 0xff,
    0xff, 0xff, 0xff, 0xfb, 0x0, 0x0, 0x0, 0x0,
    0x3d, 0xff, 0xb0, 0x0, 0xcf, 0xc2, 0x22, 0x22,
    0xef, 0xb0, 0x0, 0x0, 0x0, 0x0, 0xa, 0xd1,
    0x0, 0xc, 0xfb, 0x0, 0x0, 0xe, 0xfb, 0x0,
    0x0, 0x0, 0x0, 0x0, 0x1, 0x0, 0x0, 0xef,
    0x90, 0x0, 0x0, 0xef, 0xb0, 0x0, 0x0, 0x0,
    0x0, 0x0, 0x0, 0x0, 0x1f, 0xf7, 0x0, 0x0,
    0xe, 0xfb, 0x0, 0x0, 0x0, 0x20, 0x0, 0x0,
    0x0, 0x7, 0xff, 0x30, 0x0, 0x0, 0xef, 0xb0,
    0x0, 0x0, 0x7f, 0xa2, 0x0, 0x0, 0x1, 0xef,
    0xd0, 0x0, 0x0, 0xe, 0xfb, 0x0, 0x0, 0x1d,
    0xff, 0xf8, 0x0, 0x0, 0xcf, 0xf4, 0x0, 0x0,
    0x0, 0xdf, 0xd5, 0x55, 0x30, 0x6, 0xef, 0xfd,
    0x22, 0xdf, 0xfa, 0x0, 0x0, 0x0, 0x9, 0xff,
    0xff, 0xfa, 0x0, 0x1, 0xaf, 0xd1, 0x8f, 0xfa,
    0x0, 0x0, 0x0, 0x0, 0x19, 0xcd, 0xdd, 0x80,
    0x0, 0x0, 0x51, 0x0, 0x87, 0x0, 0x0, 0x0,
    0x0, 0x0, 0x0, 0x0, 0x0, 0x0, 0x0, 0x0,
    0x0, 0x0, 0x3f, 0xff, 0xff, 0xff, 0xff, 0xff,
    0xff, 0xd0, 0x0, 0x0, 0x0, 0x2, 0x40, 0x4,
    0xff, 0xff, 0xff, 0xff, 0xff, 0xff, 0xfe, 0x0,
    0x0, 0x0, 0x0, 0xbf, 0x40, 0x4f, 0xfa, 0x77,
    0x77, 0x77, 0x79, 0xff, 0xe0, 0x0, 0x0, 0x0,
    0x5f, 0xfb, 0x4, 0xff, 0x50, 0x0, 0x0, 0x0,
    0x3f, 0xfe, 0x0, 0x0, 0x0, 0xe, 0xff, 0x20,
    0x4f, 0xf5, 0x0, 0x0, 0x0, 0x3, 0xff, 0xe0,
    0x0, 0x0, 0x9, 0xff, 0x80, 0x4, 0xff, 0x50,
    0x0, 0x0, 0x0, 0x3f, 0xfe, 0x0, 0x0, 0x3,
    0xff, 0xe0, 0x0, 0x4f, 0xf5, 0x0, 0x0, 0x0,
    0x3, 0xff, 0xe0, 0x0, 0x0, 0xdf, 0xf5, 0x0,
    0x4, 0xff, 0x50, 0x0, 0x0, 0x0, 0x3f, 0xfe,
    0x0, 0x0, 0x9f, 0xfb, 0x0, 0x0, 0x4f, 0xfa,
    0x88, 0x88, 0x88, 0x89, 0xff, 0xe0, 0x0, 0x5f,
    0xff, 0x20, 0x0, 0x4, 0xff, 0xff, 0xff, 0xff,
    0xff, 0xff, 0xfe, 0x0, 0x2, 0xdf, 0x70, 0x0,
    0x0, 0x4f, 0xff, 0xff, 0xff, 0xff, 0xff, 0xff,
    0xe0, 0x0, 0x1, 0x90, 0x0, 0x0, 0x4, 0xff,
    0x50, 0x0, 0x0, 0x0, 0x3f, 0xfe, 0x0, 0x0,
    0x0, 0x0, 0x0, 0x0, 0x2, 0x20, 0x0, 0x0,
    0x0, 0x0, 0x0, 0x0, 0x0,

    /* U+6CD5 "法" */
    0x0, 0x0, 0x10, 0x0, 0x0, 0x0, 0x0, 0x0,
    0x5a, 0xa0, 0x0, 0x0, 0x0, 0x0, 0x0, 0x9f,
    0xa2, 0x0, 0x0, 0x0, 0x0, 0x9, 0xff, 0x10,
    0x0, 0x0, 0x0, 0x0, 0x2f, 0xff, 0xfa, 0x10,
    0x0, 0x0, 0x0, 0x9f, 0xf1, 0x0, 0x0, 0x0,
    0x0, 0x0, 0x19, 0xff, 0xff, 0x20, 0x0, 0x0,
    0x9, 0xff, 0x10, 0x0, 0x0, 0x0, 0x0, 0x0,
    0x2, 0xcf, 0xb0, 0x1, 0x11, 0x11, 0xaf, 0xf2,
    0x11, 0x11, 0x10, 0x0, 0x0, 0x0, 0x0, 0x71,
    0x6, 0xff, 0xff, 0xff, 0xff, 0xff, 0xff, 0xff,
    0x10, 0x0, 0x0, 0x0, 0x0, 0x0, 0x6f, 0xff,
    0xff, 0xff, 0xff, 0xff, 0xff, 0xf1, 0x0, 0x0,
    0x0, 0x0, 0x0, 0x2, 0x66, 0x66, 0x6c, 0xff,
    0x76, 0x66, 0x66, 0x0, 0x0, 0x95, 0x0, 0x0,
    0x0, 0x0, 0x0, 0x0, 0x9f, 0xf1, 0x0, 0x0,
    0x0, 0x0, 0x8f, 0xfd, 0x50, 0x0, 0x0, 0x0,
    0x0, 0x9, 0xff, 0x10, 0x0, 0x0, 0x0, 0x6,
    0xef, 0xff, 0xc2, 0x0, 0x0, 0x0, 0x0, 0x9f,
    0xf1, 0x0, 0x0, 0x0, 0x0, 0x0, 0x7f, 0xff,
    0x50, 0x0, 0x0, 0x0, 0x9, 0xff, 0x10, 0x0,
    0x0, 0x0, 0x0, 0x0, 0x1b, 0xa0, 0x9, 0xff,
    0xff, 0xff, 0xff, 0xff, 0xff, 0xff, 0xff, 0x30,
    0x0, 0x0, 0x0, 0x0, 0x9f, 0xff, 0xff, 0xff,
    0xff, 0xff, 0xff, 0xff, 0xf3, 0x0, 0x0, 0x0,
    0x0, 0x4, 0x77, 0x77, 0x7f, 0xff, 0x97, 0x77,
    0x77, 0x77, 0x10, 0x0, 0x0, 0x0, 0x60, 0x0,
    0x0, 0x3, 0xff, 0xd0, 0x0, 0x0, 0x0, 0x0,
    0x0, 0x0, 0x0, 0x6f, 0x90, 0x0, 0x0, 0xbf,
    0xf5, 0x0, 0x0, 0x0, 0x0, 0x0, 0x0, 0x0,
    0xe, 0xfe, 0x0, 0x0, 0x3f, 0xfd, 0x0, 0x4,
    0xa1, 0x0, 0x0, 0x0, 0x0, 0x8, 0xff, 0x70,
    0x0, 0xb, 0xff, 0x40, 0x3, 0xff, 0xb0, 0x0,
    0x0, 0x0, 0x2, 0xff, 0xe0, 0x0, 0x4, 0xff,
    0xb0, 0x0, 0x8, 0xff, 0x60, 0x0, 0x0, 0x0,
    0xaf, 0xf6, 0x0, 0x0, 0xdf, 0xf1, 0x0, 0x0,
    0xd, 0xff, 0x10, 0x0, 0x0, 0x4f, 0xfd, 0x0,
    0x0, 0x9f, 0xf6, 0x0, 0x2, 0x46, 0xaf, 0xfa,
    0x0, 0x0, 0xd, 0xff, 0x40, 0x0, 0x7f, 0xff,
    0xbd, 0xff, 0xff, 0xff, 0xff, 0xf4, 0x0, 0x9,
    0xff, 0xb0, 0x0, 0xc, 0xff, 0xff, 0xff, 0xff,
    0xff, 0xec, 0xff, 0xc0, 0x0, 0xaf, 0xf2, 0x0,
    0x0, 0x7f, 0xfe, 0xca, 0x86, 0x42, 0x0, 0x9,
    0xff, 0x30, 0x0, 0x77, 0x0, 0x0, 0x1, 0x41,
    0x0, 0x0, 0x0, 0x0, 0x0, 0x2f, 0xa2, 0x0,
    0x0, 0x0, 0x0, 0x0, 0x0, 0x0, 0x0, 0x0,
    0x0, 0x0, 0x0, 0x20, 0x0,

    /* U+6CE1 "泡" */
    0x0, 0x2, 0x20, 0x0, 0x0, 0x0, 0x18, 0x40,
    0x0, 0x0, 0x0, 0x0, 0x0, 0x0, 0x0, 0xd,
    0xfb, 0x20, 0x0, 0x0, 0x7f, 0xf6, 0x0, 0x0,
    0x0, 0x0, 0x0, 0x0, 0x0, 0x5f, 0xff, 0xf9,
    0x0, 0x0, 0xdf, 0xf1, 0x0, 0x0, 0x0, 0x0,
    0x0, 0x0, 0x0, 0x1, 0x9f, 0xff, 0x90, 0x4,
    0xff, 0xa1, 0x11, 0x11, 0x11, 0x12, 0x11, 0x0,
    0x0, 0x0, 0x3, 0xde, 0x10, 0xc, 0xff, 0xff,
    0xff, 0xff, 0xff, 0xff, 0xfc, 0x0, 0x0, 0x0,
    0x0, 0x13, 0x0, 0x5f, 0xff, 0xff, 0xff, 0xff,
    0xff, 0xff, 0xfc, 0x0, 0x0, 0x0, 0x0, 0x0,
    0x0, 0xef, 0xf7, 0x66, 0x66, 0x66, 0x66, 0x6f,
    0xfc, 0x0, 0x0, 0x0, 0x0, 0x0, 0x9, 0xff,
    0x90, 0x0, 0x0, 0x0, 0x0, 0xe, 0xfb, 0x0,
    0x1, 0xc7, 0x10, 0x0, 0x6f, 0xfe, 0x10, 0x0,
    0x0, 0x0, 0x0, 0xf, 0xfb, 0x0, 0xa, 0xff,
    0xf7, 0x2, 0xff, 0xff, 0xff, 0xff, 0xff, 0xff,
    0x60, 0xf, 0xfb, 0x0, 0x5, 0xcf, 0xff, 0xd2,
    0x3e, 0xcf, 0xff, 0xff, 0xff, 0xff, 0x70, 0xf,
    0xfa, 0x0, 0x0, 0x5, 0xef, 0xd0, 0x0, 0x5f,
    0xf7, 0x55, 0x56, 0xff, 0x70, 0xf, 0xfa, 0x0,
    0x0, 0x0, 0x1a, 0x20, 0x0, 0x5f, 0xf3, 0x0,
    0x1, 0xff, 0x70, 0x1f, 0xf9, 0x0, 0x0, 0x0,
    0x0, 0x0, 0x0, 0x5f, 0xf3, 0x0, 0x1, 0xff,
    0x70, 0x2f, 0xf8, 0x0, 0x0, 0x0, 0x0, 0x0,
    0x0, 0x5f, 0xf3, 0x0, 0x1, 0xff, 0x70, 0x3f,
    0xf7, 0x0, 0x0, 0x0, 0x0, 0x50, 0x0, 0x5f,
    0xfe, 0xee, 0xee, 0xff, 0x70, 0x5f, 0xf6, 0x0,
    0x0, 0x0, 0x2, 0xfc, 0x20, 0x5f, 0xff, 0xff,
    0xff, 0xff, 0x70, 0x8f, 0xf4, 0x0, 0x0, 0x0,
    0xa, 0xff, 0x30, 0x5f, 0xf9, 0x77, 0x77, 0x79,
    0xdb, 0xff, 0xf1, 0x0, 0x0, 0x0, 0x2f, 0xfc,
    0x0, 0x5f, 0xf3, 0x0, 0x0, 0x0, 0xff, 0xff,
    0xb0, 0x0, 0x0, 0x0, 0xaf, 0xf4, 0x0, 0x5f,
    0xf3, 0x0, 0x0, 0x0, 0xbd, 0xc9, 0x10, 0x0,
    0x0, 0x3, 0xff, 0xc0, 0x0, 0x5f, 0xf3, 0x0,
    0x0, 0x0, 0x0, 0x0, 0x57, 0x10, 0x0, 0xb,
    0xff, 0x50, 0x0, 0x5f, 0xf3, 0x0, 0x0, 0x0,
    0x0, 0x0, 0x8f, 0xf0, 0x0, 0x4f, 0xfc, 0x0,
    0x0, 0x5f, 0xf4, 0x0, 0x0, 0x0, 0x0, 0x0,
    0xcf, 0xd0, 0x0, 0xdf, 0xf4, 0x0, 0x0, 0x3f,
    0xfd, 0x76, 0x66, 0x66, 0x66, 0x69, 0xff, 0x90,
    0x1, 0xcf, 0xc0, 0x0, 0x0, 0xd, 0xff, 0xff,
    0xff, 0xff, 0xff, 0xff, 0xff, 0x20, 0x0, 0x7,
    0x30, 0x0, 0x0, 0x2, 0xad, 0xff, 0xff, 0xff,
    0xff, 0xff, 0xc4, 0x0,

    /* U+6D4B "测" */
    0x0, 0x11, 0x0, 0x0, 0x0, 0x0, 0x0, 0x0,
    0x0, 0x0, 0x0, 0x3, 0x30, 0x0, 0xcf, 0x70,
    0x0, 0x0, 0x0, 0x0, 0x0, 0x0, 0x0, 0x0,
    0xe, 0xf3, 0x6, 0xff, 0xfd, 0x32, 0xff, 0xff,
    0xff, 0xff, 0xf5, 0x0, 0x0, 0xe, 0xf3, 0x0,
    0x4d, 0xff, 0xf6, 0xff, 0xee, 0xee, 0xef, 0xf5,
    0xd, 0xf3, 0xe, 0xf3, 0x0, 0x0, 0x9f, 0xb2,
    0xfe, 0x0, 0x0, 0xc, 0xf5, 0xd, 0xf3, 0xe,
    0xf3, 0x0, 0x0, 0x5, 0x12, 0xfe, 0x0, 0x43,
    0xc, 0xf5, 0xd, 0xf3, 0xe, 0xf3, 0x0, 0x0,
    0x0, 0x2, 0xfe, 0x3, 0xfc, 0xc, 0xf5, 0xd,
    0xf3, 0xe, 0xf3, 0x0, 0x0, 0x0, 0x2, 0xfe,
    0x3, 0xfc, 0xc, 0xf5, 0xd, 0xf3, 0xe, 0xf3,
    0x8, 0x60, 0x0, 0x2, 0xfe, 0x3, 0xfc, 0xc,
    0xf5, 0xd, 0xf3, 0xe, 0xf3, 0x6f, 0xfd, 0x40,
    0x2, 0xfe, 0x3, 0xfc, 0xc, 0xf5, 0xd, 0xf3,
    0xe, 0xf3, 0x4d, 0xff, 0xfa, 0x12, 0xfe, 0x3,
    0xfc, 0xc, 0xf5, 0xd, 0xf3, 0xe, 0xf3, 0x0,
    0x7f, 0xfd, 0x2, 0xfe, 0x3, 0xfc, 0xc, 0xf5,
    0xd, 0xf3, 0xe, 0xf3, 0x0, 0x2, 0xc3, 0x2,
    0xfe, 0x3, 0xfc, 0xc, 0xf5, 0xd, 0xf3, 0xe,
    0xf3, 0x0, 0x0, 0x0, 0x2, 0xfe, 0x3, 0xfc,
    0xc, 0xf5, 0xd, 0xf3, 0xe, 0xf3, 0x0, 0x0,
    0x0, 0x2, 0xfe, 0x3, 0xfc, 0xc, 0xf5, 0xd,
    0xf3, 0xe, 0xf3, 0x0, 0x0, 0x10, 0x2, 0xfe,
    0x3, 0xfc, 0xc, 0xf5, 0xd, 0xf3, 0xe, 0xf3,
    0x0, 0x0, 0xe9, 0x2, 0xfe, 0x3, 0xfc, 0xc,
    0xf5, 0xd, 0xf3, 0xe, 0xf3, 0x0, 0x4, 0xff,
    0x62, 0xfe, 0x4, 0xfb, 0xc, 0xf5, 0xd, 0xf3,
    0xe, 0xf3, 0x0, 0xa, 0xff, 0x12, 0xfe, 0x6,
    0xf9, 0xc, 0xf5, 0xd, 0xf3, 0xe, 0xf3, 0x0,
    0x1f, 0xfa, 0x1, 0xed, 0xa, 0xf6, 0x9, 0xc4,
    0xc, 0xe3, 0xe, 0xf3, 0x0, 0x8f, 0xf4, 0x0,
    0x0, 0x1f, 0xf2, 0x30, 0x0, 0x0, 0x0, 0xe,
    0xf3, 0x0, 0xef, 0xd0, 0x0, 0x0, 0xaf, 0xbc,
    0xf5, 0x0, 0x0, 0x0, 0xe, 0xf3, 0x6, 0xff,
    0x70, 0x0, 0x8, 0xff, 0x24, 0xff, 0x30, 0x0,
    0x0, 0xe, 0xf3, 0xd, 0xff, 0x10, 0x1, 0xaf,
    0xf5, 0x0, 0x6f, 0xe2, 0x2, 0x33, 0x3f, 0xf3,
    0x1d, 0xfa, 0x0, 0x2f, 0xff, 0x50, 0x0, 0x9,
    0xfb, 0x6, 0xff, 0xff, 0xf0, 0x0, 0x62, 0x0,
    0x9, 0xa2, 0x0, 0x0, 0x1, 0xa1, 0x1, 0xff,
    0xeb, 0x40, 0x0, 0x0, 0x0, 0x0, 0x0, 0x0,
    0x0, 0x0, 0x0, 0x0, 0x0, 0x0, 0x0,

    /* U+6D88 "消" */
    0x0, 0x1, 0x0, 0x0, 0x0, 0x0, 0x0, 0x0,
    0x59, 0x90, 0x0, 0x0, 0x0, 0x0, 0x1, 0xed,
    0x40, 0x0, 0x1, 0x71, 0x0, 0x9, 0xff, 0x10,
    0x0, 0x4a, 0x40, 0x0, 0x9f, 0xff, 0xa1, 0x2,
    0xff, 0x90, 0x0, 0x9f, 0xf1, 0x0, 0xc, 0xff,
    0x40, 0x0, 0x5e, 0xff, 0xe3, 0xa, 0xff, 0x30,
    0x9, 0xff, 0x10, 0x4, 0xff, 0xc0, 0x0, 0x0,
    0x1b, 0xff, 0x30, 0x1f, 0xfc, 0x0, 0x9f, 0xf1,
    0x0, 0xcf, 0xf3, 0x0, 0x0, 0x0, 0x8, 0x50,
    0x0, 0x8f, 0xf4, 0x9, 0xff, 0x10, 0x6f, 0xfa,
    0x0, 0x0, 0x0, 0x0, 0x0, 0x0, 0x1, 0xfe,
    0x50, 0x9f, 0xf1, 0x9, 0xff, 0x10, 0x0, 0x0,
    0x0, 0x0, 0x0, 0x0, 0x5, 0x0, 0x9, 0xff,
    0x10, 0x1, 0x30, 0x0, 0x1, 0xb4, 0x0, 0x0,
    0x0, 0x6a, 0xaa, 0xaa, 0xef, 0xfa, 0xaa, 0xac,
    0xa3, 0x0, 0xcf, 0xfb, 0x20, 0x0, 0x9, 0xff,
    0xff, 0xff, 0xff, 0xff, 0xff, 0xff, 0x40, 0x4,
    0xdf, 0xff, 0x60, 0x0, 0x9f, 0xfd, 0xdd, 0xdd,
    0xdd, 0xdd, 0xdf, 0xf4, 0x0, 0x0, 0x7f, 0xff,
    0x20, 0x9, 0xff, 0x0, 0x0, 0x0, 0x0, 0x4,
    0xff, 0x40, 0x0, 0x0, 0x2d, 0x50, 0x0, 0x9f,
    0xf0, 0x0, 0x0, 0x0, 0x0, 0x4f, 0xf4, 0x0,
    0x0, 0x0, 0x0, 0x0, 0x9, 0xff, 0xee, 0xee,
    0xee, 0xee, 0xee, 0xff, 0x40, 0x0, 0x0, 0x0,
    0x0, 0x0, 0x9f, 0xff, 0xff, 0xff, 0xff, 0xff,
    0xff, 0xf4, 0x0, 0x0, 0x0, 0x8, 0x10, 0x9,
    0xff, 0x66, 0x66, 0x66, 0x66, 0x68, 0xff, 0x40,
    0x0, 0x0, 0x3, 0xfd, 0x20, 0x9f, 0xf0, 0x0,
    0x0, 0x0, 0x0, 0x4f, 0xf4, 0x0, 0x0, 0x0,
    0xbf, 0xf1, 0x9, 0xff, 0x0, 0x0, 0x0, 0x0,
    0x4, 0xff, 0x40, 0x0, 0x0, 0x3f, 0xf9, 0x0,
    0x9f, 0xff, 0xff, 0xff, 0xff, 0xff, 0xff, 0xf4,
    0x0, 0x0, 0xb, 0xff, 0x20, 0x9, 0xff, 0xff,
    0xff, 0xff, 0xff, 0xff, 0xff, 0x40, 0x0, 0x4,
    0xff, 0xa0, 0x0, 0x9f, 0xf5, 0x55, 0x55, 0x55,
    0x55, 0x8f, 0xf4, 0x0, 0x0, 0xcf, 0xf2, 0x0,
    0x9, 0xff, 0x0, 0x0, 0x0, 0x0, 0x4, 0xff,
    0x40, 0x0, 0x5f, 0xfa, 0x0, 0x0, 0x9f, 0xf0,
    0x0, 0x0, 0x0, 0x0, 0x4f, 0xf4, 0x0, 0x1e,
    0xff, 0x20, 0x0, 0x9, 0xff, 0x0, 0x0, 0x3,
    0x98, 0x8b, 0xff, 0x40, 0x1, 0xbf, 0xa0, 0x0,
    0x0, 0x9f, 0xf0, 0x0, 0x0, 0x1f, 0xff, 0xff,
    0xf1, 0x0, 0x0, 0x72, 0x0, 0x0, 0x9, 0xff,
    0x0, 0x0, 0x0, 0xbe, 0xdc, 0xa3, 0x0,

    /* U+6E05 "清" */
    0x0, 0x1, 0x0, 0x0, 0x0, 0x0, 0x0, 0x1,
    0xdd, 0x70, 0x0, 0x0, 0x0, 0x0, 0x0, 0xde,
    0x60, 0x0, 0x0, 0x0, 0x0, 0x1f, 0xf9, 0x0,
    0x0, 0x0, 0x0, 0x0, 0x7f, 0xff, 0xc2, 0xc,
    0xcc, 0xcc, 0xcc, 0xff, 0xec, 0xcc, 0xcc, 0xc8,
    0x0, 0x0, 0x6f, 0xff, 0xf1, 0xff, 0xff, 0xff,
    0xff, 0xff, 0xff, 0xff, 0xff, 0xb0, 0x0, 0x0,
    0x2c, 0xf9, 0x2, 0x22, 0x22, 0x23, 0xff, 0xa2,
    0x22, 0x22, 0x21, 0x0, 0x0, 0x0, 0x9, 0x0,
    0x0, 0x0, 0x0, 0x2f, 0xf9, 0x0, 0x0, 0x0,
    0x0, 0x0, 0x0, 0x0, 0x0, 0x4, 0xff, 0xff,
    0xff, 0xff, 0xff, 0xff, 0xff, 0xf0, 0x0, 0x0,
    0x0, 0x0, 0x0, 0x3c, 0xcc, 0xcc, 0xdf, 0xfe,
    0xcc, 0xcc, 0xcc, 0x0, 0x0, 0x93, 0x0, 0x0,
    0x0, 0x0, 0x0, 0x1, 0xff, 0x90, 0x0, 0x0,
    0x0, 0x0, 0x9f, 0xfa, 0x10, 0xa, 0xaa, 0xaa,
    0xaa, 0xaf, 0xfd, 0xaa, 0xaa, 0xaa, 0xa8, 0x7,
    0xff, 0xff, 0x60, 0xff, 0xff, 0xff, 0xff, 0xff,
    0xff, 0xff, 0xff, 0xff, 0xc0, 0x2, 0xcf, 0xfe,
    0x15, 0x55, 0x55, 0x55, 0x55, 0x55, 0x55, 0x55,
    0x55, 0x53, 0x0, 0x0, 0x8f, 0x40, 0x0, 0x1,
    0x11, 0x11, 0x11, 0x11, 0x11, 0x11, 0x0, 0x0,
    0x0, 0x0, 0x20, 0x0, 0xe, 0xff, 0xff, 0xff,
    0xff, 0xff, 0xff, 0xf8, 0x0, 0x0, 0x0, 0x0,
    0x0, 0x0, 0xef, 0xfe, 0xee, 0xee, 0xee, 0xee,
    0xff, 0x80, 0x0, 0x0, 0x0, 0x15, 0x0, 0xe,
    0xf9, 0x0, 0x0, 0x0, 0x0, 0xf, 0xf8, 0x0,
    0x0, 0x0, 0x7, 0xfc, 0x0, 0xef, 0xed, 0xdd,
    0xdd, 0xdd, 0xdd, 0xff, 0x80, 0x0, 0x0, 0x0,
    0xef, 0xd0, 0xe, 0xff, 0xff, 0xff, 0xff, 0xff,
    0xff, 0xf8, 0x0, 0x0, 0x0, 0x5f, 0xf7, 0x0,
    0xef, 0x91, 0x11, 0x11, 0x11, 0x11, 0xff, 0x80,
    0x0, 0x0, 0xd, 0xff, 0x0, 0xe, 0xf9, 0x0,
    0x0, 0x0, 0x0, 0xf, 0xf8, 0x0, 0x0, 0x5,
    0xff, 0x90, 0x0, 0xef, 0xfe, 0xee, 0xee, 0xee,
    0xee, 0xff, 0x80, 0x0, 0x0, 0xcf, 0xf2, 0x0,
    0xe, 0xff, 0xff, 0xff, 0xff, 0xff, 0xff, 0xf8,
    0x0, 0x0, 0x5f, 0xfa, 0x0, 0x0, 0xef, 0x90,
    0x0, 0x0, 0x0, 0x0, 0xff, 0x80, 0x0, 0xd,
    0xff, 0x30, 0x0, 0xe, 0xf9, 0x0, 0x0, 0x2,
    0x54, 0x5f, 0xf8, 0x0, 0x0, 0x7f, 0xb0, 0x0,
    0x0, 0xef, 0x90, 0x0, 0x0, 0x3f, 0xff, 0xff,
    0x50, 0x0, 0x0, 0x12, 0x0, 0x0, 0xe, 0xf9,
    0x0, 0x0, 0x0, 0xde, 0xec, 0x70, 0x0,

    /* U+6E29 "温" */
    0x0, 0x0, 0x0, 0x0, 0x0, 0x0, 0x0, 0x0,
    0x0, 0x0, 0x0, 0x0, 0x0, 0x0, 0x0, 0x6,
    0xe7, 0x0, 0x0, 0x14, 0x44, 0x44, 0x44, 0x44,
    0x44, 0x44, 0x10, 0x0, 0x0, 0x1f, 0xff, 0xe6,
    0x0, 0x7f, 0xff, 0xff, 0xff, 0xff, 0xff, 0xff,
    0x70, 0x0, 0x0, 0x2, 0xaf, 0xff, 0xc1, 0x7f,
    0xff, 0xff, 0xff, 0xff, 0xff, 0xff, 0x70, 0x0,
    0x0, 0x0, 0x3, 0xcf, 0xa0, 0x7f, 0xf0, 0x0,
    0x0, 0x0, 0x1, 0xff, 0x70, 0x0, 0x0, 0x0,
    0x0, 0x6, 0x0, 0x7f, 0xf0, 0x0, 0x0, 0x0,
    0x1, 0xff, 0x70, 0x0, 0x0, 0x0, 0x0, 0x0,
    0x0, 0x7f, 0xff, 0xff, 0xff, 0xff, 0xff, 0xff,
    0x70, 0x0, 0x0, 0x0, 0x0, 0x0, 0x0, 0x7f,
    0xff, 0xff, 0xff, 0xff, 0xff, 0xff, 0x70, 0x0,
    0x0, 0x84, 0x0, 0x0, 0x0, 0x7f, 0xf0, 0x0,
    0x0, 0x0, 0x1, 0xff, 0x70, 0x0, 0x8, 0xff,
    0xc5, 0x0, 0x0, 0x7f, 0xf0, 0x0, 0x0, 0x0,
    0x1, 0xff, 0x70, 0x0, 0x6, 0xef, 0xff, 0xc2,
    0x0, 0x7f, 0xfe, 0xee, 0xee, 0xee, 0xee, 0xff,
    0x70, 0x0, 0x0, 0x7, 0xff, 0xf3, 0x0, 0x7f,
    0xff, 0xff, 0xff, 0xff, 0xff, 0xff, 0x70, 0x0,
    0x0, 0x0, 0x1a, 0x90, 0x0, 0x24, 0x44, 0x44,
    0x44, 0x44, 0x44, 0x44, 0x20, 0x0, 0x0, 0x0,
    0x0, 0x0, 0x0, 0x0, 0x0, 0x0, 0x0, 0x0,
    0x0, 0x0, 0x0, 0x0, 0x0, 0x0, 0x0, 0x0,
    0x1, 0x55, 0x55, 0x55, 0x55, 0x55, 0x55, 0x55,
    0x52, 0x0, 0x0, 0x0, 0x0, 0x50, 0x6, 0xff,
    0xff, 0xff, 0xff, 0xff, 0xff, 0xff, 0xf7, 0x0,
    0x0, 0x0, 0x1, 0xfc, 0x16, 0xff, 0xff, 0xff,
    0xff, 0xff, 0xff, 0xff, 0xf7, 0x0, 0x0, 0x0,
    0x9, 0xff, 0x36, 0xff, 0x0, 0xef, 0x10, 0x4f,
    0xc0, 0x1f, 0xf7, 0x0, 0x0, 0x0, 0x2f, 0xfb,
    0x6, 0xff, 0x0, 0xef, 0x10, 0x4f, 0xc0, 0x1f,
    0xf7, 0x0, 0x0, 0x0, 0xaf, 0xf3, 0x6, 0xff,
    0x0, 0xef, 0x10, 0x4f, 0xc0, 0x1f, 0xf7, 0x0,
    0x0, 0x3, 0xff, 0xb0, 0x6, 0xff, 0x0, 0xef,
    0x10, 0x4f, 0xc0, 0x1f, 0xf7, 0x0, 0x0, 0xc,
    0xff, 0x30, 0x6, 0xff, 0x0, 0xef, 0x10, 0x4f,
    0xc0, 0x1f, 0xf7, 0x0, 0x0, 0x6f, 0xfa, 0x0,
    0x6, 0xff, 0x0, 0xef, 0x10, 0x4f, 0xc0, 0x1f,
    0xf7, 0x0, 0x1, 0xef, 0xf2, 0xa, 0xff, 0xff,
    0xff, 0xff, 0xff, 0xff, 0xff, 0xff, 0xff, 0xf3,
    0x1, 0xbf, 0x80, 0xa, 0xff, 0xff, 0xff, 0xff,
    0xff, 0xff, 0xff, 0xff, 0xff, 0xf3, 0x0, 0x6,
    0x0, 0x3, 0x66, 0x66, 0x66, 0x66, 0x66, 0x66,
    0x66, 0x66, 0x66, 0x61,

    /* U+6E38 "游" */
    0x0, 0x41, 0x0, 0x0, 0x5, 0xb7, 0x0, 0x0,
    0x0, 0xb9, 0x30, 0x0, 0x0, 0x0, 0x3f, 0xf7,
    0x0, 0x0, 0xdf, 0xf3, 0x0, 0x0, 0x3f, 0xf5,
    0x0, 0x0, 0x0, 0x8, 0xff, 0xfd, 0x30, 0x4,
    0xff, 0xd0, 0x0, 0x6, 0xff, 0x20, 0x0, 0x0,
    0x0, 0x3, 0xdf, 0xfc, 0x0, 0xa, 0xfe, 0x30,
    0x0, 0xaf, 0xf4, 0x44, 0x44, 0x40, 0x0, 0x0,
    0x9f, 0x88, 0x88, 0xae, 0x88, 0x88, 0x2f, 0xff,
    0xff, 0xff, 0xff, 0x20, 0x0, 0x0, 0x1b, 0xff,
    0xff, 0xff, 0xff, 0xf8, 0xff, 0xff, 0xff, 0xff,
    0xf2, 0x0, 0x0, 0x0, 0xbf, 0xff, 0xff, 0xff,
    0xff, 0xef, 0xe3, 0x33, 0x33, 0x33, 0x0, 0x0,
    0x0, 0x0, 0x5, 0xff, 0x10, 0x0, 0x3f, 0xf8,
    0x0, 0x0, 0x0, 0x0, 0xb, 0x70, 0x0, 0x0,
    0x5f, 0xf1, 0x0, 0xc, 0xff, 0x20, 0x0, 0x1,
    0x10, 0x9, 0xff, 0xe6, 0x0, 0x6, 0xff, 0x0,
    0x0, 0x2c, 0xff, 0xff, 0xff, 0xff, 0x60, 0x3c,
    0xff, 0xfb, 0x0, 0x7f, 0xf3, 0x34, 0x32, 0xc,
    0xff, 0xff, 0xff, 0xfb, 0x0, 0x6, 0xff, 0x80,
    0x7, 0xff, 0xff, 0xff, 0xa0, 0x46, 0x66, 0x9f,
    0xfd, 0x10, 0x0, 0x1, 0x90, 0x0, 0x8f, 0xff,
    0xff, 0xf9, 0x0, 0x0, 0x4f, 0xfd, 0x10, 0x0,
    0x0, 0x0, 0x0, 0x9, 0xfd, 0x33, 0xef, 0x90,
    0x0, 0xf, 0xfd, 0x10, 0x0, 0x0, 0x0, 0x0,
    0x0, 0xbf, 0xa0, 0xd, 0xf8, 0x0, 0x0, 0xff,
    0x80, 0x0, 0x0, 0x0, 0x1, 0x0, 0xd, 0xf8,
    0x0, 0xef, 0x74, 0x44, 0x4f, 0xfa, 0x44, 0x40,
    0x0, 0x6, 0xe6, 0x0, 0xff, 0x60, 0xe, 0xf7,
    0xef, 0xff, 0xff, 0xff, 0xff, 0x20, 0x0, 0xbf,
    0xe0, 0x2f, 0xf3, 0x0, 0xff, 0x6e, 0xff, 0xff,
    0xff, 0xff, 0xf2, 0x0, 0x1f, 0xf9, 0x6, 0xff,
    0x0, 0xf, 0xf5, 0x11, 0x11, 0xff, 0x91, 0x11,
    0x0, 0x7, 0xff, 0x30, 0xbf, 0xc0, 0x1, 0xff,
    0x40, 0x0, 0xf, 0xf8, 0x0, 0x0, 0x0, 0xdf,
    0xe0, 0x1f, 0xf7, 0x0, 0x3f, 0xf3, 0x0, 0x0,
    0xff, 0x80, 0x0, 0x0, 0x4f, 0xf8, 0x7, 0xff,
    0x20, 0x4, 0xff, 0x20, 0x0, 0xf, 0xf8, 0x0,
    0x0, 0xb, 0xff, 0x21, 0xef, 0xb0, 0x0, 0x8f,
    0xf0, 0x0, 0x0, 0xff, 0x80, 0x0, 0x2, 0xff,
    0xb0, 0xaf, 0xf4, 0x68, 0x8e, 0xfd, 0x2, 0x55,
    0x6f, 0xf8, 0x0, 0x0, 0x4e, 0xf5, 0x1d, 0xfa,
    0x6, 0xff, 0xff, 0x70, 0x2f, 0xff, 0xff, 0x50,
    0x0, 0x0, 0x7, 0x0, 0x1b, 0x10, 0x2c, 0xcb,
    0x70, 0x0, 0xef, 0xfe, 0x80, 0x0, 0x0, 0x0,
    0x0, 0x0, 0x0, 0x0, 0x0, 0x0, 0x0, 0x0,
    0x0, 0x0, 0x0, 0x0, 0x0,

    /* U+6ED1 "滑" */
    0x0, 0x3, 0x0, 0x0, 0x0, 0x0, 0x0, 0x0,
    0x0, 0x0, 0x0, 0x0, 0x0, 0x0, 0xaf, 0x90,
    0x0, 0x1, 0xdd, 0xdd, 0xdd, 0xdd, 0xdd, 0xdd,
    0xa0, 0x0, 0x3, 0xef, 0xfd, 0x30, 0x2, 0xff,
    0xff, 0xff, 0xff, 0xff, 0xff, 0xc0, 0x0, 0x0,
    0x1c, 0xff, 0xf6, 0x2, 0xff, 0x73, 0x33, 0x33,
    0x33, 0xcf, 0xc0, 0x0, 0x0, 0x0, 0x8f, 0xfb,
    0x2, 0xff, 0x40, 0x0, 0x0, 0x0, 0xbf, 0xc0,
    0x0, 0x0, 0x0, 0x5, 0xd1, 0x2, 0xff, 0xff,
    0xff, 0xfe, 0x0, 0xbf, 0xc0, 0x0, 0x0, 0x0,
    0x0, 0x0, 0x2, 0xff, 0xcb, 0xbc, 0xfe, 0x0,
    0xbf, 0xc0, 0x0, 0x0, 0x0, 0x0, 0x0, 0x2,
    0xff, 0x40, 0x4, 0xfe, 0x0, 0xbf, 0xc0, 0x0,
    0x4, 0x10, 0x0, 0x1, 0x13, 0xff, 0x51, 0x15,
    0xff, 0x11, 0xbf, 0xc1, 0x11, 0x4f, 0xe6, 0x0,
    0xe, 0xff, 0xff, 0xff, 0xff, 0xff, 0xff, 0xff,
    0xff, 0xfb, 0x9f, 0xff, 0xc3, 0xe, 0xff, 0xff,
    0xff, 0xff, 0xff, 0xff, 0xff, 0xff, 0xfb, 0x4,
    0xdf, 0xff, 0x2e, 0xf7, 0x0, 0x0, 0x0, 0x0,
    0x0, 0x0, 0xd, 0xfb, 0x0, 0x9, 0xf9, 0xe,
    0xf8, 0x11, 0x11, 0x11, 0x11, 0x11, 0x21, 0x1d,
    0xfb, 0x0, 0x0, 0x40, 0xd, 0xeb, 0xff, 0xff,
    0xff, 0xff, 0xff, 0xff, 0xec, 0xea, 0x0, 0x0,
    0x0, 0x0, 0x4, 0xff, 0xff, 0xff, 0xff, 0xff,
    0xff, 0xe0, 0x0, 0x0, 0x0, 0x3, 0x0, 0x4,
    0xff, 0x20, 0x0, 0x0, 0x0, 0x9f, 0xe0, 0x0,
    0x0, 0x0, 0x1f, 0xc2, 0x4, 0xff, 0xdd, 0xdd,
    0xdd, 0xdd, 0xef, 0xe0, 0x0, 0x0, 0x0, 0x8f,
    0xf4, 0x4, 0xff, 0xff, 0xff, 0xff, 0xff, 0xff,
    0xe0, 0x0, 0x0, 0x1, 0xff, 0xd0, 0x4, 0xff,
    0x31, 0x11, 0x11, 0x11, 0x9f, 0xe0, 0x0, 0x0,
    0x8, 0xff, 0x50, 0x4, 0xff, 0x20, 0x0, 0x0,
    0x0, 0x9f, 0xe0, 0x0, 0x0, 0x1f, 0xfd, 0x0,
    0x4, 0xff, 0xff, 0xff, 0xff, 0xff, 0xff, 0xe0,
    0x0, 0x0, 0x9f, 0xf6, 0x0, 0x4, 0xff, 0xee,
    0xee, 0xee, 0xee, 0xff, 0xe0, 0x0, 0x2, 0xff,
    0xd0, 0x0, 0x4, 0xff, 0x20, 0x0, 0x0, 0x0,
    0x9f, 0xe0, 0x0, 0xb, 0xff, 0x60, 0x0, 0x4,
    0xff, 0x20, 0x0, 0x1, 0x0, 0x9f, 0xe0, 0x0,
    0x4, 0xed, 0x0, 0x0, 0x4, 0xff, 0x20, 0x0,
    0x9, 0xff, 0xff, 0xd0, 0x0, 0x0, 0x3, 0x0,
    0x0, 0x4, 0xff, 0x20, 0x0, 0x4, 0xff, 0xeb,
    0x30, 0x0, 0x0, 0x0, 0x0, 0x0, 0x0, 0x0,
    0x0, 0x0, 0x0, 0x0, 0x0, 0x0, 0x0,

    /* U+6EDA "滚" */
    0x0, 0x0, 0x0, 0x0, 0x0, 0x0, 0x0, 0x4,
    0x89, 0x0, 0x0, 0x0, 0x0, 0x0, 0x0, 0x1c,
    0x50, 0x0, 0x0, 0x0, 0x0, 0xc, 0xff, 0x40,
    0x0, 0x0, 0x0, 0x0, 0x0, 0xcf, 0xf9, 0x0,
    0x22, 0x22, 0x22, 0x27, 0xff, 0xb2, 0x22, 0x22,
    0x22, 0x0, 0x0, 0xb, 0xff, 0xc1, 0xdf, 0xff,
    0xff, 0xff, 0xff, 0xff, 0xff, 0xff, 0xff, 0x30,
    0x0, 0x0, 0x9f, 0xfb, 0xdf, 0xff, 0xff, 0xff,
    0xff, 0xff, 0xff, 0xff, 0xff, 0x30, 0x0, 0x0,
    0x8, 0xe2, 0x12, 0x22, 0xad, 0x62, 0x22, 0x23,
    0xfa, 0x22, 0x22, 0x0, 0x0, 0x0, 0x0, 0x10,
    0x0, 0x9, 0xff, 0x80, 0x0, 0xa, 0xff, 0xc1,
    0x0, 0x0, 0x0, 0x0, 0x0, 0x0, 0x2, 0xcf,
    0xf8, 0x5, 0x20, 0x0, 0x9f, 0xfe, 0x40, 0x0,
    0x0, 0x50, 0x0, 0x0, 0x7f, 0xff, 0x70, 0x5f,
    0xf8, 0x0, 0x5, 0xff, 0xf6, 0x0, 0xb, 0xfc,
    0x20, 0xc, 0xff, 0xf5, 0x4, 0xff, 0xe2, 0x3,
    0x0, 0x3e, 0xff, 0x50, 0x8, 0xff, 0xe4, 0x4,
    0xfc, 0x20, 0x4f, 0xfe, 0x20, 0x9f, 0xa0, 0x2,
    0xee, 0x10, 0x0, 0x5f, 0xff, 0x50, 0x30, 0x5,
    0xff, 0xe2, 0x0, 0x6f, 0xf9, 0x0, 0x23, 0x0,
    0x0, 0x3, 0xef, 0x40, 0x0, 0x8f, 0xfd, 0x44,
    0x67, 0x9e, 0xff, 0x80, 0x0, 0x0, 0x0, 0x0,
    0x34, 0x0, 0x1d, 0xff, 0xff, 0xff, 0xff, 0xff,
    0xff, 0xf6, 0x0, 0x0, 0x0, 0x0, 0x0, 0x0,
    0xe, 0xff, 0xff, 0xff, 0xff, 0xc4, 0x3b, 0xfd,
    0x0, 0x0, 0x0, 0x0, 0x2, 0x0, 0x7, 0x85,
    0x36, 0xff, 0xff, 0xe0, 0x1, 0x91, 0x0, 0x0,
    0x0, 0x0, 0xe, 0xb1, 0x0, 0x0, 0x6f, 0xfd,
    0x3f, 0xf6, 0x0, 0x6, 0xb1, 0x0, 0x0, 0x0,
    0x5f, 0xf4, 0x0, 0x1a, 0xff, 0xe1, 0xb, 0xfe,
    0x0, 0x9f, 0xfc, 0x0, 0x0, 0x0, 0xcf, 0xe0,
    0x6, 0xef, 0xff, 0x10, 0x3, 0xff, 0x9c, 0xff,
    0xb1, 0x0, 0x0, 0x3, 0xff, 0x97, 0xef, 0xff,
    0xfd, 0x0, 0x0, 0xaf, 0xff, 0xf7, 0x0, 0x0,
    0x0, 0xa, 0xff, 0x7f, 0xff, 0xcb, 0xfd, 0x0,
    0x0, 0x1e, 0xff, 0x50, 0x0, 0x0, 0x0, 0x1f,
    0xfa, 0x7, 0xb4, 0x8, 0xfd, 0x0, 0x0, 0x4,
    0xff, 0xf4, 0x0, 0x0, 0x0, 0x9f, 0xf4, 0x0,
    0x0, 0x9, 0xfd, 0x25, 0x9c, 0x70, 0x6f, 0xff,
    0x91, 0x0, 0x1, 0xff, 0xd0, 0x0, 0x0, 0xe,
    0xff, 0xff, 0xff, 0x80, 0x6, 0xff, 0xff, 0x80,
    0x5, 0xff, 0x50, 0x0, 0x0, 0xaf, 0xff, 0xff,
    0xb7, 0x20, 0x0, 0x3d, 0xff, 0x40, 0x0, 0x3a,
    0x0, 0x0, 0x0, 0x3f, 0xd8, 0x30, 0x0, 0x0,
    0x0, 0x0, 0x67, 0x0, 0x0, 0x0, 0x0, 0x0,
    0x0, 0x2, 0x0, 0x0, 0x0, 0x0, 0x0, 0x0,
    0x0, 0x0,

    /* U+6EE1 "满" */
    0x0, 0x0, 0x0, 0x0, 0x0, 0x0, 0x77, 0x20,
    0x0, 0x27, 0x71, 0x0, 0x0, 0x0, 0x39, 0x10,
    0x0, 0x0, 0x1, 0xff, 0x60, 0x0, 0x5f, 0xf4,
    0x0, 0x0, 0x2, 0xef, 0xe5, 0x2, 0x44, 0x45,
    0xff, 0x94, 0x44, 0x8f, 0xf7, 0x44, 0x42, 0x1,
    0x9f, 0xff, 0x98, 0xff, 0xff, 0xff, 0xff, 0xff,
    0xff, 0xff, 0xff, 0xf8, 0x0, 0x5, 0xef, 0xfa,
    0xff, 0xff, 0xff, 0xff, 0xff, 0xff, 0xff, 0xff,
    0xf7, 0x0, 0x0, 0x2d, 0x50, 0x0, 0x1, 0xff,
    0x60, 0x0, 0x5f, 0xf4, 0x0, 0x0, 0x0, 0x0,
    0x0, 0x0, 0x0, 0x1, 0xee, 0x50, 0x0, 0x4e,
    0xe3, 0x0, 0x0, 0x0, 0x0, 0x0, 0x3, 0x44,
    0x44, 0x44, 0x44, 0x44, 0x44, 0x44, 0x44, 0x44,
    0x0, 0x0, 0x0, 0xb, 0xff, 0xff, 0xff, 0xff,
    0xff, 0xff, 0xff, 0xff, 0xfe, 0x1d, 0xc3, 0x0,
    0xa, 0xff, 0xff, 0xff, 0xff, 0xff, 0xff, 0xff,
    0xff, 0xfd, 0x9f, 0xff, 0xa1, 0x0, 0x0, 0x0,
    0xc, 0xf5, 0x0, 0xcf, 0x50, 0x0, 0x0, 0x5,
    0xef, 0xfd, 0x0, 0x11, 0x11, 0x1c, 0xf6, 0x11,
    0xdf, 0x51, 0x12, 0x10, 0x0, 0x1a, 0xf4, 0x1,
    0xff, 0xff, 0xff, 0xff, 0xff, 0xff, 0xff, 0xff,
    0xf6, 0x0, 0x0, 0x20, 0x1, 0xff, 0xff, 0xff,
    0xff, 0xff, 0xff, 0xff, 0xff, 0xf6, 0x0, 0x0,
    0x0, 0x1, 0xff, 0x93, 0x3f, 0xf5, 0x33, 0xff,
    0x43, 0x4f, 0xf6, 0x0, 0x0, 0x6, 0x1, 0xff,
    0x70, 0x1f, 0xf0, 0x1, 0xff, 0x0, 0xf, 0xf6,
    0x0, 0x0, 0x5f, 0xa1, 0xff, 0x70, 0x4f, 0xf3,
    0x4, 0xff, 0x50, 0xf, 0xf6, 0x0, 0x0, 0xdf,
    0xf2, 0xff, 0x70, 0x8f, 0xff, 0x37, 0xff, 0xf2,
    0xf, 0xf6, 0x0, 0x5, 0xff, 0x91, 0xff, 0x70,
    0xdf, 0xdf, 0xdc, 0xff, 0xfd, 0xf, 0xf6, 0x0,
    0xd, 0xff, 0x11, 0xff, 0x76, 0xff, 0x1b, 0x6f,
    0xf4, 0xff, 0x7f, 0xf6, 0x0, 0x5f, 0xfa, 0x1,
    0xff, 0xaf, 0xf9, 0x0, 0xbf, 0xa0, 0x9f, 0x6f,
    0xf6, 0x0, 0xef, 0xf2, 0x1, 0xff, 0x9c, 0xd0,
    0x6, 0xff, 0x20, 0x12, 0xf, 0xf6, 0x7, 0xff,
    0xa0, 0x1, 0xff, 0x70, 0x10, 0x0, 0x77, 0x0,
    0x0, 0xf, 0xf6, 0x1f, 0xff, 0x20, 0x1, 0xff,
    0x70, 0x0, 0x0, 0x0, 0x0, 0x0, 0xf, 0xf6,
    0x6, 0xf9, 0x0, 0x1, 0xff, 0x70, 0x0, 0x0,
    0x0, 0x1, 0xcc, 0xdf, 0xf5, 0x0, 0x21, 0x0,
    0x1, 0xff, 0x70, 0x0, 0x0, 0x0, 0x0, 0xcf,
    0xed, 0x80,

    /* U+706D "灭" */
    0x0, 0xaa, 0xaa, 0xaa, 0xaa, 0xaa, 0xaa, 0xaa,
    0xaa, 0xaa, 0xaa, 0xaa, 0xa9, 0x0, 0x0, 0xff,
    0xff, 0xff, 0xff, 0xff, 0xff, 0xff, 0xff, 0xff,
    0xff, 0xff, 0xfe, 0x0, 0x0, 0xff, 0xff, 0xff,
    0xff, 0xff, 0xff, 0xff, 0xff, 0xff, 0xff, 0xff,
    0xfe, 0x0, 0x0, 0x0, 0x0, 0x0, 0x0, 0x0,
    0x7f, 0xf6, 0x0, 0x0, 0x0, 0x0, 0x0, 0x0,
    0x0, 0x0, 0x0, 0x0, 0x0, 0x0, 0x7f, 0xf6,
    0x0, 0x0, 0x0, 0x0, 0x0, 0x0, 0x0, 0x0,
    0x0, 0x0, 0x0, 0x0, 0x7f, 0xf5, 0x0, 0x0,
    0x0, 0x0, 0x0, 0x0, 0x0, 0x0, 0x0, 0x0,
    0x0, 0x0, 0x8f, 0xf4, 0x0, 0x0, 0x0, 0x10,
    0x0, 0x0, 0x0, 0x0, 0x0, 0xca, 0x40, 0x0,
    0x9f, 0xf4, 0x0, 0x0, 0x5, 0xfa, 0x30, 0x0,
    0x0, 0x0, 0x2, 0xff, 0x80, 0x0, 0xaf, 0xf5,
    0x0, 0x0, 0xb, 0xff, 0x30, 0x0, 0x0, 0x0,
    0x8, 0xff, 0x30, 0x0, 0xbf, 0xf8, 0x0, 0x0,
    0x2f, 0xfc, 0x0, 0x0, 0x0, 0x0, 0x1f, 0xfd,
    0x0, 0x0, 0xdf, 0xfc, 0x0, 0x0, 0xaf, 0xf4,
    0x0, 0x0, 0x0, 0x0, 0x8f, 0xf6, 0x0, 0x0,
    0xff, 0xff, 0x0, 0x2, 0xff, 0xb0, 0x0, 0x0,
    0x0, 0x3, 0xff, 0xe0, 0x0, 0x3, 0xff, 0xff,
    0x40, 0xa, 0xff, 0x30, 0x0, 0x0, 0x0, 0xd,
    0xff, 0x60, 0x0, 0x7, 0xff, 0xff, 0xa0, 0x2f,
    0xf9, 0x0, 0x0, 0x0, 0x0, 0x2, 0xab, 0x0,
    0x0, 0xd, 0xff, 0xcf, 0xf1, 0x2, 0x81, 0x0,
    0x0, 0x0, 0x0, 0x0, 0x0, 0x0, 0x0, 0x4f,
    0xfc, 0x3f, 0xf8, 0x0, 0x0, 0x0, 0x0, 0x0,
    0x0, 0x0, 0x0, 0x0, 0x0, 0xcf, 0xf6, 0xd,
    0xff, 0x20, 0x0, 0x0, 0x0, 0x0, 0x0, 0x0,
    0x0, 0x0, 0x7, 0xff, 0xe0, 0x5, 0xff, 0xc0,
    0x0, 0x0, 0x0, 0x0, 0x0, 0x0, 0x0, 0x0,
    0x4f, 0xff, 0x50, 0x0, 0xbf, 0xfa, 0x0, 0x0,
    0x0, 0x0, 0x0, 0x0, 0x0, 0x5, 0xff, 0xf9,
    0x0, 0x0, 0x1e, 0xff, 0xa0, 0x0, 0x0, 0x0,
    0x0, 0x0, 0x0, 0x9f, 0xff, 0xb0, 0x0, 0x0,
    0x4, 0xff, 0xfd, 0x30, 0x0, 0x0, 0x0, 0x0,
    0x7e, 0xff, 0xfa, 0x0, 0x0, 0x0, 0x0, 0x4f,
    0xff, 0xfb, 0x40, 0x0, 0x4, 0x9f, 0xff, 0xff,
    0x60, 0x0, 0x0, 0x0, 0x0, 0x2, 0xcf, 0xff,
    0xfe, 0x90, 0xa, 0xff, 0xff, 0xa1, 0x0, 0x0,
    0x0, 0x0, 0x0, 0x0, 0x6, 0xef, 0xff, 0x80,
    0x0, 0xee, 0x82, 0x0, 0x0, 0x0, 0x0, 0x0,
    0x0, 0x0, 0x0, 0x5, 0xac, 0x0, 0x0, 0x10,
    0x0, 0x0, 0x0, 0x0, 0x0, 0x0, 0x0, 0x0,
    0x0, 0x0, 0x0, 0x0,

    /* U+706F "灯" */
    0x0, 0x0, 0x3, 0x77, 0x0, 0x0, 0x0, 0x0,
    0x0, 0x0, 0x0, 0x0, 0x0, 0x0, 0x0, 0x0,
    0x7f, 0xf1, 0x0, 0x0, 0x0, 0x0, 0x0, 0x0,
    0x0, 0x0, 0x0, 0x0, 0x0, 0x7, 0xff, 0x10,
    0x0, 0x68, 0x88, 0x88, 0x88, 0x88, 0x88, 0x88,
    0x60, 0x0, 0x0, 0x7f, 0xf1, 0x0, 0xc, 0xff,
    0xff, 0xff, 0xff, 0xff, 0xff, 0xfc, 0x0, 0x0,
    0x7, 0xff, 0x10, 0x0, 0xcf, 0xff, 0xff, 0xff,
    0xff, 0xff, 0xff, 0xc0, 0x0, 0x0, 0x7f, 0xf1,
    0x4, 0x0, 0x0, 0x0, 0x0, 0xbf, 0xf2, 0x0,
    0x0, 0x0, 0xac, 0x27, 0xff, 0x11, 0xfe, 0x30,
    0x0, 0x0, 0xb, 0xff, 0x10, 0x0, 0x0, 0xd,
    0xf3, 0x7f, 0xf1, 0x5f, 0xe0, 0x0, 0x0, 0x0,
    0xbf, 0xf1, 0x0, 0x0, 0x0, 0xff, 0x17, 0xff,
    0x1a, 0xf8, 0x0, 0x0, 0x0, 0xb, 0xff, 0x10,
    0x0, 0x0, 0x1f, 0xf0, 0x7f, 0xf2, 0xff, 0x10,
    0x0, 0x0, 0x0, 0xbf, 0xf1, 0x0, 0x0, 0x3,
    0xfe, 0x7, 0xff, 0x7f, 0xa0, 0x0, 0x0, 0x0,
    0xb, 0xff, 0x10, 0x0, 0x0, 0x7f, 0xb0, 0x8f,
    0xf6, 0xe3, 0x0, 0x0, 0x0, 0x0, 0xbf, 0xf1,
    0x0, 0x0, 0xb, 0xf7, 0x9, 0xff, 0x0, 0x0,
    0x0, 0x0, 0x0, 0xb, 0xff, 0x10, 0x0, 0x0,
    0x39, 0x30, 0xaf, 0xe0, 0x0, 0x0, 0x0, 0x0,
    0x0, 0xbf, 0xf1, 0x0, 0x0, 0x0, 0x0, 0xb,
    0xfd, 0x0, 0x0, 0x0, 0x0, 0x0, 0xb, 0xff,
    0x10, 0x0, 0x0, 0x0, 0x0, 0xef, 0xb0, 0x0,
    0x0, 0x0, 0x0, 0x0, 0xbf, 0xf1, 0x0, 0x0,
    0x0, 0x0, 0x1f, 0xff, 0x50, 0x0, 0x0, 0x0,
    0x0, 0xb, 0xff, 0x10, 0x0, 0x0, 0x0, 0x4,
    0xff, 0xff, 0x60, 0x0, 0x0, 0x0, 0x0, 0xbf,
    0xf1, 0x0, 0x0, 0x0, 0x0, 0x9f, 0xfd, 0xff,
    0x60, 0x0, 0x0, 0x0, 0xb, 0xff, 0x10, 0x0,
    0x0, 0x0, 0xe, 0xfd, 0x1e, 0xff, 0x50, 0x0,
    0x0, 0x0, 0xbf, 0xf1, 0x0, 0x0, 0x0, 0x6,
    0xff, 0x80, 0x2f, 0xff, 0x30, 0x0, 0x0, 0xb,
    0xff, 0x10, 0x0, 0x0, 0x0, 0xef, 0xf2, 0x0,
    0x4f, 0xa0, 0x0, 0x0, 0x0, 0xbf, 0xf1, 0x0,
    0x0, 0x0, 0x9f, 0xf9, 0x0, 0x0, 0x50, 0x0,
    0x0, 0x0, 0xb, 0xff, 0x10, 0x0, 0x0, 0x6f,
    0xfe, 0x10, 0x0, 0x0, 0x0, 0xa, 0xbb, 0xbb,
    0xff, 0xf0, 0x0, 0x0, 0xb, 0xff, 0x50, 0x0,
    0x0, 0x0, 0x0, 0x8f, 0xff, 0xff, 0xfb, 0x0,
    0x0, 0x0, 0xc, 0x70, 0x0, 0x0, 0x0, 0x0,
    0x2, 0xff, 0xff, 0xd9, 0x10, 0x0, 0x0, 0x0,
    0x0, 0x0, 0x0, 0x0, 0x0, 0x0, 0x1, 0x10,
    0x0, 0x0, 0x0, 0x0, 0x0,

    /* U+70B9 "点" */
    0x0, 0x0, 0x0, 0x0, 0x0, 0x5, 0xbb, 0x10,
    0x0, 0x0, 0x0, 0x0, 0x0, 0x0, 0x0, 0x0,
    0x0, 0x0, 0x8, 0xff, 0x20, 0x0, 0x0, 0x0,
    0x0, 0x0, 0x0, 0x0, 0x0, 0x0, 0x0, 0x8,
    0xff, 0x20, 0x0, 0x0, 0x0, 0x0, 0x0, 0x0,
    0x0, 0x0, 0x0, 0x0, 0x8, 0xff, 0xff, 0xff,
    0xff, 0xff, 0xff, 0x90, 0x0, 0x0, 0x0, 0x0,
    0x0, 0x8, 0xff, 0xff, 0xff, 0xff, 0xff, 0xff,
    0x90, 0x0, 0x0, 0x0, 0x0, 0x0, 0x8, 0xff,
    0xa8, 0x88, 0x88, 0x88, 0x88, 0x50, 0x0, 0x0,
    0x0, 0x0, 0x0, 0x8, 0xff, 0x20, 0x0, 0x0,
    0x0, 0x0, 0x0, 0x0, 0x0, 0x0, 0x0, 0x0,
    0x8, 0xff, 0x20, 0x0, 0x0, 0x0, 0x0, 0x0,
    0x0, 0x1, 0x33, 0x33, 0x33, 0x3a, 0xff, 0x53,
    0x33, 0x33, 0x33, 0x20, 0x0, 0x0, 0x8, 0xff,
    0xff, 0xff, 0xff, 0xff, 0xff, 0xff, 0xff, 0xff,
    0x90, 0x0, 0x0, 0x8, 0xff, 0xff, 0xff, 0xff,
    0xff, 0xff, 0xff, 0xff, 0xff, 0x90, 0x0, 0x0,
    0x8, 0xff, 0x33, 0x33, 0x33, 0x33, 0x33, 0x33,
    0x34, 0xff, 0x90, 0x0, 0x0, 0x8, 0xff, 0x0,
    0x0, 0x0, 0x0, 0x0, 0x0, 0x1, 0xff, 0x90,
    0x0, 0x0, 0x8, 0xff, 0x0, 0x0, 0x0, 0x0,
    0x0, 0x0, 0x1, 0xff, 0x90, 0x0, 0x0, 0x8,
    0xff, 0x0, 0x0, 0x0, 0x0, 0x0, 0x0, 0x1,
    0xff, 0x90, 0x0, 0x0, 0x8, 0xff, 0x66, 0x66,
    0x66, 0x66, 0x66, 0x66, 0x66, 0xff, 0x90, 0x0,
    0x0, 0x8, 0xff, 0xff, 0xff, 0xff, 0xff, 0xff,
    0xff, 0xff, 0xff, 0x90, 0x0, 0x0, 0x8, 0xff,
    0xff, 0xff, 0xff, 0xff, 0xff, 0xff, 0xff, 0xff,
    0x90, 0x0, 0x0, 0x0, 0x11, 0x11, 0x11, 0x11,
    0x11, 0x11, 0x11, 0x11, 0x11, 0x0, 0x0, 0x0,
    0x2, 0x40, 0x0, 0x0, 0x0, 0x0, 0x0, 0x0,
    0x0, 0x6, 0x40, 0x0, 0x0, 0xb, 0xff, 0x10,
    0x6b, 0xa0, 0x0, 0x9e, 0xc0, 0x0, 0xef, 0xe1,
    0x0, 0x0, 0x4f, 0xfa, 0x0, 0x8f, 0xf0, 0x0,
    0x8f, 0xf3, 0x0, 0x5f, 0xfb, 0x0, 0x0, 0xdf,
    0xf2, 0x0, 0x6f, 0xf3, 0x0, 0x1f, 0xfa, 0x0,
    0xa, 0xff, 0x60, 0x8, 0xff, 0x90, 0x0, 0x4f,
    0xf5, 0x0, 0xb, 0xff, 0x0, 0x1, 0xff, 0xe1,
    0x5f, 0xfd, 0x0, 0x0, 0x3f, 0xf7, 0x0, 0x6,
    0xff, 0x50, 0x0, 0x7f, 0xf8, 0x5d, 0xf3, 0x0,
    0x0, 0x2f, 0xe6, 0x0, 0x2, 0xea, 0x40, 0x0,
    0xe, 0xa4, 0x0, 0x10, 0x0, 0x0, 0x0, 0x0,
    0x0, 0x0, 0x0, 0x0, 0x0, 0x0, 0x0,

    /* U+7184 "熄" */
    0x0, 0x0, 0x4, 0x42, 0x0, 0x0, 0x0, 0x0,
    0xa, 0x98, 0x0, 0x0, 0x0, 0x0, 0x0, 0x0,
    0xe, 0xf7, 0x0, 0x0, 0x0, 0x0, 0xf, 0xfc,
    0x0, 0x0, 0x0, 0x0, 0x0, 0x0, 0xe, 0xf7,
    0x0, 0x0, 0x0, 0x0, 0x3f, 0xf7, 0x0, 0x0,
    0x0, 0x0, 0x0, 0x0, 0xe, 0xf7, 0x0, 0x0,
    0x6f, 0xff, 0xff, 0xff, 0xff, 0xff, 0xf1, 0x0,
    0x0, 0x0, 0xe, 0xf7, 0x0, 0x0, 0x6f, 0xfd,
    0xdd, 0xdd, 0xdd, 0xef, 0xf1, 0x0, 0x0, 0x0,
    0xe, 0xf7, 0x6, 0x61, 0x6f, 0xf1, 0x0, 0x0,
    0x0, 0x7f, 0xf1, 0x0, 0x0, 0x67, 0x1e, 0xf7,
    0xc, 0xfb, 0x6f, 0xf1, 0x11, 0x11, 0x11, 0x8f,
    0xf1, 0x0, 0x0, 0xbf, 0x2e, 0xf7, 0x1f, 0xf4,
    0x6f, 0xff, 0xff, 0xff, 0xff, 0xff, 0xf1, 0x0,
    0x0, 0xdf, 0x1e, 0xf7, 0x6f, 0xd0, 0x6f, 0xfb,
    0xbb, 0xbb, 0xbb, 0xdf, 0xf1, 0x0, 0x0, 0xff,
    0xe, 0xf7, 0xcf, 0x50, 0x6f, 0xf1, 0x0, 0x0,
    0x0, 0x7f, 0xf1, 0x0, 0x2, 0xfe, 0xe, 0xfa,
    0xfe, 0x0, 0x6f, 0xfb, 0xbb, 0xbb, 0xbb, 0xdf,
    0xf1, 0x0, 0x6, 0xfa, 0xf, 0xf7, 0x44, 0x0,
    0x6f, 0xff, 0xff, 0xff, 0xff, 0xff, 0xf1, 0x0,
    0xd, 0xf5, 0xf, 0xf6, 0x0, 0x0, 0x6f, 0xf1,
    0x0, 0x0, 0x0, 0x7f, 0xf1, 0x0, 0x4, 0xb0,
    0xf, 0xf6, 0x0, 0x0, 0x6f, 0xf1, 0x0, 0x0,
    0x0, 0x7f, 0xf1, 0x0, 0x0, 0x0, 0x2f, 0xf5,
    0x0, 0x0, 0x6f, 0xfe, 0xee, 0xee, 0xee, 0xff,
    0xf1, 0x0, 0x0, 0x0, 0x3f, 0xf3, 0x0, 0x0,
    0x6f, 0xff, 0xff, 0xff, 0xff, 0xff, 0xf1, 0x0,
    0x0, 0x0, 0x6f, 0xfc, 0x0, 0x0, 0x0, 0x0,
    0x7f, 0x60, 0x0, 0x0, 0x0, 0x0, 0x0, 0x0,
    0x9f, 0xff, 0xc0, 0x0, 0x0, 0x0, 0xaf, 0xfa,
    0x0, 0x0, 0x0, 0x0, 0x0, 0x0, 0xdf, 0xef,
    0xfc, 0x16, 0x12, 0xee, 0x37, 0xff, 0xc0, 0x7,
    0x60, 0x0, 0x0, 0x2, 0xff, 0x76, 0xff, 0xaf,
    0xf3, 0xff, 0x40, 0x4f, 0xa0, 0x6f, 0xf2, 0x0,
    0x0, 0x8, 0xff, 0x20, 0x99, 0x6f, 0xe2, 0xff,
    0x40, 0x3, 0x0, 0xc, 0xfb, 0x0, 0x0, 0x1f,
    0xfc, 0x0, 0x0, 0xaf, 0xb2, 0xff, 0x40, 0x0,
    0x7, 0x65, 0xff, 0x30, 0x0, 0xaf, 0xf4, 0x0,
    0x0, 0xef, 0x72, 0xff, 0x40, 0x0, 0xa, 0xf8,
    0xcf, 0xb0, 0x6, 0xff, 0xb0, 0x0, 0x5, 0xff,
    0x31, 0xff, 0x83, 0x33, 0x4e, 0xf5, 0x5f, 0xf1,
    0xc, 0xff, 0x20, 0x0, 0x3, 0xbc, 0x0, 0xff,
    0xff, 0xff, 0xff, 0xf1, 0xe, 0x70, 0x1, 0xc4,
    0x0, 0x0, 0x0, 0x0, 0x0, 0x5d, 0xff, 0xff,
    0xfe, 0x60, 0x0, 0x0, 0x0, 0x0, 0x0, 0x0,
    0x0, 0x0, 0x0, 0x0, 0x0, 0x0, 0x0, 0x0,
    0x0, 0x0,

    /* U+7247 "片" */
    0x0, 0x0, 0x0, 0x0, 0x0, 0x0, 0x0, 0x6,
    0x64, 0x0, 0x0, 0x0, 0x0, 0x0, 0x0, 0x3c,
    0xc5, 0x0, 0x0, 0x0, 0xf, 0xfc, 0x0, 0x0,
    0x0, 0x0, 0x0, 0x0, 0x4f, 0xf7, 0x0, 0x0,
    0x0, 0xf, 0xfc, 0x0, 0x0, 0x0, 0x0, 0x0,
    0x0, 0x4f, 0xf7, 0x0, 0x0, 0x0, 0xf, 0xfc,
    0x0, 0x0, 0x0, 0x0, 0x0, 0x0, 0x4f, 0xf7,
    0x0, 0x0, 0x0, 0xf, 0xfc, 0x0, 0x0, 0x0,
    0x0, 0x0, 0x0, 0x4f, 0xf7, 0x0, 0x0, 0x0,
    0xf, 0xfc, 0x0, 0x0, 0x0, 0x0, 0x0, 0x0,
    0x4f, 0xf7, 0x0, 0x0, 0x0, 0xf, 0xfc, 0x0,
    0x0, 0x0, 0x0, 0x0, 0x0, 0x4f, 0xfa, 0x44,
    0x44, 0x44, 0x4f, 0xfd, 0x44, 0x44, 0x44, 0x40,
    0x0, 0x0, 0x4f, 0xff, 0xff, 0xff, 0xff, 0xff,
    0xff, 0xff, 0xff, 0xff, 0xf2, 0x0, 0x0, 0x4f,
    0xff, 0xff, 0xff, 0xff, 0xff, 0xff, 0xff, 0xff,
    0xff, 0xf2, 0x0, 0x0, 0x4f, 0xfb, 0x77, 0x77,
    0x77, 0x77, 0x77, 0x77, 0x77, 0x77, 0x71, 0x0,
    0x0, 0x5f, 0xf7, 0x0, 0x0, 0x0, 0x0, 0x0,
    0x0, 0x0, 0x0, 0x0, 0x0, 0x0, 0x5f, 0xf7,
    0x0, 0x0, 0x0, 0x0, 0x0, 0x0, 0x0, 0x0,
    0x0, 0x0, 0x0, 0x6f, 0xf6, 0x0, 0x0, 0x0,
    0x0, 0x0, 0x0, 0x0, 0x0, 0x0, 0x0, 0x0,
    0x7f, 0xfd, 0xbb, 0xbb, 0xbb, 0xbb, 0xbb, 0xbb,
    0xb2, 0x0, 0x0, 0x0, 0x0, 0x9f, 0xff, 0xff,
    0xff, 0xff, 0xff, 0xff, 0xff, 0xf4, 0x0, 0x0,
    0x0, 0x0, 0xbf, 0xff, 0xff, 0xff, 0xff, 0xff,
    0xff, 0xff, 0xf4, 0x0, 0x0, 0x0, 0x0, 0xef,
    0xf0, 0x0, 0x0, 0x0, 0x0, 0x0, 0xaf, 0xf4,
    0x0, 0x0, 0x0, 0x2, 0xff, 0xb0, 0x0, 0x0,
    0x0, 0x0, 0x0, 0xaf, 0xf4, 0x0, 0x0, 0x0,
    0x7, 0xff, 0x70, 0x0, 0x0, 0x0, 0x0, 0x0,
    0xaf, 0xf4, 0x0, 0x0, 0x0, 0xd, 0xff, 0x30,
    0x0, 0x0, 0x0, 0x0, 0x0, 0xaf, 0xf4, 0x0,
    0x0, 0x0, 0x5f, 0xfc, 0x0, 0x0, 0x0, 0x0,
    0x0, 0x0, 0xaf, 0xf4, 0x0, 0x0, 0x1, 0xef,
    0xf5, 0x0, 0x0, 0x0, 0x0, 0x0, 0x0, 0xaf,
    0xf4, 0x0, 0x0, 0xb, 0xff, 0xd0, 0x0, 0x0,
    0x0, 0x0, 0x0, 0x0, 0xaf, 0xf4, 0x0, 0x0,
    0xa, 0xff, 0x30, 0x0, 0x0, 0x0, 0x0, 0x0,
    0x0, 0xaf, 0xf4, 0x0, 0x0, 0x0, 0xa6, 0x0,
    0x0, 0x0, 0x0, 0x0, 0x0, 0x0, 0xaf, 0xf4,
    0x0, 0x0, 0x0, 0x0, 0x0, 0x0, 0x0, 0x0,
    0x0, 0x0, 0x0, 0x0, 0x0, 0x0, 0x0,

    /* U+724C "牌" */
    0x0, 0x0, 0x0, 0x9, 0xa4, 0x0, 0x0, 0x0,
    0x5, 0x96, 0x20, 0x0, 0x0, 0x0, 0x4, 0xff,
    0x0, 0xef, 0x60, 0x0, 0x0, 0x0, 0xcf, 0xf4,
    0x0, 0x0, 0x0, 0x0, 0x4f, 0xf0, 0xe, 0xf6,
    0x0, 0x0, 0x0, 0x2f, 0xfb, 0x0, 0x0, 0x0,
    0x0, 0x4, 0xff, 0x0, 0xef, 0x60, 0xe, 0xff,
    0xff, 0xff, 0xff, 0xff, 0xff, 0xf2, 0x0, 0x4f,
    0xf0, 0xe, 0xf6, 0x0, 0xef, 0xff, 0xff, 0xff,
    0xff, 0xff, 0xff, 0x20, 0x4, 0xff, 0x0, 0xef,
    0x60, 0xe, 0xf7, 0x0, 0xe, 0xf5, 0x0, 0x4f,
    0xf2, 0x0, 0x4f, 0xf0, 0xe, 0xf6, 0x0, 0xef,
    0x70, 0x0, 0xef, 0x50, 0x4, 0xff, 0x20, 0x4,
    0xff, 0x44, 0xff, 0x94, 0x2e, 0xfd, 0xbb, 0xbf,
    0xfc, 0xbb, 0xcf, 0xf2, 0x0, 0x4f, 0xff, 0xff,
    0xff, 0xf8, 0xef, 0xff, 0xff, 0xff, 0xff, 0xff,
    0xff, 0x20, 0x4, 0xff, 0xff, 0xff, 0xff, 0x8e,
    0xf9, 0x33, 0x3f, 0xf7, 0x33, 0x6f, 0xf2, 0x0,
    0x4f, 0xf0, 0x0, 0x0, 0x0, 0xef, 0x70, 0x1,
    0xff, 0x30, 0x4, 0xff, 0x20, 0x4, 0xff, 0x0,
    0x0, 0x0, 0xe, 0xf8, 0x22, 0x6f, 0xf3, 0x22,
    0x5f, 0xf2, 0x0, 0x4f, 0xf0, 0x0, 0x0, 0x0,
    0xef, 0xff, 0xff, 0xff, 0xff, 0xff, 0xff, 0x20,
    0x5, 0xff, 0x11, 0x11, 0x10, 0xe, 0xff, 0xff,
    0xff, 0xff, 0xff, 0xff, 0xf2, 0x0, 0x5f, 0xff,
    0xff, 0xff, 0x40, 0x0, 0x2, 0xef, 0xe1, 0x23,
    0x20, 0x0, 0x0, 0x6, 0xff, 0xff, 0xff, 0xf4,
    0x0, 0x4, 0xef, 0xf3, 0xa, 0xfd, 0x0, 0x0,
    0x0, 0x7f, 0xe2, 0x25, 0xff, 0x40, 0x3a, 0xff,
    0xf4, 0x0, 0xaf, 0xd0, 0x0, 0x0, 0x8, 0xfc,
    0x0, 0x3f, 0xf4, 0x8, 0xff, 0xc2, 0x0, 0xa,
    0xfd, 0x0, 0x0, 0x0, 0xaf, 0xa0, 0x3, 0xff,
    0x45, 0x6d, 0xa6, 0x66, 0x66, 0xcf, 0xe6, 0x66,
    0x50, 0xc, 0xf9, 0x0, 0x3f, 0xf4, 0xdf, 0xff,
    0xff, 0xff, 0xff, 0xff, 0xff, 0xfe, 0x0, 0xef,
    0x60, 0x3, 0xff, 0x4b, 0xdd, 0xdd, 0xdd, 0xdd,
    0xff, 0xfd, 0xdd, 0xc0, 0x1f, 0xf4, 0x0, 0x3f,
    0xf4, 0x0, 0x0, 0x0, 0x0, 0xa, 0xfd, 0x0,
    0x0, 0x4, 0xff, 0x10, 0x3, 0xff, 0x40, 0x0,
    0x0, 0x0, 0x0, 0xaf, 0xd0, 0x0, 0x0, 0x8f,
    0xe0, 0x0, 0x3f, 0xf4, 0x0, 0x0, 0x0, 0x0,
    0xa, 0xfd, 0x0, 0x0, 0xd, 0xfa, 0x0, 0x3,
    0xff, 0x40, 0x0, 0x0, 0x0, 0x0, 0xaf, 0xd0,
    0x0, 0x0, 0x7c, 0x50, 0x0, 0x3f, 0xf4, 0x0,
    0x0, 0x0, 0x0, 0xa, 0xfd, 0x0, 0x0, 0x0,
    0x0, 0x0, 0x0, 0x0, 0x0, 0x0, 0x0, 0x0,
    0x0, 0x0, 0x0, 0x0, 0x0,

    /* U+7269 "物" */
    0x0, 0x0, 0x0, 0x9a, 0x40, 0x0, 0x0, 0x37,
    0x40, 0x0, 0x0, 0x0, 0x0, 0x0, 0x0, 0x0,
    0xf, 0xf7, 0x0, 0x0, 0x9, 0xff, 0x0, 0x0,
    0x0, 0x0, 0x0, 0x0, 0x9d, 0x70, 0xff, 0x70,
    0x0, 0x0, 0xcf, 0xb0, 0x0, 0x0, 0x0, 0x0,
    0x0, 0xa, 0xf9, 0xf, 0xf7, 0x0, 0x0, 0x1f,
    0xf6, 0x0, 0x0, 0x0, 0x0, 0x0, 0x0, 0xdf,
    0x70, 0xff, 0x70, 0x0, 0x6, 0xff, 0x31, 0x11,
    0x11, 0x11, 0x22, 0x10, 0xf, 0xf5, 0xf, 0xf8,
    0x0, 0x0, 0xcf, 0xff, 0xff, 0xff, 0xff, 0xff,
    0xfc, 0x1, 0xff, 0xff, 0xff, 0xff, 0xf1, 0x3f,
    0xff, 0xff, 0xff, 0xff, 0xff, 0xff, 0xc0, 0x4f,
    0xff, 0xff, 0xff, 0xff, 0x1b, 0xfe, 0x56, 0xff,
    0x75, 0xff, 0x9e, 0xfb, 0x7, 0xfd, 0x77, 0xff,
    0xb7, 0x74, 0xff, 0x70, 0x6f, 0xe0, 0x2f, 0xf2,
    0xdf, 0xa0, 0xbf, 0x80, 0xf, 0xf7, 0x0, 0xdf,
    0xe0, 0xb, 0xf9, 0x6, 0xfe, 0xe, 0xf9, 0x1f,
    0xf4, 0x0, 0xff, 0x70, 0x9f, 0xf6, 0x2, 0xff,
    0x30, 0xaf, 0xb0, 0xff, 0x81, 0xae, 0x0, 0xf,
    0xf7, 0x6, 0xfb, 0x0, 0x8f, 0xd0, 0xe, 0xf6,
    0xf, 0xf7, 0x0, 0x20, 0x0, 0xff, 0x70, 0x4,
    0x10, 0x1f, 0xf6, 0x4, 0xff, 0x11, 0xff, 0x60,
    0x0, 0x0, 0xf, 0xfb, 0xae, 0x80, 0x8, 0xfe,
    0x0, 0xaf, 0xc0, 0x2f, 0xf5, 0x0, 0x0, 0x37,
    0xff, 0xff, 0xfb, 0x2, 0xff, 0x70, 0xf, 0xf7,
    0x3, 0xff, 0x40, 0x6a, 0xef, 0xff, 0xff, 0xd8,
    0x30, 0xcf, 0xe0, 0x7, 0xff, 0x10, 0x4f, 0xf3,
    0xe, 0xff, 0xff, 0xff, 0x80, 0x0, 0x9f, 0xf4,
    0x0, 0xef, 0xa0, 0x6, 0xff, 0x20, 0xaf, 0xa5,
    0x1f, 0xf7, 0x0, 0x8f, 0xfa, 0x0, 0x6f, 0xf3,
    0x0, 0x7f, 0xf0, 0x1, 0x0, 0x0, 0xff, 0x70,
    0x3f, 0xfc, 0x0, 0xe, 0xfc, 0x0, 0x9, 0xfe,
    0x0, 0x0, 0x0, 0xf, 0xf7, 0x0, 0x1a, 0x10,
    0x8, 0xff, 0x40, 0x0, 0xbf, 0xd0, 0x0, 0x0,
    0x0, 0xff, 0x70, 0x0, 0x0, 0x4, 0xff, 0xb0,
    0x0, 0xe, 0xfb, 0x0, 0x0, 0x0, 0xf, 0xf7,
    0x0, 0x0, 0x1, 0xef, 0xf2, 0x0, 0x1, 0xff,
    0x80, 0x0, 0x0, 0x0, 0xff, 0x70, 0x0, 0x1,
    0xdf, 0xf6, 0x0, 0x0, 0x6f, 0xf5, 0x0, 0x0,
    0x0, 0xf, 0xf7, 0x0, 0x2, 0xdf, 0xf9, 0x3,
    0x98, 0x9f, 0xff, 0x10, 0x0, 0x0, 0x0, 0xff,
    0x70, 0x0, 0x4e, 0xfa, 0x0, 0xf, 0xff, 0xff,
    0x90, 0x0, 0x0, 0x0, 0xf, 0xf7, 0x0, 0x0,
    0x17, 0x0, 0x0, 0xcf, 0xfe, 0x80, 0x0, 0x0,
    0x0, 0x0, 0x0, 0x0, 0x0, 0x0, 0x0, 0x0,
    0x0, 0x0, 0x0, 0x0, 0x0,

    /* U+73A9 "玩" */
    0x4, 0x88, 0x88, 0x88, 0x88, 0x60, 0x9a, 0xaa,
    0xaa, 0xaa, 0xaa, 0xaa, 0xa4, 0x0, 0x9, 0xff,
    0xff, 0xff, 0xff, 0xd0, 0xef, 0xff, 0xff, 0xff,
    0xff, 0xff, 0xf7, 0x0, 0x9, 0xff, 0xff, 0xff,
    0xff, 0xd0, 0xcd, 0xdd, 0xdd, 0xdd, 0xdd, 0xdd,
    0xd5, 0x0, 0x0, 0x0, 0x1f, 0xf8, 0x0, 0x0,
    0x0, 0x0, 0x0, 0x0, 0x0, 0x0, 0x0, 0x0,
    0x0, 0x0, 0x1f, 0xf8, 0x0, 0x0, 0x0, 0x0,
    0x0, 0x0, 0x0, 0x0, 0x0, 0x0, 0x0, 0x0,
    0x1f, 0xf8, 0x0, 0x0, 0x0, 0x0, 0x0, 0x0,
    0x0, 0x0, 0x0, 0x0, 0x0, 0x0, 0x1f, 0xf8,
    0x0, 0x0, 0x0, 0x0, 0x0, 0x0, 0x0, 0x0,
    0x0, 0x0, 0x0, 0x0, 0x1f, 0xf8, 0x0, 0x0,
    0x0, 0x0, 0x0, 0x0, 0x0, 0x0, 0x0, 0x0,
    0x1, 0x66, 0x7f, 0xfb, 0x66, 0x4a, 0xaa, 0xaa,
    0xaa, 0xaa, 0xaa, 0xaa, 0xaa, 0x90, 0x4, 0xff,
    0xff, 0xff, 0xff, 0xaf, 0xff, 0xff, 0xff, 0xff,
    0xff, 0xff, 0xff, 0xe0, 0x4, 0xff, 0xff, 0xff,
    0xff, 0x9e, 0xee, 0xff, 0xfe, 0xef, 0xff, 0xee,
    0xee, 0xc0, 0x0, 0x11, 0x2f, 0xf8, 0x11, 0x0,
    0x0, 0xaf, 0xe0, 0x6, 0xff, 0x30, 0x0, 0x0,
    0x0, 0x0, 0x1f, 0xf8, 0x0, 0x0, 0x0, 0xbf,
    0xd0, 0x6, 0xff, 0x30, 0x0, 0x0, 0x0, 0x0,
    0x1f, 0xf8, 0x0, 0x0, 0x0, 0xcf, 0xc0, 0x6,
    0xff, 0x30, 0x0, 0x0, 0x0, 0x0, 0x1f, 0xf8,
    0x0, 0x0, 0x0, 0xef, 0xa0, 0x6, 0xff, 0x30,
    0x0, 0x0, 0x0, 0x0, 0x1f, 0xf8, 0x0, 0x0,
    0x1, 0xff, 0x80, 0x6, 0xff, 0x30, 0x0, 0x0,
    0x0, 0x0, 0x1f, 0xfa, 0x7b, 0xf2, 0x5, 0xff,
    0x40, 0x6, 0xff, 0x30, 0x0, 0x0, 0x0, 0x3,
    0x8f, 0xff, 0xff, 0xf4, 0xa, 0xff, 0x10, 0x6,
    0xff, 0x30, 0x0, 0x0, 0xc, 0xff, 0xff, 0xff,
    0xfb, 0x61, 0x2f, 0xfb, 0x0, 0x6, 0xff, 0x30,
    0xe, 0x81, 0xc, 0xff, 0xfc, 0x83, 0x0, 0x0,
    0xdf, 0xf3, 0x0, 0x6, 0xff, 0x30, 0xf, 0xf5,
    0x7, 0x95, 0x0, 0x0, 0x0, 0x1c, 0xff, 0x90,
    0x0, 0x6, 0xff, 0x30, 0x2f, 0xf4, 0x0, 0x0,
    0x0, 0x0, 0x18, 0xff, 0xfc, 0x0, 0x0, 0x6,
    0xff, 0xa8, 0xaf, 0xf1, 0x0, 0x0, 0x0, 0x0,
    0xaf, 0xff, 0x90, 0x0, 0x0, 0x3, 0xff, 0xff,
    0xff, 0xd0, 0x0, 0x0, 0x0, 0x0, 0xd, 0xb3,
    0x0, 0x0, 0x0, 0x0, 0x8e, 0xff, 0xfd, 0x30,
    0x0, 0x0, 0x0, 0x0, 0x0, 0x0, 0x0, 0x0,
    0x0, 0x0, 0x0, 0x0, 0x0, 0x0,

    /* U+73B0 "现" */
    0x0, 0x0, 0x0, 0x0, 0x0, 0x0, 0x77, 0x77,
    0x77, 0x77, 0x77, 0x77, 0x70, 0x0, 0xaf, 0xff,
    0xff, 0xff, 0xfe, 0xf, 0xff, 0xff, 0xff, 0xff,
    0xff, 0xff, 0x10, 0xa, 0xff, 0xff, 0xff, 0xff,
    0xe0, 0xff, 0xed, 0xdd, 0xdd, 0xdd, 0xef, 0xf1,
    0x0, 0x47, 0x77, 0xff, 0xb7, 0x76, 0xf, 0xf9,
    0x0, 0x0, 0x0, 0x9, 0xff, 0x10, 0x0, 0x0,
    0xf, 0xf8, 0x0, 0x0, 0xff, 0x90, 0x0, 0x10,
    0x0, 0x9f, 0xf1, 0x0, 0x0, 0x0, 0xff, 0x80,
    0x0, 0xf, 0xf9, 0x0, 0xef, 0x80, 0x9, 0xff,
    0x10, 0x0, 0x0, 0xf, 0xf8, 0x0, 0x0, 0xff,
    0x90, 0xe, 0xf8, 0x0, 0x9f, 0xf1, 0x0, 0x0,
    0x0, 0xff, 0x80, 0x0, 0xf, 0xf9, 0x0, 0xef,
    0x80, 0x9, 0xff, 0x10, 0x0, 0x0, 0xf, 0xf8,
    0x0, 0x0, 0xff, 0x90, 0xe, 0xf8, 0x0, 0x9f,
    0xf1, 0x0, 0x3f, 0xff, 0xff, 0xff, 0xf5, 0xf,
    0xf9, 0x0, 0xef, 0x80, 0x9, 0xff, 0x10, 0x3,
    0xff, 0xff, 0xff, 0xff, 0x50, 0xff, 0x90, 0xe,
    0xf8, 0x0, 0x9f, 0xf1, 0x0, 0x17, 0x77, 0xff,
    0xc7, 0x72, 0xf, 0xf9, 0x0, 0xff, 0x70, 0x9,
    0xff, 0x10, 0x0, 0x0, 0xf, 0xf8, 0x0, 0x0,
    0xff, 0x90, 0x1f, 0xf6, 0x0, 0x9f, 0xf1, 0x0,
    0x0, 0x0, 0xff, 0x80, 0x0, 0xf, 0xf9, 0x3,
    0xff, 0x40, 0x9, 0xff, 0x10, 0x0, 0x0, 0xf,
    0xf8, 0x0, 0x0, 0xff, 0x90, 0x6f, 0xf2, 0x0,
    0x9f, 0xf1, 0x0, 0x0, 0x0, 0xff, 0x80, 0x0,
    0x8, 0x95, 0xa, 0xff, 0x86, 0x5, 0x99, 0x0,
    0x0, 0x0, 0xf, 0xf8, 0x0, 0x0, 0x0, 0x0,
    0xff, 0xff, 0xc0, 0x0, 0x0, 0x0, 0x0, 0x0,
    0xff, 0x80, 0x59, 0x0, 0x0, 0x6f, 0xff, 0xfc,
    0x0, 0x0, 0x0, 0x0, 0x0, 0xf, 0xfe, 0xff,
    0xf2, 0x0, 0xe, 0xfd, 0xcf, 0xc0, 0x0, 0x26,
    0x0, 0x26, 0xae, 0xff, 0xff, 0xff, 0x30, 0xa,
    0xff, 0x5c, 0xfc, 0x0, 0x3, 0xfd, 0xf, 0xff,
    0xff, 0xfe, 0x94, 0x0, 0x7, 0xff, 0xb0, 0xcf,
    0xc0, 0x0, 0x4f, 0xd0, 0xbf, 0xfc, 0x72, 0x0,
    0x0, 0x7, 0xff, 0xe1, 0xc, 0xfc, 0x0, 0x6,
    0xfb, 0x5, 0x51, 0x0, 0x0, 0x0, 0x1b, 0xff,
    0xf3, 0x0, 0xbf, 0xd1, 0x0, 0xbf, 0x90, 0x0,
    0x0, 0x0, 0x0, 0x5e, 0xff, 0xe3, 0x0, 0x9,
    0xff, 0xff, 0xff, 0xf4, 0x0, 0x0, 0x0, 0x0,
    0x1, 0xef, 0xb1, 0x0, 0x0, 0x1a, 0xde, 0xee,
    0xd6, 0x0, 0x0, 0x0, 0x0, 0x0, 0x2, 0x50,
    0x0, 0x0, 0x0, 0x0, 0x0, 0x0, 0x0,

    /* U+7403 "球" */
    0x0, 0x0, 0x0, 0x0, 0x0, 0x0, 0x0, 0x0,
    0x6, 0xa9, 0x0, 0x30, 0x0, 0x0, 0x0, 0x0,
    0x0, 0x0, 0x0, 0x0, 0x0, 0x0, 0xa, 0xfe,
    0x7, 0xfb, 0x10, 0x0, 0xa, 0xee, 0xee, 0xee,
    0xee, 0x0, 0x0, 0x0, 0xa, 0xfe, 0x4, 0xff,
    0xd2, 0x0, 0xc, 0xff, 0xff, 0xff, 0xff, 0x0,
    0x0, 0x0, 0xa, 0xfe, 0x0, 0x2e, 0xfa, 0x0,
    0x6, 0x88, 0xcf, 0xf8, 0x88, 0x0, 0x0, 0x0,
    0xa, 0xfe, 0x0, 0x2, 0xb0, 0x0, 0x0, 0x0,
    0x9f, 0xe0, 0x0, 0x4f, 0xff, 0xff, 0xff, 0xff,
    0xff, 0xff, 0xff, 0xf1, 0x0, 0x0, 0x9f, 0xe0,
    0x0, 0x5f, 0xff, 0xff, 0xff, 0xff, 0xff, 0xff,
    0xff, 0xf1, 0x0, 0x0, 0x9f, 0xe0, 0x0, 0x27,
    0x77, 0x77, 0x7c, 0xff, 0x77, 0x77, 0x77, 0x70,
    0x0, 0x0, 0x9f, 0xe0, 0x0, 0x0, 0x0, 0x0,
    0xa, 0xff, 0x0, 0x0, 0x10, 0x0, 0x0, 0x0,
    0x9f, 0xe0, 0x0, 0x5, 0xc6, 0x0, 0xa, 0xff,
    0x20, 0x0, 0xeb, 0x30, 0x8, 0xff, 0xff, 0xff,
    0xf8, 0x9, 0xff, 0x20, 0xa, 0xff, 0x50, 0x9,
    0xff, 0x60, 0x9, 0xff, 0xff, 0xff, 0xf9, 0x0,
    0xef, 0xb0, 0xa, 0xff, 0x90, 0x5f, 0xf9, 0x0,
    0x4, 0x77, 0xcf, 0xf7, 0x74, 0x0, 0x5f, 0xf5,
    0xa, 0xff, 0xd2, 0xff, 0xc0, 0x0, 0x0, 0x0,
    0x9f, 0xe0, 0x0, 0x0, 0xd, 0xfc, 0xa, 0xff,
    0xfd, 0xfe, 0x10, 0x0, 0x0, 0x0, 0x9f, 0xe0,
    0x0, 0x0, 0x6, 0x92, 0xd, 0xff, 0xff, 0xf2,
    0x0, 0x0, 0x0, 0x0, 0x9f, 0xe0, 0x0, 0x0,
    0x0, 0x1, 0xdf, 0xff, 0xff, 0x40, 0x0, 0x0,
    0x0, 0x0, 0x9f, 0xe0, 0x0, 0x0, 0x0, 0x3e,
    0xff, 0xff, 0xff, 0x60, 0x0, 0x0, 0x0, 0x0,
    0x9f, 0xe0, 0x0, 0x0, 0x5, 0xff, 0xec, 0xfe,
    0xaf, 0xe1, 0x0, 0x0, 0x0, 0x0, 0x9f, 0xe3,
    0x7c, 0x30, 0x8f, 0xfe, 0x2a, 0xfe, 0x2f, 0xfc,
    0x0, 0x0, 0x0, 0x0, 0xaf, 0xff, 0xff, 0x8b,
    0xff, 0xe2, 0xa, 0xfe, 0x7, 0xff, 0xa0, 0x0,
    0x7, 0xbf, 0xff, 0xff, 0xfd, 0xff, 0xfd, 0x10,
    0xa, 0xfe, 0x0, 0xbf, 0xfb, 0x0, 0xf, 0xff,
    0xfe, 0x94, 0x1, 0xef, 0xc1, 0x0, 0xa, 0xfe,
    0x0, 0xc, 0xff, 0xd2, 0xb, 0xd8, 0x30, 0x0,
    0x0, 0x5b, 0x0, 0x0, 0xa, 0xfe, 0x0, 0x0,
    0xbf, 0xd1, 0x1, 0x0, 0x0, 0x0, 0x0, 0x0,
    0x3, 0x88, 0x8e, 0xfe, 0x0, 0x0, 0x9, 0x20,
    0x0, 0x0, 0x0, 0x0, 0x0, 0x0, 0x2, 0xff,
    0xff, 0xfa, 0x0, 0x0, 0x0, 0x0, 0x0, 0x0,
    0x0, 0x0, 0x0, 0x0, 0x0, 0xcf, 0xed, 0x81,
    0x0, 0x0, 0x0, 0x0,

    /* U+7406 "理" */
    0x0, 0x0, 0x0, 0x0, 0x0, 0x3, 0x66, 0x66,
    0x66, 0x66, 0x66, 0x66, 0x66, 0x0, 0xc, 0xff,
    0xff, 0xff, 0xff, 0x27, 0xff, 0xff, 0xff, 0xff,
    0xff, 0xff, 0xfe, 0x0, 0xd, 0xff, 0xff, 0xff,
    0xff, 0x27, 0xff, 0xcc, 0xce, 0xff, 0xcc, 0xce,
    0xfe, 0x0, 0x7, 0x88, 0xcf, 0xf8, 0x88, 0x17,
    0xfe, 0x0, 0x7, 0xfd, 0x0, 0x9, 0xfe, 0x0,
    0x0, 0x0, 0x8f, 0xf0, 0x0, 0x7, 0xfe, 0x0,
    0x7, 0xfd, 0x0, 0x9, 0xfe, 0x0, 0x0, 0x0,
    0x8f, 0xf0, 0x0, 0x7, 0xfe, 0x11, 0x17, 0xfd,
    0x11, 0x1a, 0xfe, 0x0, 0x0, 0x0, 0x8f, 0xf0,
    0x0, 0x7, 0xff, 0xff, 0xff, 0xff, 0xff, 0xff,
    0xfe, 0x0, 0x0, 0x0, 0x8f, 0xf0, 0x0, 0x7,
    0xff, 0xff, 0xff, 0xff, 0xff, 0xff, 0xfe, 0x0,
    0x0, 0x0, 0x8f, 0xf0, 0x0, 0x7, 0xfe, 0x0,
    0x7, 0xfd, 0x0, 0x9, 0xfe, 0x0, 0x7, 0xdd,
    0xef, 0xfd, 0xd9, 0x7, 0xfe, 0x0, 0x7, 0xfd,
    0x0, 0x9, 0xfe, 0x0, 0x9, 0xff, 0xff, 0xff,
    0xfb, 0x7, 0xfe, 0x0, 0x7, 0xfd, 0x0, 0x9,
    0xfe, 0x0, 0x5, 0x99, 0xcf, 0xf9, 0x96, 0x7,
    0xff, 0xff, 0xff, 0xff, 0xff, 0xff, 0xfe, 0x0,
    0x0, 0x0, 0x8f, 0xf0, 0x0, 0x7, 0xff, 0xff,
    0xff, 0xff, 0xff, 0xff, 0xfe, 0x0, 0x0, 0x0,
    0x8f, 0xf0, 0x0, 0x2, 0x55, 0x55, 0x5c, 0xff,
    0x55, 0x55, 0x54, 0x0, 0x0, 0x0, 0x8f, 0xf0,
    0x0, 0x0, 0x0, 0x0, 0xa, 0xff, 0x0, 0x0,
    0x0, 0x0, 0x0, 0x0, 0x8f, 0xf0, 0x0, 0x0,
    0x0, 0x0, 0xa, 0xff, 0x0, 0x0, 0x0, 0x0,
    0x0, 0x0, 0x8f, 0xf0, 0x0, 0xb, 0xff, 0xff,
    0xff, 0xff, 0xff, 0xff, 0xff, 0x40, 0x0, 0x0,
    0x8f, 0xf5, 0xaf, 0xc, 0xff, 0xff, 0xff, 0xff,
    0xff, 0xff, 0xff, 0x50, 0x0, 0x0, 0xaf, 0xff,
    0xff, 0x36, 0x77, 0x77, 0x7d, 0xff, 0x77, 0x77,
    0x77, 0x20, 0x6, 0xbf, 0xff, 0xff, 0xfc, 0x30,
    0x0, 0x0, 0xa, 0xff, 0x0, 0x0, 0x0, 0x0,
    0xf, 0xff, 0xff, 0xd7, 0x20, 0x0, 0x0, 0x0,
    0xa, 0xff, 0x0, 0x0, 0x0, 0x0, 0xc, 0xfe,
    0x83, 0x0, 0x0, 0x0, 0x0, 0x0, 0xa, 0xff,
    0x0, 0x0, 0x0, 0x0, 0x4, 0x40, 0x0, 0x0,
    0xd, 0xff, 0xff, 0xff, 0xff, 0xff, 0xff, 0xff,
    0xff, 0xf3, 0x0, 0x0, 0x0, 0x0, 0xd, 0xff,
    0xff, 0xff, 0xff, 0xff, 0xff, 0xff, 0xff, 0xf4,
    0x0, 0x0, 0x0, 0x0, 0x6, 0x77, 0x77, 0x77,
    0x77, 0x77, 0x77, 0x77, 0x77, 0x71,

    /* U+751F "生" */
    0x0, 0x0, 0x3, 0x30, 0x0, 0x1, 0xdd, 0x80,
    0x0, 0x0, 0x0, 0x0, 0x0, 0x0, 0x0, 0xb,
    0xff, 0x10, 0x1, 0xff, 0xa0, 0x0, 0x0, 0x0,
    0x0, 0x0, 0x0, 0x0, 0x1f, 0xfd, 0x0, 0x1,
    0xff, 0xa0, 0x0, 0x0, 0x0, 0x0, 0x0, 0x0,
    0x0, 0x6f, 0xf8, 0x0, 0x1, 0xff, 0xa0, 0x0,
    0x0, 0x0, 0x0, 0x0, 0x0, 0x0, 0xcf, 0xf2,
    0x0, 0x1, 0xff, 0xa0, 0x0, 0x0, 0x0, 0x0,
    0x0, 0x0, 0x3, 0xff, 0xf8, 0x88, 0x89, 0xff,
    0xd8, 0x88, 0x88, 0x88, 0x88, 0x40, 0x0, 0xa,
    0xff, 0xff, 0xff, 0xff, 0xff, 0xff, 0xff, 0xff,
    0xff, 0xff, 0x70, 0x0, 0x2f, 0xff, 0xff, 0xff,
    0xff, 0xff, 0xff, 0xff, 0xff, 0xff, 0xff, 0x70,
    0x0, 0xbf, 0xf7, 0x0, 0x0, 0x2, 0xff, 0xa0,
    0x0, 0x0, 0x0, 0x0, 0x0, 0x6, 0xff, 0xd0,
    0x0, 0x0, 0x1, 0xff, 0xa0, 0x0, 0x0, 0x0,
    0x0, 0x0, 0x3f, 0xff, 0x40, 0x0, 0x0, 0x1,
    0xff, 0xa0, 0x0, 0x0, 0x0, 0x0, 0x0, 0x1a,
    0xfa, 0x0, 0x0, 0x0, 0x1, 0xff, 0xa0, 0x0,
    0x0, 0x0, 0x0, 0x0, 0x0, 0x50, 0x0, 0x0,
    0x0, 0x1, 0xff, 0xa0, 0x0, 0x0, 0x0, 0x0,
    0x0, 0x0, 0x0, 0x0, 0x0, 0x0, 0x2, 0xff,
    0xa0, 0x0, 0x0, 0x0, 0x0, 0x0, 0x0, 0x2,
    0xff, 0xff, 0xff, 0xff, 0xff, 0xff, 0xff, 0xff,
    0xff, 0xf7, 0x0, 0x0, 0x2, 0xff, 0xff, 0xff,
    0xff, 0xff, 0xff, 0xff, 0xff, 0xff, 0xf7, 0x0,
    0x0, 0x1, 0x88, 0x88, 0x88, 0x88, 0xff, 0xd8,
    0x88, 0x88, 0x88, 0x83, 0x0, 0x0, 0x0, 0x0,
    0x0, 0x0, 0x1, 0xff, 0xa0, 0x0, 0x0, 0x0,
    0x0, 0x0, 0x0, 0x0, 0x0, 0x0, 0x0, 0x1,
    0xff, 0xa0, 0x0, 0x0, 0x0, 0x0, 0x0, 0x0,
    0x0, 0x0, 0x0, 0x0, 0x1, 0xff, 0xa0, 0x0,
    0x0, 0x0, 0x0, 0x0, 0x0, 0x0, 0x0, 0x0,
    0x0, 0x1, 0xff, 0xa0, 0x0, 0x0, 0x0, 0x0,
    0x0, 0x0, 0x0, 0x0, 0x0, 0x0, 0x1, 0xff,
    0xa0, 0x0, 0x0, 0x0, 0x0, 0x0, 0x1, 0x11,
    0x11, 0x11, 0x11, 0x13, 0xff, 0xb1, 0x11, 0x11,
    0x11, 0x11, 0x11, 0x4f, 0xff, 0xff, 0xff, 0xff,
    0xff, 0xff, 0xff, 0xff, 0xff, 0xff, 0xff, 0xfd,
    0x4f, 0xff, 0xff, 0xff, 0xff, 0xff, 0xff, 0xff,
    0xff, 0xff, 0xff, 0xff, 0xfd, 0x27, 0x77, 0x77,
    0x77, 0x77, 0x77, 0x77, 0x77, 0x77, 0x77, 0x77,
    0x77, 0x76,

    /* U+7528 "用" */
    0x0, 0x0, 0x69, 0x99, 0x99, 0x99, 0x99, 0x99,
    0x99, 0x99, 0x99, 0x99, 0x93, 0x0, 0x0, 0xbf,
    0xff, 0xff, 0xff, 0xff, 0xff, 0xff, 0xff, 0xff,
    0xff, 0xf5, 0x0, 0x0, 0xbf, 0xff, 0xff, 0xff,
    0xff, 0xff, 0xff, 0xff, 0xff, 0xff, 0xf5, 0x0,
    0x0, 0xbf, 0xe0, 0x0, 0x0, 0xf, 0xfb, 0x0,
    0x0, 0x0, 0x4f, 0xf5, 0x0, 0x0, 0xbf, 0xe0,
    0x0, 0x0, 0xf, 0xfb, 0x0, 0x0, 0x0, 0x4f,
    0xf5, 0x0, 0x0, 0xbf, 0xe0, 0x0, 0x0, 0xf,
    0xfb, 0x0, 0x0, 0x0, 0x4f, 0xf5, 0x0, 0x0,
    0xbf, 0xf3, 0x33, 0x33, 0x3f, 0xfc, 0x33, 0x33,
    0x33, 0x6f, 0xf5, 0x0, 0x0, 0xbf, 0xff, 0xff,
    0xff, 0xff, 0xff, 0xff, 0xff, 0xff, 0xff, 0xf5,
    0x0, 0x0, 0xbf, 0xff, 0xff, 0xff, 0xff, 0xff,
    0xff, 0xff, 0xff, 0xff, 0xf5, 0x0, 0x0, 0xbf,
    0xf4, 0x44, 0x44, 0x4f, 0xfc, 0x44, 0x44, 0x44,
    0x7f, 0xf5, 0x0, 0x0, 0xbf, 0xe0, 0x0, 0x0,
    0xf, 0xfb, 0x0, 0x0, 0x0, 0x4f, 0xf5, 0x0,
    0x0, 0xbf, 0xe0, 0x0, 0x0, 0xf, 0xfb, 0x0,
    0x0, 0x0, 0x4f, 0xf5, 0x0, 0x0, 0xcf, 0xd0,
    0x0, 0x0, 0xf, 0xfb, 0x0, 0x0, 0x0, 0x4f,
    0xf5, 0x0, 0x0, 0xdf, 0xe9, 0x99, 0x99, 0x9f,
    0xfe, 0x99, 0x99, 0x99, 0xaf, 0xf5, 0x0, 0x0,
    0xef, 0xff, 0xff, 0xff, 0xff, 0xff, 0xff, 0xff,
    0xff, 0xff, 0xf5, 0x0, 0x0, 0xff, 0xff, 0xff,
    0xff, 0xff, 0xff, 0xff, 0xff, 0xff, 0xff, 0xf5,
    0x0, 0x3, 0xff, 0x60, 0x0, 0x0, 0xf, 0xfb,
    0x0, 0x0, 0x0, 0x4f, 0xf5, 0x0, 0x6, 0xff,
    0x30, 0x0, 0x0, 0xf, 0xfb, 0x0, 0x0, 0x0,
    0x4f, 0xf5, 0x0, 0xb, 0xff, 0x0, 0x0, 0x0,
    0xf, 0xfb, 0x0, 0x0, 0x0, 0x4f, 0xf5, 0x0,
    0x1f, 0xfb, 0x0, 0x0, 0x0, 0xf, 0xfb, 0x0,
    0x0, 0x0, 0x4f, 0xf5, 0x0, 0x9f, 0xf5, 0x0,
    0x0, 0x0, 0xf, 0xfb, 0x0, 0x0, 0x0, 0x4f,
    0xf5, 0x3, 0xff, 0xe0, 0x0, 0x0, 0x0, 0xf,
    0xfb, 0x1, 0x77, 0x77, 0xaf, 0xf5, 0xc, 0xff,
    0x60, 0x0, 0x0, 0x0, 0xf, 0xfb, 0x0, 0xef,
    0xff, 0xff, 0xf1, 0x1, 0xcb, 0x0, 0x0, 0x0,
    0x0, 0xe, 0xea, 0x0, 0x9f, 0xff, 0xeb, 0x40,
    0x0, 0x0, 0x0, 0x0, 0x0, 0x0, 0x0, 0x0,
    0x0, 0x0, 0x0, 0x0, 0x0,

    /* U+7535 "电" */
    0x0, 0x0, 0x0, 0x0, 0x6, 0x88, 0x0, 0x0,
    0x0, 0x0, 0x0, 0x0, 0x0, 0x0, 0x0, 0x0,
    0x0, 0xcf, 0xf1, 0x0, 0x0, 0x0, 0x0, 0x0,
    0x0, 0x0, 0x0, 0x0, 0x0, 0xc, 0xff, 0x10,
    0x0, 0x0, 0x0, 0x0, 0x0, 0x0, 0x0, 0x0,
    0x0, 0x0, 0xcf, 0xf1, 0x0, 0x0, 0x0, 0x0,
    0x0, 0x0, 0x69, 0xa9, 0x99, 0x99, 0x9e, 0xff,
    0x99, 0x99, 0x99, 0x99, 0x93, 0x0, 0xa, 0xff,
    0xff, 0xff, 0xff, 0xff, 0xff, 0xff, 0xff, 0xff,
    0xff, 0x50, 0x0, 0xaf, 0xff, 0xff, 0xff, 0xff,
    0xff, 0xff, 0xff, 0xff, 0xff, 0xf5, 0x0, 0xa,
    0xff, 0x10, 0x0, 0x0, 0xcf, 0xf1, 0x0, 0x0,
    0x5, 0xff, 0x50, 0x0, 0xaf, 0xf1, 0x0, 0x0,
    0xc, 0xff, 0x10, 0x0, 0x0, 0x5f, 0xf5, 0x0,
    0xa, 0xff, 0x10, 0x0, 0x0, 0xcf, 0xf1, 0x0,
    0x0, 0x5, 0xff, 0x50, 0x0, 0xaf, 0xf8, 0x88,
    0x88, 0x8e, 0xff, 0x88, 0x88, 0x88, 0xaf, 0xf5,
    0x0, 0xa, 0xff, 0xff, 0xff, 0xff, 0xff, 0xff,
    0xff, 0xff, 0xff, 0xff, 0x50, 0x0, 0xaf, 0xff,
    0xff, 0xff, 0xff, 0xff, 0xff, 0xff, 0xff, 0xff,
    0xf5, 0x0, 0xa, 0xff, 0x10, 0x0, 0x0, 0xcf,
    0xf1, 0x0, 0x0, 0x5, 0xff, 0x50, 0x0, 0xaf,
    0xf1, 0x0, 0x0, 0xc, 0xff, 0x10, 0x0, 0x0,
    0x5f, 0xf5, 0x0, 0xa, 0xff, 0x10, 0x0, 0x0,
    0xcf, 0xf1, 0x0, 0x0, 0x5, 0xff, 0x50, 0x0,
    0xaf, 0xfa, 0xaa, 0xaa, 0xae, 0xff, 0xaa, 0xaa,
    0xaa, 0xcf, 0xf5, 0x0, 0xa, 0xff, 0xff, 0xff,
    0xff, 0xff, 0xff, 0xff, 0xff, 0xff, 0xff, 0x50,
    0x0, 0xaf, 0xff, 0xff, 0xff, 0xff, 0xff, 0xff,
    0xff, 0xff, 0xff, 0xf5, 0x0, 0xa, 0xff, 0x10,
    0x0, 0x0, 0xcf, 0xf1, 0x0, 0x0, 0x0, 0x0,
    0x87, 0x10, 0x6a, 0xa0, 0x0, 0x0, 0xc, 0xff,
    0x10, 0x0, 0x0, 0x0, 0xa, 0xff, 0x0, 0x0,
    0x0, 0x0, 0x0, 0xbf, 0xf1, 0x0, 0x0, 0x0,
    0x0, 0xcf, 0xe0, 0x0, 0x0, 0x0, 0x0, 0xb,
    0xff, 0x30, 0x0, 0x0, 0x0, 0x2f, 0xfc, 0x0,
    0x0, 0x0, 0x0, 0x0, 0x8f, 0xfe, 0xba, 0xaa,
    0xaa, 0xbe, 0xff, 0x70, 0x0, 0x0, 0x0, 0x0,
    0x3, 0xff, 0xff, 0xff, 0xff, 0xff, 0xff, 0xe1,
    0x0, 0x0, 0x0, 0x0, 0x0, 0x4, 0xbe, 0xff,
    0xff, 0xff, 0xff, 0xb3, 0x0,

    /* U+754C "界" */
    0x0, 0xa, 0xee, 0xee, 0xee, 0xee, 0xee, 0xee,
    0xee, 0xee, 0xee, 0xd0, 0x0, 0x0, 0x0, 0xbf,
    0xff, 0xff, 0xff, 0xff, 0xff, 0xff, 0xff, 0xff,
    0xfe, 0x0, 0x0, 0x0, 0xb, 0xff, 0x44, 0x44,
    0x45, 0xff, 0xa4, 0x44, 0x44, 0xdf, 0xe0, 0x0,
    0x0, 0x0, 0xbf, 0xe0, 0x0, 0x0, 0x2f, 0xf9,
    0x0, 0x0, 0xd, 0xfe, 0x0, 0x0, 0x0, 0xb,
    0xfe, 0x0, 0x0, 0x2, 0xff, 0x90, 0x0, 0x0,
    0xdf, 0xe0, 0x0, 0x0, 0x0, 0xbf, 0xff, 0xff,
    0xff, 0xff, 0xff, 0xff, 0xff, 0xff, 0xfe, 0x0,
    0x0, 0x0, 0xb, 0xff, 0xff, 0xff, 0xff, 0xff,
    0xff, 0xff, 0xff, 0xff, 0xe0, 0x0, 0x0, 0x0,
    0xbf, 0xe1, 0x11, 0x11, 0x3f, 0xf9, 0x11, 0x11,
    0x1d, 0xfe, 0x0, 0x0, 0x0, 0xb, 0xfe, 0x0,
    0x0, 0x2, 0xff, 0x90, 0x0, 0x0, 0xdf, 0xe0,
    0x0, 0x0, 0x0, 0xbf, 0xe2, 0x22, 0x22, 0x4f,
    0xfa, 0x22, 0x22, 0x2d, 0xfe, 0x0, 0x0, 0x0,
    0xb, 0xff, 0xff, 0xff, 0xff, 0xff, 0xff, 0xff,
    0xff, 0xff, 0xe0, 0x0, 0x0, 0x0, 0xbf, 0xff,
    0xff, 0xff, 0xff, 0xff, 0xff, 0xff, 0xff, 0xfe,
    0x0, 0x0, 0x0, 0x0, 0x0, 0x3, 0xef, 0xf6,
    0x0, 0xb, 0xff, 0x90, 0x0, 0x0, 0x0, 0x0,
    0x0, 0x0, 0x8, 0xff, 0xf6, 0x0, 0x0, 0xb,
    0xff, 0xc3, 0x0, 0x0, 0x0, 0x0, 0x0, 0x7e,
    0xff, 0xe4, 0x0, 0x0, 0x0, 0x9, 0xff, 0xfa,
    0x30, 0x0, 0x0, 0x39, 0xff, 0xff, 0xee, 0xd3,
    0x0, 0x0, 0x9, 0xcf, 0xff, 0xff, 0xd7, 0x30,
    0x7f, 0xff, 0xfd, 0x47, 0xff, 0x30, 0x0, 0x0,
    0xbf, 0xf1, 0x9f, 0xff, 0xfa, 0x0, 0xaf, 0xb4,
    0x0, 0x8f, 0xf3, 0x0, 0x0, 0xb, 0xff, 0x0,
    0x28, 0xed, 0x0, 0x0, 0x20, 0x0, 0xa, 0xff,
    0x10, 0x0, 0x0, 0xbf, 0xf0, 0x0, 0x0, 0x10,
    0x0, 0x0, 0x0, 0x1, 0xff, 0xe0, 0x0, 0x0,
    0xb, 0xff, 0x0, 0x0, 0x0, 0x0, 0x0, 0x0,
    0x0, 0xaf, 0xf8, 0x0, 0x0, 0x0, 0xbf, 0xf0,
    0x0, 0x0, 0x0, 0x0, 0x0, 0x0, 0xaf, 0xff,
    0x10, 0x0, 0x0, 0xb, 0xff, 0x0, 0x0, 0x0,
    0x0, 0x0, 0x6, 0xef, 0xff, 0x40, 0x0, 0x0,
    0x0, 0xbf, 0xf0, 0x0, 0x0, 0x0, 0x0, 0x6,
    0xff, 0xfe, 0x40, 0x0, 0x0, 0x0, 0xb, 0xff,
    0x0, 0x0, 0x0, 0x0, 0x0, 0x8, 0xf9, 0x10,
    0x0, 0x0, 0x0, 0x0, 0xbf, 0xf0, 0x0, 0x0,
    0x0, 0x0, 0x0, 0x1, 0x0, 0x0, 0x0, 0x0,
    0x0, 0x0, 0x0, 0x0, 0x0, 0x0, 0x0,

    /* U+7559 "留" */
    0x0, 0x0, 0x0, 0x0, 0x28, 0x60, 0x0, 0x0,
    0x0, 0x0, 0x0, 0x0, 0x0, 0x0, 0x0, 0x38,
    0xdf, 0xff, 0x40, 0x44, 0x44, 0x44, 0x44, 0x44,
    0x43, 0x0, 0x8b, 0xff, 0xff, 0xff, 0xa4, 0xf,
    0xff, 0xff, 0xff, 0xff, 0xff, 0xb0, 0xe, 0xff,
    0xfc, 0x84, 0x0, 0x0, 0xff, 0xff, 0xff, 0xff,
    0xff, 0xfa, 0x0, 0xef, 0xb0, 0x0, 0x0, 0x0,
    0x0, 0x1, 0xff, 0x60, 0x0, 0xef, 0xa0, 0xe,
    0xfb, 0x0, 0x17, 0x80, 0x0, 0x0, 0x3f, 0xf3,
    0x0, 0xf, 0xf9, 0x0, 0xef, 0xb0, 0x6, 0xff,
    0x40, 0x0, 0x6, 0xff, 0x0, 0x0, 0xff, 0x80,
    0xe, 0xfb, 0x0, 0xd, 0xfd, 0x0, 0x0, 0xbf,
    0xc0, 0x0, 0x1f, 0xf7, 0x0, 0xef, 0xb0, 0x0,
    0x7f, 0xf5, 0x0, 0x2f, 0xf7, 0x0, 0x3, 0xff,
    0x50, 0xf, 0xfc, 0x7b, 0xff, 0xff, 0xd0, 0xc,
    0xff, 0x10, 0x0, 0x5f, 0xf4, 0x7, 0xff, 0xff,
    0xff, 0xff, 0xff, 0x4a, 0xff, 0x60, 0x32, 0x2b,
    0xff, 0x10, 0xbf, 0xff, 0xfc, 0x73, 0xf, 0xff,
    0xff, 0x90, 0xc, 0xff, 0xff, 0xc0, 0x1, 0xea,
    0x50, 0x0, 0x0, 0x22, 0xef, 0x70, 0x0, 0x8f,
    0xff, 0xc2, 0x0, 0x0, 0x0, 0x0, 0x0, 0x0,
    0x4, 0x20, 0x0, 0x0, 0x11, 0x0, 0x0, 0x0,
    0x5, 0xdd, 0xdd, 0xdd, 0xdd, 0xdd, 0xdd, 0xdd,
    0xdd, 0xdd, 0x90, 0x0, 0x0, 0x6f, 0xff, 0xff,
    0xff, 0xff, 0xff, 0xff, 0xff, 0xff, 0xfb, 0x0,
    0x0, 0x6, 0xff, 0x85, 0x55, 0x55, 0xff, 0xa5,
    0x55, 0x56, 0xff, 0xb0, 0x0, 0x0, 0x6f, 0xf4,
    0x0, 0x0, 0x1f, 0xf7, 0x0, 0x0, 0x1f, 0xfb,
    0x0, 0x0, 0x6, 0xff, 0x50, 0x0, 0x2, 0xff,
    0x70, 0x0, 0x2, 0xff, 0xb0, 0x0, 0x0, 0x6f,
    0xff, 0xff, 0xff, 0xff, 0xff, 0xff, 0xff, 0xff,
    0xfb, 0x0, 0x0, 0x6, 0xff, 0xff, 0xff, 0xff,
    0xff, 0xff, 0xff, 0xff, 0xff, 0xb0, 0x0, 0x0,
    0x6f, 0xf4, 0x0, 0x0, 0x1f, 0xf7, 0x0, 0x0,
    0x1f, 0xfb, 0x0, 0x0, 0x6, 0xff, 0x40, 0x0,
    0x1, 0xff, 0x70, 0x0, 0x1, 0xff, 0xb0, 0x0,
    0x0, 0x6f, 0xff, 0xff, 0xff, 0xff, 0xff, 0xff,
    0xff, 0xff, 0xfb, 0x0, 0x0, 0x6, 0xff, 0xff,
    0xff, 0xff, 0xff, 0xff, 0xff, 0xff, 0xff, 0xb0,
    0x0, 0x0, 0x6f, 0xf6, 0x22, 0x22, 0x22, 0x22,
    0x22, 0x22, 0x4f, 0xfb, 0x0, 0x0, 0x0, 0x22,
    0x0, 0x0, 0x0, 0x0, 0x0, 0x0, 0x0, 0x0,
    0x0, 0x0,

    /* U+7684 "的" */
    0x0, 0x0, 0x48, 0x61, 0x0, 0x0, 0x0, 0x28,
    0x40, 0x0, 0x0, 0x0, 0x0, 0x0, 0x9, 0xff,
    0x30, 0x0, 0x0, 0x7, 0xff, 0x40, 0x0, 0x0,
    0x0, 0x0, 0x0, 0xcf, 0xd0, 0x0, 0x0, 0x0,
    0xcf, 0xf0, 0x0, 0x0, 0x0, 0x0, 0x0, 0xf,
    0xf7, 0x0, 0x0, 0x0, 0x1f, 0xfa, 0x0, 0x0,
    0x0, 0x0, 0x12, 0x35, 0xff, 0x42, 0x22, 0x10,
    0x7, 0xff, 0x84, 0x44, 0x44, 0x44, 0x28, 0xff,
    0xff, 0xff, 0xff, 0xf8, 0x0, 0xdf, 0xff, 0xff,
    0xff, 0xff, 0xf7, 0x8f, 0xff, 0xff, 0xff, 0xff,
    0x80, 0x4f, 0xff, 0xff, 0xff, 0xff, 0xff, 0x78,
    0xfe, 0x33, 0x33, 0x3f, 0xf8, 0xc, 0xff, 0x42,
    0x22, 0x22, 0x3f, 0xf6, 0x8f, 0xe0, 0x0, 0x0,
    0xef, 0x85, 0xff, 0xa0, 0x0, 0x0, 0x1, 0xff,
    0x68, 0xfe, 0x0, 0x0, 0xe, 0xf9, 0xef, 0xf2,
    0x0, 0x0, 0x0, 0x2f, 0xf5, 0x8f, 0xe0, 0x0,
    0x0, 0xef, 0xcf, 0xf9, 0x0, 0x0, 0x0, 0x2,
    0xff, 0x58, 0xfe, 0x0, 0x0, 0xe, 0xf8, 0x2b,
    0x11, 0x80, 0x0, 0x0, 0x3f, 0xf4, 0x8f, 0xf5,
    0x55, 0x55, 0xff, 0x80, 0x3, 0xff, 0x80, 0x0,
    0x3, 0xff, 0x38, 0xff, 0xff, 0xff, 0xff, 0xf8,
    0x0, 0xb, 0xff, 0x40, 0x0, 0x4f, 0xf3, 0x8f,
    0xff, 0xff, 0xff, 0xff, 0x80, 0x0, 0x1e, 0xfe,
    0x10, 0x5, 0xff, 0x28, 0xfe, 0x0, 0x0, 0xe,
    0xf8, 0x0, 0x0, 0x5f, 0xfa, 0x0, 0x6f, 0xf1,
    0x8f, 0xe0, 0x0, 0x0, 0xef, 0x80, 0x0, 0x0,
    0xbf, 0xf4, 0x7, 0xff, 0x8, 0xfe, 0x0, 0x0,
    0xe, 0xf8, 0x0, 0x0, 0x2, 0xff, 0xa0, 0x8f,
    0xf0, 0x8f, 0xe0, 0x0, 0x0, 0xef, 0x80, 0x0,
    0x0, 0x8, 0x60, 0xa, 0xfd, 0x8, 0xfe, 0x0,
    0x0, 0xe, 0xf8, 0x0, 0x0, 0x0, 0x0, 0x0,
    0xbf, 0xc0, 0x8f, 0xe0, 0x0, 0x0, 0xef, 0x80,
    0x0, 0x0, 0x0, 0x0, 0xe, 0xfa, 0x8, 0xff,
    0xff, 0xff, 0xff, 0xf8, 0x0, 0x0, 0x0, 0x0,
    0x1, 0xff, 0x80, 0x8f, 0xff, 0xff, 0xff, 0xff,
    0x80, 0x0, 0x0, 0x0, 0x0, 0x5f, 0xf5, 0x8,
    0xff, 0x66, 0x66, 0x66, 0x63, 0x0, 0x0, 0x88,
    0x77, 0x7e, 0xff, 0x10, 0x8f, 0xe0, 0x0, 0x0,
    0x0, 0x0, 0x0, 0x7, 0xff, 0xff, 0xff, 0x90,
    0x5, 0x98, 0x0, 0x0, 0x0, 0x0, 0x0, 0x0,
    0x3f, 0xff, 0xfd, 0x80, 0x0, 0x0, 0x0, 0x0,
    0x0, 0x0, 0x0, 0x0, 0x0, 0x0, 0x0, 0x0,
    0x0, 0x0,

    /* U+76CA "益" */
    0x0, 0x0, 0x0, 0x52, 0x0, 0x0, 0x0, 0x0,
    0x0, 0x64, 0x0, 0x0, 0x0, 0x0, 0x0, 0xe,
    0xfd, 0x0, 0x0, 0x0, 0x0, 0x2, 0xff, 0xd0,
    0x0, 0x0, 0x0, 0x0, 0x7, 0xff, 0x90, 0x0,
    0x0, 0x0, 0xa, 0xff, 0x40, 0x0, 0x0, 0x0,
    0x0, 0x0, 0xcf, 0xf3, 0x0, 0x0, 0x0, 0x4f,
    0xf9, 0x0, 0x0, 0x0, 0x0, 0x0, 0x0, 0x3f,
    0xfc, 0x0, 0x0, 0x0, 0xdf, 0xe0, 0x0, 0x0,
    0x0, 0x23, 0x33, 0x33, 0x3c, 0xe7, 0x33, 0x33,
    0x35, 0xcf, 0x73, 0x33, 0x33, 0x30, 0x8f, 0xff,
    0xff, 0xff, 0xff, 0xff, 0xff, 0xff, 0xff, 0xff,
    0xff, 0xff, 0xf1, 0x8f, 0xff, 0xff, 0xff, 0xff,
    0xff, 0xff, 0xff, 0xff, 0xff, 0xff, 0xff, 0xf1,
    0x12, 0x22, 0x22, 0x22, 0x22, 0x22, 0x22, 0x22,
    0x22, 0x22, 0x22, 0x22, 0x20, 0x0, 0x0, 0x0,
    0x6, 0xd4, 0x0, 0x0, 0x0, 0xca, 0x50, 0x0,
    0x0, 0x0, 0x0, 0x0, 0x3, 0xcf, 0xfc, 0x0,
    0x0, 0x8, 0xff, 0xfe, 0x82, 0x0, 0x0, 0x0,
    0x3, 0xbf, 0xff, 0x80, 0x0, 0x0, 0x0, 0x6c,
    0xff, 0xff, 0xb3, 0x0, 0x5, 0xbf, 0xff, 0xc3,
    0x0, 0x0, 0x0, 0x0, 0x0, 0x3a, 0xff, 0xff,
    0xc0, 0x2f, 0xff, 0xe6, 0x0, 0x0, 0x0, 0x0,
    0x0, 0x0, 0x0, 0x29, 0xff, 0x90, 0x6, 0xea,
    0x55, 0x55, 0x55, 0x55, 0x55, 0x55, 0x55, 0x55,
    0x55, 0x28, 0x0, 0x0, 0x8, 0xff, 0xff, 0xff,
    0xff, 0xff, 0xff, 0xff, 0xff, 0xff, 0x40, 0x0,
    0x0, 0x8, 0xff, 0xff, 0xff, 0xff, 0xff, 0xff,
    0xff, 0xff, 0xff, 0x40, 0x0, 0x0, 0x8, 0xfe,
    0x0, 0x2f, 0xf4, 0x0, 0xbf, 0xb0, 0x3, 0xff,
    0x40, 0x0, 0x0, 0x8, 0xfe, 0x0, 0x2f, 0xf4,
    0x0, 0xbf, 0xb0, 0x3, 0xff, 0x40, 0x0, 0x0,
    0x8, 0xfe, 0x0, 0x2f, 0xf4, 0x0, 0xbf, 0xb0,
    0x3, 0xff, 0x40, 0x0, 0x0, 0x8, 0xfe, 0x0,
    0x2f, 0xf4, 0x0, 0xbf, 0xb0, 0x3, 0xff, 0x40,
    0x0, 0x0, 0x8, 0xfe, 0x0, 0x2f, 0xf4, 0x0,
    0xbf, 0xb0, 0x3, 0xff, 0x40, 0x0, 0x0, 0x8,
    0xfe, 0x0, 0x2f, 0xf4, 0x0, 0xbf, 0xb0, 0x3,
    0xff, 0x40, 0x0, 0xbf, 0xff, 0xff, 0xff, 0xff,
    0xff, 0xff, 0xff, 0xff, 0xff, 0xff, 0xff, 0xfc,
    0xcf, 0xff, 0xff, 0xff, 0xff, 0xff, 0xff, 0xff,
    0xff, 0xff, 0xff, 0xff, 0xfc, 0x56, 0x66, 0x66,
    0x66, 0x66, 0x66, 0x66, 0x66, 0x66, 0x66, 0x66,
    0x66, 0x65,

    /* U+76D8 "盘" */
    0x0, 0x0, 0x0, 0x0, 0x0, 0x2, 0x96, 0x20,
    0x0, 0x0, 0x0, 0x0, 0x0, 0x0, 0x0, 0x0,
    0x0, 0x0, 0x8, 0xff, 0x70, 0x0, 0x0, 0x0,
    0x0, 0x0, 0x0, 0x0, 0x15, 0x66, 0x55, 0x5e,
    0xff, 0x65, 0x55, 0x56, 0x65, 0x10, 0x0, 0x0,
    0x0, 0x4f, 0xff, 0xff, 0xff, 0xff, 0xff, 0xff,
    0xff, 0xff, 0x40, 0x0, 0x0, 0x0, 0x4f, 0xfe,
    0xcc, 0xcc, 0xcc, 0xcc, 0xcc, 0xcd, 0xff, 0x40,
    0x0, 0x0, 0x0, 0x4f, 0xf7, 0x0, 0x2e, 0x91,
    0x0, 0x0, 0x6, 0xff, 0x40, 0x0, 0x0, 0x0,
    0x4f, 0xf7, 0x0, 0x8f, 0xff, 0x80, 0x0, 0x6,
    0xff, 0x40, 0x0, 0x0, 0x0, 0x4f, 0xf7, 0x0,
    0x2, 0xbf, 0xf9, 0x0, 0x6, 0xff, 0x40, 0x0,
    0x25, 0x55, 0x9f, 0xfa, 0x55, 0x55, 0x5a, 0xf6,
    0x55, 0x59, 0xff, 0x85, 0x54, 0x8f, 0xff, 0xff,
    0xff, 0xff, 0xff, 0xff, 0xff, 0xff, 0xff, 0xff,
    0xff, 0xfd, 0x7f, 0xff, 0xff, 0xff, 0xff, 0xff,
    0xff, 0xff, 0xff, 0xff, 0xff, 0xff, 0xfc, 0x0,
    0x0, 0xef, 0xf0, 0x0, 0x3b, 0x40, 0x0, 0x0,
    0x6, 0xff, 0x40, 0x0, 0x0, 0x6, 0xff, 0xa0,
    0x0, 0xdf, 0xfb, 0x20, 0x0, 0x6, 0xff, 0x40,
    0x0, 0x0, 0x2e, 0xff, 0x30, 0x0, 0x7, 0xff,
    0xf6, 0x0, 0x7, 0xff, 0x40, 0x0, 0x3, 0xef,
    0xfa, 0x0, 0x0, 0x0, 0x1b, 0xf3, 0x9f, 0xff,
    0xff, 0x20, 0x0, 0x7, 0xff, 0xc0, 0x0, 0x0,
    0x0, 0x0, 0x20, 0x3f, 0xff, 0xf8, 0x0, 0x0,
    0x0, 0x6b, 0x32, 0x22, 0x22, 0x22, 0x22, 0x22,
    0x36, 0x54, 0x32, 0x20, 0x0, 0x0, 0x9, 0xff,
    0xff, 0xff, 0xff, 0xff, 0xff, 0xff, 0xff, 0xff,
    0xe0, 0x0, 0x0, 0x9, 0xff, 0xee, 0xef, 0xff,
    0xee, 0xff, 0xfe, 0xee, 0xff, 0xe0, 0x0, 0x0,
    0x9, 0xfe, 0x0, 0xf, 0xf8, 0x0, 0x5f, 0xf1,
    0x0, 0xaf, 0xe0, 0x0, 0x0, 0x9, 0xfe, 0x0,
    0xf, 0xf8, 0x0, 0x5f, 0xf1, 0x0, 0xaf, 0xe0,
    0x0, 0x0, 0x9, 0xfe, 0x0, 0xf, 0xf8, 0x0,
    0x5f, 0xf1, 0x0, 0xaf, 0xe0, 0x0, 0x0, 0x9,
    0xfe, 0x0, 0xf, 0xf8, 0x0, 0x5f, 0xf1, 0x0,
    0xaf, 0xe0, 0x0, 0x9f, 0xff, 0xff, 0xff, 0xff,
    0xff, 0xff, 0xff, 0xff, 0xff, 0xff, 0xff, 0xfb,
    0xaf, 0xff, 0xff, 0xff, 0xff, 0xff, 0xff, 0xff,
    0xff, 0xff, 0xff, 0xff, 0xfc, 0x35, 0x55, 0x55,
    0x55, 0x55, 0x55, 0x55, 0x55, 0x55, 0x55, 0x55,
    0x55, 0x54,

    /* U+76EE "目" */
    0x0, 0x0, 0x0, 0x0, 0x0, 0x0, 0x0, 0x0,
    0x0, 0x0, 0xcf, 0xff, 0xff, 0xff, 0xff, 0xff,
    0xff, 0xff, 0xff, 0xfb, 0xcf, 0xff, 0xff, 0xff,
    0xff, 0xff, 0xff, 0xff, 0xff, 0xfb, 0xcf, 0xf9,
    0x99, 0x99, 0x99, 0x99, 0x99, 0x99, 0xaf, 0xfb,
    0xcf, 0xd0, 0x0, 0x0, 0x0, 0x0, 0x0, 0x0,
    0x1f, 0xfb, 0xcf, 0xd0, 0x0, 0x0, 0x0, 0x0,
    0x0, 0x0, 0x1f, 0xfb, 0xcf, 0xd0, 0x0, 0x0,
    0x0, 0x0, 0x0, 0x0, 0x1f, 0xfb, 0xcf, 0xe7,
    0x77, 0x77, 0x77, 0x77, 0x77, 0x77, 0x8f, 0xfb,
    0xcf, 0xff, 0xff, 0xff, 0xff, 0xff, 0xff, 0xff,
    0xff, 0xfb, 0xcf, 0xff, 0xff, 0xff, 0xff, 0xff,
    0xff, 0xff, 0xff, 0xfb, 0xcf, 0xd0, 0x0, 0x0,
    0x0, 0x0, 0x0, 0x0, 0x2f, 0xfb, 0xcf, 0xd0,
    0x0, 0x0, 0x0, 0x0, 0x0, 0x0, 0x1f, 0xfb,
    0xcf, 0xd0, 0x0, 0x0, 0x0, 0x0, 0x0, 0x0,
    0x1f, 0xfb, 0xcf, 0xd0, 0x0, 0x0, 0x0, 0x0,
    0x0, 0x0, 0x1f, 0xfb, 0xcf, 0xff, 0xff, 0xff,
    0xff, 0xff, 0xff, 0xff, 0xff, 0xfb, 0xcf, 0xff,
    0xff, 0xff, 0xff, 0xff, 0xff, 0xff, 0xff, 0xfb,
    0xcf, 0xf9, 0x99, 0x99, 0x99, 0x99, 0x99, 0x99,
    0x9f, 0xfb, 0xcf, 0xd0, 0x0, 0x0, 0x0, 0x0,
    0x0, 0x0, 0x1f, 0xfb, 0xcf, 0xd0, 0x0, 0x0,
    0x0, 0x0, 0x0, 0x0, 0x1f, 0xfb, 0xcf, 0xd0,
    0x0, 0x0, 0x0, 0x0, 0x0, 0x0, 0x1f, 0xfb,
    0xcf, 0xe1, 0x11, 0x11, 0x11, 0x11, 0x11, 0x11,
    0x2f, 0xfb, 0xcf, 0xff, 0xff, 0xff, 0xff, 0xff,
    0xff, 0xff, 0xff, 0xfb, 0xcf, 0xff, 0xff, 0xff,
    0xff, 0xff, 0xff, 0xff, 0xff, 0xfb, 0xcf, 0xf8,
    0x88, 0x88, 0x88, 0x88, 0x88, 0x88, 0x9f, 0xfb,
    0xcf, 0xd0, 0x0, 0x0, 0x0, 0x0, 0x0, 0x0,
    0x1f, 0xfb,

    /* U+76F8 "相" */
    0x0, 0x0, 0x4, 0xaa, 0x0, 0x0, 0x0, 0x0,
    0x0, 0x0, 0x0, 0x0, 0x0, 0x0, 0x0, 0x7,
    0xff, 0x10, 0x0, 0x0, 0x0, 0x0, 0x0, 0x0,
    0x0, 0x0, 0x0, 0x0, 0x7, 0xff, 0x10, 0x0,
    0x3f, 0xff, 0xff, 0xff, 0xff, 0xff, 0xfc, 0x0,
    0x0, 0x7, 0xff, 0x10, 0x0, 0x3f, 0xff, 0xff,
    0xff, 0xff, 0xff, 0xfc, 0x0, 0x0, 0x7, 0xff,
    0x10, 0x0, 0x3f, 0xfa, 0x77, 0x77, 0x77, 0x7f,
    0xfc, 0x0, 0x0, 0x7, 0xff, 0x10, 0x0, 0x3f,
    0xf5, 0x0, 0x0, 0x0, 0xe, 0xfc, 0x9, 0xbb,
    0xbd, 0xff, 0xbb, 0xb9, 0x3f, 0xf5, 0x0, 0x0,
    0x0, 0xe, 0xfc, 0xc, 0xff, 0xff, 0xff, 0xff,
    0xfd, 0x3f, 0xf5, 0x0, 0x0, 0x0, 0xe, 0xfc,
    0x9, 0xcc, 0xcf, 0xff, 0xdc, 0xca, 0x3f, 0xfa,
    0x66, 0x66, 0x66, 0x6f, 0xfc, 0x0, 0x0, 0xf,
    0xff, 0x10, 0x0, 0x3f, 0xff, 0xff, 0xff, 0xff,
    0xff, 0xfc, 0x0, 0x0, 0x4f, 0xff, 0x10, 0x0,
    0x3f, 0xff, 0xff, 0xff, 0xff, 0xff, 0xfc, 0x0,
    0x0, 0x9f, 0xff, 0x80, 0x0, 0x3f, 0xf6, 0x0,
    0x0, 0x0, 0xe, 0xfc, 0x0, 0x0, 0xef, 0xff,
    0xf6, 0x0, 0x3f, 0xf5, 0x0, 0x0, 0x0, 0xe,
    0xfc, 0x0, 0x5, 0xff, 0xff, 0xff, 0x30, 0x3f,
    0xf5, 0x0, 0x0, 0x0, 0xe, 0xfc, 0x0, 0xc,
    0xfc, 0xff, 0xbf, 0xe1, 0x3f, 0xf5, 0x0, 0x0,
    0x0, 0xe, 0xfc, 0x0, 0x4f, 0xe7, 0xff, 0x2e,
    0xfc, 0x3f, 0xfa, 0x77, 0x77, 0x77, 0x7f, 0xfc,
    0x0, 0xcf, 0x87, 0xff, 0x15, 0xfa, 0x3f, 0xff,
    0xff, 0xff, 0xff, 0xff, 0xfc, 0x6, 0xff, 0x17,
    0xff, 0x10, 0x91, 0x3f, 0xff, 0xff, 0xff, 0xff,
    0xff, 0xfc, 0x2f, 0xf9, 0x7, 0xff, 0x10, 0x0,
    0x3f, 0xf5, 0x0, 0x0, 0x0, 0xe, 0xfc, 0x2f,
    0xf1, 0x7, 0xff, 0x10, 0x0, 0x3f, 0xf5, 0x0,
    0x0, 0x0, 0xe, 0xfc, 0x9, 0x70, 0x7, 0xff,
    0x10, 0x0, 0x3f, 0xf5, 0x0, 0x0, 0x0, 0xe,
    0xfc, 0x1, 0x0, 0x7, 0xff, 0x10, 0x0, 0x3f,
    0xf5, 0x0, 0x0, 0x0, 0xe, 0xfc, 0x0, 0x0,
    0x7, 0xff, 0x10, 0x0, 0x3f, 0xff, 0xff, 0xff,
    0xff, 0xff, 0xfc, 0x0, 0x0, 0x7, 0xff, 0x10,
    0x0, 0x3f, 0xff, 0xff, 0xff, 0xff, 0xff, 0xfc,
    0x0, 0x0, 0x7, 0xff, 0x10, 0x0, 0x3f, 0xfa,
    0x77, 0x77, 0x77, 0x7f, 0xfc, 0x0, 0x0, 0x7,
    0xff, 0x10, 0x0, 0x3f, 0xf5, 0x0, 0x0, 0x0,
    0xe, 0xfc, 0x0, 0x0, 0x0, 0x0, 0x0, 0x0,
    0x2, 0x20, 0x0, 0x0, 0x0, 0x0, 0x0,

    /* U+770B "看" */
    0x0, 0x0, 0x0, 0x0, 0x0, 0x0, 0x0, 0x0,
    0x0, 0x0, 0x0, 0x20, 0x0, 0x0, 0x0, 0x0,
    0x0, 0x1, 0x12, 0x23, 0x45, 0x67, 0x8a, 0xcd,
    0xff, 0xb0, 0x0, 0x0, 0x6, 0xff, 0xff, 0xff,
    0xff, 0xff, 0xff, 0xff, 0xff, 0xff, 0xfd, 0x50,
    0x0, 0x0, 0x3f, 0xff, 0xff, 0xfe, 0xff, 0xfb,
    0xa9, 0x87, 0x54, 0x20, 0x0, 0x0, 0x0, 0x0,
    0x0, 0x0, 0x0, 0xf, 0xfc, 0x0, 0x0, 0x0,
    0x0, 0x0, 0x0, 0x0, 0x0, 0x4e, 0xee, 0xee,
    0xef, 0xff, 0xfe, 0xee, 0xee, 0xee, 0xee, 0xed,
    0x0, 0x0, 0x4, 0xff, 0xff, 0xff, 0xff, 0xff,
    0xff, 0xff, 0xff, 0xff, 0xff, 0xe0, 0x0, 0x0,
    0x2, 0x22, 0x22, 0x3f, 0xfc, 0x22, 0x22, 0x22,
    0x22, 0x22, 0x21, 0x0, 0x0, 0x0, 0x0, 0x0,
    0x7, 0xff, 0x50, 0x0, 0x0, 0x0, 0x0, 0x0,
    0x0, 0x0, 0x2f, 0xff, 0xff, 0xff, 0xff, 0xff,
    0xff, 0xff, 0xff, 0xff, 0xff, 0xff, 0xf9, 0x3,
    0xff, 0xff, 0xff, 0xff, 0xff, 0xff, 0xff, 0xff,
    0xff, 0xff, 0xff, 0xff, 0xa0, 0x2, 0x22, 0x22,
    0x4f, 0xfe, 0x32, 0x22, 0x22, 0x22, 0x22, 0x22,
    0x22, 0x21, 0x0, 0x0, 0x0, 0xb, 0xff, 0x71,
    0x11, 0x11, 0x11, 0x11, 0x11, 0x11, 0x0, 0x0,
    0x0, 0x0, 0x7, 0xff, 0xff, 0xff, 0xff, 0xff,
    0xff, 0xff, 0xff, 0xb0, 0x0, 0x0, 0x0, 0x4,
    0xff, 0xff, 0xff, 0xff, 0xff, 0xff, 0xff, 0xff,
    0xfb, 0x0, 0x0, 0x0, 0x4, 0xff, 0xff, 0xc0,
    0x0, 0x0, 0x0, 0x0, 0x0, 0xff, 0xb0, 0x0,
    0x0, 0x5, 0xff, 0xff, 0xfe, 0xbb, 0xbb, 0xbb,
    0xbb, 0xbb, 0xbf, 0xfb, 0x0, 0x0, 0x19, 0xff,
    0xf7, 0xcf, 0xff, 0xff, 0xff, 0xff, 0xff, 0xff,
    0xff, 0xb0, 0x0, 0xb, 0xff, 0xf6, 0xc, 0xfc,
    0x0, 0x0, 0x0, 0x0, 0x0, 0xf, 0xfb, 0x0,
    0x0, 0x1e, 0xd3, 0x0, 0xcf, 0xc0, 0x0, 0x0,
    0x0, 0x0, 0x0, 0xff, 0xb0, 0x0, 0x0, 0x20,
    0x0, 0xc, 0xff, 0xff, 0xff, 0xff, 0xff, 0xff,
    0xff, 0xfb, 0x0, 0x0, 0x0, 0x0, 0x0, 0xcf,
    0xeb, 0xbb, 0xbb, 0xbb, 0xbb, 0xbb, 0xff, 0xb0,
    0x0, 0x0, 0x0, 0x0, 0xc, 0xfc, 0x0, 0x0,
    0x0, 0x0, 0x0, 0xf, 0xfb, 0x0, 0x0, 0x0,
    0x0, 0x0, 0xcf, 0xff, 0xff, 0xff, 0xff, 0xff,
    0xff, 0xff, 0xb0, 0x0, 0x0, 0x0, 0x0, 0xc,
    0xff, 0xff, 0xff, 0xff, 0xff, 0xff, 0xff, 0xfb,
    0x0, 0x0, 0x0, 0x0, 0x0, 0xcf, 0xc1, 0x11,
    0x11, 0x11, 0x11, 0x11, 0xff, 0xb0, 0x0,

    /* U+7816 "砖" */
    0x0, 0x0, 0x0, 0x0, 0x0, 0x0, 0x0, 0x0,
    0x7, 0x74, 0x0, 0x0, 0x0, 0x0, 0x22, 0x22,
    0x22, 0x22, 0x22, 0x0, 0x0, 0x0, 0xff, 0xb0,
    0x0, 0x0, 0x0, 0xe, 0xff, 0xff, 0xff, 0xff,
    0xf1, 0x0, 0x0, 0x4f, 0xf7, 0x0, 0x0, 0x0,
    0x0, 0xef, 0xff, 0xff, 0xff, 0xff, 0x37, 0x77,
    0x7b, 0xff, 0x97, 0x77, 0x77, 0x70, 0x3, 0x44,
    0xcf, 0xd4, 0x44, 0x43, 0xff, 0xff, 0xff, 0xff,
    0xff, 0xff, 0xff, 0x0, 0x0, 0xe, 0xfa, 0x0,
    0x0, 0x3f, 0xff, 0xff, 0xff, 0xff, 0xff, 0xff,
    0xe0, 0x0, 0x1, 0xff, 0x60, 0x0, 0x0, 0x0,
    0x6, 0xff, 0x50, 0x0, 0x0, 0x0, 0x0, 0x0,
    0x6f, 0xf1, 0x0, 0x0, 0x0, 0x0, 0xaf, 0xf1,
    0x0, 0x0, 0x0, 0x0, 0x0, 0xa, 0xfd, 0x0,
    0x0, 0x0, 0x0, 0xf, 0xfc, 0x0, 0x0, 0x0,
    0x0, 0x0, 0x0, 0xff, 0x80, 0x0, 0x5, 0xff,
    0xff, 0xff, 0xff, 0xff, 0xff, 0xff, 0xfc, 0x0,
    0x5f, 0xf8, 0x66, 0x66, 0x7f, 0xff, 0xff, 0xff,
    0xff, 0xff, 0xff, 0xff, 0xc0, 0xc, 0xff, 0xff,
    0xff, 0xf8, 0x88, 0x8f, 0xfe, 0x88, 0x88, 0x88,
    0x88, 0x86, 0x4, 0xff, 0xff, 0xff, 0xff, 0x50,
    0x3, 0xff, 0x90, 0x0, 0x0, 0x0, 0x0, 0x0,
    0xdf, 0xff, 0x30, 0xd, 0xf5, 0x0, 0x8f, 0xf4,
    0x0, 0x0, 0x0, 0x0, 0x0, 0x5f, 0xff, 0xf3,
    0x0, 0xdf, 0x50, 0xd, 0xff, 0xff, 0xff, 0xff,
    0xff, 0xc3, 0x0, 0xfe, 0xff, 0x30, 0xd, 0xf5,
    0x3, 0xff, 0xff, 0xff, 0xff, 0xff, 0xff, 0x40,
    0xa, 0x4f, 0xf3, 0x0, 0xdf, 0x50, 0x38, 0x88,
    0x88, 0x88, 0x8f, 0xff, 0x60, 0x0, 0x10, 0xff,
    0x30, 0xd, 0xf5, 0x0, 0x0, 0x0, 0x0, 0xa,
    0xff, 0x90, 0x0, 0x0, 0xf, 0xf3, 0x0, 0xdf,
    0x50, 0x0, 0x0, 0x0, 0x8, 0xff, 0xb0, 0x0,
    0x0, 0x0, 0xff, 0x30, 0xd, 0xf5, 0x0, 0xd,
    0xb3, 0x7, 0xff, 0xc0, 0x0, 0x0, 0x0, 0xf,
    0xf8, 0x66, 0xef, 0x50, 0x9, 0xff, 0xfb, 0xff,
    0xe1, 0x0, 0x0, 0x0, 0x0, 0xff, 0xff, 0xff,
    0xf5, 0x0, 0x7, 0xff, 0xff, 0xf2, 0x0, 0x0,
    0x0, 0x0, 0xf, 0xff, 0xff, 0xff, 0x50, 0x0,
    0x2, 0xbf, 0xff, 0xa1, 0x0, 0x0, 0x0, 0x0,
    0xff, 0x30, 0x0, 0x0, 0x0, 0x0, 0x0, 0x7f,
    0xff, 0xd3, 0x0, 0x0, 0x0, 0xf, 0xf3, 0x0,
    0x0, 0x0, 0x0, 0x0, 0x0, 0x3d, 0xff, 0xf1,
    0x0, 0x0, 0x0, 0x22, 0x0, 0x0, 0x0, 0x0,
    0x0, 0x0, 0x0, 0x1b, 0xf7, 0x0, 0x0, 0x0,
    0x0, 0x0, 0x0, 0x0, 0x0, 0x0, 0x0, 0x0,
    0x0, 0x6, 0x0, 0x0, 0x0,

    /* U+786E "确" */
    0x0, 0x0, 0x0, 0x0, 0x0, 0x0, 0x0, 0x8,
    0x40, 0x0, 0x0, 0x0, 0x0, 0x0, 0x13, 0x33,
    0x33, 0x33, 0x33, 0x0, 0x4, 0xff, 0x30, 0x0,
    0x0, 0x0, 0x0, 0x8, 0xff, 0xff, 0xff, 0xff,
    0xf1, 0x0, 0xbf, 0xe3, 0x33, 0x34, 0x20, 0x0,
    0x0, 0x8f, 0xff, 0xff, 0xff, 0xff, 0x10, 0x3f,
    0xff, 0xff, 0xff, 0xff, 0x80, 0x0, 0x1, 0x33,
    0x9f, 0xf4, 0x33, 0x30, 0xc, 0xff, 0xff, 0xff,
    0xff, 0xf9, 0x0, 0x0, 0x0, 0xa, 0xfd, 0x0,
    0x0, 0x7, 0xff, 0x50, 0x0, 0x1e, 0xfe, 0x10,
    0x0, 0x0, 0x0, 0xdf, 0xa0, 0x0, 0x3, 0xff,
    0xb0, 0x0, 0xa, 0xff, 0x40, 0x0, 0x0, 0x0,
    0x1f, 0xf6, 0x0, 0x1, 0xef, 0xf7, 0x55, 0x57,
    0xff, 0xb5, 0x55, 0x51, 0x0, 0x6, 0xff, 0x10,
    0x1, 0xdf, 0xff, 0xff, 0xff, 0xff, 0xff, 0xff,
    0xff, 0x30, 0x0, 0xbf, 0xc0, 0x0, 0xc, 0xff,
    0xff, 0xff, 0xff, 0xff, 0xff, 0xff, 0xf3, 0x0,
    0x1f, 0xfc, 0x88, 0x88, 0x46, 0xbf, 0xc0, 0x2,
    0xff, 0x30, 0x4, 0xff, 0x30, 0x7, 0xff, 0xff,
    0xff, 0xf4, 0xb, 0xfc, 0x0, 0x2f, 0xf3, 0x0,
    0x4f, 0xf3, 0x0, 0xef, 0xfc, 0x88, 0xff, 0x40,
    0xbf, 0xfc, 0xcd, 0xff, 0xdc, 0xcd, 0xff, 0x30,
    0x8f, 0xff, 0x70, 0xf, 0xf4, 0xb, 0xff, 0xff,
    0xff, 0xff, 0xff, 0xff, 0xf3, 0xf, 0xff, 0xf7,
    0x0, 0xff, 0x40, 0xbf, 0xd4, 0x46, 0xff, 0x74,
    0x47, 0xff, 0x30, 0xbf, 0xef, 0x70, 0xf, 0xf4,
    0xb, 0xfc, 0x0, 0x2f, 0xf3, 0x0, 0x4f, 0xf3,
    0x5, 0x9c, 0xf7, 0x0, 0xff, 0x40, 0xbf, 0xb0,
    0x2, 0xff, 0x30, 0x4, 0xff, 0x30, 0x0, 0xcf,
    0x70, 0xf, 0xf4, 0xc, 0xfe, 0xbb, 0xcf, 0xfc,
    0xbb, 0xdf, 0xf3, 0x0, 0xc, 0xf7, 0x0, 0xff,
    0x40, 0xef, 0xff, 0xff, 0xff, 0xff, 0xff, 0xff,
    0x30, 0x0, 0xcf, 0x70, 0xf, 0xf4, 0xf, 0xfc,
    0xaa, 0xbf, 0xfb, 0xaa, 0xcf, 0xf3, 0x0, 0xc,
    0xfa, 0x66, 0xff, 0x44, 0xff, 0x30, 0x2, 0xff,
    0x30, 0x4, 0xff, 0x30, 0x0, 0xcf, 0xff, 0xff,
    0xf4, 0x8f, 0xf0, 0x0, 0x2f, 0xf3, 0x0, 0x4f,
    0xf3, 0x0, 0xc, 0xff, 0xff, 0xff, 0x4e, 0xfa,
    0x0, 0x2, 0xff, 0x30, 0x4, 0xff, 0x30, 0x0,
    0xcf, 0x70, 0x0, 0x7, 0xff, 0x40, 0x0, 0x2f,
    0xf3, 0x33, 0x7f, 0xf3, 0x0, 0xc, 0xf7, 0x0,
    0x2, 0xff, 0xc0, 0x0, 0x2, 0xff, 0x3d, 0xff,
    0xff, 0x10, 0x0, 0x12, 0x10, 0x0, 0x1a, 0xf2,
    0x0, 0x0, 0x5, 0x51, 0x9f, 0xfd, 0x60, 0x0,
    0x0, 0x0, 0x0, 0x0, 0x1, 0x0, 0x0, 0x0,
    0x0, 0x0, 0x0, 0x0, 0x0,

    /* U+788D "碍" */
    0x5, 0x66, 0x66, 0x66, 0x66, 0x62, 0x1e, 0xee,
    0xee, 0xee, 0xee, 0xee, 0xe0, 0x0, 0xef, 0xff,
    0xff, 0xff, 0xff, 0x51, 0xff, 0xff, 0xff, 0xff,
    0xff, 0xff, 0x0, 0xe, 0xff, 0xff, 0xff, 0xff,
    0xf5, 0x1f, 0xf6, 0x0, 0x0, 0x0, 0x8f, 0xf0,
    0x0, 0x11, 0x18, 0xff, 0x51, 0x11, 0x1, 0xff,
    0x60, 0x0, 0x0, 0x8, 0xff, 0x0, 0x0, 0x0,
    0xaf, 0xf0, 0x0, 0x0, 0x1f, 0xff, 0xff, 0xff,
    0xff, 0xff, 0xf0, 0x0, 0x0, 0xe, 0xfc, 0x0,
    0x0, 0x1, 0xff, 0xed, 0xdd, 0xdd, 0xde, 0xff,
    0x0, 0x0, 0x3, 0xff, 0x80, 0x0, 0x0, 0x1f,
    0xf6, 0x0, 0x0, 0x0, 0x8f, 0xf0, 0x0, 0x0,
    0x8f, 0xf3, 0x0, 0x0, 0x1, 0xff, 0x83, 0x33,
    0x33, 0x3a, 0xff, 0x0, 0x0, 0xd, 0xfe, 0x0,
    0x0, 0x0, 0x1f, 0xff, 0xff, 0xff, 0xff, 0xff,
    0xf0, 0x0, 0x3, 0xff, 0xc6, 0x66, 0x65, 0x1,
    0xcc, 0xcc, 0xcc, 0xcc, 0xcc, 0xcc, 0x0, 0x0,
    0xaf, 0xff, 0xff, 0xff, 0xc0, 0x0, 0x0, 0x0,
    0x0, 0x0, 0x0, 0x0, 0x0, 0x3f, 0xff, 0xff,
    0xff, 0xfc, 0x2d, 0xdd, 0xdd, 0xdd, 0xdd, 0xdd,
    0xdd, 0xd4, 0xc, 0xff, 0xf9, 0x0, 0x9f, 0xc3,
    0xff, 0xff, 0xff, 0xff, 0xff, 0xff, 0xff, 0x55,
    0xff, 0xff, 0x90, 0x9, 0xfc, 0x16, 0x66, 0x66,
    0x66, 0x6b, 0xff, 0x76, 0x62, 0xf, 0xfe, 0xf9,
    0x0, 0x9f, 0xc0, 0x0, 0x0, 0x0, 0x0, 0x7f,
    0xf1, 0x0, 0x0, 0xa9, 0xcf, 0x90, 0x9, 0xfc,
    0x35, 0x55, 0x55, 0x55, 0x5a, 0xff, 0x65, 0x53,
    0x2, 0xc, 0xf9, 0x0, 0x9f, 0xca, 0xff, 0xff,
    0xff, 0xff, 0xff, 0xff, 0xff, 0x90, 0x0, 0xcf,
    0x90, 0x9, 0xfc, 0xaf, 0xff, 0xff, 0xff, 0xff,
    0xff, 0xff, 0xf9, 0x0, 0xc, 0xf9, 0x0, 0x9f,
    0xc0, 0x1, 0x9d, 0x10, 0x0, 0x7f, 0xf1, 0x0,
    0x0, 0x0, 0xcf, 0xb6, 0x6b, 0xfc, 0x0, 0x3e,
    0xfd, 0x10, 0x7, 0xff, 0x10, 0x0, 0x0, 0xc,
    0xff, 0xff, 0xff, 0xc0, 0x0, 0x3f, 0xfb, 0x0,
    0x7f, 0xf1, 0x0, 0x0, 0x0, 0xcf, 0xff, 0xff,
    0xfb, 0x0, 0x0, 0x5f, 0xf3, 0x7, 0xff, 0x10,
    0x0, 0x0, 0xc, 0xf9, 0x0, 0x0, 0x0, 0x0,
    0x0, 0x64, 0x44, 0xaf, 0xf1, 0x0, 0x0, 0x0,
    0xcf, 0x90, 0x0, 0x0, 0x0, 0x0, 0x0, 0x4f,
    0xff, 0xfe, 0x0, 0x0, 0x0, 0x1, 0x21, 0x0,
    0x0, 0x0, 0x0, 0x0, 0x0, 0xef, 0xec, 0x40,
    0x0, 0x0,

    /* U+788E "碎" */
    0x0, 0x0, 0x0, 0x0, 0x0, 0x0, 0x0, 0x0,
    0x0, 0x46, 0x0, 0x0, 0x0, 0x0, 0x0, 0x11,
    0x11, 0x11, 0x11, 0x10, 0x0, 0x0, 0x8, 0xff,
    0x20, 0x0, 0x0, 0x0, 0xa, 0xff, 0xff, 0xff,
    0xff, 0xe0, 0x0, 0x0, 0x2, 0xff, 0x80, 0x0,
    0x0, 0x0, 0xa, 0xff, 0xff, 0xff, 0xff, 0xe1,
    0x77, 0x77, 0x77, 0xff, 0xe7, 0x77, 0x77, 0x30,
    0x3, 0x55, 0xaf, 0xf5, 0x55, 0x42, 0xff, 0xff,
    0xff, 0xff, 0xff, 0xff, 0xff, 0x80, 0x0, 0x0,
    0x9f, 0xd0, 0x0, 0x2, 0xff, 0xff, 0xff, 0xff,
    0xff, 0xff, 0xff, 0x80, 0x0, 0x0, 0xdf, 0x90,
    0x0, 0x0, 0x0, 0x34, 0x10, 0x0, 0x2, 0x41,
    0x0, 0x0, 0x0, 0x1, 0xff, 0x50, 0x0, 0x0,
    0x0, 0xaf, 0xc0, 0x0, 0x8, 0xfe, 0x0, 0x0,
    0x0, 0x6, 0xff, 0x10, 0x0, 0x0, 0x0, 0xef,
    0x70, 0x0, 0xc, 0xf9, 0x0, 0x0, 0x0, 0xb,
    0xfc, 0x0, 0x0, 0x0, 0x3, 0xff, 0x30, 0x0,
    0x2f, 0xf4, 0x0, 0x0, 0x0, 0x1f, 0xfb, 0x66,
    0x66, 0x20, 0x9, 0xff, 0xc1, 0x0, 0x8f, 0xfc,
    0x0, 0x0, 0x0, 0x7f, 0xff, 0xff, 0xff, 0x50,
    0x1f, 0xff, 0xfd, 0x10, 0xef, 0xff, 0xc1, 0x0,
    0x0, 0xef, 0xff, 0xff, 0xff, 0x50, 0x8f, 0xf2,
    0xef, 0x98, 0xff, 0x5f, 0xfc, 0x0, 0x8, 0xff,
    0xf5, 0x0, 0xef, 0x53, 0xff, 0x80, 0x2a, 0x4f,
    0xf7, 0x4, 0xff, 0x60, 0x1f, 0xff, 0xf5, 0x0,
    0xef, 0x5a, 0xfe, 0x0, 0x0, 0x4d, 0xd0, 0x0,
    0x59, 0x0, 0xb, 0xff, 0xf5, 0x0, 0xef, 0x50,
    0x63, 0x0, 0x1, 0xff, 0x70, 0x0, 0x0, 0x0,
    0x6, 0x8e, 0xf5, 0x0, 0xef, 0x50, 0x0, 0x0,
    0x1, 0xff, 0x70, 0x0, 0x0, 0x0, 0x0, 0xe,
    0xf5, 0x0, 0xef, 0x57, 0xff, 0xff, 0xff, 0xff,
    0xff, 0xff, 0xff, 0xf2, 0x0, 0xe, 0xf5, 0x0,
    0xef, 0x57, 0xff, 0xff, 0xff, 0xff, 0xff, 0xff,
    0xff, 0xf2, 0x0, 0xe, 0xf5, 0x0, 0xef, 0x53,
    0x77, 0x77, 0x78, 0xff, 0xb7, 0x77, 0x77, 0x71,
    0x0, 0xe, 0xf9, 0x66, 0xff, 0x50, 0x0, 0x0,
    0x1, 0xff, 0x70, 0x0, 0x0, 0x0, 0x0, 0xe,
    0xff, 0xff, 0xff, 0x50, 0x0, 0x0, 0x1, 0xff,
    0x70, 0x0, 0x0, 0x0, 0x0, 0xe, 0xff, 0xff,
    0xff, 0x50, 0x0, 0x0, 0x1, 0xff, 0x70, 0x0,
    0x0, 0x0, 0x0, 0xe, 0xf5, 0x0, 0x0, 0x0,
    0x0, 0x0, 0x1, 0xff, 0x70, 0x0, 0x0, 0x0,
    0x0, 0xe, 0xf5, 0x0, 0x0, 0x0, 0x0, 0x0,
    0x1, 0xff, 0x70, 0x0, 0x0, 0x0, 0x0, 0x2,
    0x20, 0x0, 0x0, 0x0, 0x0, 0x0, 0x1, 0xff,
    0x70, 0x0, 0x0, 0x0,

    /* U+793A "示" */
    0x0, 0x0, 0x9a, 0xaa, 0xaa, 0xaa, 0xaa, 0xaa,
    0xaa, 0xaa, 0xaa, 0xa9, 0x0, 0x0, 0x0, 0xe,
    0xff, 0xff, 0xff, 0xff, 0xff, 0xff, 0xff, 0xff,
    0xff, 0xd0, 0x0, 0x0, 0x0, 0xef, 0xff, 0xff,
    0xff, 0xff, 0xff, 0xff, 0xff, 0xff, 0xfd, 0x0,
    0x0, 0x0, 0x0, 0x0, 0x0, 0x0, 0x0, 0x0,
    0x0, 0x0, 0x0, 0x0, 0x0, 0x0, 0x0, 0x0,
    0x0, 0x0, 0x0, 0x0, 0x0, 0x0, 0x0, 0x0,
    0x0, 0x0, 0x0, 0x0, 0x0, 0x0, 0x0, 0x0,
    0x0, 0x0, 0x0, 0x0, 0x0, 0x0, 0x0, 0x0,
    0x0, 0x0, 0x0, 0x0, 0x0, 0x0, 0x0, 0x0,
    0x0, 0x0, 0x0, 0x0, 0x0, 0x0, 0x0, 0x4a,
    0xaa, 0xaa, 0xaa, 0xaa, 0xaa, 0xaa, 0xaa, 0xaa,
    0xaa, 0xaa, 0xaa, 0xa4, 0x6, 0xff, 0xff, 0xff,
    0xff, 0xff, 0xff, 0xff, 0xff, 0xff, 0xff, 0xff,
    0xff, 0x70, 0x6f, 0xff, 0xff, 0xff, 0xff, 0xff,
    0xff, 0xff, 0xff, 0xff, 0xff, 0xff, 0xf6, 0x0,
    0x0, 0x0, 0x0, 0x0, 0x0, 0x6f, 0xf7, 0x0,
    0x0, 0x0, 0x0, 0x0, 0x0, 0x0, 0x0, 0x0,
    0x0, 0x0, 0x6, 0xff, 0x70, 0x0, 0x0, 0x0,
    0x0, 0x0, 0x0, 0x0, 0x0, 0xa6, 0x10, 0x0,
    0x6f, 0xf7, 0x0, 0x0, 0x57, 0x0, 0x0, 0x0,
    0x0, 0x0, 0x7f, 0xfa, 0x0, 0x6, 0xff, 0x70,
    0x0, 0xcf, 0xf6, 0x0, 0x0, 0x0, 0x0, 0xe,
    0xff, 0x20, 0x0, 0x6f, 0xf7, 0x0, 0x2, 0xff,
    0xf2, 0x0, 0x0, 0x0, 0x8, 0xff, 0xa0, 0x0,
    0x6, 0xff, 0x70, 0x0, 0x7, 0xff, 0xc0, 0x0,
    0x0, 0x2, 0xff, 0xf1, 0x0, 0x0, 0x6f, 0xf7,
    0x0, 0x0, 0xd, 0xff, 0x60, 0x0, 0x0, 0xdf,
    0xf7, 0x0, 0x0, 0x6, 0xff, 0x70, 0x0, 0x0,
    0x4f, 0xfe, 0x0, 0x0, 0xaf, 0xfb, 0x0, 0x0,
    0x0, 0x6f, 0xf7, 0x0, 0x0, 0x0, 0xbf, 0xf8,
    0x0, 0xaf, 0xfe, 0x10, 0x0, 0x0, 0x6, 0xff,
    0x70, 0x0, 0x0, 0x3, 0xff, 0xf0, 0x6, 0xef,
    0x30, 0x0, 0x0, 0x0, 0x6f, 0xf7, 0x0, 0x0,
    0x0, 0xc, 0xfc, 0x20, 0x1, 0x30, 0x0, 0x1b,
    0xaa, 0xad, 0xff, 0x70, 0x0, 0x0, 0x0, 0x33,
    0x0, 0x0, 0x0, 0x0, 0x0, 0xcf, 0xff, 0xff,
    0xf3, 0x0, 0x0, 0x0, 0x0, 0x0, 0x0, 0x0,
    0x0, 0x0, 0x7, 0xff, 0xff, 0xc5, 0x0, 0x0,
    0x0, 0x0, 0x0, 0x0, 0x0, 0x0, 0x0, 0x0,
    0x1, 0x10, 0x0, 0x0, 0x0, 0x0, 0x0, 0x0,
    0x0, 0x0,

    /* U+79D2 "秒" */
    0x0, 0x0, 0x0, 0x0, 0x1, 0x10, 0x0, 0x0,
    0x3, 0x66, 0x0, 0x0, 0x0, 0x0, 0x0, 0x0,
    0x1, 0x6a, 0xfc, 0x0, 0x0, 0x0, 0x7f, 0xf0,
    0x0, 0x0, 0x0, 0x1, 0x36, 0xad, 0xff, 0xff,
    0xf7, 0x0, 0x0, 0x7, 0xff, 0x0, 0x0, 0x0,
    0x0, 0x8f, 0xff, 0xff, 0xfd, 0x94, 0x0, 0x0,
    0x0, 0x7f, 0xf0, 0x0, 0x0, 0x0, 0x2, 0xfd,
    0xac, 0xff, 0x10, 0x0, 0x0, 0x0, 0x7, 0xff,
    0x0, 0x2, 0x0, 0x0, 0x0, 0x0, 0x7f, 0xf1,
    0x0, 0x0, 0x6a, 0x70, 0x7f, 0xf0, 0x3e, 0xf3,
    0x0, 0x0, 0x0, 0x7, 0xff, 0x10, 0x0, 0xa,
    0xfd, 0x7, 0xff, 0x0, 0xef, 0xb0, 0x0, 0x0,
    0x0, 0x7f, 0xf1, 0x0, 0x0, 0xdf, 0xa0, 0x7f,
    0xf0, 0x8, 0xff, 0x20, 0xa, 0xbb, 0xbd, 0xff,
    0xbb, 0xb9, 0xf, 0xf7, 0x7, 0xff, 0x0, 0x2f,
    0xf9, 0x0, 0xff, 0xff, 0xff, 0xff, 0xff, 0xd3,
    0xff, 0x40, 0x7f, 0xf0, 0x0, 0xbf, 0xe0, 0xd,
    0xdd, 0xdf, 0xff, 0xdd, 0xdb, 0x7f, 0xf0, 0x7,
    0xff, 0x0, 0x5, 0xff, 0x50, 0x0, 0x1, 0xff,
    0xf4, 0x0, 0xb, 0xfc, 0x0, 0x7f, 0xf0, 0x0,
    0x1f, 0xfa, 0x0, 0x0, 0x8f, 0xff, 0xf2, 0x1,
    0xff, 0x80, 0x7, 0xff, 0x0, 0x0, 0xce, 0x80,
    0x0, 0xe, 0xff, 0xff, 0xe1, 0x4f, 0xf3, 0x0,
    0x7f, 0xf0, 0x0, 0x2, 0x0, 0x0, 0x6, 0xff,
    0xff, 0xdf, 0xc0, 0x17, 0x0, 0x7, 0xff, 0x0,
    0x8, 0x51, 0x0, 0x0, 0xef, 0xcf, 0xf3, 0xff,
    0x80, 0x0, 0x0, 0x7f, 0xf0, 0x4, 0xff, 0x80,
    0x0, 0x8f, 0xd7, 0xff, 0x18, 0xf3, 0x0, 0x0,
    0x7, 0xff, 0x0, 0xcf, 0xf2, 0x0, 0x2f, 0xf6,
    0x7f, 0xf1, 0x16, 0x0, 0x0, 0x0, 0x7e, 0xe0,
    0x7f, 0xf9, 0x0, 0xc, 0xfd, 0x7, 0xff, 0x10,
    0x0, 0x0, 0x0, 0x0, 0x0, 0x4f, 0xfe, 0x10,
    0x2, 0xff, 0x40, 0x7f, 0xf1, 0x0, 0x0, 0x0,
    0x0, 0x0, 0x4f, 0xff, 0x40, 0x0, 0x8, 0xa0,
    0x7, 0xff, 0x10, 0x0, 0x0, 0x0, 0x0, 0x8f,
    0xff, 0x50, 0x0, 0x0, 0x11, 0x0, 0x7f, 0xf1,
    0x0, 0x0, 0x0, 0x5, 0xdf, 0xff, 0x40, 0x0,
    0x0, 0x0, 0x0, 0x7, 0xff, 0x10, 0x0, 0x2,
    0x8e, 0xff, 0xfc, 0x20, 0x0, 0x0, 0x0, 0x0,
    0x0, 0x7f, 0xf1, 0x5, 0x9e, 0xff, 0xff, 0xd5,
    0x0, 0x0, 0x0, 0x0, 0x0, 0x0, 0x7, 0xff,
    0x10, 0x6f, 0xff, 0xfb, 0x50, 0x0, 0x0, 0x0,
    0x0, 0x0, 0x0, 0x0, 0x7f, 0xf1, 0x0, 0xba,
    0x61, 0x0, 0x0, 0x0, 0x0, 0x0, 0x0,

    /* U+79FB "移" */
    0x0, 0x0, 0x0, 0x0, 0x2, 0x0, 0x0, 0x0,
    0x2, 0x52, 0x0, 0x0, 0x0, 0x0, 0x0, 0x0,
    0x0, 0x27, 0xdf, 0x30, 0x0, 0x0, 0xd, 0xff,
    0x30, 0x0, 0x0, 0x0, 0x0, 0x47, 0xae, 0xff,
    0xff, 0xe0, 0x0, 0x0, 0xbf, 0xf7, 0x0, 0x0,
    0x0, 0x0, 0x1, 0xff, 0xff, 0xff, 0xa6, 0x10,
    0x0, 0x1c, 0xff, 0xff, 0xff, 0xff, 0xd5, 0x0,
    0x0, 0x9a, 0x8b, 0xfe, 0x0, 0x0, 0x3, 0xef,
    0xff, 0xff, 0xff, 0xff, 0xf6, 0x0, 0x0, 0x0,
    0x8, 0xfe, 0x0, 0x1, 0x9f, 0xff, 0x83, 0x33,
    0x35, 0xff, 0xc0, 0x0, 0x0, 0x0, 0x8, 0xfe,
    0x0, 0x1e, 0xff, 0xe5, 0x50, 0x0, 0x1e, 0xff,
    0x20, 0x0, 0x0, 0x0, 0x8, 0xfe, 0x0, 0x3,
    0xfa, 0x4e, 0xfb, 0x12, 0xef, 0xf4, 0x0, 0x0,
    0x5, 0x88, 0x8c, 0xff, 0x88, 0x81, 0x10, 0x9,
    0xff, 0xef, 0xff, 0x50, 0x0, 0x0, 0xb, 0xff,
    0xff, 0xff, 0xff, 0xf3, 0x0, 0x0, 0x9f, 0xff,
    0xe3, 0x0, 0x0, 0x0, 0xa, 0xff, 0xff, 0xff,
    0xff, 0xf3, 0x0, 0x6c, 0xff, 0xfc, 0x20, 0x0,
    0x0, 0x0, 0x0, 0x0, 0x5f, 0xff, 0x10, 0x6,
    0xbf, 0xff, 0xfb, 0x5e, 0xfc, 0x0, 0x0, 0x0,
    0x0, 0x0, 0xbf, 0xff, 0xd1, 0x8, 0xff, 0xf9,
    0x30, 0xcf, 0xf4, 0x0, 0x0, 0x0, 0x0, 0x1,
    0xff, 0xff, 0xfb, 0x0, 0x84, 0x0, 0xb, 0xff,
    0xff, 0xff, 0xff, 0x90, 0x0, 0x8, 0xff, 0xff,
    0xdf, 0x90, 0x0, 0x1, 0xbf, 0xff, 0xff, 0xff,
    0xff, 0xd0, 0x0, 0xf, 0xfa, 0xfe, 0x3f, 0xf2,
    0x0, 0x3d, 0xff, 0xa4, 0x44, 0x49, 0xff, 0x70,
    0x0, 0x8f, 0xb8, 0xfe, 0xa, 0x80, 0x19, 0xff,
    0xf7, 0x0, 0x0, 0x1e, 0xfe, 0x0, 0x1, 0xff,
    0x58, 0xfe, 0x1, 0x7, 0xff, 0xfe, 0x47, 0x30,
    0x0, 0xbf, 0xf5, 0x0, 0xb, 0xfd, 0x8, 0xfe,
    0x0, 0x1, 0xef, 0x81, 0xcf, 0xf8, 0x9, 0xff,
    0xa0, 0x0, 0xb, 0xf5, 0x8, 0xfe, 0x0, 0x0,
    0x22, 0x0, 0x2c, 0xff, 0xef, 0xfc, 0x0, 0x0,
    0x3, 0xc0, 0x8, 0xfe, 0x0, 0x0, 0x0, 0x0,
    0x0, 0xbf, 0xff, 0xc1, 0x0, 0x0, 0x0, 0x10,
    0x8, 0xfe, 0x0, 0x0, 0x0, 0x0, 0x18, 0xff,
    0xfa, 0x0, 0x0, 0x0, 0x0, 0x0, 0x8, 0xfe,
    0x0, 0x0, 0x0, 0x29, 0xff, 0xff, 0x60, 0x0,
    0x0, 0x0, 0x0, 0x0, 0x8, 0xfe, 0x0, 0x4,
    0x8d, 0xff, 0xff, 0x91, 0x0, 0x0, 0x0, 0x0,
    0x0, 0x0, 0x8, 0xfe, 0x0, 0x4f, 0xff, 0xfe,
    0x81, 0x0, 0x0, 0x0, 0x0, 0x0, 0x0, 0x0,
    0x8, 0xfe, 0x0, 0x9, 0xe9, 0x40, 0x0, 0x0,
    0x0, 0x0, 0x0, 0x0, 0x0, 0x0, 0x0, 0x0,
    0x0, 0x0, 0x0, 0x0, 0x0, 0x0, 0x0, 0x0,
    0x0, 0x0,

    /* U+7A0D "稍" */
    0x0, 0x0, 0x0, 0x0, 0x10, 0x0, 0x0, 0x0,
    0x1, 0x77, 0x20, 0x0, 0x0, 0x0, 0x0, 0x0,
    0x15, 0xbf, 0x60, 0x0, 0x60, 0x0, 0x3f, 0xf4,
    0x0, 0x8, 0x40, 0x1, 0x58, 0xcf, 0xff, 0xff,
    0x11, 0xef, 0x80, 0x3, 0xff, 0x40, 0x2, 0xff,
    0x80, 0x8f, 0xff, 0xff, 0xe8, 0x20, 0x9, 0xff,
    0x20, 0x3f, 0xf4, 0x0, 0xaf, 0xf1, 0x2, 0xdb,
    0x8f, 0xf7, 0x0, 0x0, 0x1f, 0xfa, 0x3, 0xff,
    0x40, 0x2f, 0xf8, 0x0, 0x0, 0x0, 0xef, 0x70,
    0x0, 0x0, 0x8f, 0xf1, 0x3f, 0xf4, 0xb, 0xfe,
    0x10, 0x0, 0x0, 0xe, 0xf7, 0x0, 0x0, 0x1,
    0xfe, 0x33, 0xff, 0x41, 0xef, 0x60, 0x0, 0x0,
    0x0, 0xef, 0x70, 0x0, 0x0, 0x5, 0x0, 0x3f,
    0xf4, 0x0, 0x50, 0x0, 0x8, 0x88, 0x8f, 0xfb,
    0x88, 0x50, 0x59, 0x99, 0x9a, 0xff, 0xb9, 0x9a,
    0x97, 0x0, 0xff, 0xff, 0xff, 0xff, 0xfb, 0xa,
    0xff, 0xff, 0xff, 0xff, 0xff, 0xff, 0xb0, 0xf,
    0xff, 0xff, 0xff, 0xff, 0xa0, 0xaf, 0xfe, 0xee,
    0xee, 0xee, 0xef, 0xfb, 0x0, 0x0, 0xb, 0xff,
    0x90, 0x0, 0xa, 0xfc, 0x0, 0x0, 0x0, 0x0,
    0xbf, 0xb0, 0x0, 0x1, 0xff, 0xff, 0x60, 0x0,
    0xaf, 0xc0, 0x0, 0x0, 0x0, 0xb, 0xfb, 0x0,
    0x0, 0x8f, 0xff, 0xff, 0x50, 0xa, 0xff, 0xee,
    0xee, 0xee, 0xee, 0xff, 0xb0, 0x0, 0xe, 0xff,
    0xfa, 0xff, 0x30, 0xaf, 0xff, 0xff, 0xff, 0xff,
    0xff, 0xfb, 0x0, 0x6, 0xfd, 0xef, 0x79, 0xf5,
    0xa, 0xfe, 0x66, 0x66, 0x66, 0x66, 0xdf, 0xb0,
    0x0, 0xef, 0x7e, 0xf7, 0x1a, 0x0, 0xaf, 0xc0,
    0x0, 0x0, 0x0, 0xb, 0xfb, 0x0, 0x7f, 0xf1,
    0xef, 0x70, 0x0, 0xa, 0xfc, 0x0, 0x0, 0x0,
    0x0, 0xbf, 0xb0, 0x1f, 0xf9, 0xe, 0xf7, 0x0,
    0x0, 0xaf, 0xff, 0xff, 0xff, 0xff, 0xff, 0xfb,
    0x0, 0xbf, 0x10, 0xef, 0x70, 0x0, 0xa, 0xff,
    0xff, 0xff, 0xff, 0xff, 0xff, 0xb0, 0x3, 0x80,
    0xe, 0xf7, 0x0, 0x0, 0xaf, 0xd5, 0x55, 0x55,
    0x55, 0x5c, 0xfb, 0x0, 0x0, 0x0, 0xef, 0x70,
    0x0, 0xa, 0xfc, 0x0, 0x0, 0x0, 0x0, 0xbf,
    0xb0, 0x0, 0x0, 0xe, 0xf7, 0x0, 0x0, 0xaf,
    0xc0, 0x0, 0x0, 0x0, 0xb, 0xfb, 0x0, 0x0,
    0x0, 0xef, 0x70, 0x0, 0xa, 0xfc, 0x0, 0x0,
    0x29, 0x99, 0xef, 0xb0, 0x0, 0x0, 0xe, 0xf7,
    0x0, 0x0, 0xaf, 0xc0, 0x0, 0x0, 0xff, 0xff,
    0xf7, 0x0, 0x0, 0x0, 0xef, 0x70, 0x0, 0x9,
    0xfc, 0x0, 0x0, 0xa, 0xdc, 0xb7, 0x0,

    /* U+7A33 "稳" */
    0x0, 0x0, 0x0, 0x0, 0x0, 0x0, 0x0, 0x0,
    0x0, 0x0, 0x0, 0x0, 0x0, 0x0, 0x0, 0x0,
    0x0, 0x0, 0x41, 0x0, 0x0, 0x9d, 0xa0, 0x0,
    0x0, 0x0, 0x0, 0x0, 0x0, 0x0, 0x3, 0x8d,
    0xfb, 0x0, 0x2, 0xff, 0x90, 0x0, 0x0, 0x0,
    0x0, 0x0, 0x2, 0x7b, 0xef, 0xff, 0xff, 0x50,
    0xb, 0xff, 0xff, 0xff, 0xff, 0xa1, 0x0, 0x0,
    0x3, 0xff, 0xff, 0xfc, 0x51, 0x0, 0x6f, 0xff,
    0xff, 0xff, 0xff, 0xf6, 0x0, 0x0, 0x0, 0x87,
    0x4f, 0xf8, 0x0, 0x4, 0xff, 0xb2, 0x22, 0x22,
    0xef, 0xd0, 0x0, 0x0, 0x0, 0x0, 0xe, 0xf8,
    0x0, 0x4f, 0xfd, 0x10, 0x0, 0x7, 0xff, 0x30,
    0x0, 0x0, 0x0, 0x0, 0xe, 0xf8, 0x5, 0xff,
    0xf5, 0x33, 0x33, 0x5f, 0xfb, 0x33, 0x30, 0x0,
    0x0, 0x0, 0xe, 0xf8, 0x0, 0xcf, 0xff, 0xff,
    0xff, 0xff, 0xff, 0xff, 0xf0, 0x0, 0x6, 0x88,
    0x8f, 0xfc, 0x88, 0x66, 0xff, 0xff, 0xff, 0xff,
    0xff, 0xff, 0xf0, 0x0, 0xb, 0xff, 0xff, 0xff,
    0xff, 0x80, 0x0, 0x0, 0x0, 0x0, 0x0, 0x9f,
    0xf0, 0x0, 0xa, 0xff, 0xff, 0xff, 0xff, 0x80,
    0x11, 0x11, 0x11, 0x11, 0x11, 0x9f, 0xf0, 0x0,
    0x0, 0x0, 0x7f, 0xfa, 0x0, 0x0, 0xff, 0xff,
    0xff, 0xff, 0xff, 0xff, 0xf0, 0x0, 0x0, 0x0,
    0xdf, 0xff, 0x50, 0x0, 0xff, 0xff, 0xff, 0xff,
    0xff, 0xff, 0xf0, 0x0, 0x0, 0x4, 0xff, 0xff,
    0xf3, 0x0, 0x0, 0x0, 0x0, 0x0, 0x0, 0x9f,
    0xf0, 0x0, 0x0, 0xb, 0xff, 0xff, 0xfe, 0x12,
    0x33, 0x33, 0x33, 0x33, 0x33, 0xaf, 0xf0, 0x0,
    0x0, 0x2f, 0xff, 0xf9, 0xef, 0xac, 0xff, 0xff,
    0xff, 0xff, 0xff, 0xff, 0xf0, 0x0, 0x0, 0xaf,
    0xbe, 0xf8, 0x6f, 0x2b, 0xff, 0xff, 0xff, 0xff,
    0xff, 0xff, 0xe0, 0x0, 0x3, 0xff, 0x4e, 0xf8,
    0x5, 0x0, 0x0, 0x0, 0x7, 0x80, 0x0, 0x0,
    0x0, 0x0, 0xd, 0xfd, 0xe, 0xf8, 0x0, 0x0,
    0x0, 0x11, 0x4f, 0xf6, 0x0, 0x1, 0x30, 0x0,
    0x3f, 0xf5, 0xe, 0xf8, 0x0, 0x6e, 0x77, 0xfe,
    0x8, 0xff, 0x30, 0x3f, 0xf1, 0x0, 0xa, 0xc0,
    0xe, 0xf8, 0x0, 0xcf, 0x97, 0xfe, 0x0, 0xbf,
    0xb0, 0xd, 0xf9, 0x0, 0x2, 0x20, 0xe, 0xf8,
    0x3, 0xff, 0x37, 0xfe, 0x0, 0x17, 0x6, 0x25,
    0xff, 0x10, 0x0, 0x0, 0xe, 0xf8, 0xb, 0xfc,
    0x7, 0xfe, 0x0, 0x0, 0xd, 0xf7, 0xef, 0x80,
    0x0, 0x0, 0xe, 0xf8, 0x4f, 0xf5, 0x7, 0xff,
    0x21, 0x11, 0x2f, 0xf4, 0x8f, 0xe0, 0x0, 0x0,
    0xe, 0xf8, 0x1a, 0xd0, 0x5, 0xff, 0xff, 0xff,
    0xff, 0xf1, 0x29, 0x40, 0x0, 0x0, 0xe, 0xf8,
    0x0, 0x0, 0x0, 0x9e, 0xff, 0xff, 0xfe, 0x50,
    0x0, 0x0,

    /* U+7A7A "空" */
    0x0, 0x0, 0x0, 0x0, 0x0, 0x16, 0xa5, 0x0,
    0x0, 0x0, 0x0, 0x0, 0x0, 0x0, 0x0, 0x0,
    0x0, 0x0, 0x5f, 0xfd, 0x0, 0x0, 0x0, 0x0,
    0x0, 0x0, 0x0, 0x0, 0x0, 0x0, 0x0, 0xe,
    0xff, 0x50, 0x0, 0x0, 0x0, 0x0, 0x0, 0x5,
    0x55, 0x55, 0x55, 0x55, 0x5b, 0xff, 0xc5, 0x55,
    0x55, 0x55, 0x55, 0x50, 0xf, 0xff, 0xff, 0xff,
    0xff, 0xff, 0xff, 0xff, 0xff, 0xff, 0xff, 0xff,
    0xf1, 0xf, 0xff, 0xff, 0xff, 0xff, 0xff, 0xff,
    0xff, 0xff, 0xff, 0xff, 0xff, 0xf1, 0xf, 0xf9,
    0x11, 0x11, 0x11, 0x11, 0x11, 0x11, 0x11, 0x11,
    0x11, 0xaf, 0xf1, 0xf, 0xf9, 0x0, 0x0, 0x4,
    0x0, 0x0, 0x2, 0x30, 0x0, 0x0, 0xaf, 0xf1,
    0xf, 0xf9, 0x0, 0x1, 0xbf, 0x90, 0x0, 0x1d,
    0xfb, 0x30, 0x0, 0xaf, 0xf1, 0xf, 0xf9, 0x0,
    0x5e, 0xff, 0xc1, 0x0, 0x5f, 0xff, 0xfb, 0x30,
    0x69, 0x90, 0x3, 0x32, 0x3c, 0xff, 0xf9, 0x0,
    0x0, 0x1, 0x8f, 0xff, 0xfa, 0x20, 0x0, 0x0,
    0x4b, 0xff, 0xfe, 0x50, 0x0, 0x0, 0x0, 0x1,
    0xaf, 0xff, 0xf9, 0x10, 0x9, 0xff, 0xff, 0xa1,
    0x0, 0x0, 0x0, 0x0, 0x0, 0x3, 0xcf, 0xff,
    0x90, 0x1, 0xff, 0xd4, 0x0, 0x0, 0x0, 0x0,
    0x0, 0x0, 0x0, 0x5, 0xed, 0x0, 0x0, 0x55,
    0x99, 0x99, 0x99, 0x99, 0x99, 0x99, 0x99, 0x99,
    0x97, 0x11, 0x0, 0x0, 0x0, 0xff, 0xff, 0xff,
    0xff, 0xff, 0xff, 0xff, 0xff, 0xfc, 0x0, 0x0,
    0x0, 0x0, 0xcc, 0xcc, 0xcc, 0xcf, 0xff, 0xdc,
    0xcc, 0xcc, 0xc9, 0x0, 0x0, 0x0, 0x0, 0x0,
    0x0, 0x0, 0xb, 0xff, 0x20, 0x0, 0x0, 0x0,
    0x0, 0x0, 0x0, 0x0, 0x0, 0x0, 0x0, 0xb,
    0xff, 0x20, 0x0, 0x0, 0x0, 0x0, 0x0, 0x0,
    0x0, 0x0, 0x0, 0x0, 0xb, 0xff, 0x20, 0x0,
    0x0, 0x0, 0x0, 0x0, 0x0, 0x0, 0x0, 0x0,
    0x0, 0xb, 0xff, 0x20, 0x0, 0x0, 0x0, 0x0,
    0x0, 0x0, 0x0, 0x0, 0x0, 0x0, 0xb, 0xff,
    0x20, 0x0, 0x0, 0x0, 0x0, 0x0, 0x0, 0x0,
    0x0, 0x0, 0x0, 0xb, 0xff, 0x20, 0x0, 0x0,
    0x0, 0x0, 0x0, 0xe, 0xff, 0xff, 0xff, 0xff,
    0xff, 0xff, 0xff, 0xff, 0xff, 0xff, 0xff, 0xf0,
    0xe, 0xff, 0xff, 0xff, 0xff, 0xff, 0xff, 0xff,
    0xff, 0xff, 0xff, 0xff, 0xf0, 0x6, 0x66, 0x66,
    0x66, 0x66, 0x66, 0x66, 0x66, 0x66, 0x66, 0x66,
    0x66, 0x60,

    /* U+7A7F "穿" */
    0x0, 0x0, 0x0, 0x0, 0x0, 0x5, 0xa7, 0x0,
    0x0, 0x0, 0x0, 0x0, 0x0, 0x0, 0x0, 0x0,
    0x0, 0x1, 0xff, 0xf2, 0x0, 0x0, 0x0, 0x0,
    0x0, 0x0, 0x0, 0x0, 0x0, 0x0, 0x7, 0xff,
    0xb0, 0x0, 0x0, 0x0, 0x0, 0x0, 0xef, 0xff,
    0xff, 0xff, 0xff, 0xff, 0xff, 0xff, 0xff, 0xff,
    0xff, 0xff, 0xe, 0xff, 0xff, 0xff, 0xff, 0xff,
    0xff, 0xff, 0xff, 0xff, 0xff, 0xff, 0xf0, 0xef,
    0xc5, 0x55, 0x55, 0x55, 0x55, 0x55, 0x55, 0x55,
    0x55, 0x5c, 0xff, 0xe, 0xfb, 0x0, 0x0, 0x5c,
    0x40, 0x0, 0x4, 0xb6, 0x10, 0x0, 0xbf, 0xf0,
    0xbc, 0x80, 0x4, 0xcf, 0xfd, 0x10, 0x0, 0xdf,
    0xff, 0xa4, 0x9, 0xcc, 0x0, 0x1, 0x7d, 0xff,
    0xf7, 0x0, 0x0, 0x0, 0x5c, 0xff, 0xfd, 0x60,
    0x0, 0x1c, 0xff, 0xff, 0x91, 0x0, 0x0, 0x0,
    0x0, 0x3, 0xaf, 0xff, 0xd0, 0x0, 0x9f, 0xfa,
    0x32, 0x22, 0x22, 0x22, 0x22, 0x22, 0x22, 0x3b,
    0xf8, 0x0, 0x0, 0xff, 0xff, 0xff, 0xff, 0xff,
    0xff, 0xff, 0xff, 0xff, 0xff, 0xf4, 0x0, 0xe,
    0xff, 0xff, 0xff, 0xff, 0xff, 0xff, 0xff, 0xff,
    0xff, 0xff, 0x40, 0x0, 0x25, 0x43, 0x22, 0x22,
    0x22, 0x22, 0x2b, 0xff, 0x22, 0x22, 0x20, 0x0,
    0x0, 0xef, 0xd0, 0x0, 0x0, 0x0, 0x0, 0xbf,
    0xe0, 0x0, 0x0, 0x0, 0x0, 0x1f, 0xf9, 0x0,
    0x0, 0x0, 0x0, 0xb, 0xfe, 0x0, 0x0, 0x0,
    0x0, 0x5, 0xff, 0x85, 0x55, 0x55, 0x55, 0x55,
    0xcf, 0xf5, 0x55, 0x55, 0x50, 0x0, 0x9f, 0xff,
    0xff, 0xff, 0xff, 0xff, 0xff, 0xff, 0xff, 0xff,
    0xff, 0x0, 0xd, 0xff, 0xff, 0xff, 0xff, 0xff,
    0xff, 0xff, 0xff, 0xff, 0xff, 0xf0, 0x0, 0x0,
    0x0, 0x0, 0x0, 0x6e, 0xff, 0x7b, 0xfe, 0x0,
    0x0, 0x0, 0x0, 0x0, 0x0, 0x0, 0x28, 0xef,
    0xfc, 0x30, 0xbf, 0xe0, 0x0, 0x0, 0x0, 0x0,
    0x0, 0x38, 0xdf, 0xff, 0xd5, 0x0, 0xb, 0xfe,
    0x0, 0x0, 0x0, 0x15, 0x8b, 0xff, 0xff, 0xfb,
    0x50, 0x0, 0x0, 0xbf, 0xe0, 0x0, 0x0, 0x4,
    0xff, 0xff, 0xfd, 0x72, 0x0, 0x3, 0x55, 0x5d,
    0xfe, 0x0, 0x0, 0x0, 0x7, 0xea, 0x62, 0x0,
    0x0, 0x0, 0x5f, 0xff, 0xff, 0xb0, 0x0, 0x0,
    0x0, 0x0, 0x0, 0x0, 0x0, 0x0, 0x0, 0xff,
    0xfe, 0xa2, 0x0, 0x0, 0x0, 0x0, 0x0, 0x0,
    0x0, 0x0, 0x0, 0x0, 0x0, 0x0, 0x0, 0x0,
    0x0, 0x0,

    /* U+7ACB "立" */
    0x0, 0x0, 0x0, 0x0, 0x0, 0x0, 0x0, 0x0,
    0x0, 0x0, 0x0, 0x0, 0x0, 0x0, 0x0, 0x0,
    0x0, 0x0, 0x7, 0xbb, 0x0, 0x0, 0x0, 0x0,
    0x0, 0x0, 0x0, 0x0, 0x0, 0x0, 0x0, 0xc,
    0xff, 0x10, 0x0, 0x0, 0x0, 0x0, 0x0, 0x0,
    0x0, 0x0, 0x0, 0x0, 0x6, 0xff, 0x70, 0x0,
    0x0, 0x0, 0x0, 0x0, 0x0, 0x0, 0x0, 0x0,
    0x0, 0x2, 0xff, 0xc0, 0x0, 0x0, 0x0, 0x0,
    0x0, 0x0, 0x0, 0x0, 0x0, 0x0, 0x0, 0xde,
    0x90, 0x0, 0x0, 0x0, 0x0, 0x0, 0x1, 0x99,
    0x99, 0x99, 0x99, 0x99, 0xb9, 0x99, 0x99, 0x99,
    0x99, 0x99, 0x60, 0x2, 0xff, 0xff, 0xff, 0xff,
    0xff, 0xff, 0xff, 0xff, 0xff, 0xff, 0xff, 0xb0,
    0x2, 0xff, 0xff, 0xff, 0xff, 0xff, 0xff, 0xff,
    0xff, 0xff, 0xff, 0xff, 0xb0, 0x0, 0x0, 0x0,
    0x0, 0x0, 0x0, 0x0, 0x0, 0x0, 0x0, 0x0,
    0x0, 0x0, 0x0, 0x0, 0x1, 0x59, 0x30, 0x0,
    0x0, 0x0, 0x0, 0x88, 0x50, 0x0, 0x0, 0x0,
    0x0, 0x4, 0xff, 0x90, 0x0, 0x0, 0x0, 0x0,
    0xff, 0xf1, 0x0, 0x0, 0x0, 0x0, 0x0, 0xff,
    0xd0, 0x0, 0x0, 0x0, 0x3, 0xff, 0xc0, 0x0,
    0x0, 0x0, 0x0, 0x0, 0xbf, 0xf2, 0x0, 0x0,
    0x0, 0x7, 0xff, 0x80, 0x0, 0x0, 0x0, 0x0,
    0x0, 0x7f, 0xf6, 0x0, 0x0, 0x0, 0xb, 0xff,
    0x30, 0x0, 0x0, 0x0, 0x0, 0x0, 0x3f, 0xfa,
    0x0, 0x0, 0x0, 0xf, 0xfe, 0x0, 0x0, 0x0,
    0x0, 0x0, 0x0, 0xf, 0xfd, 0x0, 0x0, 0x0,
    0x5f, 0xf9, 0x0, 0x0, 0x0, 0x0, 0x0, 0x0,
    0xc, 0xff, 0x10, 0x0, 0x0, 0x9f, 0xf4, 0x0,
    0x0, 0x0, 0x0, 0x0, 0x0, 0x8, 0xff, 0x50,
    0x0, 0x0, 0xef, 0xe0, 0x0, 0x0, 0x0, 0x0,
    0x0, 0x0, 0x5, 0xff, 0x80, 0x0, 0x4, 0xff,
    0x90, 0x0, 0x0, 0x0, 0x0, 0x0, 0x0, 0x2,
    0xff, 0xb0, 0x0, 0x9, 0xff, 0x40, 0x0, 0x0,
    0x0, 0x0, 0x0, 0x0, 0x0, 0xff, 0xb0, 0x0,
    0xe, 0xfe, 0x0, 0x0, 0x0, 0x0, 0x0, 0x0,
    0x0, 0x0, 0x40, 0x0, 0x0, 0x5f, 0xf8, 0x0,
    0x0, 0x0, 0x0, 0x3a, 0xaa, 0xaa, 0xaa, 0xaa,
    0xaa, 0xaa, 0xdf, 0xfb, 0xaa, 0xaa, 0xaa, 0xa8,
    0x6f, 0xff, 0xff, 0xff, 0xff, 0xff, 0xff, 0xff,
    0xff, 0xff, 0xff, 0xff, 0xfd, 0x6f, 0xff, 0xff,
    0xff, 0xff, 0xff, 0xff, 0xff, 0xff, 0xff, 0xff,
    0xff, 0xfd, 0x0, 0x0, 0x0, 0x0, 0x0, 0x0,
    0x0, 0x0, 0x0, 0x0, 0x0, 0x0, 0x0,

    /* U+7B2C "第" */
    0x0, 0x0, 0x36, 0x20, 0x0, 0x0, 0x0, 0x4,
    0x52, 0x0, 0x0, 0x0, 0x0, 0x0, 0x0, 0xbf,
    0xe0, 0x0, 0x0, 0x0, 0xc, 0xff, 0x0, 0x0,
    0x0, 0x0, 0x0, 0x3, 0xff, 0x92, 0x22, 0x22,
    0x20, 0x3f, 0xfa, 0x22, 0x22, 0x22, 0x21, 0x0,
    0xc, 0xff, 0xff, 0xff, 0xff, 0xf1, 0xaf, 0xff,
    0xff, 0xff, 0xff, 0xf8, 0x0, 0x6f, 0xfe, 0xff,
    0xfe, 0xee, 0xe4, 0xff, 0xed, 0xff, 0xfd, 0xdd,
    0xd7, 0x3, 0xff, 0xc0, 0x4f, 0xf5, 0x0, 0xd,
    0xff, 0x20, 0x6f, 0xf7, 0x0, 0x0, 0x2e, 0xff,
    0x20, 0xc, 0xfc, 0x0, 0xbf, 0xf8, 0x0, 0xb,
    0xff, 0x20, 0x0, 0x5e, 0xf4, 0x0, 0x6, 0xe8,
    0x0, 0x5e, 0xc0, 0x0, 0x2, 0xfa, 0x20, 0x0,
    0x0, 0x79, 0x99, 0x99, 0x99, 0x99, 0x9a, 0xa9,
    0x99, 0x99, 0xa9, 0x90, 0x0, 0x0, 0x6f, 0xff,
    0xff, 0xff, 0xff, 0xff, 0xff, 0xff, 0xff, 0xff,
    0xf1, 0x0, 0x0, 0x4a, 0xaa, 0xaa, 0xaa, 0xae,
    0xff, 0xaa, 0xaa, 0xaa, 0xdf, 0xf1, 0x0, 0x0,
    0x0, 0x0, 0x0, 0x0, 0xb, 0xfe, 0x0, 0x0,
    0x0, 0x8f, 0xf1, 0x0, 0x0, 0x2, 0x44, 0x44,
    0x44, 0x4c, 0xfe, 0x44, 0x44, 0x44, 0xaf, 0xf1,
    0x0, 0x0, 0x8, 0xff, 0xff, 0xff, 0xff, 0xff,
    0xff, 0xff, 0xff, 0xff, 0xf1, 0x0, 0x0, 0xa,
    0xff, 0xff, 0xff, 0xff, 0xff, 0xff, 0xff, 0xff,
    0xff, 0xf1, 0x0, 0x0, 0xc, 0xfc, 0x0, 0x0,
    0xb, 0xfe, 0x0, 0x0, 0x0, 0x0, 0x0, 0x0,
    0x0, 0xe, 0xfa, 0x0, 0x0, 0xb, 0xfe, 0x0,
    0x0, 0x0, 0x0, 0x0, 0x0, 0x0, 0x1f, 0xff,
    0xff, 0xff, 0xff, 0xff, 0xff, 0xff, 0xff, 0xff,
    0xff, 0x30, 0x0, 0x4f, 0xff, 0xff, 0xff, 0xff,
    0xff, 0xff, 0xff, 0xff, 0xff, 0xff, 0x20, 0x0,
    0x13, 0x43, 0x33, 0x5f, 0xff, 0xfe, 0x33, 0x33,
    0x33, 0x3b, 0xff, 0x0, 0x0, 0x0, 0x0, 0x4,
    0xef, 0xed, 0xfe, 0x0, 0x0, 0x0, 0xc, 0xfe,
    0x0, 0x0, 0x0, 0x0, 0x8f, 0xfd, 0x2b, 0xfe,
    0x0, 0x0, 0x0, 0xf, 0xfc, 0x0, 0x0, 0x0,
    0x5e, 0xff, 0xa0, 0xb, 0xfe, 0x0, 0x12, 0x22,
    0x7f, 0xf8, 0x0, 0x1, 0x6d, 0xff, 0xe5, 0x0,
    0xb, 0xfe, 0x0, 0x2f, 0xff, 0xff, 0xf3, 0x0,
    0xd, 0xff, 0xf8, 0x10, 0x0, 0xb, 0xfe, 0x0,
    0xd, 0xff, 0xff, 0x80, 0x0, 0x1, 0xc8, 0x10,
    0x0, 0x0, 0xb, 0xfe, 0x0, 0x1, 0x33, 0x20,
    0x0, 0x0,

    /* U+7B49 "等" */
    0x0, 0x0, 0x7, 0x40, 0x0, 0x0, 0x0, 0x0,
    0x65, 0x10, 0x0, 0x0, 0x0, 0x0, 0x0, 0x4,
    0xff, 0xa0, 0x0, 0x0, 0x0, 0xf, 0xfc, 0x0,
    0x0, 0x0, 0x0, 0x0, 0x0, 0xcf, 0xf6, 0x33,
    0x33, 0x33, 0x7, 0xff, 0x83, 0x33, 0x33, 0x33,
    0x30, 0x0, 0x6f, 0xff, 0xff, 0xff, 0xff, 0xe2,
    0xff, 0xff, 0xff, 0xff, 0xff, 0xfe, 0x0, 0x2f,
    0xff, 0xff, 0xff, 0xff, 0xfe, 0xcf, 0xff, 0xff,
    0xff, 0xff, 0xff, 0xd0, 0x1d, 0xff, 0x52, 0xff,
    0x70, 0x0, 0xaf, 0xfa, 0x2, 0xff, 0xa0, 0x0,
    0x0, 0xd, 0xff, 0x90, 0xb, 0xfe, 0x0, 0x4f,
    0xfd, 0x0, 0x7, 0xff, 0x30, 0x0, 0x0, 0x4e,
    0xb0, 0x0, 0x5c, 0x60, 0x2, 0xff, 0xa0, 0x0,
    0xd, 0xa2, 0x0, 0x0, 0x0, 0x10, 0x34, 0x44,
    0x44, 0x44, 0x6f, 0xfb, 0x44, 0x44, 0x44, 0x44,
    0x0, 0x0, 0x0, 0xe, 0xff, 0xff, 0xff, 0xff,
    0xff, 0xff, 0xff, 0xff, 0xff, 0xf2, 0x0, 0x0,
    0x0, 0xdf, 0xff, 0xff, 0xff, 0xff, 0xff, 0xff,
    0xff, 0xff, 0xff, 0x20, 0x0, 0x0, 0x0, 0x0,
    0x0, 0x0, 0x3, 0xff, 0xa0, 0x0, 0x0, 0x0,
    0x0, 0x0, 0x1, 0x22, 0x22, 0x22, 0x22, 0x22,
    0x4f, 0xfb, 0x22, 0x22, 0x22, 0x22, 0x22, 0x10,
    0xbf, 0xff, 0xff, 0xff, 0xff, 0xff, 0xff, 0xff,
    0xff, 0xff, 0xff, 0xff, 0xfc, 0xb, 0xff, 0xff,
    0xff, 0xff, 0xff, 0xff, 0xff, 0xff, 0xff, 0xff,
    0xff, 0xff, 0xc0, 0x0, 0x0, 0x0, 0x0, 0x0,
    0x0, 0x0, 0x0, 0x8, 0xff, 0x10, 0x0, 0x0,
    0x0, 0x0, 0x0, 0x0, 0x0, 0x0, 0x0, 0x0,
    0x0, 0x8f, 0xf1, 0x0, 0x0, 0x0, 0xb, 0xff,
    0xff, 0xff, 0xff, 0xff, 0xff, 0xff, 0xff, 0xff,
    0xff, 0xff, 0xf0, 0x0, 0xcf, 0xff, 0xff, 0xff,
    0xff, 0xff, 0xff, 0xff, 0xff, 0xff, 0xff, 0xff,
    0x0, 0x4, 0x55, 0x55, 0xbf, 0x85, 0x55, 0x55,
    0x55, 0x5b, 0xff, 0x65, 0x55, 0x50, 0x0, 0x0,
    0x0, 0x5f, 0xff, 0x50, 0x0, 0x0, 0x0, 0x8f,
    0xf1, 0x0, 0x0, 0x0, 0x0, 0x0, 0x0, 0x5f,
    0xff, 0x70, 0x0, 0x0, 0x8, 0xff, 0x10, 0x0,
    0x0, 0x0, 0x0, 0x0, 0x0, 0x3f, 0xff, 0x70,
    0x0, 0x0, 0x8f, 0xf1, 0x0, 0x0, 0x0, 0x0,
    0x0, 0x0, 0x0, 0x3f, 0xf6, 0x5, 0x66, 0x6c,
    0xff, 0x10, 0x0, 0x0, 0x0, 0x0, 0x0, 0x0,
    0x0, 0x43, 0x0, 0x8f, 0xff, 0xff, 0xe0, 0x0,
    0x0, 0x0, 0x0, 0x0, 0x0, 0x0, 0x0, 0x0,
    0x2, 0xff, 0xfe, 0xb3, 0x0, 0x0, 0x0, 0x0,
    0x0, 0x0, 0x0, 0x0, 0x0, 0x0, 0x1, 0x0,
    0x0, 0x0, 0x0, 0x0, 0x0,

    /* U+7CBE "精" */
    0x0, 0x0, 0x5, 0x51, 0x0, 0x0, 0x0, 0x0,
    0x2, 0x66, 0x0, 0x0, 0x0, 0x0, 0x0, 0x2,
    0xff, 0x30, 0x0, 0x0, 0x0, 0x0, 0x7f, 0xf0,
    0x0, 0x0, 0x0, 0x3, 0x81, 0x2f, 0xf3, 0x1a,
    0x61, 0x33, 0x33, 0x39, 0xff, 0x43, 0x33, 0x33,
    0x0, 0x8f, 0x62, 0xff, 0x34, 0xfe, 0x3f, 0xff,
    0xff, 0xff, 0xff, 0xff, 0xff, 0xf3, 0x3, 0xfb,
    0x2f, 0xf3, 0x8f, 0x82, 0xbb, 0xbb, 0xbd, 0xff,
    0xbb, 0xbb, 0xbb, 0x20, 0xe, 0xf3, 0xff, 0x3d,
    0xf3, 0x0, 0x0, 0x0, 0x7f, 0xf0, 0x0, 0x0,
    0x0, 0x0, 0xbf, 0x6f, 0xf5, 0xfd, 0x0, 0x7f,
    0xff, 0xff, 0xff, 0xff, 0xff, 0xfa, 0x0, 0x7,
    0xf9, 0xff, 0x9f, 0x70, 0x6, 0xdd, 0xdd, 0xef,
    0xfd, 0xdd, 0xdd, 0x80, 0x0, 0x48, 0x5f, 0xf7,
    0x91, 0x0, 0x0, 0x0, 0x7, 0xff, 0x0, 0x0,
    0x0, 0x0, 0x77, 0x78, 0xff, 0x97, 0x71, 0xcd,
    0xdd, 0xdd, 0xef, 0xfd, 0xdd, 0xdd, 0xdc, 0xf,
    0xff, 0xff, 0xff, 0xff, 0x2f, 0xff, 0xff, 0xff,
    0xff, 0xff, 0xff, 0xff, 0xf0, 0xff, 0xff, 0xff,
    0xff, 0xf2, 0x22, 0x22, 0x22, 0x22, 0x22, 0x22,
    0x22, 0x22, 0x2, 0x33, 0xcf, 0xf6, 0x33, 0x0,
    0x0, 0x0, 0x0, 0x0, 0x0, 0x1, 0x0, 0x0,
    0x0, 0xf, 0xff, 0xd0, 0x0, 0x5, 0xff, 0xff,
    0xff, 0xff, 0xff, 0xff, 0x60, 0x0, 0x5, 0xff,
    0xff, 0xa0, 0x0, 0x5f, 0xfe, 0xee, 0xee, 0xee,
    0xef, 0xf6, 0x0, 0x0, 0xbf, 0xff, 0xff, 0x60,
    0x5, 0xff, 0x20, 0x0, 0x0, 0x1, 0xff, 0x60,
    0x0, 0x2f, 0xff, 0xfa, 0xff, 0x30, 0x5f, 0xfb,
    0xbb, 0xbb, 0xbb, 0xbf, 0xf6, 0x0, 0xa, 0xfb,
    0xff, 0x4e, 0xfb, 0x5, 0xff, 0xff, 0xff, 0xff,
    0xff, 0xff, 0x60, 0x2, 0xff, 0x5f, 0xf3, 0x6f,
    0x30, 0x5f, 0xf4, 0x22, 0x22, 0x22, 0x3f, 0xf6,
    0x0, 0xbf, 0xc2, 0xff, 0x30, 0x50, 0x5, 0xff,
    0x20, 0x0, 0x0, 0x1, 0xff, 0x60, 0x2f, 0xf5,
    0x2f, 0xf3, 0x0, 0x0, 0x5f, 0xfd, 0xdd, 0xdd,
    0xdd, 0xdf, 0xf6, 0x0, 0xad, 0x2, 0xff, 0x30,
    0x0, 0x5, 0xff, 0xff, 0xff, 0xff, 0xff, 0xff,
    0x60, 0x2, 0x40, 0x2f, 0xf3, 0x0, 0x0, 0x5f,
    0xf2, 0x0, 0x0, 0x0, 0x1f, 0xf6, 0x0, 0x0,
    0x2, 0xff, 0x30, 0x0, 0x5, 0xff, 0x20, 0x0,
    0x1, 0x12, 0xff, 0x60, 0x0, 0x0, 0x2f, 0xf3,
    0x0, 0x0, 0x5f, 0xf2, 0x0, 0x2, 0xff, 0xff,
    0xf5, 0x0, 0x0, 0x2, 0xff, 0x30, 0x0, 0x5,
    0xff, 0x20, 0x0, 0xd, 0xff, 0xe8, 0x0, 0x0,
    0x0, 0x0, 0x0, 0x0, 0x0, 0x1, 0x10, 0x0,
    0x0, 0x0, 0x0, 0x0, 0x0,

    /* U+7EBF "线" */
    0x0, 0x0, 0x0, 0x0, 0x0, 0x0, 0x0, 0x0,
    0x0, 0x0, 0x0, 0x0, 0x0, 0x0, 0x0, 0x0,
    0x86, 0x0, 0x0, 0x0, 0x0, 0xcf, 0xd0, 0x6,
    0x0, 0x0, 0x0, 0x0, 0x0, 0xf, 0xfc, 0x0,
    0x0, 0x0, 0xc, 0xfd, 0xc, 0xfe, 0x40, 0x0,
    0x0, 0x0, 0x6, 0xff, 0x60, 0x0, 0x0, 0x0,
    0xcf, 0xd0, 0x5e, 0xff, 0x90, 0x0, 0x0, 0x0,
    0xdf, 0xe0, 0x0, 0x0, 0x0, 0xb, 0xfd, 0x0,
    0x1a, 0xf8, 0x0, 0x0, 0x0, 0x5f, 0xf7, 0x0,
    0x0, 0x0, 0x0, 0xbf, 0xe0, 0x0, 0x4, 0x21,
    0x0, 0x0, 0xd, 0xfe, 0x0, 0x0, 0x0, 0x0,
    0xa, 0xff, 0x69, 0xbe, 0xff, 0x70, 0x0, 0x5,
    0xff, 0x50, 0x1e, 0x70, 0x58, 0xad, 0xff, 0xff,
    0xff, 0xff, 0xfa, 0x0, 0x1, 0xef, 0xb0, 0x8,
    0xff, 0x5b, 0xff, 0xff, 0xff, 0xfd, 0xa8, 0x53,
    0x10, 0x0, 0xaf, 0xf2, 0x3, 0xff, 0xc0, 0x8e,
    0xc9, 0xbf, 0xf2, 0x0, 0x0, 0x0, 0x0, 0x8f,
    0xff, 0xef, 0xff, 0xf2, 0x0, 0x0, 0x6, 0xff,
    0x30, 0x0, 0x0, 0x0, 0x6, 0xff, 0xff, 0xff,
    0xf7, 0x0, 0x0, 0x0, 0x4f, 0xf4, 0x2, 0x58,
    0xad, 0x30, 0x1d, 0x97, 0x7f, 0xfc, 0x0, 0x0,
    0x0, 0x5, 0xff, 0xdf, 0xff, 0xff, 0xf6, 0x0,
    0x0, 0xc, 0xff, 0x20, 0x2, 0x7a, 0xdf, 0xff,
    0xff, 0xff, 0xfe, 0xb8, 0x30, 0x0, 0x9, 0xff,
    0x50, 0x0, 0x5f, 0xff, 0xff, 0xff, 0xe7, 0x41,
    0x0, 0x0, 0x0, 0x6, 0xff, 0x80, 0x14, 0x62,
    0xfc, 0x96, 0x3c, 0xfd, 0x0, 0x0, 0xda, 0x20,
    0x5, 0xff, 0xfc, 0xef, 0xfd, 0x0, 0x0, 0x0,
    0x9f, 0xf0, 0x0, 0xaf, 0xf5, 0x5, 0xff, 0xff,
    0xff, 0xff, 0xa0, 0x0, 0x0, 0x6, 0xff, 0x30,
    0x8f, 0xfa, 0x0, 0x2f, 0xff, 0xd9, 0x63, 0x0,
    0x0, 0x0, 0x0, 0x2f, 0xf7, 0x8f, 0xfc, 0x0,
    0x0, 0x94, 0x0, 0x0, 0x0, 0x0, 0x0, 0x0,
    0x0, 0xef, 0xff, 0xfc, 0x10, 0x0, 0x0, 0x0,
    0x0, 0x0, 0x48, 0x0, 0x0, 0x0, 0xb, 0xff,
    0xfc, 0x10, 0x0, 0x0, 0x0, 0x1, 0x6a, 0xff,
    0xf1, 0x0, 0x0, 0x19, 0xff, 0xfb, 0x0, 0x3,
    0x0, 0x4, 0x8d, 0xff, 0xff, 0xfc, 0x20, 0x1,
    0x8f, 0xff, 0xff, 0xe0, 0x0, 0xe8, 0x7, 0xff,
    0xff, 0xfb, 0x61, 0x0, 0x39, 0xff, 0xff, 0xa9,
    0xff, 0x80, 0x1f, 0xf0, 0x3f, 0xfb, 0x61, 0x0,
    0x1, 0xdf, 0xff, 0xfc, 0x40, 0xe, 0xff, 0xbb,
    0xfc, 0x0, 0x50, 0x0, 0x0, 0x0, 0x7, 0xff,
    0xb4, 0x0, 0x0, 0x3f, 0xff, 0xff, 0x60, 0x0,
    0x0, 0x0, 0x0, 0x0, 0x7, 0x20, 0x0, 0x0,
    0x0, 0x3b, 0xff, 0x90, 0x0,

    /* U+7EC4 "组" */
    0x0, 0x0, 0x4, 0x40, 0x0, 0x0, 0x0, 0x0,
    0x0, 0x0, 0x0, 0x0, 0x0, 0x0, 0x0, 0xc,
    0xfc, 0x0, 0x0, 0x24, 0x44, 0x44, 0x44, 0x44,
    0x42, 0x0, 0x0, 0x0, 0x3f, 0xf8, 0x0, 0x0,
    0x9f, 0xff, 0xff, 0xff, 0xff, 0xf9, 0x0, 0x0,
    0x0, 0xaf, 0xf1, 0x0, 0x0, 0x9f, 0xff, 0xff,
    0xff, 0xff, 0xf9, 0x0, 0x0, 0x2, 0xff, 0x80,
    0x0, 0x0, 0x9f, 0xf2, 0x22, 0x22, 0x2f, 0xf9,
    0x0, 0x0, 0xa, 0xfe, 0x10, 0x0, 0x0, 0x9f,
    0xf0, 0x0, 0x0, 0xf, 0xf9, 0x0, 0x0, 0x3f,
    0xf6, 0x0, 0x54, 0x0, 0x9f, 0xf0, 0x0, 0x0,
    0xf, 0xf9, 0x0, 0x0, 0xcf, 0xc0, 0x1, 0xef,
    0x70, 0x9f, 0xf0, 0x0, 0x0, 0xf, 0xf9, 0x0,
    0x7, 0xff, 0x30, 0xa, 0xff, 0x20, 0x9f, 0xf2,
    0x22, 0x22, 0x2f, 0xf9, 0x0, 0x5f, 0xfd, 0x9a,
    0xcf, 0xf8, 0x0, 0x9f, 0xff, 0xff, 0xff, 0xff,
    0xf9, 0x0, 0xbf, 0xff, 0xff, 0xff, 0xc0, 0x0,
    0x9f, 0xff, 0xff, 0xff, 0xff, 0xf9, 0x0, 0x5f,
    0xeb, 0x9e, 0xff, 0x20, 0x0, 0x9f, 0xf4, 0x44,
    0x44, 0x4f, 0xf9, 0x0, 0x1, 0x0, 0x6f, 0xf6,
    0x0, 0x0, 0x9f, 0xf0, 0x0, 0x0, 0xf, 0xf9,
    0x0, 0x0, 0x3, 0xff, 0x90, 0x0, 0x0, 0x9f,
    0xf0, 0x0, 0x0, 0xf, 0xf9, 0x0, 0x0, 0x1e,
    0xfc, 0x0, 0x2, 0x10, 0x9f, 0xf0, 0x0, 0x0,
    0xf, 0xf9, 0x0, 0x1, 0xdf, 0xf8, 0xad, 0xff,
    0x40, 0x9f, 0xf0, 0x0, 0x0, 0xf, 0xf9, 0x0,
    0x3d, 0xff, 0xff, 0xff, 0xff, 0x40, 0x9f, 0xff,
    0xff, 0xff, 0xff, 0xf9, 0x0, 0x6f, 0xff, 0xfd,
    0xa6, 0x30, 0x0, 0x9f, 0xff, 0xff, 0xff, 0xff,
    0xf9, 0x0, 0x1d, 0x84, 0x10, 0x0, 0x0, 0x0,
    0x9f, 0xf5, 0x55, 0x55, 0x5f, 0xf9, 0x0, 0x0,
    0x0, 0x0, 0x0, 0x0, 0x0, 0x9f, 0xf0, 0x0,
    0x0, 0xf, 0xf9, 0x0, 0x0, 0x0, 0x0, 0x26,
    0xae, 0x0, 0x9f, 0xf0, 0x0, 0x0, 0xf, 0xf9,
    0x0, 0x0, 0x37, 0xbe, 0xff, 0xff, 0x20, 0x9f,
    0xf0, 0x0, 0x0, 0xf, 0xf9, 0x0, 0x8f, 0xff,
    0xff, 0xff, 0xc8, 0x10, 0x9f, 0xf0, 0x0, 0x0,
    0xf, 0xf9, 0x0, 0x7f, 0xff, 0xe9, 0x51, 0x1,
    0x66, 0xcf, 0xf6, 0x66, 0x66, 0x6f, 0xfc, 0x66,
    0x3b, 0x62, 0x0, 0x0, 0x4, 0xff, 0xff, 0xff,
    0xff, 0xff, 0xff, 0xff, 0xff, 0x0, 0x0, 0x0,
    0x0, 0x4, 0xff, 0xff, 0xff, 0xff, 0xff, 0xff,
    0xff, 0xff,

    /* U+7EC8 "终" */
    0x0, 0x0, 0x0, 0xa5, 0x0, 0x0, 0x0, 0x0,
    0x99, 0x60, 0x0, 0x0, 0x0, 0x0, 0x0, 0x0,
    0x3, 0xff, 0xa0, 0x0, 0x0, 0x4, 0xff, 0xa0,
    0x0, 0x0, 0x0, 0x0, 0x0, 0x0, 0xa, 0xff,
    0x40, 0x0, 0x0, 0xc, 0xff, 0x20, 0x0, 0x0,
    0x0, 0x0, 0x0, 0x0, 0x1f, 0xfc, 0x0, 0x0,
    0x0, 0x6f, 0xff, 0xff, 0xff, 0xff, 0xc3, 0x0,
    0x0, 0x0, 0x8f, 0xf4, 0x0, 0x0, 0x2, 0xff,
    0xff, 0xff, 0xff, 0xff, 0xf7, 0x0, 0x0, 0x1,
    0xff, 0xb0, 0x0, 0x0, 0x1d, 0xff, 0xc5, 0x55,
    0x55, 0xff, 0xe1, 0x0, 0x0, 0x9, 0xff, 0x30,
    0x19, 0x10, 0xcf, 0xff, 0xf3, 0x0, 0x8, 0xff,
    0x60, 0x0, 0x0, 0x2f, 0xf9, 0x0, 0x9f, 0xed,
    0xff, 0xcd, 0xfd, 0x10, 0x4f, 0xfc, 0x0, 0x0,
    0x0, 0xdf, 0xe1, 0x2, 0xff, 0xce, 0xfc, 0x3,
    0xff, 0xc4, 0xff, 0xe2, 0x0, 0x0, 0xb, 0xff,
    0xda, 0xce, 0xff, 0x21, 0xa0, 0x0, 0x6f, 0xff,
    0xff, 0x40, 0x0, 0x0, 0xb, 0xff, 0xff, 0xff,
    0xf7, 0x0, 0x0, 0x0, 0xc, 0xff, 0xf7, 0x0,
    0x0, 0x0, 0x6, 0xeb, 0x9a, 0xff, 0xb0, 0x0,
    0x0, 0x1, 0xaf, 0xff, 0xff, 0x60, 0x0, 0x0,
    0x0, 0x0, 0xc, 0xfe, 0x10, 0x0, 0x0, 0x6e,
    0xff, 0xe9, 0xff, 0xfb, 0x20, 0x0, 0x0, 0x0,
    0x9f, 0xf4, 0x0, 0x0, 0x7e, 0xff, 0xfb, 0x10,
    0x5f, 0xff, 0xfa, 0x30, 0x0, 0x7, 0xff, 0x70,
    0x0, 0x1e, 0xff, 0xfe, 0x50, 0x0, 0x1, 0xbf,
    0xff, 0xf5, 0x0, 0x6f, 0xfd, 0x7a, 0xce, 0xb4,
    0xfe, 0x70, 0x1c, 0x81, 0x0, 0x4, 0xcf, 0x90,
    0x7, 0xff, 0xff, 0xff, 0xff, 0xc0, 0x40, 0x0,
    0xcf, 0xff, 0x92, 0x0, 0x4, 0x0, 0x7, 0xff,
    0xff, 0xeb, 0x96, 0x30, 0x0, 0x0, 0x7, 0xef,
    0xff, 0x80, 0x0, 0x0, 0x2, 0xb6, 0x30, 0x0,
    0x0, 0x0, 0x0, 0x0, 0x0, 0x7, 0xff, 0xe1,
    0x0, 0x0, 0x0, 0x0, 0x0, 0x0, 0x0, 0x0,
    0x0, 0x0, 0x0, 0x0, 0x1a, 0x30, 0x0, 0x0,
    0x0, 0x0, 0x0, 0x0, 0x25, 0x83, 0x3, 0xfc,
    0x72, 0x0, 0x0, 0x0, 0x0, 0x0, 0x0, 0x14,
    0x79, 0xcf, 0xff, 0xf6, 0xd, 0xff, 0xff, 0xc7,
    0x10, 0x0, 0x0, 0x0, 0xd, 0xff, 0xff, 0xff,
    0xff, 0xd5, 0x0, 0x49, 0xef, 0xff, 0xfa, 0x30,
    0x0, 0x0, 0xb, 0xff, 0xfd, 0xa7, 0x30, 0x0,
    0x0, 0x0, 0x5, 0xbf, 0xff, 0xfc, 0x50, 0x0,
    0x6, 0x84, 0x10, 0x0, 0x0, 0x0, 0x0, 0x0,
    0x0, 0x2, 0x8f, 0xff, 0xe0, 0x0, 0x0, 0x0,
    0x0, 0x0, 0x0, 0x0, 0x0, 0x0, 0x0, 0x0,
    0x1, 0x8f, 0x30, 0x0, 0x0, 0x0, 0x0, 0x0,
    0x0, 0x0, 0x0, 0x0, 0x0, 0x0, 0x0, 0x0,
    0x0, 0x0,

    /* U+7ECD "绍" */
    0x0, 0x0, 0x0, 0x53, 0x0, 0x0, 0x0, 0x0,
    0x0, 0x0, 0x0, 0x0, 0x0, 0x0, 0x0, 0x0,
    0xd, 0xfa, 0x0, 0x5, 0x55, 0x55, 0x55, 0x55,
    0x55, 0x67, 0x50, 0x0, 0x0, 0x4, 0xff, 0x70,
    0x2, 0xff, 0xff, 0xff, 0xff, 0xff, 0xff, 0xff,
    0x10, 0x0, 0x0, 0xcf, 0xe0, 0x0, 0x2f, 0xff,
    0xff, 0xff, 0xff, 0xff, 0xff, 0xf0, 0x0, 0x0,
    0x4f, 0xf7, 0x0, 0x0, 0x0, 0x0, 0xef, 0xb0,
    0x0, 0x8, 0xff, 0x0, 0x0, 0xd, 0xfd, 0x0,
    0x0, 0x0, 0x0, 0x1f, 0xf8, 0x0, 0x0, 0x9f,
    0xf0, 0x0, 0x6, 0xff, 0x40, 0x5, 0x20, 0x0,
    0x5, 0xff, 0x40, 0x0, 0xa, 0xfe, 0x0, 0x1,
    0xef, 0xa0, 0x1, 0xff, 0x60, 0x0, 0xbf, 0xf0,
    0x0, 0x0, 0xbf, 0xc0, 0x0, 0xbf, 0xe1, 0x0,
    0xbf, 0xf2, 0x0, 0x3f, 0xfa, 0x0, 0x0, 0xd,
    0xfb, 0x0, 0x9f, 0xfc, 0x9a, 0xcf, 0xf7, 0x0,
    0x1d, 0xff, 0x20, 0x0, 0x0, 0xff, 0x90, 0xd,
    0xff, 0xff, 0xff, 0xfc, 0x0, 0x2d, 0xff, 0x80,
    0x4, 0x33, 0x7f, 0xf6, 0x0, 0x7f, 0xdb, 0x9f,
    0xff, 0x20, 0x8f, 0xff, 0xa0, 0x0, 0x9f, 0xff,
    0xff, 0x20, 0x0, 0x0, 0x8, 0xff, 0x50, 0x9,
    0xff, 0x80, 0x0, 0x5, 0xff, 0xff, 0x70, 0x0,
    0x0, 0x4, 0xff, 0x80, 0x0, 0x9, 0x30, 0x0,
    0x0, 0x2, 0x21, 0x0, 0x0, 0x0, 0x3, 0xff,
    0xb0, 0x0, 0x22, 0x5, 0x55, 0x55, 0x55, 0x55,
    0x55, 0x53, 0x0, 0x3, 0xef, 0xe7, 0x9c, 0xff,
    0x61, 0xff, 0xff, 0xff, 0xff, 0xff, 0xff, 0xa0,
    0x5, 0xff, 0xff, 0xff, 0xff, 0xf5, 0x1f, 0xff,
    0xff, 0xff, 0xff, 0xff, 0xfa, 0x0, 0x9f, 0xff,
    0xfd, 0xa7, 0x30, 0x1, 0xff, 0x71, 0x11, 0x11,
    0x11, 0xef, 0xa0, 0x3, 0xd8, 0x41, 0x0, 0x0,
    0x0, 0x1f, 0xf6, 0x0, 0x0, 0x0, 0xe, 0xfa,
    0x0, 0x0, 0x0, 0x0, 0x0, 0x0, 0x1, 0xff,
    0x60, 0x0, 0x0, 0x0, 0xef, 0xa0, 0x0, 0x0,
    0x0, 0x0, 0x37, 0xb2, 0x1f, 0xf6, 0x0, 0x0,
    0x0, 0xe, 0xfa, 0x0, 0x0, 0x25, 0x9c, 0xff,
    0xff, 0x41, 0xff, 0x60, 0x0, 0x0, 0x0, 0xef,
    0xa0, 0x9, 0xff, 0xff, 0xff, 0xfd, 0x92, 0x1f,
    0xf9, 0x55, 0x55, 0x55, 0x5f, 0xfa, 0x0, 0x9f,
    0xff, 0xd9, 0x51, 0x0, 0x1, 0xff, 0xff, 0xff,
    0xff, 0xff, 0xff, 0xa0, 0x5, 0xa6, 0x20, 0x0,
    0x0, 0x0, 0x1f, 0xff, 0xff, 0xff, 0xff, 0xff,
    0xfa, 0x0, 0x0, 0x0, 0x0, 0x0, 0x0, 0x1,
    0xff, 0x71, 0x11, 0x11, 0x11, 0xff, 0xa0, 0x0,
    0x0, 0x0, 0x0, 0x0, 0x0, 0x1, 0x10, 0x0,
    0x0, 0x0, 0x0, 0x0, 0x0,

    /* U+7ECF "经" */
    0x0, 0x0, 0x0, 0x71, 0x0, 0x0, 0x0, 0x0,
    0x0, 0x0, 0x0, 0x0, 0x0, 0x0, 0x0, 0x0,
    0x3, 0xff, 0x60, 0x1, 0x33, 0x33, 0x33, 0x33,
    0x33, 0x33, 0x0, 0x0, 0x0, 0x0, 0xa, 0xff,
    0x30, 0x5, 0xff, 0xff, 0xff, 0xff, 0xff, 0xff,
    0xb1, 0x0, 0x0, 0x0, 0x1f, 0xfc, 0x0, 0x5,
    0xff, 0xff, 0xff, 0xff, 0xff, 0xff, 0xe0, 0x0,
    0x0, 0x0, 0x9f, 0xf3, 0x0, 0x1, 0x33, 0x33,
    0x33, 0x33, 0x6f, 0xff, 0x40, 0x0, 0x0, 0x1,
    0xff, 0xa0, 0x0, 0x0, 0x0, 0x0, 0x0, 0x1,
    0xef, 0xf9, 0x0, 0x0, 0x0, 0xa, 0xff, 0x20,
    0xa, 0x20, 0x0, 0x0, 0x0, 0x2d, 0xff, 0xc0,
    0x0, 0x0, 0x0, 0x3f, 0xf8, 0x0, 0x7f, 0xf3,
    0x0, 0x0, 0x4, 0xef, 0xfd, 0x10, 0x0, 0x0,
    0x0, 0xdf, 0xd0, 0x1, 0xff, 0xe0, 0x0, 0x0,
    0x8f, 0xff, 0xf3, 0x0, 0x0, 0x0, 0x1b, 0xff,
    0xdc, 0xdf, 0xff, 0x40, 0x0, 0x5d, 0xff, 0xff,
    0xff, 0xa3, 0x0, 0x0, 0xf, 0xff, 0xff, 0xff,
    0xf9, 0x0, 0x5c, 0xff, 0xfe, 0x58, 0xff, 0xff,
    0xb3, 0x0, 0xa, 0xfc, 0xaa, 0xff, 0xd0, 0x7e,
    0xff, 0xff, 0x80, 0x0, 0x18, 0xff, 0xff, 0xb0,
    0x1, 0x0, 0xd, 0xff, 0x30, 0x5f, 0xff, 0x91,
    0x0, 0x0, 0x0, 0x19, 0xff, 0xb0, 0x0, 0x0,
    0xaf, 0xf6, 0x0, 0xa, 0x71, 0x0, 0x0, 0x0,
    0x0, 0x0, 0x2a, 0x10, 0x0, 0x8, 0xff, 0x90,
    0x3, 0x30, 0x66, 0x66, 0x66, 0x66, 0x66, 0x66,
    0x64, 0x0, 0x0, 0x8f, 0xff, 0xbe, 0xff, 0x90,
    0xef, 0xff, 0xff, 0xff, 0xff, 0xff, 0xfa, 0x0,
    0xb, 0xff, 0xff, 0xff, 0xff, 0x90, 0xef, 0xff,
    0xff, 0xff, 0xff, 0xff, 0xfa, 0x0, 0xa, 0xff,
    0xff, 0xb8, 0x52, 0x0, 0x0, 0x0, 0x9, 0xff,
    0x10, 0x0, 0x0, 0x0, 0x5, 0xb7, 0x30, 0x0,
    0x0, 0x0, 0x0, 0x0, 0x9, 0xff, 0x10, 0x0,
    0x0, 0x0, 0x0, 0x0, 0x0, 0x0, 0x0, 0x0,
    0x0, 0x0, 0x9, 0xff, 0x10, 0x0, 0x0, 0x0,
    0x0, 0x0, 0x0, 0x15, 0x9d, 0x80, 0x0, 0x0,
    0x9, 0xff, 0x10, 0x0, 0x0, 0x0, 0x0, 0x36,
    0xad, 0xff, 0xff, 0xa0, 0x0, 0x0, 0x9, 0xff,
    0x10, 0x0, 0x0, 0x0, 0xd, 0xff, 0xff, 0xff,
    0xd9, 0x40, 0x0, 0x0, 0x9, 0xff, 0x10, 0x0,
    0x0, 0x0, 0xb, 0xff, 0xfb, 0x62, 0x0, 0x7d,
    0xdd, 0xdd, 0xdf, 0xff, 0xdd, 0xdd, 0xdd, 0xd0,
    0x6, 0x83, 0x0, 0x0, 0x0, 0x9f, 0xff, 0xff,
    0xff, 0xff, 0xff, 0xff, 0xff, 0xf0, 0x0, 0x0,
    0x0, 0x0, 0x0, 0x5a, 0xaa, 0xaa, 0xaa, 0xaa,
    0xaa, 0xaa, 0xaa, 0xa0,

    /* U+7ED3 "结" */
    0x0, 0x0, 0x0, 0x50, 0x0, 0x0, 0x0, 0x0,
    0x0, 0xaa, 0x70, 0x0, 0x0, 0x0, 0x0, 0x0,
    0x2f, 0xf8, 0x0, 0x0, 0x0, 0x0, 0x1f, 0xfb,
    0x0, 0x0, 0x0, 0x0, 0x0, 0x9, 0xff, 0x80,
    0x0, 0x0, 0x0, 0x1, 0xff, 0xb0, 0x0, 0x0,
    0x0, 0x0, 0x1, 0xff, 0xf1, 0x0, 0x0, 0x0,
    0x0, 0x1f, 0xfb, 0x0, 0x0, 0x0, 0x0, 0x0,
    0x8f, 0xf8, 0x0, 0x4, 0xff, 0xff, 0xff, 0xff,
    0xff, 0xff, 0xff, 0xc0, 0x0, 0x1f, 0xfe, 0x0,
    0x0, 0x4f, 0xff, 0xff, 0xff, 0xff, 0xff, 0xff,
    0xfc, 0x0, 0x9, 0xff, 0x50, 0xa, 0x42, 0x88,
    0x88, 0x89, 0xff, 0xd8, 0x88, 0x88, 0x60, 0x3,
    0xff, 0xb0, 0x6, 0xff, 0x80, 0x0, 0x0, 0x1f,
    0xfb, 0x0, 0x0, 0x0, 0x0, 0xdf, 0xf2, 0x2,
    0xef, 0xf3, 0x0, 0x0, 0x1, 0xff, 0xb0, 0x0,
    0x0, 0x0, 0xcf, 0xff, 0xff, 0xff, 0xf8, 0x0,
    0x0, 0x0, 0x1f, 0xfb, 0x0, 0x0, 0x0, 0xb,
    0xff, 0xff, 0xff, 0xfd, 0x0, 0x8e, 0xee, 0xee,
    0xff, 0xfe, 0xee, 0xee, 0x30, 0x6b, 0x86, 0x6f,
    0xff, 0x20, 0x9, 0xff, 0xff, 0xff, 0xff, 0xff,
    0xff, 0xf4, 0x0, 0x0, 0xc, 0xff, 0x50, 0x0,
    0x5a, 0xaa, 0xaa, 0xaa, 0xaa, 0xaa, 0xaa, 0x20,
    0x0, 0x9, 0xff, 0x80, 0x0, 0x0, 0x0, 0x0,
    0x0, 0x0, 0x0, 0x0, 0x0, 0x0, 0x8, 0xff,
    0xb0, 0x0, 0x11, 0x0, 0x0, 0x0, 0x0, 0x0,
    0x0, 0x0, 0x0, 0x7, 0xff, 0xe7, 0x9c, 0xef,
    0x80, 0x57, 0x77, 0x77, 0x77, 0x77, 0x77, 0x40,
    0x9, 0xff, 0xff, 0xff, 0xff, 0xf9, 0xb, 0xff,
    0xff, 0xff, 0xff, 0xff, 0xf9, 0x0, 0x7f, 0xff,
    0xff, 0xda, 0x74, 0x10, 0xbf, 0xff, 0xff, 0xff,
    0xff, 0xff, 0x90, 0x2, 0xea, 0x73, 0x0, 0x0,
    0x0, 0xb, 0xfe, 0x0, 0x0, 0x0, 0x1f, 0xf9,
    0x0, 0x0, 0x0, 0x0, 0x0, 0x0, 0x0, 0xbf,
    0xe0, 0x0, 0x0, 0x1, 0xff, 0x90, 0x0, 0x0,
    0x0, 0x0, 0x3, 0x65, 0xb, 0xfe, 0x0, 0x0,
    0x0, 0x1f, 0xf9, 0x0, 0x0, 0x14, 0x79, 0xcf,
    0xff, 0xb0, 0xbf, 0xe0, 0x0, 0x0, 0x1, 0xff,
    0x90, 0xa, 0xef, 0xff, 0xff, 0xff, 0xfb, 0xb,
    0xff, 0x44, 0x44, 0x44, 0x5f, 0xf9, 0x0, 0xbf,
    0xff, 0xfe, 0xb8, 0x41, 0x0, 0xbf, 0xff, 0xff,
    0xff, 0xff, 0xff, 0x90, 0x8, 0xc8, 0x52, 0x0,
    0x0, 0x0, 0xb, 0xff, 0xff, 0xff, 0xff, 0xff,
    0xf9, 0x0, 0x0, 0x0, 0x0, 0x0, 0x0, 0x0,
    0xbf, 0xf2, 0x22, 0x22, 0x23, 0xff, 0x90, 0x0,
    0x0, 0x0, 0x0, 0x0, 0x0, 0x1, 0x11, 0x0,
    0x0, 0x0, 0x0, 0x0, 0x0,

    /* U+7EE7 "继" */
    0x0, 0x0, 0x2, 0x91, 0x0, 0x0, 0x0, 0x0,
    0x0, 0x2, 0x76, 0x0, 0x0, 0x0, 0x0, 0x0,
    0x7, 0xff, 0x30, 0x4, 0x98, 0x0, 0x0, 0x5,
    0xfe, 0x0, 0x0, 0x0, 0x0, 0x0, 0xd, 0xfe,
    0x0, 0x7, 0xff, 0x2, 0x70, 0x5, 0xfe, 0x0,
    0x56, 0x10, 0x0, 0x0, 0x3f, 0xf8, 0x0, 0x7,
    0xff, 0x8, 0xf5, 0x5, 0xfe, 0x0, 0xcf, 0x60,
    0x0, 0x0, 0xaf, 0xf1, 0x0, 0x7, 0xff, 0x3,
    0xfb, 0x5, 0xfe, 0x1, 0xfe, 0x0, 0x0, 0x1,
    0xff, 0x90, 0x0, 0x7, 0xff, 0x0, 0xdf, 0x15,
    0xfe, 0x7, 0xf7, 0x0, 0x0, 0x9, 0xff, 0x10,
    0x37, 0x7, 0xff, 0x0, 0x9f, 0x55, 0xfe, 0xd,
    0xf1, 0x0, 0x0, 0x2f, 0xf8, 0x0, 0xcf, 0xc7,
    0xff, 0x0, 0x5d, 0x55, 0xfe, 0x2d, 0x80, 0x0,
    0x0, 0xbf, 0xe0, 0x4, 0xff, 0x77, 0xff, 0x0,
    0x0, 0x5, 0xfe, 0x0, 0x0, 0x0, 0x8, 0xff,
    0xca, 0xbf, 0xfd, 0x7, 0xff, 0x2f, 0xff, 0xff,
    0xff, 0xff, 0xff, 0xe0, 0xc, 0xff, 0xff, 0xff,
    0xf3, 0x7, 0xff, 0x2f, 0xff, 0xff, 0xff, 0xff,
    0xff, 0xf0, 0x6, 0xfc, 0xaa, 0xff, 0x90, 0x7,
    0xff, 0x4, 0x44, 0x6f, 0xff, 0xa4, 0x44, 0x40,
    0x0, 0x0, 0xd, 0xfd, 0x0, 0x7, 0xff, 0x0,
    0x0, 0x9f, 0xff, 0xf3, 0x0, 0x0, 0x0, 0x0,
    0x9f, 0xf2, 0x0, 0x7, 0xff, 0x0, 0x2, 0xff,
    0xff, 0xfe, 0x10, 0x0, 0x0, 0x6, 0xff, 0x60,
    0x0, 0x17, 0xff, 0x0, 0xb, 0xfb, 0xfe, 0x8f,
    0xc0, 0x0, 0x0, 0x4f, 0xfd, 0x8b, 0xdf, 0x67,
    0xff, 0x0, 0x6f, 0xe5, 0xfe, 0xd, 0xf9, 0x0,
    0x5, 0xff, 0xff, 0xff, 0xff, 0x67, 0xff, 0x3,
    0xff, 0x55, 0xfe, 0x3, 0xff, 0x60, 0x8, 0xff,
    0xff, 0xc9, 0x62, 0x7, 0xff, 0xe, 0xfc, 0x5,
    0xfe, 0x0, 0x8f, 0xb0, 0x2, 0xc7, 0x30, 0x0,
    0x0, 0x7, 0xff, 0xa, 0xf2, 0x5, 0xfe, 0x0,
    0xa, 0x0, 0x0, 0x0, 0x0, 0x0, 0x0, 0x7,
    0xff, 0x2, 0x40, 0x5, 0xfe, 0x0, 0x0, 0x0,
    0x0, 0x0, 0x0, 0x3, 0x6a, 0x87, 0xff, 0x0,
    0x0, 0x5, 0xfe, 0x0, 0x0, 0x0, 0x0, 0x15,
    0x8c, 0xff, 0xff, 0xa7, 0xff, 0x0, 0x0, 0x3,
    0xcb, 0x0, 0x0, 0x0, 0xa, 0xff, 0xff, 0xff,
    0xea, 0x57, 0xff, 0x44, 0x44, 0x44, 0x44, 0x44,
    0x44, 0x40, 0x8, 0xff, 0xea, 0x62, 0x0, 0x7,
    0xff, 0xff, 0xff, 0xff, 0xff, 0xff, 0xff, 0xf0,
    0x3, 0x62, 0x0, 0x0, 0x0, 0x7, 0xff, 0xff,
    0xff, 0xff, 0xff, 0xff, 0xff, 0xf0, 0x0, 0x0,
    0x0, 0x0, 0x0, 0x0, 0x11, 0x11, 0x11, 0x11,
    0x11, 0x11, 0x11, 0x10,

    /* U+7EED "续" */
    0x0, 0x0, 0x1, 0x50, 0x0, 0x0, 0x0, 0x0,
    0x8, 0xa7, 0x0, 0x0, 0x0, 0x0, 0x0, 0x0,
    0x6f, 0xd1, 0x0, 0x0, 0x0, 0x0, 0xdf, 0xc0,
    0x0, 0x0, 0x0, 0x0, 0x0, 0xc, 0xfd, 0x0,
    0x0, 0x23, 0x33, 0x3e, 0xfd, 0x33, 0x33, 0x30,
    0x0, 0x0, 0x3, 0xff, 0x60, 0x0, 0xc, 0xff,
    0xff, 0xff, 0xff, 0xff, 0xfe, 0x0, 0x0, 0x0,
    0xaf, 0xe0, 0x0, 0x0, 0xcf, 0xff, 0xff, 0xff,
    0xff, 0xff, 0xe0, 0x0, 0x0, 0x2f, 0xf6, 0x0,
    0x0, 0x0, 0x0, 0x0, 0xdf, 0xc0, 0x0, 0x0,
    0x0, 0x0, 0xa, 0xfd, 0x0, 0x93, 0x0, 0x0,
    0x0, 0xd, 0xfc, 0x0, 0x0, 0x0, 0x0, 0x3,
    0xff, 0x40, 0x4f, 0xf3, 0xcf, 0xff, 0xff, 0xff,
    0xff, 0xff, 0xff, 0xd1, 0x0, 0xcf, 0xa0, 0xc,
    0xfc, 0xc, 0xff, 0xff, 0xff, 0xff, 0xff, 0xff,
    0xfe, 0x0, 0x9f, 0xfa, 0xad, 0xff, 0x30, 0x45,
    0x55, 0x55, 0x55, 0x55, 0x55, 0xbf, 0xa0, 0x1f,
    0xff, 0xff, 0xff, 0x90, 0x0, 0x1, 0x92, 0x1,
    0x99, 0x30, 0xd, 0xf6, 0x0, 0xbf, 0xca, 0xef,
    0xe1, 0x0, 0x0, 0x8f, 0xf7, 0x1f, 0xf5, 0x2,
    0xff, 0x10, 0x1, 0x0, 0x4f, 0xf5, 0x0, 0x0,
    0x20, 0x5f, 0xf9, 0xff, 0x50, 0x4d, 0xc0, 0x0,
    0x0, 0xe, 0xf9, 0x0, 0x0, 0x7f, 0x91, 0x2b,
    0x2f, 0xf5, 0x0, 0x0, 0x0, 0x0, 0xa, 0xfd,
    0x3, 0x76, 0x3, 0xdf, 0xe3, 0x2, 0xff, 0x50,
    0x0, 0x0, 0x0, 0x8, 0xff, 0xde, 0xff, 0xa0,
    0x0, 0xaf, 0x90, 0x4f, 0xf4, 0x0, 0x0, 0x0,
    0x8, 0xff, 0xff, 0xff, 0xd6, 0x24, 0x44, 0xa4,
    0x48, 0xff, 0x64, 0x44, 0x44, 0x0, 0xcf, 0xff,
    0xb6, 0x20, 0x9, 0xff, 0xff, 0xff, 0xff, 0xff,
    0xff, 0xff, 0xf1, 0x7, 0xa4, 0x0, 0x0, 0x0,
    0x9f, 0xff, 0xff, 0xff, 0xff, 0xff, 0xff, 0xff,
    0x10, 0x0, 0x0, 0x0, 0x28, 0x80, 0x0, 0x0,
    0xa, 0xff, 0x41, 0x0, 0x0, 0x0, 0x0, 0x0,
    0x16, 0xcf, 0xfd, 0x0, 0x0, 0x5, 0xff, 0xc1,
    0xdb, 0x10, 0x0, 0x0, 0x16, 0xbf, 0xff, 0xfd,
    0x60, 0x0, 0x5, 0xff, 0xf2, 0x5f, 0xfe, 0x30,
    0x0, 0xf, 0xff, 0xff, 0xa3, 0x0, 0x0, 0x7,
    0xff, 0xf5, 0x0, 0x2d, 0xff, 0x60, 0x0, 0xcf,
    0xc6, 0x0, 0x0, 0x0, 0x4d, 0xff, 0xf5, 0x0,
    0x0, 0x1c, 0xff, 0x70, 0x4, 0x30, 0x0, 0x0,
    0x0, 0xbf, 0xff, 0xd3, 0x0, 0x0, 0x0, 0xa,
    0xff, 0x60, 0x0, 0x0, 0x0, 0x0, 0x2, 0xef,
    0x70, 0x0, 0x0, 0x0, 0x0, 0xa, 0xe2, 0x0,
    0x0, 0x0, 0x0, 0x0, 0x2, 0x0, 0x0, 0x0,
    0x0, 0x0, 0x0, 0x2, 0x0,

    /* U+7EFF "绿" */
    0x0, 0x0, 0x4, 0x81, 0x0, 0x0, 0x0, 0x0,
    0x0, 0x0, 0x0, 0x0, 0x0, 0x0, 0x0, 0x0,
    0xa, 0xff, 0x20, 0x0, 0x7e, 0xee, 0xee, 0xee,
    0xee, 0xef, 0xe3, 0x0, 0x0, 0x0, 0xf, 0xfd,
    0x0, 0x0, 0x8f, 0xff, 0xff, 0xff, 0xff, 0xff,
    0xf4, 0x0, 0x0, 0x0, 0x6f, 0xf6, 0x0, 0x0,
    0x36, 0x66, 0x66, 0x66, 0x66, 0x9f, 0xf3, 0x0,
    0x0, 0x0, 0xdf, 0xe0, 0x0, 0x0, 0x0, 0x0,
    0x0, 0x0, 0x0, 0x5f, 0xf3, 0x0, 0x0, 0x5,
    0xff, 0x70, 0x0, 0x0, 0x1, 0x11, 0x11, 0x11,
    0x11, 0x6f, 0xf2, 0x0, 0x0, 0xc, 0xfe, 0x0,
    0x40, 0x0, 0xf, 0xff, 0xff, 0xff, 0xff, 0xff,
    0xf1, 0x0, 0x0, 0x5f, 0xf5, 0x0, 0xee, 0x40,
    0xf, 0xff, 0xff, 0xff, 0xff, 0xff, 0xf1, 0x0,
    0x1, 0xef, 0xc0, 0x8, 0xff, 0x50, 0x0, 0x0,
    0x0, 0x0, 0x0, 0x8f, 0xf0, 0x0, 0xc, 0xff,
    0xa9, 0xaf, 0xfc, 0x0, 0x11, 0x11, 0x11, 0x11,
    0x11, 0xaf, 0xf1, 0x10, 0xb, 0xff, 0xff, 0xff,
    0xf2, 0x6, 0xff, 0xff, 0xff, 0xff, 0xff, 0xff,
    0xff, 0xf1, 0x5, 0xda, 0x79, 0xff, 0x80, 0x6,
    0xff, 0xff, 0xff, 0xff, 0xff, 0xff, 0xff, 0xf1,
    0x0, 0x0, 0xd, 0xfd, 0x0, 0x0, 0x11, 0x11,
    0x13, 0xff, 0x51, 0x11, 0x11, 0x10, 0x0, 0x0,
    0x9f, 0xf3, 0x0, 0x0, 0x4c, 0x20, 0x2, 0xff,
    0x40, 0x0, 0x87, 0x0, 0x0, 0x4, 0xff, 0x70,
    0x13, 0x1, 0xef, 0xe3, 0x2, 0xff, 0x40, 0x9,
    0xff, 0x90, 0x0, 0x2f, 0xff, 0xbe, 0xff, 0x0,
    0x2e, 0xfe, 0x22, 0xff, 0x60, 0xbf, 0xf9, 0x0,
    0x3, 0xef, 0xff, 0xff, 0xfe, 0x0, 0x2, 0xef,
    0x82, 0xff, 0xdd, 0xff, 0x50, 0x0, 0x9, 0xff,
    0xfc, 0x96, 0x20, 0x0, 0x0, 0x36, 0x3c, 0xff,
    0xff, 0xd2, 0x0, 0x0, 0x4, 0xb4, 0x0, 0x0,
    0x0, 0x0, 0x0, 0x8, 0xff, 0xff, 0xff, 0x80,
    0x0, 0x0, 0x0, 0x0, 0x0, 0x0, 0x25, 0x0,
    0x4, 0xdf, 0xfb, 0xff, 0xbf, 0xf8, 0x0, 0x0,
    0x0, 0x0, 0x3, 0x8d, 0xff, 0x1, 0xaf, 0xff,
    0x52, 0xff, 0x49, 0xff, 0xb2, 0x0, 0x0, 0x59,
    0xef, 0xff, 0xfe, 0x5f, 0xff, 0xc2, 0x2, 0xff,
    0x40, 0x9f, 0xff, 0x92, 0xb, 0xff, 0xff, 0xe9,
    0x40, 0xc, 0xf8, 0x0, 0x2, 0xff, 0x40, 0x6,
    0xff, 0xd1, 0x7, 0xff, 0xa4, 0x0, 0x0, 0x2,
    0x30, 0x4, 0x46, 0xff, 0x40, 0x0, 0x2a, 0x20,
    0x2, 0x50, 0x0, 0x0, 0x0, 0x0, 0x0, 0xa,
    0xff, 0xff, 0x20, 0x0, 0x0, 0x0, 0x0, 0x0,
    0x0, 0x0, 0x0, 0x0, 0x0, 0x5, 0xff, 0xd7,
    0x0, 0x0, 0x0, 0x0,

    /* U+7F18 "缘" */
    0x0, 0x0, 0x3, 0x10, 0x0, 0x0, 0x29, 0x71,
    0x0, 0x0, 0x0, 0x0, 0x0, 0x0, 0x0, 0x0,
    0xdf, 0x80, 0x0, 0x5, 0xff, 0x10, 0x0, 0x0,
    0x0, 0x0, 0x0, 0x0, 0x0, 0x3f, 0xf5, 0x0,
    0x0, 0x9f, 0xff, 0xff, 0xff, 0xff, 0xe0, 0x0,
    0x0, 0x0, 0xa, 0xfe, 0x0, 0x0, 0xc, 0xff,
    0xee, 0xee, 0xef, 0xfe, 0x0, 0x0, 0x0, 0x2,
    0xff, 0x60, 0x0, 0x0, 0xff, 0x50, 0x0, 0x0,
    0xaf, 0xb0, 0x0, 0x0, 0x0, 0xaf, 0xd0, 0x0,
    0x0, 0x4f, 0xf1, 0x0, 0x0, 0xd, 0xf8, 0x0,
    0x0, 0x0, 0x2f, 0xf4, 0x1, 0x0, 0x8, 0xff,
    0xff, 0xff, 0xff, 0xff, 0x50, 0x0, 0x0, 0xb,
    0xfb, 0x0, 0xae, 0x40, 0xad, 0xdc, 0xcc, 0xcc,
    0xdf, 0xf2, 0x0, 0x0, 0x5, 0xff, 0x20, 0x2f,
    0xf5, 0x0, 0x0, 0x0, 0x0, 0x7, 0xfe, 0x0,
    0x0, 0x3, 0xff, 0xda, 0xbe, 0xfc, 0x9f, 0xff,
    0xff, 0xff, 0xff, 0xff, 0xff, 0xff, 0xf1, 0xaf,
    0xff, 0xff, 0xff, 0x39, 0xff, 0xff, 0xff, 0xff,
    0xff, 0xff, 0xff, 0xff, 0x14, 0xfc, 0xa8, 0xff,
    0x90, 0x13, 0x33, 0x39, 0xff, 0xc3, 0x33, 0x33,
    0x33, 0x30, 0x0, 0x0, 0x9f, 0xd0, 0x0, 0x0,
    0x6d, 0xff, 0xb0, 0x0, 0x0, 0x8, 0x40, 0x0,
    0x0, 0x3f, 0xf4, 0x0, 0x39, 0xef, 0xfe, 0xff,
    0x40, 0x0, 0x4d, 0xff, 0x40, 0x0, 0x1d, 0xf8,
    0x26, 0x78, 0xff, 0xc4, 0x9, 0xff, 0x22, 0xbf,
    0xff, 0x70, 0x0, 0xb, 0xff, 0xff, 0xfc, 0x7,
    0x30, 0x3, 0xdf, 0xfe, 0xff, 0xff, 0x10, 0x0,
    0xb, 0xff, 0xff, 0xfc, 0x70, 0x0, 0x2a, 0xff,
    0xbf, 0xff, 0x9f, 0xf0, 0x0, 0x6, 0xff, 0xe9,
    0x51, 0x0, 0x5, 0xbf, 0xfe, 0x50, 0xcf, 0xa0,
    0xcf, 0x40, 0x0, 0x1c, 0x40, 0x0, 0x0, 0x12,
    0xef, 0xe7, 0x0, 0x4f, 0xfe, 0x9, 0xf9, 0x0,
    0x0, 0x0, 0x0, 0x4, 0xbf, 0x24, 0x70, 0x0,
    0x8f, 0xff, 0xf1, 0x4f, 0xe0, 0x0, 0x0, 0x1,
    0x7e, 0xff, 0xf5, 0x0, 0x3, 0xdf, 0xf9, 0xff,
    0x30, 0xff, 0x60, 0x0, 0x5b, 0xff, 0xff, 0xa3,
    0x0, 0x3b, 0xff, 0xd3, 0x3f, 0xf2, 0x9, 0xfe,
    0x10, 0x8f, 0xff, 0xe8, 0x10, 0x5, 0xbf, 0xff,
    0x80, 0x7, 0xff, 0x0, 0x1f, 0xfd, 0x4, 0xfc,
    0x60, 0x0, 0x0, 0x5f, 0xfa, 0x23, 0x24, 0xef,
    0xc0, 0x0, 0x7f, 0x60, 0x3, 0x0, 0x0, 0x0,
    0x0, 0x52, 0x0, 0xcf, 0xff, 0xf4, 0x0, 0x0,
    0x50, 0x0, 0x0, 0x0, 0x0, 0x0, 0x0, 0x0,
    0x9, 0xff, 0xd4, 0x0, 0x0, 0x0, 0x0, 0x0,
    0x0, 0x0, 0x0, 0x0, 0x0, 0x0, 0x0, 0x0,
    0x0, 0x0, 0x0, 0x0, 0x0,

    /* U+7F6E "置" */
    0x0, 0xac, 0xcc, 0xcc, 0xcc, 0xcc, 0xcc, 0xcc,
    0xcc, 0xcc, 0xcc, 0xcc, 0x20, 0x0, 0xdf, 0xff,
    0xff, 0xff, 0xff, 0xff, 0xff, 0xff, 0xff, 0xff,
    0xff, 0x20, 0x0, 0xdf, 0xa0, 0x0, 0x7f, 0xf0,
    0x0, 0x1f, 0xf6, 0x0, 0x9, 0xff, 0x20, 0x0,
    0xdf, 0xa0, 0x0, 0x7f, 0xf0, 0x0, 0xf, 0xf6,
    0x0, 0x8, 0xff, 0x20, 0x0, 0xdf, 0xfd, 0xdd,
    0xef, 0xfd, 0xdd, 0xdf, 0xfe, 0xdd, 0xde, 0xff,
    0x20, 0x0, 0xdf, 0xff, 0xff, 0xff, 0xff, 0xff,
    0xff, 0xff, 0xff, 0xff, 0xff, 0x20, 0x0, 0x0,
    0x0, 0x0, 0x0, 0x9, 0xff, 0x10, 0x0, 0x0,
    0x0, 0x0, 0x0, 0x2, 0x22, 0x22, 0x22, 0x22,
    0x2c, 0xff, 0x22, 0x22, 0x22, 0x22, 0x22, 0x20,
    0x1f, 0xff, 0xff, 0xff, 0xff, 0xff, 0xff, 0xff,
    0xff, 0xff, 0xff, 0xff, 0xe0, 0x1d, 0xdd, 0xdd,
    0xdd, 0xdd, 0xdf, 0xfe, 0xdd, 0xdd, 0xdd, 0xdd,
    0xdd, 0xb0, 0x0, 0x0, 0x0, 0x0, 0x0, 0x2f,
    0xf6, 0x0, 0x0, 0x0, 0x0, 0x0, 0x0, 0x0,
    0x0, 0xef, 0xff, 0xff, 0xff, 0xff, 0xff, 0xff,
    0xff, 0xfd, 0x0, 0x0, 0x0, 0x0, 0xff, 0xeb,
    0xbb, 0xbb, 0xbb, 0xbb, 0xbb, 0xbe, 0xfe, 0x0,
    0x0, 0x0, 0x0, 0xff, 0x90, 0x0, 0x0, 0x0,
    0x0, 0x0, 0xb, 0xfe, 0x0, 0x0, 0x0, 0x0,
    0xff, 0xff, 0xff, 0xff, 0xff, 0xff, 0xff, 0xff,
    0xfe, 0x0, 0x0, 0x0, 0x0, 0xff, 0xc8, 0x88,
    0x88, 0x88, 0x88, 0x88, 0x8e, 0xfe, 0x0, 0x0,
    0x0, 0x0, 0xff, 0x91, 0x11, 0x11, 0x11, 0x11,
    0x11, 0x1c, 0xfe, 0x0, 0x0, 0x0, 0x0, 0xff,
    0xff, 0xff, 0xff, 0xff, 0xff, 0xff, 0xff, 0xfe,
    0x0, 0x0, 0x0, 0x0, 0xff, 0xb5, 0x55, 0x55,
    0x55, 0x55, 0x55, 0x5d, 0xfe, 0x0, 0x0, 0x0,
    0x0, 0xff, 0xa4, 0x44, 0x44, 0x44, 0x44, 0x44,
    0x4c, 0xfe, 0x0, 0x0, 0x0, 0x0, 0xff, 0xff,
    0xff, 0xff, 0xff, 0xff, 0xff, 0xff, 0xfe, 0x0,
    0x0, 0x0, 0x0, 0xff, 0xa3, 0x33, 0x33, 0x33,
    0x33, 0x33, 0x3c, 0xfe, 0x0, 0x0, 0x12, 0x22,
    0xff, 0xa2, 0x22, 0x22, 0x22, 0x22, 0x22, 0x2c,
    0xfe, 0x22, 0x21, 0x7f, 0xff, 0xff, 0xff, 0xff,
    0xff, 0xff, 0xff, 0xff, 0xff, 0xff, 0xff, 0xf9,
    0x6c, 0xcc, 0xcc, 0xcc, 0xcc, 0xcc, 0xcc, 0xcc,
    0xcc, 0xcc, 0xcc, 0xcc, 0xc7,

    /* U+7F8E "美" */
    0x0, 0x0, 0x2, 0x9d, 0x10, 0x0, 0x0, 0x0,
    0x3, 0xd9, 0x40, 0x0, 0x0, 0x0, 0x0, 0x0,
    0x5f, 0xfb, 0x0, 0x0, 0x0, 0x0, 0xbf, 0xf6,
    0x0, 0x0, 0x0, 0x0, 0x0, 0x0, 0xaf, 0xf6,
    0x0, 0x0, 0x0, 0x5f, 0xfb, 0x0, 0x0, 0x0,
    0x0, 0x2, 0x22, 0x24, 0xff, 0xa2, 0x22, 0x22,
    0x3e, 0xff, 0x42, 0x22, 0x20, 0x0, 0x5, 0xff,
    0xff, 0xff, 0xff, 0xff, 0xff, 0xff, 0xff, 0xff,
    0xff, 0xff, 0x50, 0x0, 0x5f, 0xff, 0xff, 0xff,
    0xff, 0xff, 0xff, 0xff, 0xff, 0xff, 0xff, 0xf5,
    0x0, 0x1, 0x33, 0x33, 0x33, 0x33, 0x38, 0xff,
    0x73, 0x33, 0x33, 0x33, 0x33, 0x10, 0x0, 0x0,
    0x0, 0x0, 0x0, 0x0, 0x6f, 0xf5, 0x0, 0x0,
    0x0, 0x0, 0x0, 0x0, 0x0, 0xd, 0xee, 0xee,
    0xee, 0xef, 0xff, 0xee, 0xee, 0xee, 0xee, 0xe2,
    0x0, 0x0, 0x0, 0xff, 0xff, 0xff, 0xff, 0xff,
    0xff, 0xff, 0xff, 0xff, 0xff, 0x20, 0x0, 0x0,
    0x5, 0x66, 0x66, 0x66, 0x6a, 0xff, 0x96, 0x66,
    0x66, 0x66, 0x60, 0x0, 0x0, 0x0, 0x0, 0x0,
    0x0, 0x0, 0x6f, 0xf5, 0x0, 0x0, 0x0, 0x0,
    0x0, 0x0, 0x36, 0x66, 0x66, 0x66, 0x66, 0x6a,
    0xff, 0x96, 0x66, 0x66, 0x66, 0x66, 0x64, 0x8,
    0xff, 0xff, 0xff, 0xff, 0xff, 0xff, 0xff, 0xff,
    0xff, 0xff, 0xff, 0xff, 0xb0, 0x7e, 0xee, 0xee,
    0xee, 0xee, 0xef, 0xff, 0xee, 0xee, 0xee, 0xee,
    0xee, 0xea, 0x0, 0x0, 0x0, 0x0, 0x0, 0x0,
    0xdf, 0xf0, 0x0, 0x0, 0x0, 0x0, 0x0, 0x0,
    0x3, 0x33, 0x33, 0x33, 0x33, 0x3f, 0xfd, 0x33,
    0x33, 0x33, 0x33, 0x33, 0x30, 0x0, 0xef, 0xff,
    0xff, 0xff, 0xff, 0xff, 0xff, 0xff, 0xff, 0xff,
    0xff, 0xff, 0x10, 0xe, 0xff, 0xff, 0xff, 0xff,
    0xff, 0xff, 0xff, 0xff, 0xff, 0xff, 0xff, 0xf1,
    0x0, 0x22, 0x22, 0x22, 0x22, 0x4f, 0xfe, 0xff,
    0xe3, 0x22, 0x22, 0x22, 0x22, 0x0, 0x0, 0x0,
    0x0, 0x0, 0x1c, 0xff, 0x76, 0xff, 0xc1, 0x0,
    0x0, 0x0, 0x0, 0x0, 0x0, 0x0, 0x0, 0x3d,
    0xff, 0xc0, 0x9, 0xff, 0xe4, 0x0, 0x0, 0x0,
    0x0, 0x0, 0x0, 0x5, 0xbf, 0xff, 0xc1, 0x0,
    0xa, 0xff, 0xfc, 0x50, 0x0, 0x0, 0x2, 0x48,
    0xbf, 0xff, 0xff, 0x90, 0x0, 0x0, 0x7, 0xff,
    0xff, 0xfc, 0x85, 0x30, 0x9f, 0xff, 0xff, 0xf9,
    0x20, 0x0, 0x0, 0x0, 0x2, 0x9f, 0xff, 0xff,
    0xf8, 0x2, 0xff, 0xd9, 0x50, 0x0, 0x0, 0x0,
    0x0, 0x0, 0x0, 0x16, 0xbf, 0xfd, 0x0, 0x3,
    0x10, 0x0, 0x0, 0x0, 0x0, 0x0, 0x0, 0x0,
    0x0, 0x0, 0x2, 0x20, 0x0,

    /* U+7FFB "翻" */
    0x0, 0x0, 0x0, 0x0, 0x0, 0x3, 0x10, 0x0,
    0x0, 0x0, 0x0, 0x0, 0x0, 0x0, 0x12, 0x35,
    0x68, 0xac, 0xef, 0xfc, 0x4, 0x44, 0x55, 0x41,
    0x33, 0x34, 0x30, 0x6, 0xff, 0xff, 0xff, 0xff,
    0xeb, 0x82, 0xdf, 0xff, 0xfd, 0x8f, 0xff, 0xff,
    0x30, 0x19, 0x98, 0x69, 0xff, 0x0, 0x51, 0xc,
    0xff, 0xff, 0xd8, 0xff, 0xff, 0xf3, 0x0, 0x6f,
    0x60, 0x5f, 0xe0, 0x5f, 0xb0, 0x0, 0x5, 0xfd,
    0x0, 0x0, 0xff, 0x30, 0x2, 0xfd, 0x5, 0xfe,
    0xb, 0xf4, 0x0, 0x0, 0x5f, 0xd0, 0x0, 0xf,
    0xf3, 0x0, 0xd, 0xd2, 0x5f, 0xe2, 0xfc, 0x0,
    0x46, 0x5, 0xfd, 0x37, 0x10, 0xff, 0x30, 0xaf,
    0xff, 0xff, 0xff, 0xff, 0xff, 0x8d, 0xf1, 0x5f,
    0xd5, 0xf8, 0xf, 0xf3, 0xa, 0xff, 0xff, 0xff,
    0xff, 0xff, 0xf8, 0x7f, 0x75, 0xfd, 0xf, 0xd0,
    0xff, 0x30, 0x0, 0x0, 0xaf, 0xff, 0xe4, 0x0,
    0x1, 0xfd, 0x5f, 0xd0, 0xbf, 0x2f, 0xf3, 0x0,
    0x0, 0x8f, 0xff, 0xff, 0xf8, 0x0, 0xd, 0xf7,
    0xfd, 0x7, 0xf7, 0xff, 0x30, 0x0, 0x8f, 0xf7,
    0xfe, 0x6f, 0xfc, 0x20, 0x8f, 0xaf, 0xd0, 0x3f,
    0xaf, 0xf3, 0x1, 0xbf, 0xf4, 0x5f, 0xe0, 0x5f,
    0xf8, 0x2, 0x25, 0xfd, 0x0, 0x10, 0xff, 0x30,
    0xdf, 0xf5, 0x5, 0xfe, 0x0, 0x4d, 0x0, 0x0,
    0x5f, 0xd0, 0x0, 0x1f, 0xf3, 0x9, 0xf5, 0x0,
    0x3a, 0x90, 0x0, 0x0, 0x0, 0x2e, 0xfd, 0x0,
    0xc, 0xff, 0x30, 0x2f, 0xff, 0xff, 0xff, 0xff,
    0xff, 0x10, 0x1d, 0xff, 0xd0, 0xc, 0xff, 0xf3,
    0x0, 0xff, 0xff, 0xff, 0xff, 0xff, 0xf1, 0x1d,
    0xff, 0xfd, 0xb, 0xfe, 0xff, 0x30, 0xf, 0xf0,
    0x2, 0xfb, 0x0, 0xff, 0x2c, 0xfd, 0x6f, 0xdb,
    0xfe, 0x2f, 0xf3, 0x0, 0xff, 0x0, 0x2f, 0xb0,
    0xf, 0xf5, 0xfe, 0x25, 0xfd, 0x7f, 0x30, 0xff,
    0x30, 0xf, 0xff, 0xff, 0xff, 0xff, 0xff, 0x17,
    0x20, 0x5f, 0xd0, 0x30, 0xf, 0xf3, 0x0, 0xff,
    0xdd, 0xdf, 0xfd, 0xdf, 0xf1, 0x0, 0x5, 0xfd,
    0x0, 0x0, 0xff, 0x30, 0xf, 0xf0, 0x2, 0xfb,
    0x0, 0xff, 0x10, 0x0, 0x5f, 0xd0, 0x0, 0xf,
    0xf3, 0x0, 0xff, 0x11, 0x3f, 0xc1, 0x1f, 0xf1,
    0x0, 0x5, 0xfd, 0x0, 0x0, 0xff, 0x30, 0xf,
    0xff, 0xff, 0xff, 0xff, 0xff, 0x10, 0x55, 0x9f,
    0xd0, 0x55, 0x6f, 0xf3, 0x0, 0xff, 0xee, 0xee,
    0xee, 0xef, 0xf1, 0xb, 0xff, 0xfa, 0xa, 0xff,
    0xff, 0x0, 0xf, 0xf0, 0x0, 0x0, 0x0, 0xff,
    0x10, 0x6e, 0xda, 0x10, 0x5e, 0xec, 0x40,

    /* U+81EA "自" */
    0x0, 0x0, 0x0, 0x0, 0x79, 0x73, 0x0, 0x0,
    0x0, 0x0, 0x0, 0x0, 0x0, 0x0, 0xd, 0xff,
    0x30, 0x0, 0x0, 0x0, 0x0, 0x0, 0x0, 0x0,
    0x1, 0xff, 0xd0, 0x0, 0x0, 0x0, 0x0, 0x0,
    0x0, 0x0, 0x0, 0x5f, 0xf6, 0x0, 0x0, 0x0,
    0x0, 0x0, 0xaf, 0xff, 0xff, 0xff, 0xff, 0xff,
    0xff, 0xff, 0xff, 0xff, 0x1a, 0xff, 0xff, 0xff,
    0xff, 0xff, 0xff, 0xff, 0xff, 0xff, 0xf1, 0xaf,
    0xf9, 0x99, 0x99, 0x99, 0x99, 0x99, 0x99, 0x9e,
    0xff, 0x1a, 0xff, 0x0, 0x0, 0x0, 0x0, 0x0,
    0x0, 0x0, 0xbf, 0xf1, 0xaf, 0xf0, 0x0, 0x0,
    0x0, 0x0, 0x0, 0x0, 0xb, 0xff, 0x1a, 0xff,
    0x0, 0x0, 0x0, 0x0, 0x0, 0x0, 0x0, 0xbf,
    0xf1, 0xaf, 0xf8, 0x88, 0x88, 0x88, 0x88, 0x88,
    0x88, 0x8d, 0xff, 0x1a, 0xff, 0xff, 0xff, 0xff,
    0xff, 0xff, 0xff, 0xff, 0xff, 0xf1, 0xaf, 0xff,
    0xff, 0xff, 0xff, 0xff, 0xff, 0xff, 0xff, 0xff,
    0x1a, 0xff, 0x0, 0x0, 0x0, 0x0, 0x0, 0x0,
    0x0, 0xbf, 0xf1, 0xaf, 0xf0, 0x0, 0x0, 0x0,
    0x0, 0x0, 0x0, 0xb, 0xff, 0x1a, 0xff, 0x0,
    0x0, 0x0, 0x0, 0x0, 0x0, 0x0, 0xbf, 0xf1,
    0xaf, 0xf8, 0x88, 0x88, 0x88, 0x88, 0x88, 0x88,
    0x8d, 0xff, 0x1a, 0xff, 0xff, 0xff, 0xff, 0xff,
    0xff, 0xff, 0xff, 0xff, 0xf1, 0xaf, 0xff, 0xff,
    0xff, 0xff, 0xff, 0xff, 0xff, 0xff, 0xff, 0x1a,
    0xff, 0x0, 0x0, 0x0, 0x0, 0x0, 0x0, 0x0,
    0xbf, 0xf1, 0xaf, 0xf0, 0x0, 0x0, 0x0, 0x0,
    0x0, 0x0, 0xb, 0xff, 0x1a, 0xff, 0x0, 0x0,
    0x0, 0x0, 0x0, 0x0, 0x0, 0xbf, 0xf1, 0xaf,
    0xf8, 0x88, 0x88, 0x88, 0x88, 0x88, 0x88, 0x8d,
    0xff, 0x1a, 0xff, 0xff, 0xff, 0xff, 0xff, 0xff,
    0xff, 0xff, 0xff, 0xf1, 0xaf, 0xff, 0xff, 0xff,
    0xff, 0xff, 0xff, 0xff, 0xff, 0xff, 0x1a, 0xff,
    0x0, 0x0, 0x0, 0x0, 0x0, 0x0, 0x0, 0xbf,
    0xf1, 0x11, 0x10, 0x0, 0x0, 0x0, 0x0, 0x0,
    0x0, 0x0, 0x0, 0x0,

    /* U+8272 "色" */
    0x0, 0x0, 0x0, 0x0, 0x7, 0x61, 0x0, 0x0,
    0x0, 0x0, 0x0, 0x0, 0x0, 0x0, 0x0, 0x0,
    0x0, 0x0, 0x2f, 0xfc, 0x0, 0x0, 0x0, 0x0,
    0x0, 0x0, 0x0, 0x0, 0x0, 0x0, 0x0, 0x0,
    0xcf, 0xf8, 0x55, 0x55, 0x55, 0x50, 0x0, 0x0,
    0x0, 0x0, 0x0, 0x0, 0x0, 0x9, 0xff, 0xff,
    0xff, 0xff, 0xff, 0xfb, 0x10, 0x0, 0x0, 0x0,
    0x0, 0x0, 0x0, 0x7f, 0xff, 0xff, 0xff, 0xff,
    0xff, 0xfc, 0x0, 0x0, 0x0, 0x0, 0x0, 0x0,
    0x6, 0xff, 0xf2, 0x0, 0x0, 0x4, 0xff, 0xf2,
    0x0, 0x0, 0x0, 0x0, 0x0, 0x0, 0x7f, 0xff,
    0x40, 0x0, 0x0, 0x1e, 0xff, 0x40, 0x0, 0x0,
    0x0, 0x0, 0x0, 0x9, 0xff, 0xf5, 0x0, 0x0,
    0x0, 0xcf, 0xf6, 0x0, 0x0, 0x0, 0x0, 0x0,
    0x2, 0xcf, 0xff, 0xfd, 0xdd, 0xdd, 0xde, 0xff,
    0xfd, 0xdd, 0xdd, 0xdd, 0x40, 0x0, 0xd, 0xff,
    0xff, 0xff, 0xff, 0xff, 0xff, 0xff, 0xff, 0xff,
    0xff, 0xff, 0x40, 0x0, 0x5, 0xfe, 0xbf, 0xf9,
    0x99, 0x99, 0xaf, 0xfd, 0x99, 0x99, 0x9b, 0xff,
    0x40, 0x0, 0x0, 0x81, 0x8f, 0xf0, 0x0, 0x0,
    0x1f, 0xf8, 0x0, 0x0, 0x5, 0xff, 0x40, 0x0,
    0x0, 0x0, 0x8f, 0xf0, 0x0, 0x0, 0x1f, 0xf8,
    0x0, 0x0, 0x5, 0xff, 0x40, 0x0, 0x0, 0x0,
    0x8f, 0xf0, 0x0, 0x0, 0x1f, 0xf8, 0x0, 0x0,
    0x5, 0xff, 0x40, 0x0, 0x0, 0x0, 0x8f, 0xf0,
    0x0, 0x0, 0x2f, 0xf8, 0x0, 0x0, 0x5, 0xff,
    0x40, 0x0, 0x0, 0x0, 0x8f, 0xff, 0xff, 0xff,
    0xff, 0xff, 0xff, 0xff, 0xff, 0xff, 0x40, 0x0,
    0x0, 0x0, 0x8f, 0xff, 0xff, 0xff, 0xff, 0xff,
    0xff, 0xff, 0xff, 0xff, 0x40, 0x0, 0x0, 0x0,
    0x8f, 0xf7, 0x77, 0x77, 0x77, 0x77, 0x77, 0x77,
    0x7a, 0xff, 0x40, 0x0, 0x0, 0x0, 0x8f, 0xf0,
    0x0, 0x0, 0x0, 0x0, 0x0, 0x0, 0x2, 0x99,
    0x20, 0x0, 0x0, 0x0, 0x8f, 0xf0, 0x0, 0x0,
    0x0, 0x0, 0x0, 0x0, 0x0, 0x0, 0x44, 0x0,
    0x0, 0x0, 0x8f, 0xf0, 0x0, 0x0, 0x0, 0x0,
    0x0, 0x0, 0x0, 0x0, 0x9f, 0xf0, 0x0, 0x0,
    0x8f, 0xf0, 0x0, 0x0, 0x0, 0x0, 0x0, 0x0,
    0x0, 0x0, 0xcf, 0xe0, 0x0, 0x0, 0x7f, 0xf2,
    0x0, 0x0, 0x0, 0x0, 0x0, 0x0, 0x0, 0x2,
    0xff, 0xb0, 0x0, 0x0, 0x4f, 0xfe, 0x97, 0x77,
    0x77, 0x77, 0x77, 0x77, 0x77, 0x9e, 0xff, 0x60,
    0x0, 0x0, 0xc, 0xff, 0xff, 0xff, 0xff, 0xff,
    0xff, 0xff, 0xff, 0xff, 0xfc, 0x0, 0x0, 0x0,
    0x0, 0x7b, 0xef, 0xff, 0xff, 0xff, 0xff, 0xff,
    0xff, 0xec, 0x70, 0x0,

    /* U+8282 "节" */
    0x0, 0x0, 0x0, 0x9, 0x95, 0x0, 0x0, 0x0,
    0x19, 0x95, 0x0, 0x0, 0x0, 0x0, 0x0, 0x0,
    0x1f, 0xf9, 0x0, 0x0, 0x0, 0x2f, 0xfa, 0x0,
    0x0, 0x0, 0x0, 0x0, 0x0, 0x1f, 0xf9, 0x0,
    0x0, 0x0, 0x2f, 0xfa, 0x0, 0x0, 0x0, 0x39,
    0x99, 0x99, 0x9f, 0xfd, 0x99, 0x99, 0x99, 0xaf,
    0xfd, 0x99, 0x99, 0x98, 0x6f, 0xff, 0xff, 0xff,
    0xff, 0xff, 0xff, 0xff, 0xff, 0xff, 0xff, 0xff,
    0xfe, 0x6f, 0xff, 0xff, 0xff, 0xff, 0xff, 0xff,
    0xff, 0xff, 0xff, 0xff, 0xff, 0xfd, 0x0, 0x0,
    0x0, 0x1f, 0xf9, 0x0, 0x0, 0x0, 0x2f, 0xfa,
    0x0, 0x0, 0x0, 0x0, 0x0, 0x0, 0x1f, 0xf9,
    0x0, 0x0, 0x0, 0x2f, 0xfa, 0x0, 0x0, 0x0,
    0x0, 0x0, 0x0, 0x1f, 0xf9, 0x0, 0x0, 0x0,
    0x2f, 0xf9, 0x0, 0x0, 0x0, 0x0, 0x0, 0x0,
    0x0, 0x0, 0x0, 0x0, 0x0, 0x0, 0x0, 0x0,
    0x0, 0x0, 0x2, 0xaa, 0xaa, 0xaa, 0xaa, 0xaa,
    0xaa, 0xaa, 0xaa, 0xaa, 0xbb, 0xa0, 0x0, 0x4,
    0xff, 0xff, 0xff, 0xff, 0xff, 0xff, 0xff, 0xff,
    0xff, 0xff, 0xf0, 0x0, 0x4, 0xee, 0xee, 0xee,
    0xef, 0xff, 0xee, 0xee, 0xee, 0xee, 0xff, 0xf0,
    0x0, 0x0, 0x0, 0x0, 0x0, 0x2f, 0xfb, 0x0,
    0x0, 0x0, 0x0, 0x7f, 0xf0, 0x0, 0x0, 0x0,
    0x0, 0x0, 0x2f, 0xfb, 0x0, 0x0, 0x0, 0x0,
    0x7f, 0xf0, 0x0, 0x0, 0x0, 0x0, 0x0, 0x2f,
    0xfb, 0x0, 0x0, 0x0, 0x0, 0x7f, 0xf0, 0x0,
    0x0, 0x0, 0x0, 0x0, 0x2f, 0xfb, 0x0, 0x0,
    0x0, 0x0, 0x7f, 0xf0, 0x0, 0x0, 0x0, 0x0,
    0x0, 0x2f, 0xfb, 0x0, 0x0, 0x0, 0x0, 0x7f,
    0xf0, 0x0, 0x0, 0x0, 0x0, 0x0, 0x2f, 0xfb,
    0x0, 0x0, 0x0, 0x0, 0x7f, 0xf0, 0x0, 0x0,
    0x0, 0x0, 0x0, 0x2f, 0xfb, 0x0, 0x0, 0x10,
    0x0, 0x8f, 0xf0, 0x0, 0x0, 0x0, 0x0, 0x0,
    0x2f, 0xfb, 0x0, 0x3, 0xff, 0xff, 0xff, 0xf0,
    0x0, 0x0, 0x0, 0x0, 0x0, 0x2f, 0xfb, 0x0,
    0x0, 0xef, 0xff, 0xff, 0x90, 0x0, 0x0, 0x0,
    0x0, 0x0, 0x2f, 0xfb, 0x0, 0x0, 0x7a, 0xaa,
    0x84, 0x0, 0x0, 0x0, 0x0, 0x0, 0x0, 0x2f,
    0xfb, 0x0, 0x0, 0x0, 0x0, 0x0, 0x0, 0x0,
    0x0, 0x0, 0x0, 0x0, 0x2f, 0xfb, 0x0, 0x0,
    0x0, 0x0, 0x0, 0x0, 0x0, 0x0, 0x0, 0x0,
    0x0, 0x2f, 0xfb, 0x0, 0x0, 0x0, 0x0, 0x0,
    0x0, 0x0,

    /* U+843D "落" */
    0x0, 0x0, 0x0, 0xb, 0xb5, 0x0, 0x0, 0x0,
    0x5b, 0xb0, 0x0, 0x0, 0x0, 0x0, 0x0, 0x0,
    0x1, 0xff, 0x80, 0x0, 0x0, 0x8, 0xff, 0x10,
    0x0, 0x0, 0x0, 0x3f, 0xff, 0xff, 0xff, 0xff,
    0xff, 0xff, 0xff, 0xff, 0xff, 0xff, 0xff, 0xf6,
    0x3, 0xff, 0xff, 0xff, 0xff, 0xff, 0xff, 0xff,
    0xff, 0xff, 0xff, 0xff, 0xff, 0x70, 0x16, 0x66,
    0x66, 0x7f, 0xfb, 0x66, 0x66, 0x66, 0xbf, 0xf7,
    0x66, 0x66, 0x62, 0x0, 0x0, 0x0, 0x1, 0xff,
    0x80, 0x0, 0x20, 0x8, 0xff, 0x10, 0x0, 0x0,
    0x0, 0x0, 0xa, 0x40, 0x9, 0x94, 0x0, 0x2f,
    0xf8, 0x49, 0x90, 0x0, 0x0, 0x0, 0x0, 0x9,
    0xff, 0xb2, 0x0, 0x0, 0xc, 0xff, 0x20, 0x0,
    0x0, 0x1, 0x0, 0x0, 0x0, 0x5d, 0xff, 0xf7,
    0x0, 0x9, 0xff, 0xff, 0xff, 0xff, 0xff, 0xfb,
    0x10, 0x0, 0x0, 0x8, 0xff, 0xe1, 0x7, 0xff,
    0xff, 0xff, 0xff, 0xff, 0xff, 0xe1, 0x0, 0x0,
    0x0, 0x3, 0xd3, 0x7, 0xff, 0xfe, 0x30, 0x0,
    0x1, 0xcf, 0xf3, 0x0, 0x0, 0x10, 0x0, 0x0,
    0x9, 0xff, 0xce, 0xff, 0x70, 0x3, 0xdf, 0xf5,
    0x0, 0x0, 0x1d, 0xd5, 0x0, 0x8, 0xff, 0xb0,
    0x1c, 0xff, 0xc8, 0xff, 0xf4, 0x0, 0x0, 0x8,
    0xff, 0xfc, 0x20, 0x9, 0xa0, 0x0, 0x8, 0xff,
    0xff, 0xe2, 0x0, 0x0, 0x0, 0x4, 0xdf, 0xff,
    0x40, 0x0, 0x0, 0x6, 0xdf, 0xff, 0xff, 0xb5,
    0x0, 0x0, 0x0, 0x0, 0x8f, 0xc0, 0x0, 0x4,
    0x9f, 0xff, 0xfb, 0x6e, 0xff, 0xfe, 0x94, 0x0,
    0x0, 0x0, 0x31, 0x5, 0xbf, 0xff, 0xff, 0xa3,
    0x0, 0x6, 0xdf, 0xff, 0xff, 0x20, 0x0, 0x0,
    0x2, 0x2f, 0xff, 0xe9, 0x32, 0x22, 0x22, 0x22,
    0x6c, 0xff, 0x70, 0x0, 0x0, 0x6, 0xe2, 0x77,
    0xdf, 0xff, 0xff, 0xff, 0xff, 0xff, 0xfa, 0x40,
    0x0, 0x0, 0x4, 0xff, 0xb0, 0xc, 0xff, 0xff,
    0xff, 0xff, 0xff, 0xff, 0x90, 0x0, 0x0, 0x2,
    0xef, 0xf2, 0x0, 0xcf, 0xc0, 0x0, 0x0, 0x0,
    0xf, 0xf9, 0x0, 0x0, 0x1, 0xdf, 0xf5, 0x0,
    0xc, 0xfc, 0x0, 0x0, 0x0, 0x0, 0xff, 0x90,
    0x0, 0x0, 0xcf, 0xf8, 0x0, 0x0, 0xcf, 0xc0,
    0x0, 0x0, 0x0, 0xf, 0xf9, 0x0, 0x0, 0xbf,
    0xfb, 0x0, 0x0, 0xc, 0xff, 0xff, 0xff, 0xff,
    0xff, 0xff, 0x90, 0x0, 0xc, 0xfd, 0x10, 0x0,
    0x0, 0xcf, 0xff, 0xff, 0xff, 0xff, 0xff, 0xf9,
    0x0, 0x0, 0x1b, 0x20, 0x0, 0x0, 0xc, 0xfc,
    0x11, 0x11, 0x11, 0x11, 0xff, 0x90, 0x0,

    /* U+86C7 "蛇" */
    0x0, 0x0, 0x28, 0x80, 0x0, 0x0, 0x0, 0x0,
    0x17, 0xb1, 0x0, 0x0, 0x0, 0x0, 0x0, 0x4,
    0xff, 0x10, 0x0, 0x0, 0x0, 0x3, 0xff, 0x80,
    0x0, 0x0, 0x0, 0x0, 0x0, 0x4f, 0xf1, 0x0,
    0x0, 0x0, 0x0, 0xb, 0xff, 0x10, 0x0, 0x0,
    0x0, 0x0, 0x4, 0xff, 0x10, 0x0, 0x0, 0x0,
    0x0, 0x4f, 0xf6, 0x0, 0x0, 0x0, 0x0, 0x0,
    0x4f, 0xf1, 0x0, 0x1, 0x88, 0x88, 0x88, 0xfd,
    0x88, 0x88, 0x85, 0x0, 0x99, 0x9a, 0xff, 0x99,
    0x99, 0x2f, 0xff, 0xff, 0xff, 0xff, 0xff, 0xff,
    0x90, 0x1f, 0xff, 0xff, 0xff, 0xff, 0xf2, 0xff,
    0xcb, 0xbb, 0xbb, 0xbb, 0xbf, 0xf9, 0x1, 0xff,
    0xaa, 0xff, 0xaa, 0xff, 0x2f, 0xf5, 0x0, 0x0,
    0x0, 0x0, 0xef, 0x90, 0x1f, 0xf0, 0x1f, 0xe0,
    0x1f, 0xf2, 0xff, 0x50, 0x0, 0x0, 0x0, 0xe,
    0xf9, 0x1, 0xff, 0x1, 0xfe, 0x1, 0xff, 0x2b,
    0xb8, 0x88, 0x0, 0x0, 0x0, 0xab, 0x60, 0x1f,
    0xf0, 0x1f, 0xe0, 0x1f, 0xf0, 0x0, 0x8f, 0xe0,
    0x0, 0x0, 0x0, 0x0, 0x1, 0xff, 0x1, 0xfe,
    0x1, 0xff, 0x0, 0x8, 0xfe, 0x0, 0x0, 0x1,
    0x10, 0x0, 0x1f, 0xf0, 0x1f, 0xe0, 0x1f, 0xf0,
    0x0, 0x8f, 0xe0, 0x0, 0x4, 0xed, 0x10, 0x1,
    0xff, 0x44, 0xfe, 0x45, 0xff, 0x0, 0x8, 0xfe,
    0x0, 0x2a, 0xff, 0xf6, 0x0, 0x1f, 0xff, 0xff,
    0xff, 0xff, 0xf0, 0x0, 0x8f, 0xe0, 0x8f, 0xff,
    0xc3, 0x0, 0x1, 0xff, 0xff, 0xff, 0xff, 0xff,
    0x0, 0x8, 0xff, 0xef, 0xfe, 0x50, 0x0, 0x0,
    0x1f, 0xf0, 0x4f, 0xf1, 0x0, 0x0, 0x0, 0x8f,
    0xff, 0xe7, 0x0, 0x0, 0x0, 0x0, 0x22, 0x4,
    0xff, 0x13, 0x95, 0x0, 0x8, 0xff, 0x70, 0x0,
    0x0, 0x0, 0x0, 0x0, 0x0, 0x4f, 0xf1, 0x7f,
    0xc0, 0x0, 0x8f, 0xe0, 0x0, 0x0, 0x0, 0x0,
    0x0, 0x0, 0x4, 0xff, 0x11, 0xff, 0x20, 0x8,
    0xfe, 0x0, 0x0, 0x0, 0x12, 0x0, 0x0, 0x0,
    0x4f, 0xf1, 0x2d, 0xf8, 0x0, 0x8f, 0xe0, 0x0,
    0x0, 0x4, 0xfb, 0x0, 0x24, 0x6a, 0xff, 0xff,
    0xff, 0xd0, 0x8, 0xfe, 0x0, 0x0, 0x0, 0x5f,
    0xe0, 0xef, 0xff, 0xff, 0xff, 0xff, 0xff, 0x10,
    0x8f, 0xe0, 0x0, 0x0, 0x7, 0xfc, 0xc, 0xff,
    0xff, 0xca, 0x75, 0x2e, 0xf5, 0x7, 0xff, 0x74,
    0x44, 0x45, 0xdf, 0x90, 0x57, 0x42, 0x0, 0x0,
    0x0, 0xbb, 0x30, 0x3f, 0xff, 0xff, 0xff, 0xff,
    0xf4, 0x0, 0x0, 0x0, 0x0, 0x0, 0x0, 0x0,
    0x0, 0x6d, 0xff, 0xff, 0xff, 0xe7, 0x0,

    /* U+8857 "街" */
    0x0, 0x0, 0x4, 0x50, 0x0, 0x0, 0x59, 0x90,
    0x0, 0x0, 0x0, 0x0, 0x0, 0x0, 0x0, 0x1,
    0xef, 0xe0, 0x0, 0x9, 0xfe, 0x0, 0x0, 0x0,
    0x0, 0x0, 0x0, 0x0, 0x0, 0xbf, 0xf5, 0x0,
    0x0, 0x9f, 0xe0, 0x0, 0x8, 0xff, 0xff, 0xff,
    0x90, 0x0, 0x9f, 0xf9, 0x0, 0x44, 0x4b, 0xff,
    0x44, 0x42, 0x8f, 0xff, 0xff, 0xf9, 0x0, 0x9f,
    0xfc, 0x0, 0xf, 0xff, 0xff, 0xff, 0xff, 0x72,
    0x55, 0x55, 0x55, 0x30, 0xbf, 0xfc, 0x0, 0x0,
    0xff, 0xff, 0xff, 0xff, 0xf6, 0x0, 0x0, 0x0,
    0x0, 0xc, 0xfc, 0x10, 0x98, 0x20, 0x0, 0x9f,
    0xe0, 0x0, 0x0, 0x0, 0x0, 0x0, 0x0, 0x1a,
    0x0, 0x3f, 0xfa, 0x0, 0x9, 0xfe, 0x0, 0x0,
    0x0, 0x0, 0x0, 0x0, 0x0, 0x0, 0xc, 0xff,
    0x10, 0x0, 0x9f, 0xe0, 0x0, 0x0, 0x0, 0x0,
    0x0, 0x0, 0x0, 0x8, 0xff, 0x86, 0xaa, 0xad,
    0xff, 0xaa, 0xa9, 0x57, 0x77, 0x77, 0x76, 0x0,
    0x4, 0xff, 0xd0, 0x9f, 0xff, 0xff, 0xff, 0xff,
    0xeb, 0xff, 0xff, 0xff, 0xf0, 0x3, 0xff, 0xf7,
    0x5, 0x99, 0x9a, 0xba, 0x99, 0x98, 0xbf, 0xff,
    0xff, 0xfe, 0x3, 0xef, 0xff, 0x70, 0x0, 0x0,
    0x9f, 0xe0, 0x0, 0x0, 0x0, 0xff, 0x90, 0x4,
    0xff, 0xff, 0xf7, 0x0, 0x0, 0x9, 0xfe, 0x0,
    0x0, 0x0, 0xf, 0xf9, 0x0, 0x2f, 0xfa, 0xff,
    0x70, 0x0, 0x0, 0x9f, 0xe0, 0x0, 0x0, 0x0,
    0xff, 0x90, 0x0, 0x79, 0xf, 0xf7, 0x6, 0xee,
    0xef, 0xff, 0xee, 0xea, 0x0, 0xf, 0xf9, 0x0,
    0x0, 0x0, 0xff, 0x70, 0x7f, 0xff, 0xff, 0xff,
    0xff, 0xb0, 0x0, 0xff, 0x90, 0x0, 0x0, 0xf,
    0xf7, 0x2, 0x55, 0x5b, 0xff, 0x55, 0x54, 0x0,
    0xf, 0xf9, 0x0, 0x0, 0x0, 0xff, 0x70, 0x0,
    0x0, 0x9f, 0xe0, 0x0, 0x0, 0x0, 0xff, 0x90,
    0x0, 0x0, 0xf, 0xf7, 0x0, 0x0, 0x9, 0xfe,
    0x0, 0x0, 0x0, 0xf, 0xf9, 0x0, 0x0, 0x0,
    0xff, 0x70, 0x0, 0x0, 0x9f, 0xe2, 0x35, 0x73,
    0x0, 0xff, 0x90, 0x0, 0x0, 0xf, 0xf7, 0x16,
    0x89, 0xbe, 0xff, 0xff, 0xff, 0x60, 0xf, 0xf9,
    0x0, 0x0, 0x0, 0xff, 0x72, 0xff, 0xff, 0xff,
    0xff, 0xfe, 0xc4, 0x0, 0xff, 0x90, 0x0, 0x0,
    0xf, 0xf7, 0xf, 0xec, 0xa8, 0x64, 0x20, 0x3,
    0xaa, 0xaf, 0xf8, 0x0, 0x0, 0x0, 0xff, 0x70,
    0x0, 0x0, 0x0, 0x0, 0x0, 0x1f, 0xff, 0xff,
    0x50, 0x0, 0x0, 0xf, 0xf7, 0x0, 0x0, 0x0,
    0x0, 0x0, 0x0, 0xcf, 0xed, 0x70, 0x0, 0x0,
    0x0, 0x0, 0x0, 0x0, 0x0, 0x0, 0x0, 0x0,
    0x0, 0x0, 0x0, 0x0, 0x0,

    /* U+88AB "被" */
    0x0, 0x0, 0x6, 0x0, 0x0, 0x0, 0x0, 0x0,
    0x3, 0xaa, 0x10, 0x0, 0x0, 0x0, 0x0, 0x1,
    0xef, 0x70, 0x0, 0x0, 0x0, 0x0, 0x4, 0xff,
    0x30, 0x0, 0x0, 0x0, 0x0, 0x0, 0x9f, 0xf2,
    0x0, 0x0, 0x0, 0x0, 0x4, 0xff, 0x30, 0x0,
    0x0, 0x0, 0x0, 0x0, 0x1e, 0xfa, 0x0, 0x0,
    0x0, 0x0, 0x4, 0xff, 0x30, 0x0, 0x0, 0x0,
    0x0, 0x0, 0x7, 0xd4, 0x0, 0x5, 0xde, 0xdd,
    0xdd, 0xff, 0xdd, 0xdd, 0xec, 0x70, 0xd, 0xff,
    0xff, 0xff, 0xf7, 0x7, 0xff, 0xff, 0xff, 0xff,
    0xff, 0xff, 0xff, 0x90, 0xe, 0xff, 0xff, 0xff,
    0xfd, 0x7, 0xff, 0xaa, 0xab, 0xff, 0xba, 0xab,
    0xff, 0x50, 0x6, 0x77, 0x77, 0x7f, 0xf7, 0x7,
    0xff, 0x0, 0x4, 0xff, 0x30, 0x7, 0xff, 0x10,
    0x0, 0x0, 0x0, 0x5f, 0xf1, 0x7, 0xff, 0x0,
    0x4, 0xff, 0x30, 0xb, 0xfb, 0x0, 0x0, 0x0,
    0x0, 0xdf, 0x80, 0x7, 0xff, 0x0, 0x4, 0xff,
    0x30, 0xe, 0xf6, 0x0, 0x0, 0x0, 0x8, 0xff,
    0x14, 0x7, 0xff, 0x0, 0x4, 0xff, 0x30, 0x0,
    0x30, 0x0, 0x0, 0x0, 0x3f, 0xf7, 0x1e, 0xc7,
    0xff, 0xff, 0xff, 0xff, 0xff, 0xff, 0xe6, 0x0,
    0x0, 0x0, 0xdf, 0xf4, 0xcf, 0x97, 0xff, 0xff,
    0xff, 0xff, 0xff, 0xff, 0xf8, 0x0, 0x0, 0xb,
    0xff, 0xff, 0xf9, 0x7, 0xff, 0xff, 0xa6, 0x66,
    0x66, 0xaf, 0xf4, 0x0, 0x0, 0x9f, 0xff, 0xff,
    0xe0, 0x8, 0xfe, 0xbf, 0xb0, 0x0, 0x0, 0xbf,
    0xe0, 0x0, 0xa, 0xff, 0xef, 0xfd, 0xfa, 0x9,
    0xfd, 0x4f, 0xf3, 0x0, 0x2, 0xff, 0x80, 0x0,
    0x1f, 0xfd, 0x6f, 0xf3, 0xff, 0x6b, 0xfb, 0xd,
    0xfc, 0x0, 0xb, 0xff, 0x10, 0x0, 0x9, 0xd1,
    0x5f, 0xf1, 0x7f, 0x2e, 0xf9, 0x4, 0xff, 0x70,
    0x5f, 0xf8, 0x0, 0x0, 0x2, 0x10, 0x5f, 0xf1,
    0x5, 0x1f, 0xf6, 0x0, 0xbf, 0xf6, 0xff, 0xe0,
    0x0, 0x0, 0x0, 0x0, 0x5f, 0xf1, 0x0, 0x5f,
    0xf2, 0x0, 0x1e, 0xff, 0xff, 0x30, 0x0, 0x0,
    0x0, 0x0, 0x5f, 0xf1, 0x0, 0xaf, 0xe0, 0x0,
    0x7, 0xff, 0xf9, 0x0, 0x0, 0x0, 0x0, 0x0,
    0x5f, 0xf1, 0x1, 0xff, 0x90, 0x0, 0x6f, 0xff,
    0xff, 0x80, 0x0, 0x0, 0x0, 0x0, 0x5f, 0xf1,
    0x8, 0xff, 0x30, 0x3c, 0xff, 0xfa, 0xff, 0xfe,
    0x60, 0x0, 0x0, 0x0, 0x5f, 0xf1, 0x2f, 0xfb,
    0x5b, 0xff, 0xfd, 0x30, 0x4e, 0xff, 0xfe, 0x90,
    0x0, 0x0, 0x5f, 0xf1, 0x4f, 0xf3, 0x7f, 0xff,
    0x80, 0x0, 0x0, 0x8f, 0xff, 0x80, 0x0, 0x0,
    0x5f, 0xf1, 0x3, 0x60, 0xc, 0x81, 0x0, 0x0,
    0x0, 0x1, 0x8b, 0x0,

    /* U+8981 "要" */
    0x16, 0x66, 0x66, 0x66, 0x66, 0x66, 0x66, 0x66,
    0x66, 0x66, 0x66, 0x66, 0x60, 0x3f, 0xff, 0xff,
    0xff, 0xff, 0xff, 0xff, 0xff, 0xff, 0xff, 0xff,
    0xff, 0xf1, 0x2f, 0xff, 0xff, 0xff, 0xff, 0xff,
    0xff, 0xff, 0xff, 0xff, 0xff, 0xff, 0xf1, 0x0,
    0x0, 0x0, 0x0, 0xaf, 0xd0, 0x0, 0x3f, 0xf5,
    0x0, 0x0, 0x0, 0x0, 0x0, 0x22, 0x22, 0x22,
    0xbf, 0xe2, 0x22, 0x5f, 0xf7, 0x22, 0x22, 0x22,
    0x0, 0x0, 0xdf, 0xff, 0xff, 0xff, 0xff, 0xff,
    0xff, 0xff, 0xff, 0xff, 0xff, 0x10, 0x0, 0xdf,
    0xff, 0xff, 0xff, 0xff, 0xff, 0xff, 0xff, 0xff,
    0xff, 0xff, 0x10, 0x0, 0xdf, 0xa0, 0x0, 0xaf,
    0xd0, 0x0, 0x3f, 0xf5, 0x0, 0x9, 0xff, 0x10,
    0x0, 0xdf, 0xa0, 0x0, 0xaf, 0xd0, 0x0, 0x3f,
    0xf5, 0x0, 0x9, 0xff, 0x10, 0x0, 0xdf, 0xa0,
    0x0, 0xaf, 0xd0, 0x0, 0x3f, 0xf5, 0x0, 0x9,
    0xff, 0x10, 0x0, 0xdf, 0xfd, 0xdd, 0xff, 0xfd,
    0xdd, 0xdf, 0xfe, 0xdd, 0xde, 0xff, 0x10, 0x0,
    0xdf, 0xff, 0xff, 0xff, 0xff, 0xff, 0xff, 0xff,
    0xff, 0xff, 0xff, 0x10, 0x0, 0x34, 0x44, 0x44,
    0x4c, 0xfd, 0x64, 0x44, 0x44, 0x44, 0x44, 0x44,
    0x0, 0x0, 0x0, 0x0, 0x0, 0x2f, 0xfe, 0x0,
    0x0, 0x0, 0x0, 0x0, 0x0, 0x0, 0x25, 0x55,
    0x55, 0x55, 0xcf, 0xfa, 0x55, 0x55, 0x55, 0x55,
    0x55, 0x55, 0x54, 0x6f, 0xff, 0xff, 0xff, 0xff,
    0xff, 0xff, 0xff, 0xff, 0xff, 0xff, 0xff, 0xfd,
    0x5f, 0xff, 0xff, 0xff, 0xff, 0xff, 0xff, 0xff,
    0xff, 0xff, 0xff, 0xff, 0xfc, 0x0, 0x0, 0x0,
    0xbf, 0xf6, 0x0, 0x0, 0x0, 0x1e, 0xfe, 0x0,
    0x0, 0x0, 0x0, 0x0, 0x7, 0xff, 0xa0, 0x0,
    0x0, 0x0, 0xcf, 0xf5, 0x0, 0x0, 0x0, 0x0,
    0x0, 0x4f, 0xff, 0xfc, 0x85, 0x10, 0x1c, 0xff,
    0x90, 0x0, 0x0, 0x0, 0x0, 0x0, 0x6a, 0xdf,
    0xff, 0xff, 0xfd, 0xff, 0xfa, 0x0, 0x0, 0x0,
    0x0, 0x0, 0x0, 0x0, 0x1, 0x48, 0xef, 0xff,
    0xff, 0xfd, 0x94, 0x0, 0x0, 0x0, 0x0, 0x0,
    0x2, 0x57, 0xae, 0xff, 0xff, 0xdf, 0xff, 0xff,
    0xfb, 0x61, 0x0, 0xc, 0xdf, 0xff, 0xff, 0xff,
    0xfe, 0x82, 0x1, 0x6a, 0xff, 0xff, 0xff, 0x80,
    0xa, 0xff, 0xff, 0xfd, 0xa6, 0x20, 0x0, 0x0,
    0x0, 0x5, 0xaf, 0xfc, 0x10, 0x3, 0x76, 0x42,
    0x0, 0x0, 0x0, 0x0, 0x0, 0x0, 0x0, 0x1,
    0x60, 0x0,

    /* U+89E3 "解" */
    0x0, 0x0, 0x8, 0x51, 0x0, 0x0, 0x0, 0x0,
    0x0, 0x0, 0x0, 0x0, 0x0, 0x0, 0x0, 0x0,
    0x4f, 0xf3, 0x0, 0x0, 0x0, 0x23, 0x33, 0x33,
    0x33, 0x33, 0x33, 0x10, 0x0, 0x0, 0x9f, 0xe1,
    0x11, 0x10, 0x0, 0xcf, 0xff, 0xff, 0xff, 0xff,
    0xff, 0x50, 0x0, 0x0, 0xef, 0xff, 0xff, 0xfb,
    0x10, 0xbf, 0xff, 0xff, 0xff, 0xff, 0xff, 0x50,
    0x0, 0x5, 0xff, 0xff, 0xff, 0xff, 0x0, 0x0,
    0x5, 0xff, 0x10, 0x1, 0xff, 0x40, 0x0, 0xc,
    0xfc, 0x0, 0xe, 0xf9, 0x0, 0x0, 0x9, 0xfd,
    0x0, 0x2, 0xff, 0x30, 0x0, 0x4f, 0xf5, 0x0,
    0x4f, 0xf2, 0x0, 0x0, 0x1f, 0xf9, 0x0, 0x3,
    0xff, 0x20, 0x0, 0xdf, 0xf8, 0x77, 0xcf, 0xe8,
    0x72, 0x0, 0x9f, 0xf2, 0x0, 0x6, 0xff, 0x10,
    0x9, 0xff, 0xff, 0xff, 0xff, 0xff, 0xf5, 0x7,
    0xff, 0x90, 0x34, 0x4c, 0xfe, 0x0, 0x1d, 0xff,
    0xfb, 0xaf, 0xfb, 0xaf, 0xf7, 0xbf, 0xfc, 0x0,
    0x8f, 0xff, 0xf9, 0x0, 0x0, 0xaf, 0xf2, 0xc,
    0xf0, 0xd, 0xf6, 0xbf, 0xa0, 0x0, 0x4d, 0xdc,
    0x90, 0x0, 0x0, 0x1f, 0xf2, 0xc, 0xf0, 0xd,
    0xf5, 0x14, 0xb8, 0x11, 0xdd, 0x50, 0x0, 0x0,
    0x0, 0x1f, 0xf8, 0x7e, 0xf8, 0x7e, 0xf5, 0x2,
    0xff, 0x21, 0xff, 0x60, 0x0, 0x0, 0x0, 0x1f,
    0xff, 0xff, 0xff, 0xff, 0xf5, 0x7, 0xff, 0x55,
    0xff, 0x95, 0x55, 0x20, 0x0, 0x1f, 0xf8, 0x7e,
    0xf8, 0x7e, 0xf5, 0xc, 0xff, 0xff, 0xff, 0xff,
    0xff, 0x70, 0x0, 0x1f, 0xf1, 0xc, 0xf0, 0xd,
    0xf5, 0x3f, 0xff, 0xff, 0xff, 0xff, 0xff, 0x60,
    0x0, 0x2f, 0xf1, 0xc, 0xf0, 0xd, 0xf5, 0xbf,
    0xc0, 0x1, 0xff, 0x60, 0x0, 0x0, 0x0, 0x2f,
    0xf4, 0x3d, 0xf4, 0x3e, 0xf6, 0xbf, 0x30, 0x1,
    0xff, 0x60, 0x0, 0x0, 0x0, 0x3f, 0xff, 0xff,
    0xff, 0xff, 0xf5, 0x3, 0x11, 0x12, 0xff, 0x71,
    0x11, 0x10, 0x0, 0x5f, 0xfc, 0xcf, 0xfc, 0xcf,
    0xf5, 0x9f, 0xff, 0xff, 0xff, 0xff, 0xff, 0xf0,
    0x0, 0x7f, 0xb0, 0xc, 0xf0, 0xd, 0xf5, 0x9f,
    0xff, 0xff, 0xff, 0xff, 0xff, 0xf0, 0x0, 0xaf,
    0x80, 0xc, 0xf0, 0xd, 0xf5, 0x24, 0x44, 0x44,
    0xff, 0x94, 0x44, 0x40, 0x0, 0xef, 0x40, 0xc,
    0xf0, 0xd, 0xf5, 0x0, 0x0, 0x1, 0xff, 0x60,
    0x0, 0x0, 0x4, 0xff, 0x0, 0xc, 0xf4, 0x3e,
    0xf5, 0x0, 0x0, 0x1, 0xff, 0x60, 0x0, 0x0,
    0xc, 0xf9, 0x0, 0x9, 0xcb, 0xff, 0xf3, 0x0,
    0x0, 0x1, 0xff, 0x60, 0x0, 0x0, 0x7, 0xe2,
    0x0, 0x0, 0x6, 0xfe, 0x80, 0x0, 0x0, 0x1,
    0xff, 0x60, 0x0, 0x0, 0x0, 0x0, 0x0, 0x0,
    0x0, 0x0, 0x0, 0x0, 0x0, 0x0, 0x0, 0x0,
    0x0, 0x0,

    /* U+8BA1 "计" */
    0x0, 0x0, 0x20, 0x0, 0x0, 0x0, 0x0, 0x0,
    0x8b, 0xb0, 0x0, 0x0, 0x0, 0x0, 0xa, 0xf4,
    0x0, 0x0, 0x0, 0x0, 0x0, 0xcf, 0xf0, 0x0,
    0x0, 0x0, 0x0, 0x3f, 0xff, 0x70, 0x0, 0x0,
    0x0, 0x0, 0xcf, 0xf0, 0x0, 0x0, 0x0, 0x0,
    0x3, 0xef, 0xf8, 0x0, 0x0, 0x0, 0x0, 0xcf,
    0xf0, 0x0, 0x0, 0x0, 0x0, 0x0, 0x2e, 0xff,
    0x70, 0x0, 0x0, 0x0, 0xcf, 0xf0, 0x0, 0x0,
    0x0, 0x0, 0x0, 0x2, 0xef, 0x20, 0x0, 0x0,
    0x0, 0xcf, 0xf0, 0x0, 0x0, 0x0, 0x0, 0x0,
    0x0, 0x33, 0x0, 0x0, 0x0, 0x0, 0xcf, 0xf0,
    0x0, 0x0, 0x0, 0x0, 0x0, 0x0, 0x0, 0x0,
    0x0, 0x0, 0x0, 0xcf, 0xf0, 0x0, 0x0, 0x0,
    0x1, 0x11, 0x12, 0x10, 0x0, 0x0, 0x0, 0x0,
    0xcf, 0xf0, 0x0, 0x0, 0x0, 0xef, 0xff, 0xff,
    0xf1, 0x8, 0xbb, 0xbb, 0xbb, 0xff, 0xfb, 0xbb,
    0xbb, 0xb9, 0xef, 0xff, 0xff, 0xf1, 0xb, 0xff,
    0xff, 0xff, 0xff, 0xff, 0xff, 0xff, 0xfe, 0x89,
    0x99, 0xdf, 0xf1, 0xb, 0xff, 0xff, 0xff, 0xff,
    0xff, 0xff, 0xff, 0xfe, 0x0, 0x0, 0x9f, 0xf1,
    0x0, 0x0, 0x0, 0x0, 0xcf, 0xf1, 0x0, 0x0,
    0x0, 0x0, 0x0, 0x9f, 0xf1, 0x0, 0x0, 0x0,
    0x0, 0xcf, 0xf0, 0x0, 0x0, 0x0, 0x0, 0x0,
    0x9f, 0xf1, 0x0, 0x0, 0x0, 0x0, 0xcf, 0xf0,
    0x0, 0x0, 0x0, 0x0, 0x0, 0x9f, 0xf1, 0x0,
    0x0, 0x0, 0x0, 0xcf, 0xf0, 0x0, 0x0, 0x0,
    0x0, 0x0, 0x9f, 0xf1, 0x0, 0x0, 0x0, 0x0,
    0xcf, 0xf0, 0x0, 0x0, 0x0, 0x0, 0x0, 0x9f,
    0xf1, 0x0, 0x0, 0x0, 0x0, 0xcf, 0xf0, 0x0,
    0x0, 0x0, 0x0, 0x0, 0x9f, 0xf1, 0x5, 0x40,
    0x0, 0x0, 0xcf, 0xf0, 0x0, 0x0, 0x0, 0x0,
    0x0, 0x9f, 0xf2, 0xaf, 0xb0, 0x0, 0x0, 0xcf,
    0xf0, 0x0, 0x0, 0x0, 0x0, 0x0, 0x9f, 0xfe,
    0xff, 0xd0, 0x0, 0x0, 0xcf, 0xf0, 0x0, 0x0,
    0x0, 0x0, 0x0, 0xbf, 0xff, 0xfa, 0x10, 0x0,
    0x0, 0xcf, 0xf0, 0x0, 0x0, 0x0, 0x0, 0x4,
    0xff, 0xff, 0x50, 0x0, 0x0, 0x0, 0xcf, 0xf0,
    0x0, 0x0, 0x0, 0x0, 0xc, 0xff, 0xc2, 0x0,
    0x0, 0x0, 0x0, 0xcf, 0xf0, 0x0, 0x0, 0x0,
    0x0, 0x3, 0xf8, 0x0, 0x0, 0x0, 0x0, 0x0,
    0xcf, 0xf0, 0x0, 0x0, 0x0, 0x0, 0x0, 0x50,
    0x0, 0x0, 0x0, 0x0, 0x0, 0xcf, 0xf0, 0x0,
    0x0, 0x0,

    /* U+8BA4 "认" */
    0x0, 0x0, 0x10, 0x0, 0x0, 0x0, 0x0, 0x0,
    0x69, 0x90, 0x0, 0x0, 0x0, 0x0, 0x0, 0x3e,
    0x70, 0x0, 0x0, 0x0, 0x0, 0xa, 0xff, 0x10,
    0x0, 0x0, 0x0, 0x0, 0xd, 0xff, 0x90, 0x0,
    0x0, 0x0, 0x0, 0xaf, 0xf0, 0x0, 0x0, 0x0,
    0x0, 0x0, 0x1d, 0xff, 0xb0, 0x0, 0x0, 0x0,
    0xa, 0xff, 0x0, 0x0, 0x0, 0x0, 0x0, 0x0,
    0x1d, 0xff, 0xb0, 0x0, 0x0, 0x0, 0xaf, 0xf0,
    0x0, 0x0, 0x0, 0x0, 0x0, 0x0, 0x1d, 0xf5,
    0x0, 0x0, 0x0, 0xa, 0xff, 0x0, 0x0, 0x0,
    0x0, 0x0, 0x0, 0x0, 0x15, 0x0, 0x0, 0x0,
    0x0, 0xbf, 0xf0, 0x0, 0x0, 0x0, 0x0, 0x0,
    0x0, 0x0, 0x0, 0x0, 0x0, 0x0, 0xc, 0xfe,
    0x0, 0x0, 0x0, 0x0, 0x0, 0x0, 0x0, 0x0,
    0x0, 0x0, 0x0, 0x0, 0xcf, 0xe0, 0x0, 0x0,
    0x0, 0x9, 0xff, 0xff, 0xff, 0x70, 0x0, 0x0,
    0x0, 0xe, 0xff, 0x0, 0x0, 0x0, 0x0, 0x9f,
    0xff, 0xff, 0xf7, 0x0, 0x0, 0x0, 0x0, 0xff,
    0xf1, 0x0, 0x0, 0x0, 0x5, 0x99, 0x9a, 0xff,
    0x70, 0x0, 0x0, 0x0, 0x1f, 0xff, 0x40, 0x0,
    0x0, 0x0, 0x0, 0x0, 0x1f, 0xf7, 0x0, 0x0,
    0x0, 0x3, 0xff, 0xf7, 0x0, 0x0, 0x0, 0x0,
    0x0, 0x1, 0xff, 0x70, 0x0, 0x0, 0x0, 0x6f,
    0xff, 0xb0, 0x0, 0x0, 0x0, 0x0, 0x0, 0x1f,
    0xf7, 0x0, 0x0, 0x0, 0x9, 0xff, 0xff, 0x0,
    0x0, 0x0, 0x0, 0x0, 0x1, 0xff, 0x70, 0x0,
    0x0, 0x0, 0xdf, 0xff, 0xf4, 0x0, 0x0, 0x0,
    0x0, 0x0, 0x1f, 0xf7, 0x0, 0x0, 0x0, 0x1f,
    0xfa, 0xef, 0xa0, 0x0, 0x0, 0x0, 0x0, 0x1,
    0xff, 0x70, 0x0, 0x0, 0x6, 0xff, 0x59, 0xff,
    0x10, 0x0, 0x0, 0x0, 0x0, 0x1f, 0xf7, 0x2,
    0x60, 0x0, 0xdf, 0xf0, 0x3f, 0xf8, 0x0, 0x0,
    0x0, 0x0, 0x1, 0xff, 0x76, 0xfe, 0x0, 0x5f,
    0xfa, 0x0, 0xcf, 0xf1, 0x0, 0x0, 0x0, 0x0,
    0x1f, 0xff, 0xff, 0xe2, 0xd, 0xff, 0x20, 0x5,
    0xff, 0xa0, 0x0, 0x0, 0x0, 0x3, 0xff, 0xff,
    0xb1, 0x9, 0xff, 0xa0, 0x0, 0xc, 0xff, 0x60,
    0x0, 0x0, 0x0, 0xaf, 0xff, 0x60, 0x6, 0xff,
    0xe1, 0x0, 0x0, 0x2f, 0xff, 0x40, 0x0, 0x0,
    0x6f, 0xfd, 0x20, 0x7, 0xff, 0xf5, 0x0, 0x0,
    0x0, 0x7f, 0xff, 0x60, 0x0, 0x0, 0xdb, 0x0,
    0x3, 0xff, 0xf7, 0x0, 0x0, 0x0, 0x0, 0x9f,
    0xff, 0x20, 0x0, 0x2, 0x0, 0x0, 0x4, 0xf7,
    0x0, 0x0, 0x0, 0x0, 0x0, 0x8f, 0x30, 0x0,
    0x0, 0x0, 0x0, 0x0, 0x1, 0x0, 0x0, 0x0,
    0x0, 0x0, 0x0, 0x10, 0x0,

    /* U+8BA9 "让" */
    0x0, 0x0, 0x0, 0x0, 0x0, 0x0, 0x0, 0x4,
    0x66, 0x0, 0x0, 0x0, 0x0, 0x0, 0x8, 0xd2,
    0x0, 0x0, 0x0, 0x0, 0xc, 0xff, 0x0, 0x0,
    0x0, 0x0, 0x0, 0x3f, 0xfe, 0x20, 0x0, 0x0,
    0x0, 0xc, 0xff, 0x0, 0x0, 0x0, 0x0, 0x0,
    0x6, 0xff, 0xe3, 0x0, 0x0, 0x0, 0xc, 0xff,
    0x0, 0x0, 0x0, 0x0, 0x0, 0x0, 0x5f, 0xff,
    0x30, 0x0, 0x0, 0xc, 0xff, 0x0, 0x0, 0x0,
    0x0, 0x0, 0x0, 0x6, 0xfe, 0x10, 0x0, 0x0,
    0xc, 0xff, 0x0, 0x0, 0x0, 0x0, 0x0, 0x0,
    0x0, 0x62, 0x0, 0x0, 0x0, 0xc, 0xff, 0x0,
    0x0, 0x0, 0x0, 0x0, 0x0, 0x0, 0x0, 0x0,
    0x0, 0x0, 0xc, 0xff, 0x0, 0x0, 0x0, 0x0,
    0x0, 0x0, 0x0, 0x0, 0x0, 0x0, 0x0, 0xc,
    0xff, 0x0, 0x0, 0x0, 0x0, 0xbe, 0xee, 0xff,
    0xd0, 0x0, 0x0, 0x0, 0xc, 0xff, 0x99, 0x99,
    0x99, 0x0, 0xcf, 0xff, 0xff, 0xe0, 0x0, 0x0,
    0x0, 0xc, 0xff, 0xff, 0xff, 0xff, 0x10, 0x7a,
    0xaa, 0xdf, 0xe0, 0x0, 0x0, 0x0, 0xc, 0xff,
    0xff, 0xff, 0xff, 0x0, 0x0, 0x0, 0x9f, 0xe0,
    0x0, 0x0, 0x0, 0xc, 0xff, 0x0, 0x0, 0x0,
    0x0, 0x0, 0x0, 0x9f, 0xe0, 0x0, 0x0, 0x0,
    0xc, 0xff, 0x0, 0x0, 0x0, 0x0, 0x0, 0x0,
    0x9f, 0xe0, 0x0, 0x0, 0x0, 0xc, 0xff, 0x0,
    0x0, 0x0, 0x0, 0x0, 0x0, 0x9f, 0xe0, 0x0,
    0x0, 0x0, 0xc, 0xff, 0x0, 0x0, 0x0, 0x0,
    0x0, 0x0, 0x9f, 0xe0, 0x0, 0x0, 0x0, 0xc,
    0xff, 0x0, 0x0, 0x0, 0x0, 0x0, 0x0, 0x9f,
    0xe0, 0x0, 0x0, 0x0, 0xc, 0xff, 0x0, 0x0,
    0x0, 0x0, 0x0, 0x0, 0x9f, 0xe0, 0x9, 0x20,
    0x0, 0xc, 0xff, 0x0, 0x0, 0x0, 0x0, 0x0,
    0x0, 0x9f, 0xe1, 0xcf, 0x70, 0x0, 0xc, 0xff,
    0x0, 0x0, 0x0, 0x0, 0x0, 0x0, 0x9f, 0xfe,
    0xff, 0x70, 0x0, 0xc, 0xff, 0x0, 0x0, 0x0,
    0x0, 0x0, 0x0, 0xaf, 0xff, 0xf4, 0x0, 0x0,
    0xc, 0xff, 0x0, 0x0, 0x0, 0x0, 0x0, 0x2,
    0xff, 0xfd, 0x31, 0x11, 0x11, 0x1c, 0xff, 0x11,
    0x11, 0x11, 0x11, 0x0, 0xc, 0xff, 0xb0, 0x6f,
    0xff, 0xff, 0xff, 0xff, 0xff, 0xff, 0xff, 0xff,
    0x0, 0x3e, 0xf8, 0x0, 0x6f, 0xff, 0xff, 0xff,
    0xff, 0xff, 0xff, 0xff, 0xff, 0x0, 0x2, 0x70,
    0x0, 0x38, 0x88, 0x88, 0x88, 0x88, 0x88, 0x88,
    0x88, 0x88,

    /* U+8BB0 "记" */
    0x0, 0x0, 0xb6, 0x0, 0x0, 0x0, 0x0, 0x0,
    0x0, 0x0, 0x0, 0x0, 0x0, 0x0, 0x0, 0xbf,
    0xf8, 0x0, 0x0, 0x6b, 0xbb, 0xbb, 0xbb, 0xbb,
    0xbb, 0xbb, 0x10, 0x0, 0x2, 0xef, 0xf9, 0x0,
    0x9, 0xff, 0xff, 0xff, 0xff, 0xff, 0xff, 0xf2,
    0x0, 0x0, 0x2, 0xef, 0xf9, 0x0, 0x8f, 0xff,
    0xff, 0xff, 0xff, 0xff, 0xff, 0x20, 0x0, 0x0,
    0x2, 0xef, 0xf2, 0x0, 0x0, 0x0, 0x0, 0x0,
    0x0, 0x8f, 0xf2, 0x0, 0x0, 0x0, 0x3, 0xe4,
    0x0, 0x0, 0x0, 0x0, 0x0, 0x0, 0x8, 0xff,
    0x20, 0x0, 0x0, 0x0, 0x1, 0x0, 0x0, 0x0,
    0x0, 0x0, 0x0, 0x0, 0x8f, 0xf2, 0x0, 0x0,
    0x0, 0x0, 0x0, 0x0, 0x0, 0x0, 0x0, 0x0,
    0x0, 0x8, 0xff, 0x20, 0xd, 0xdd, 0xdf, 0xfc,
    0x0, 0x0, 0x0, 0x0, 0x0, 0x0, 0x0, 0x8f,
    0xf2, 0x0, 0xff, 0xff, 0xff, 0xe0, 0x0, 0x0,
    0x0, 0x0, 0x0, 0x0, 0x8, 0xff, 0x20, 0xb,
    0xbb, 0xbe, 0xfe, 0x0, 0x0, 0x99, 0x99, 0x99,
    0x99, 0x99, 0xcf, 0xf2, 0x0, 0x0, 0x0, 0xbf,
    0xe0, 0x0, 0xf, 0xff, 0xff, 0xff, 0xff, 0xff,
    0xff, 0x20, 0x0, 0x0, 0xb, 0xfe, 0x0, 0x0,
    0xff, 0xff, 0xff, 0xff, 0xff, 0xff, 0xf2, 0x0,
    0x0, 0x0, 0xbf, 0xe0, 0x0, 0xf, 0xfb, 0x0,
    0x0, 0x0, 0x8, 0xff, 0x20, 0x0, 0x0, 0xb,
    0xfe, 0x0, 0x0, 0xff, 0xb0, 0x0, 0x0, 0x0,
    0x36, 0x60, 0x0, 0x0, 0x0, 0xbf, 0xe0, 0x0,
    0xf, 0xfb, 0x0, 0x0, 0x0, 0x0, 0x0, 0x0,
    0x0, 0x0, 0xb, 0xfe, 0x0, 0x0, 0xff, 0xb0,
    0x0, 0x0, 0x0, 0x0, 0x0, 0x0, 0x0, 0x0,
    0xbf, 0xe0, 0x0, 0xf, 0xfb, 0x0, 0x0, 0x0,
    0x0, 0x0, 0x0, 0x0, 0x0, 0xb, 0xfe, 0x4,
    0x80, 0xff, 0xb0, 0x0, 0x0, 0x0, 0x0, 0x88,
    0x20, 0x0, 0x0, 0xbf, 0xe9, 0xfe, 0x1f, 0xfb,
    0x0, 0x0, 0x0, 0x0, 0xa, 0xff, 0x0, 0x0,
    0xc, 0xff, 0xff, 0xd2, 0xff, 0xb0, 0x0, 0x0,
    0x0, 0x0, 0xcf, 0xd0, 0x0, 0x0, 0xff, 0xff,
    0xa0, 0xf, 0xfc, 0x0, 0x0, 0x0, 0x0, 0xf,
    0xfa, 0x0, 0x0, 0x9f, 0xff, 0x50, 0x0, 0xef,
    0xfa, 0x88, 0x88, 0x88, 0x9d, 0xff, 0x60, 0x0,
    0xa, 0xfd, 0x20, 0x0, 0x9, 0xff, 0xff, 0xff,
    0xff, 0xff, 0xff, 0xe0, 0x0, 0x0, 0xa, 0x0,
    0x0, 0x0, 0x8, 0xdf, 0xff, 0xff, 0xff, 0xfe,
    0xb2, 0x0,

    /* U+8BC1 "证" */
    0x0, 0x0, 0x0, 0x0, 0x0, 0x0, 0x0, 0x0,
    0x0, 0x0, 0x0, 0x0, 0x0, 0x0, 0x4, 0xd2,
    0x0, 0x0, 0x0, 0x0, 0x0, 0x0, 0x0, 0x0,
    0x0, 0x0, 0x0, 0x2, 0xff, 0xe3, 0x0, 0x2,
    0xbb, 0xbb, 0xbb, 0xbb, 0xbb, 0xbb, 0xbb, 0xb5,
    0x0, 0x6, 0xff, 0xf4, 0x0, 0x4f, 0xff, 0xff,
    0xff, 0xff, 0xff, 0xff, 0xff, 0x70, 0x0, 0x5,
    0xff, 0xf4, 0x3, 0xcc, 0xcc, 0xcc, 0xcf, 0xff,
    0xcc, 0xcc, 0xc5, 0x0, 0x0, 0x5, 0xff, 0x50,
    0x0, 0x0, 0x0, 0x0, 0xef, 0xc0, 0x0, 0x0,
    0x0, 0x0, 0x0, 0x6, 0x60, 0x0, 0x0, 0x0,
    0x0, 0xe, 0xfc, 0x0, 0x0, 0x0, 0x0, 0x0,
    0x0, 0x0, 0x0, 0x0, 0x0, 0x0, 0x0, 0xef,
    0xc0, 0x0, 0x0, 0x0, 0x0, 0x0, 0x0, 0x0,
    0x0, 0x0, 0x0, 0x0, 0xe, 0xfc, 0x0, 0x0,
    0x0, 0xa, 0xee, 0xef, 0xf7, 0x0, 0x0, 0x55,
    0x40, 0x0, 0xef, 0xc0, 0x0, 0x0, 0x0, 0xbf,
    0xff, 0xff, 0x80, 0x0, 0xe, 0xfb, 0x0, 0xe,
    0xfc, 0x0, 0x0, 0x0, 0x7, 0xaa, 0xaf, 0xf8,
    0x0, 0x0, 0xef, 0xb0, 0x0, 0xef, 0xd4, 0x44,
    0x44, 0x0, 0x0, 0x1, 0xff, 0x80, 0x0, 0xe,
    0xfb, 0x0, 0xe, 0xff, 0xff, 0xff, 0xe0, 0x0,
    0x0, 0x1f, 0xf8, 0x0, 0x0, 0xef, 0xb0, 0x0,
    0xef, 0xff, 0xff, 0xfe, 0x0, 0x0, 0x1, 0xff,
    0x80, 0x0, 0xe, 0xfb, 0x0, 0xe, 0xfd, 0x22,
    0x22, 0x20, 0x0, 0x0, 0x1f, 0xf8, 0x0, 0x0,
    0xef, 0xb0, 0x0, 0xef, 0xc0, 0x0, 0x0, 0x0,
    0x0, 0x1, 0xff, 0x80, 0x0, 0xe, 0xfb, 0x0,
    0xe, 0xfc, 0x0, 0x0, 0x0, 0x0, 0x0, 0x1f,
    0xf8, 0x0, 0x0, 0xef, 0xb0, 0x0, 0xef, 0xc0,
    0x0, 0x0, 0x0, 0x0, 0x1, 0xff, 0x80, 0x83,
    0xe, 0xfb, 0x0, 0xe, 0xfc, 0x0, 0x0, 0x0,
    0x0, 0x0, 0x1f, 0xf9, 0xbf, 0xa0, 0xef, 0xb0,
    0x0, 0xef, 0xc0, 0x0, 0x0, 0x0, 0x0, 0x1,
    0xff, 0xff, 0xfc, 0xe, 0xfb, 0x0, 0xe, 0xfc,
    0x0, 0x0, 0x0, 0x0, 0x0, 0x2f, 0xff, 0xfa,
    0x0, 0xef, 0xb0, 0x0, 0xef, 0xc0, 0x0, 0x0,
    0x0, 0x0, 0x9, 0xff, 0xf7, 0x3, 0x3f, 0xfc,
    0x33, 0x3e, 0xfd, 0x33, 0x33, 0x33, 0x0, 0x4,
    0xff, 0xf4, 0x2, 0xff, 0xff, 0xff, 0xff, 0xff,
    0xff, 0xff, 0xff, 0xf0, 0x0, 0x3e, 0xe3, 0x0,
    0x2f, 0xff, 0xff, 0xff, 0xff, 0xff, 0xff, 0xff,
    0xff, 0x0, 0x0, 0x42, 0x0, 0x0, 0x44, 0x44,
    0x44, 0x44, 0x44, 0x44, 0x44, 0x44, 0x40,

    /* U+8BD5 "试" */
    0x0, 0x0, 0x0, 0x0, 0x0, 0x0, 0x0, 0x0,
    0x2, 0x77, 0x20, 0x20, 0x0, 0x0, 0x1, 0xc9,
    0x0, 0x0, 0x0, 0x0, 0x0, 0x0, 0x5f, 0xf5,
    0x9f, 0x60, 0x0, 0x0, 0x9f, 0xfb, 0x0, 0x0,
    0x0, 0x0, 0x0, 0x5, 0xff, 0x58, 0xff, 0x40,
    0x0, 0x0, 0xaf, 0xfc, 0x0, 0x0, 0x0, 0x0,
    0x0, 0x4f, 0xf5, 0xb, 0xfe, 0x10, 0x0, 0x0,
    0xaf, 0xfc, 0x0, 0x0, 0x0, 0x0, 0x4, 0xff,
    0x50, 0x1e, 0xf5, 0x0, 0x0, 0x0, 0xbf, 0x70,
    0x0, 0x0, 0x0, 0x0, 0x4f, 0xf6, 0x0, 0x64,
    0x0, 0x0, 0x0, 0x0, 0x60, 0x4f, 0xff, 0xff,
    0xff, 0xff, 0xff, 0xff, 0xff, 0xff, 0x0, 0x0,
    0x0, 0x0, 0x4, 0xff, 0xff, 0xff, 0xff, 0xff,
    0xff, 0xff, 0xff, 0xf0, 0x0, 0x0, 0x0, 0x0,
    0x28, 0x88, 0x88, 0x88, 0x89, 0xff, 0xc8, 0x88,
    0x87, 0x9, 0xff, 0xff, 0xf8, 0x0, 0x0, 0x0,
    0x0, 0x0, 0x1f, 0xf9, 0x0, 0x0, 0x0, 0x9f,
    0xff, 0xff, 0x80, 0x0, 0x0, 0x0, 0x0, 0x0,
    0xff, 0x90, 0x0, 0x0, 0x5, 0x99, 0x9f, 0xf8,
    0x0, 0x0, 0x0, 0x0, 0x0, 0xf, 0xfb, 0x0,
    0x0, 0x0, 0x0, 0x0, 0xff, 0x80, 0x5, 0x88,
    0x88, 0x88, 0x80, 0xef, 0xc0, 0x0, 0x0, 0x0,
    0x0, 0xf, 0xf8, 0x0, 0x9f, 0xff, 0xff, 0xfe,
    0xc, 0xfd, 0x0, 0x0, 0x0, 0x0, 0x0, 0xff,
    0x80, 0x8, 0xee, 0xff, 0xfe, 0xd0, 0xbf, 0xf0,
    0x0, 0x0, 0x0, 0x0, 0xf, 0xf8, 0x0, 0x0,
    0xe, 0xf8, 0x0, 0x9, 0xff, 0x0, 0x0, 0x0,
    0x0, 0x0, 0xff, 0x80, 0x0, 0x0, 0xef, 0x80,
    0x0, 0x7f, 0xf2, 0x0, 0x0, 0x0, 0x0, 0xf,
    0xf8, 0x0, 0x0, 0xe, 0xf8, 0x0, 0x5, 0xff,
    0x50, 0x0, 0x0, 0x0, 0x0, 0xff, 0x80, 0x0,
    0x0, 0xef, 0x80, 0x0, 0x2f, 0xf7, 0x0, 0x10,
    0x0, 0x0, 0xf, 0xf8, 0x7, 0x40, 0xe, 0xf8,
    0x0, 0x20, 0xff, 0xb0, 0xe, 0x70, 0x0, 0x0,
    0xff, 0xbc, 0xf9, 0x0, 0xef, 0xcb, 0xfe, 0xc,
    0xff, 0x1, 0xff, 0x20, 0x0, 0x1f, 0xff, 0xff,
    0xa7, 0xbf, 0xff, 0xff, 0xf0, 0x8f, 0xf5, 0x3f,
    0xf0, 0x0, 0xa, 0xff, 0xfd, 0x3e, 0xff, 0xff,
    0xea, 0x51, 0x3, 0xff, 0xec, 0xfc, 0x0, 0x2,
    0xff, 0xf8, 0x0, 0x9f, 0xc8, 0x30, 0x0, 0x0,
    0xc, 0xff, 0xff, 0x70, 0x0, 0x9, 0xe3, 0x0,
    0x1, 0x10, 0x0, 0x0, 0x0, 0x0, 0x3f, 0xff,
    0xf1, 0x0, 0x0, 0x11, 0x0, 0x0, 0x0, 0x0,
    0x0, 0x0, 0x0, 0x0, 0x5e, 0xe5, 0x0,

    /* U+8BE6 "详" */
    0x0, 0x0, 0x0, 0x0, 0x0, 0x0, 0x17, 0x10,
    0x0, 0x0, 0x4, 0x83, 0x0, 0x0, 0x4e, 0x40,
    0x0, 0x0, 0x3, 0xff, 0x90, 0x0, 0x0, 0xb,
    0xff, 0x30, 0x0, 0xef, 0xf7, 0x0, 0x0, 0x0,
    0xbf, 0xf3, 0x0, 0x0, 0x2f, 0xfc, 0x0, 0x0,
    0x3e, 0xff, 0x80, 0x0, 0x0, 0x3f, 0xfb, 0x0,
    0x0, 0x8f, 0xf4, 0x0, 0x0, 0x2, 0xef, 0xf8,
    0x0, 0x0, 0xb, 0xff, 0x10, 0x1, 0xff, 0xc0,
    0x0, 0x0, 0x0, 0x2e, 0xf6, 0x0, 0x56, 0x6a,
    0xe8, 0x66, 0x6b, 0xff, 0x96, 0x61, 0x0, 0x0,
    0x3, 0x70, 0x0, 0xef, 0xff, 0xff, 0xff, 0xff,
    0xff, 0xff, 0xf2, 0x0, 0x0, 0x0, 0x0, 0x0,
    0xef, 0xff, 0xff, 0xff, 0xff, 0xff, 0xff, 0xf2,
    0x0, 0x0, 0x0, 0x0, 0x0, 0x0, 0x0, 0x0,
    0x9f, 0xf2, 0x0, 0x0, 0x0, 0xee, 0xee, 0xff,
    0x90, 0x0, 0x0, 0x0, 0x0, 0x9f, 0xf1, 0x0,
    0x0, 0x0, 0xff, 0xff, 0xff, 0xa0, 0x0, 0x0,
    0x0, 0x0, 0x9f, 0xf1, 0x0, 0x0, 0x0, 0xbc,
    0xcc, 0xff, 0xa0, 0x0, 0x7, 0x77, 0x77, 0xcf,
    0xf8, 0x77, 0x77, 0x20, 0x0, 0x0, 0xef, 0xa0,
    0x0, 0xf, 0xff, 0xff, 0xff, 0xff, 0xff, 0xff,
    0x50, 0x0, 0x0, 0xef, 0xa0, 0x0, 0xf, 0xff,
    0xff, 0xff, 0xff, 0xff, 0xff, 0x40, 0x0, 0x0,
    0xef, 0xa0, 0x0, 0x0, 0x0, 0x0, 0x9f, 0xf1,
    0x0, 0x0, 0x0, 0x0, 0x0, 0xef, 0xa0, 0x0,
    0x0, 0x0, 0x0, 0x9f, 0xf1, 0x0, 0x0, 0x0,
    0x0, 0x0, 0xef, 0xa0, 0x0, 0x0, 0x0, 0x0,
    0x9f, 0xf1, 0x0, 0x0, 0x0, 0x0, 0x0, 0xef,
    0xa0, 0x4, 0x88, 0x88, 0x88, 0xcf, 0xf8, 0x88,
    0x88, 0x85, 0x0, 0x0, 0xef, 0xa0, 0x8, 0xff,
    0xff, 0xff, 0xff, 0xff, 0xff, 0xff, 0xfb, 0x0,
    0x0, 0xef, 0xa0, 0xad, 0xff, 0xff, 0xff, 0xff,
    0xff, 0xff, 0xff, 0xfa, 0x0, 0x0, 0xef, 0xcd,
    0xfb, 0x0, 0x0, 0x0, 0x9f, 0xf1, 0x0, 0x0,
    0x0, 0x0, 0x0, 0xff, 0xff, 0xf6, 0x0, 0x0,
    0x0, 0x9f, 0xf1, 0x0, 0x0, 0x0, 0x0, 0x3,
    0xff, 0xfd, 0x20, 0x0, 0x0, 0x0, 0x9f, 0xf1,
    0x0, 0x0, 0x0, 0x0, 0xc, 0xff, 0xa0, 0x0,
    0x0, 0x0, 0x0, 0x9f, 0xf1, 0x0, 0x0, 0x0,
    0x0, 0xb, 0xf6, 0x0, 0x0, 0x0, 0x0, 0x0,
    0x9f, 0xf1, 0x0, 0x0, 0x0, 0x0, 0x1, 0x40,
    0x0, 0x0, 0x0, 0x0, 0x0, 0x9f, 0xf1, 0x0,
    0x0, 0x0,

    /* U+8BF7 "请" */
    0x0, 0x1, 0x0, 0x0, 0x0, 0x0, 0x0, 0x0,
    0xdd, 0x70, 0x0, 0x0, 0x0, 0x0, 0x7f, 0x50,
    0x0, 0x0, 0x0, 0x0, 0x0, 0xff, 0x90, 0x0,
    0x0, 0x0, 0x2, 0xff, 0xf6, 0x0, 0x4, 0xcc,
    0xcc, 0xcc, 0xff, 0xec, 0xcc, 0xcc, 0xc1, 0x0,
    0x3f, 0xff, 0x60, 0x5, 0xff, 0xff, 0xff, 0xff,
    0xff, 0xff, 0xff, 0xf2, 0x0, 0x3, 0xff, 0xf5,
    0x0, 0x22, 0x22, 0x23, 0xff, 0xa2, 0x22, 0x22,
    0x20, 0x0, 0x0, 0x4f, 0xf4, 0x0, 0x0, 0x0,
    0x1, 0xff, 0x90, 0x0, 0x0, 0x0, 0x0, 0x0,
    0x7, 0x60, 0x0, 0xaf, 0xff, 0xff, 0xff, 0xff,
    0xff, 0xff, 0x40, 0x0, 0x0, 0x0, 0x0, 0x0,
    0x8c, 0xcc, 0xcc, 0xff, 0xec, 0xcc, 0xcc, 0x30,
    0x0, 0x0, 0x0, 0x0, 0x0, 0x0, 0x0, 0x0,
    0xff, 0x90, 0x0, 0x0, 0x0, 0xef, 0xff, 0xff,
    0x70, 0x2a, 0xaa, 0xaa, 0xab, 0xff, 0xea, 0xaa,
    0xaa, 0xaa, 0xff, 0xff, 0xff, 0x70, 0x3f, 0xff,
    0xff, 0xff, 0xff, 0xff, 0xff, 0xff, 0xff, 0x89,
    0x9a, 0xff, 0x70, 0x15, 0x55, 0x55, 0x55, 0x55,
    0x55, 0x55, 0x55, 0x54, 0x0, 0x1, 0xff, 0x70,
    0x0, 0x1, 0x11, 0x11, 0x11, 0x11, 0x11, 0x10,
    0x0, 0x0, 0x1, 0xff, 0x70, 0x0, 0x7f, 0xff,
    0xff, 0xff, 0xff, 0xff, 0xfd, 0x0, 0x0, 0x1,
    0xff, 0x70, 0x0, 0x7f, 0xfe, 0xee, 0xee, 0xee,
    0xef, 0xfd, 0x0, 0x0, 0x1, 0xff, 0x70, 0x0,
    0x7f, 0xf0, 0x0, 0x0, 0x0, 0xa, 0xfd, 0x0,
    0x0, 0x1, 0xff, 0x70, 0x0, 0x7f, 0xfb, 0xbb,
    0xbb, 0xbb, 0xbe, 0xfd, 0x0, 0x0, 0x1, 0xff,
    0x70, 0x0, 0x7f, 0xff, 0xff, 0xff, 0xff, 0xff,
    0xfd, 0x0, 0x0, 0x1, 0xff, 0x70, 0x22, 0x7f,
    0xf1, 0x11, 0x11, 0x11, 0x1b, 0xfd, 0x0, 0x0,
    0x1, 0xff, 0x76, 0xf8, 0x7f, 0xf0, 0x0, 0x0,
    0x0, 0xa, 0xfd, 0x0, 0x0, 0x1, 0xff, 0xef,
    0xfd, 0x7f, 0xfc, 0xcc, 0xcc, 0xcc, 0xcf, 0xfd,
    0x0, 0x0, 0x2, 0xff, 0xff, 0xd3, 0x7f, 0xff,
    0xff, 0xff, 0xff, 0xff, 0xfd, 0x0, 0x0, 0x9,
    0xff, 0xfa, 0x10, 0x7f, 0xf0, 0x0, 0x0, 0x0,
    0xa, 0xfd, 0x0, 0x0, 0x3f, 0xff, 0x60, 0x0,
    0x7f, 0xf0, 0x0, 0x0, 0x54, 0x4c, 0xfd, 0x0,
    0x0, 0xb, 0xe3, 0x0, 0x0, 0x7f, 0xf0, 0x0,
    0x0, 0xdf, 0xff, 0xfb, 0x0, 0x0, 0x2, 0x10,
    0x0, 0x0, 0x7f, 0xf0, 0x0, 0x0, 0x7e, 0xed,
    0xa1, 0x0,

    /* U+8BFB "读" */
    0x0, 0x0, 0x0, 0x0, 0x0, 0x0, 0x0, 0x1,
    0xaa, 0x40, 0x0, 0x0, 0x0, 0x0, 0x4, 0xe4,
    0x0, 0x0, 0x0, 0x0, 0x0, 0x2f, 0xf7, 0x0,
    0x0, 0x0, 0x0, 0x1, 0xff, 0xf7, 0x0, 0x0,
    0x23, 0x33, 0x35, 0xff, 0x93, 0x33, 0x33, 0x0,
    0x0, 0x4, 0xff, 0xf9, 0x0, 0xd, 0xff, 0xff,
    0xff, 0xff, 0xff, 0xff, 0xf2, 0x0, 0x0, 0x3,
    0xff, 0xfa, 0x0, 0xdf, 0xff, 0xff, 0xff, 0xff,
    0xff, 0xff, 0x20, 0x0, 0x0, 0x3, 0xff, 0x90,
    0x0, 0x0, 0x0, 0x2f, 0xf7, 0x0, 0x0, 0x0,
    0x0, 0x0, 0x0, 0x4, 0x80, 0x0, 0x0, 0x0,
    0x2, 0xff, 0x70, 0x0, 0x0, 0x0, 0x0, 0x0,
    0x0, 0x0, 0x0, 0xbd, 0xdd, 0xdd, 0xdf, 0xfe,
    0xdd, 0xdd, 0xec, 0x50, 0x0, 0x0, 0x0, 0x0,
    0xd, 0xff, 0xff, 0xff, 0xff, 0xff, 0xff, 0xff,
    0xf5, 0xd, 0xff, 0xff, 0xf5, 0x0, 0x57, 0x77,
    0x77, 0x77, 0x77, 0x77, 0x7c, 0xff, 0x0, 0xef,
    0xff, 0xff, 0x50, 0x0, 0x1, 0x93, 0x0, 0x49,
    0x91, 0x0, 0xcf, 0xa0, 0x8, 0xaa, 0xaf, 0xf5,
    0x0, 0x0, 0x6f, 0xf9, 0x6, 0xff, 0x20, 0x2f,
    0xf4, 0x0, 0x0, 0x1, 0xff, 0x50, 0x0, 0x20,
    0x3d, 0xfe, 0x9f, 0xf2, 0x4, 0xdd, 0x0, 0x0,
    0x0, 0x1f, 0xf5, 0x0, 0x6f, 0xb2, 0x9, 0xd7,
    0xff, 0x10, 0x0, 0x0, 0x0, 0x0, 0x1, 0xff,
    0x50, 0x2, 0xcf, 0xf6, 0x1, 0x7f, 0xf1, 0x0,
    0x0, 0x0, 0x0, 0x0, 0x1f, 0xf5, 0x0, 0x0,
    0x7f, 0xf5, 0x9, 0xff, 0x0, 0x0, 0x0, 0x0,
    0x0, 0x1, 0xff, 0x50, 0x4, 0x44, 0x8d, 0x44,
    0xcf, 0xf4, 0x44, 0x44, 0x43, 0x0, 0x0, 0x1f,
    0xf5, 0x1, 0xff, 0xff, 0xff, 0xff, 0xff, 0xff,
    0xff, 0xff, 0xd0, 0x0, 0x1, 0xff, 0x50, 0x3f,
    0xff, 0xff, 0xff, 0xff, 0xff, 0xff, 0xff, 0xfd,
    0x0, 0x0, 0x1f, 0xf5, 0x6e, 0x10, 0x0, 0x1,
    0xef, 0xf1, 0x20, 0x0, 0x0, 0x0, 0x0, 0x1,
    0xff, 0xdf, 0xf5, 0x0, 0x0, 0xaf, 0xf7, 0x3f,
    0xb1, 0x0, 0x0, 0x0, 0x0, 0x1f, 0xff, 0xfa,
    0x0, 0x0, 0x9f, 0xfc, 0x8, 0xff, 0xf6, 0x0,
    0x0, 0x0, 0x5, 0xff, 0xf8, 0x0, 0x1, 0xbf,
    0xfd, 0x10, 0x4, 0xef, 0xfa, 0x0, 0x0, 0x0,
    0xdf, 0xf6, 0x0, 0x7, 0xff, 0xfc, 0x10, 0x0,
    0x1, 0xcf, 0xfd, 0x20, 0x0, 0x2f, 0xf5, 0x0,
    0x4f, 0xff, 0xf9, 0x0, 0x0, 0x0, 0x0, 0xaf,
    0xfe, 0x10, 0x0, 0x55, 0x0, 0x0, 0xdf, 0xb3,
    0x0, 0x0, 0x0, 0x0, 0x0, 0x8f, 0x70, 0x0,
    0x0, 0x0, 0x0, 0x3, 0x20, 0x0, 0x0, 0x0,
    0x0, 0x0, 0x0, 0x30, 0x0,

    /* U+8C03 "调" */
    0x0, 0x3b, 0x10, 0x0, 0x2, 0x67, 0x66, 0x66,
    0x66, 0x66, 0x66, 0x67, 0x61, 0x2, 0xff, 0xe2,
    0x0, 0x6, 0xff, 0xff, 0xff, 0xff, 0xff, 0xff,
    0xff, 0xf3, 0x0, 0x7f, 0xfe, 0x20, 0x6, 0xff,
    0xff, 0xff, 0xff, 0xff, 0xff, 0xff, 0xf3, 0x0,
    0x6, 0xff, 0xe2, 0x6, 0xff, 0x0, 0x0, 0x33,
    0x0, 0x0, 0x2f, 0xf3, 0x0, 0x0, 0x6f, 0xf8,
    0x6, 0xff, 0x0, 0x0, 0xef, 0x30, 0x0, 0x2f,
    0xf3, 0x0, 0x0, 0x8, 0x90, 0x6, 0xff, 0x0,
    0x11, 0xff, 0x41, 0x10, 0x2f, 0xf3, 0x0, 0x0,
    0x0, 0x0, 0x6, 0xff, 0xc, 0xff, 0xff, 0xff,
    0xf0, 0x2f, 0xf3, 0x0, 0x0, 0x0, 0x0, 0x6,
    0xff, 0xa, 0xdd, 0xff, 0xed, 0xd0, 0x2f, 0xf3,
    0xac, 0xcc, 0xcc, 0x40, 0x6, 0xff, 0x0, 0x0,
    0xef, 0x30, 0x0, 0x2f, 0xf3, 0xef, 0xff, 0xff,
    0x50, 0x6, 0xff, 0x0, 0x0, 0xef, 0x30, 0x0,
    0x2f, 0xf3, 0x89, 0x9a, 0xff, 0x50, 0x6, 0xff,
    0x2f, 0xff, 0xff, 0xff, 0xfa, 0x2f, 0xf3, 0x0,
    0x3, 0xff, 0x50, 0x6, 0xfe, 0x2f, 0xff, 0xff,
    0xff, 0xfa, 0x2f, 0xf3, 0x0, 0x3, 0xff, 0x50,
    0x7, 0xfe, 0x0, 0x0, 0x0, 0x0, 0x0, 0x2f,
    0xf3, 0x0, 0x3, 0xff, 0x50, 0x7, 0xfe, 0x0,
    0x0, 0x0, 0x0, 0x0, 0x2f, 0xf3, 0x0, 0x3,
    0xff, 0x50, 0x8, 0xfd, 0xd, 0xff, 0xff, 0xff,
    0xc0, 0x2f, 0xf3, 0x0, 0x3, 0xff, 0x50, 0x9,
    0xfb, 0xe, 0xff, 0xff, 0xff, 0xd0, 0x2f, 0xf3,
    0x0, 0x3, 0xff, 0x50, 0xb, 0xfa, 0xe, 0xf1,
    0x0, 0x2f, 0xd0, 0x2f, 0xf3, 0x0, 0x3, 0xff,
    0x50, 0xd, 0xf8, 0xe, 0xf1, 0x0, 0x2f, 0xd0,
    0x2f, 0xf3, 0x0, 0x3, 0xff, 0x6a, 0x7f, 0xf5,
    0xe, 0xf2, 0x0, 0x3f, 0xd0, 0x2f, 0xf3, 0x0,
    0x3, 0xff, 0xff, 0xff, 0xf2, 0xe, 0xff, 0xff,
    0xff, 0xd0, 0x2f, 0xf3, 0x0, 0x6, 0xff, 0xff,
    0xef, 0xe0, 0xe, 0xfd, 0xdd, 0xdd, 0xb0, 0x2f,
    0xf3, 0x0, 0xd, 0xff, 0xf5, 0xef, 0x90, 0xe,
    0xf1, 0x0, 0x0, 0x0, 0x2f, 0xf3, 0x0, 0x9f,
    0xfd, 0x26, 0xff, 0x30, 0x1, 0x10, 0x0, 0x5,
    0x65, 0x8f, 0xf2, 0x0, 0x1e, 0xa0, 0xd, 0xfc,
    0x0, 0x0, 0x0, 0x0, 0x9, 0xff, 0xff, 0xf0,
    0x0, 0x2, 0x0, 0x1, 0xb3, 0x0, 0x0, 0x0,
    0x0, 0x4, 0xff, 0xeb, 0x30, 0x0, 0x0, 0x0,
    0x0, 0x0, 0x0, 0x0, 0x0, 0x0, 0x0, 0x0,
    0x0, 0x0,

    /* U+8D25 "败" */
    0x0, 0x0, 0x0, 0x0, 0x0, 0x0, 0x0, 0x0,
    0x13, 0x0, 0x0, 0x0, 0x0, 0x0, 0x3, 0x44,
    0x44, 0x44, 0x44, 0x41, 0x0, 0x5, 0xff, 0x10,
    0x0, 0x0, 0x0, 0x0, 0xdf, 0xff, 0xff, 0xff,
    0xff, 0x50, 0x0, 0x9f, 0xe0, 0x0, 0x0, 0x0,
    0x0, 0xd, 0xff, 0xff, 0xff, 0xff, 0xf5, 0x0,
    0xd, 0xfa, 0x0, 0x0, 0x0, 0x0, 0x0, 0xdf,
    0x51, 0x11, 0x11, 0xef, 0x50, 0x1, 0xff, 0x60,
    0x0, 0x0, 0x0, 0x0, 0xd, 0xf4, 0x0, 0x0,
    0xe, 0xf5, 0x0, 0x6f, 0xf8, 0x77, 0x77, 0x77,
    0x71, 0x0, 0xdf, 0x40, 0xef, 0x60, 0xef, 0x50,
    0xc, 0xff, 0xff, 0xff, 0xff, 0xff, 0x20, 0xd,
    0xf4, 0xe, 0xf6, 0xe, 0xf5, 0x2, 0xff, 0xfe,
    0xee, 0xef, 0xff, 0xe2, 0x0, 0xdf, 0x40, 0xef,
    0x60, 0xef, 0x50, 0x8f, 0xf1, 0x0, 0x0, 0xff,
    0x40, 0x0, 0xd, 0xf4, 0xe, 0xf6, 0xe, 0xf5,
    0x1f, 0xfa, 0x0, 0x0, 0x1f, 0xf2, 0x0, 0x0,
    0xdf, 0x40, 0xef, 0x60, 0xef, 0x58, 0xff, 0x90,
    0x0, 0x4, 0xff, 0x0, 0x0, 0xd, 0xf4, 0xe,
    0xf6, 0xe, 0xf7, 0xff, 0xfd, 0x0, 0x0, 0x6f,
    0xd0, 0x0, 0x0, 0xdf, 0x40, 0xef, 0x60, 0xef,
    0x7f, 0xff, 0xf3, 0x0, 0xa, 0xfa, 0x0, 0x0,
    0xd, 0xf4, 0xe, 0xf6, 0xe, 0xf5, 0x68, 0xcf,
    0x90, 0x0, 0xef, 0x60, 0x0, 0x0, 0xdf, 0x40,
    0xff, 0x60, 0xef, 0x50, 0x6, 0xff, 0x0, 0x3f,
    0xf1, 0x0, 0x0, 0xd, 0xf4, 0xf, 0xf5, 0xe,
    0xf5, 0x0, 0xf, 0xf7, 0x8, 0xfd, 0x0, 0x0,
    0x0, 0xdf, 0x41, 0xff, 0x30, 0xef, 0x50, 0x0,
    0x8f, 0xe1, 0xef, 0x70, 0x0, 0x0, 0xd, 0xf4,
    0x3f, 0xf1, 0xe, 0xf5, 0x0, 0x1, 0xff, 0xdf,
    0xf1, 0x0, 0x0, 0x0, 0xbd, 0x47, 0xfe, 0x0,
    0xbc, 0x30, 0x0, 0x8, 0xff, 0xfa, 0x0, 0x0,
    0x0, 0x0, 0x0, 0xcf, 0xa0, 0x50, 0x0, 0x0,
    0x0, 0xe, 0xff, 0x30, 0x0, 0x0, 0x0, 0x0,
    0x3f, 0xf5, 0xdf, 0x50, 0x0, 0x0, 0x3, 0xff,
    0xfb, 0x0, 0x0, 0x0, 0x0, 0xc, 0xfd, 0x9,
    0xfe, 0x10, 0x0, 0x2, 0xef, 0xff, 0xfa, 0x0,
    0x0, 0x0, 0x8, 0xff, 0x40, 0xe, 0xfb, 0x0,
    0x3, 0xef, 0xf3, 0xbf, 0xfb, 0x10, 0x0, 0x9,
    0xff, 0x90, 0x0, 0x4f, 0xf6, 0x7, 0xff, 0xf4,
    0x0, 0xbf, 0xfe, 0x50, 0xc, 0xff, 0xb0, 0x0,
    0x0, 0xaf, 0x9a, 0xff, 0xf4, 0x0, 0x0, 0x9f,
    0xff, 0x50, 0x5f, 0x90, 0x0, 0x0, 0x1, 0x50,
    0x1e, 0xc2, 0x0, 0x0, 0x0, 0x5e, 0x90, 0x0,
    0x20, 0x0, 0x0, 0x0, 0x0, 0x0, 0x10, 0x0,
    0x0, 0x0, 0x0, 0x10, 0x0,

    /* U+8D2A "贪" */
    0x0, 0x0, 0x0, 0x0, 0x0, 0x0, 0x4, 0xa2,
    0x0, 0x0, 0x0, 0x0, 0x0, 0x0, 0x0, 0x0,
    0x0, 0x0, 0x0, 0x0, 0x8f, 0xfe, 0x10, 0x0,
    0x0, 0x0, 0x0, 0x0, 0x0, 0x0, 0x0, 0x0,
    0x0, 0x5d, 0xff, 0xff, 0xc4, 0x0, 0x0, 0x0,
    0x0, 0x0, 0x0, 0x0, 0x0, 0x0, 0x5c, 0xff,
    0xf9, 0x7f, 0xff, 0xc5, 0x0, 0x0, 0x0, 0x0,
    0x0, 0x0, 0x2, 0x7e, 0xff, 0xfd, 0x46, 0x2,
    0xaf, 0xff, 0xf9, 0x40, 0x0, 0x0, 0x0, 0x27,
    0xcf, 0xff, 0xfd, 0x51, 0xef, 0xc1, 0x2, 0xaf,
    0xff, 0xfe, 0xa6, 0x20, 0xb, 0xff, 0xff, 0xfc,
    0x50, 0x0, 0x5f, 0xfc, 0x0, 0x2, 0x8e, 0xff,
    0xff, 0xc0, 0x2, 0xff, 0xe8, 0x20, 0x0, 0x0,
    0x5, 0xfc, 0x10, 0x0, 0x0, 0x5a, 0xfe, 0x10,
    0x0, 0x53, 0xe, 0xff, 0xff, 0xff, 0xff, 0xff,
    0xff, 0xff, 0xfd, 0x30, 0x1, 0x0, 0x0, 0x0,
    0xe, 0xff, 0xff, 0xff, 0xff, 0xff, 0xff, 0xff,
    0xff, 0x40, 0x0, 0x0, 0x0, 0x0, 0x2, 0x22,
    0x22, 0x22, 0x22, 0x22, 0x24, 0xff, 0xf5, 0x0,
    0x0, 0x0, 0x0, 0x0, 0x0, 0x0, 0x0, 0x0,
    0x0, 0x0, 0x3e, 0xff, 0x60, 0x0, 0x0, 0x0,
    0x0, 0x0, 0x3, 0x33, 0x33, 0x33, 0x33, 0x33,
    0x9f, 0xfa, 0x33, 0x30, 0x0, 0x0, 0x0, 0x0,
    0x1f, 0xff, 0xff, 0xff, 0xff, 0xff, 0xff, 0xff,
    0xff, 0xf0, 0x0, 0x0, 0x0, 0x0, 0x1f, 0xff,
    0xff, 0xff, 0xff, 0xff, 0xff, 0xff, 0xff, 0xf0,
    0x0, 0x0, 0x0, 0x0, 0x1f, 0xf8, 0x22, 0x22,
    0x22, 0x22, 0x22, 0x22, 0xaf, 0xf0, 0x0, 0x0,
    0x0, 0x0, 0x1f, 0xf6, 0x0, 0x0, 0x8f, 0xf3,
    0x0, 0x0, 0xaf, 0xf0, 0x0, 0x0, 0x0, 0x0,
    0x1f, 0xf6, 0x0, 0x0, 0x8f, 0xf3, 0x0, 0x0,
    0xaf, 0xf0, 0x0, 0x0, 0x0, 0x0, 0x1f, 0xf6,
    0x0, 0x0, 0x9f, 0xf3, 0x0, 0x0, 0xaf, 0xf0,
    0x0, 0x0, 0x0, 0x0, 0x1f, 0xf6, 0x0, 0x0,
    0xdf, 0xf0, 0x0, 0x0, 0xaf, 0xf0, 0x0, 0x0,
    0x0, 0x0, 0x1f, 0xf6, 0x0, 0x7, 0xff, 0xb1,
    0x30, 0x0, 0xaf, 0xf0, 0x0, 0x0, 0x0, 0x0,
    0x5, 0x52, 0x0, 0x8f, 0xff, 0x2c, 0xfe, 0x93,
    0x12, 0x20, 0x0, 0x0, 0x0, 0x0, 0x0, 0x1,
    0x7e, 0xff, 0xf4, 0x2c, 0xff, 0xff, 0xe8, 0x20,
    0x0, 0x0, 0x0, 0x0, 0x26, 0xbf, 0xff, 0xfb,
    0x20, 0x0, 0x17, 0xcf, 0xff, 0xfb, 0x50, 0x0,
    0x0, 0x7e, 0xff, 0xff, 0xfb, 0x40, 0x0, 0x0,
    0x0, 0x2, 0x9e, 0xff, 0xf9, 0x0, 0x0, 0xc,
    0xff, 0xc7, 0x20, 0x0, 0x0, 0x0, 0x0, 0x0,
    0x0, 0x6d, 0xe1, 0x0, 0x0, 0x1, 0x40, 0x0,
    0x0, 0x0, 0x0, 0x0, 0x0, 0x0, 0x0, 0x0,
    0x20, 0x0,

    /* U+8D8A "越" */
    0x0, 0x0, 0x0, 0x5a, 0x90, 0x0, 0x0, 0x0,
    0x0, 0x7, 0xa6, 0x2, 0x10, 0x0, 0x0, 0x0,
    0x0, 0x8f, 0xe0, 0x0, 0x0, 0x0, 0x0, 0xb,
    0xfa, 0x7f, 0xc0, 0x0, 0x0, 0x0, 0x0, 0x8f,
    0xe0, 0x0, 0x0, 0x0, 0x0, 0xb, 0xfa, 0x1e,
    0xfa, 0x0, 0x0, 0x46, 0x66, 0xbf, 0xf6, 0x66,
    0x50, 0x0, 0x0, 0xa, 0xfa, 0x4, 0xff, 0x50,
    0x0, 0xaf, 0xff, 0xff, 0xff, 0xff, 0xc0, 0x0,
    0x0, 0x9, 0xfb, 0x0, 0x88, 0x0, 0x0, 0x9e,
    0xee, 0xff, 0xfe, 0xee, 0xb0, 0xef, 0xff, 0xff,
    0xff, 0xff, 0xff, 0xf1, 0x0, 0x0, 0x0, 0x8f,
    0xe0, 0x0, 0x0, 0xff, 0xff, 0xff, 0xff, 0xff,
    0xff, 0xf1, 0x0, 0x0, 0x0, 0x8f, 0xe0, 0x0,
    0x0, 0xff, 0x94, 0x49, 0xfe, 0x44, 0x44, 0x40,
    0x1, 0x22, 0x22, 0x9f, 0xf2, 0x22, 0x21, 0xff,
    0x70, 0x6, 0xfe, 0x0, 0x22, 0x0, 0xa, 0xff,
    0xff, 0xff, 0xff, 0xff, 0xf7, 0xff, 0x70, 0x5,
    0xff, 0x0, 0xaf, 0x80, 0xa, 0xff, 0xff, 0xff,
    0xff, 0xff, 0xf7, 0xff, 0x70, 0x3, 0xff, 0x11,
    0xff, 0x30, 0x1, 0x22, 0x22, 0x5f, 0xf7, 0x22,
    0x21, 0xff, 0x70, 0x1, 0xff, 0x37, 0xfe, 0x0,
    0x0, 0x0, 0x0, 0x3f, 0xf6, 0x0, 0x0, 0xff,
    0x70, 0x0, 0xff, 0x5d, 0xf7, 0x0, 0x0, 0x5f,
    0xc0, 0x3f, 0xf6, 0x0, 0x0, 0xff, 0x70, 0x0,
    0xdf, 0xdf, 0xf1, 0x0, 0x0, 0x5f, 0xe0, 0x3f,
    0xf7, 0x22, 0x10, 0xff, 0x70, 0x62, 0xbf, 0xff,
    0x90, 0x0, 0x0, 0x5f, 0xe0, 0x3f, 0xff, 0xff,
    0xc0, 0xff, 0xad, 0xf7, 0x8f, 0xff, 0x10, 0x0,
    0x0, 0x5f, 0xe0, 0x3f, 0xff, 0xff, 0xc1, 0xff,
    0xff, 0xf6, 0x6f, 0xf7, 0x8, 0x50, 0x0, 0x6f,
    0xf2, 0x3f, 0xf8, 0x33, 0x4d, 0xff, 0xfa, 0x12,
    0xff, 0xf5, 0xa, 0xf2, 0x0, 0x8f, 0xf9, 0x3f,
    0xf6, 0x0, 0xd, 0xfd, 0x40, 0x2e, 0xff, 0xfb,
    0xc, 0xf0, 0x0, 0xaf, 0xff, 0x6f, 0xf6, 0x0,
    0x5, 0x90, 0x4, 0xef, 0xf8, 0xff, 0x9f, 0xd0,
    0x0, 0xcf, 0xff, 0xff, 0xf6, 0x0, 0x0, 0x0,
    0x9f, 0xff, 0x40, 0xbf, 0xff, 0x80, 0x0, 0xff,
    0x7f, 0xff, 0xf6, 0x0, 0x0, 0x0, 0x8f, 0xe3,
    0x0, 0xa, 0xea, 0x0, 0x4, 0xff, 0x6, 0xff,
    0xfd, 0x74, 0x10, 0x0, 0x7, 0x10, 0x0, 0x0,
    0x0, 0x0, 0xa, 0xfb, 0x0, 0x5f, 0xff, 0xff,
    0xff, 0xfe, 0xee, 0xee, 0xef, 0xff, 0xff, 0xf2,
    0x1f, 0xf5, 0x0, 0x1, 0x8e, 0xff, 0xff, 0xff,
    0xff, 0xff, 0xff, 0xff, 0xff, 0xb0, 0x3, 0xd0,
    0x0, 0x0, 0x0, 0x25, 0x78, 0x99, 0xaa, 0xaa,
    0xaa, 0xaa, 0xaa, 0x40, 0x0, 0x0, 0x0, 0x0,
    0x0, 0x0, 0x0, 0x0, 0x0, 0x0, 0x0, 0x0,
    0x0, 0x0,

    /* U+8DD1 "跑" */
    0x0, 0x0, 0x0, 0x0, 0x0, 0x0, 0x0, 0x14,
    0x0, 0x0, 0x0, 0x0, 0x0, 0x0, 0x0, 0x45,
    0x55, 0x55, 0x55, 0x50, 0x0, 0x6f, 0xf1, 0x0,
    0x0, 0x0, 0x0, 0x0, 0x0, 0xef, 0xff, 0xff,
    0xff, 0xf0, 0x0, 0xcf, 0xc0, 0x0, 0x0, 0x0,
    0x0, 0x0, 0x0, 0xef, 0xff, 0xff, 0xff, 0xf0,
    0x3, 0xff, 0xa5, 0x55, 0x55, 0x56, 0x53, 0x0,
    0x0, 0xef, 0x60, 0x0, 0x7f, 0xf0, 0xb, 0xff,
    0xff, 0xff, 0xff, 0xff, 0xf9, 0x0, 0x0, 0xef,
    0x60, 0x0, 0x7f, 0xf0, 0x3f, 0xff, 0xff, 0xff,
    0xff, 0xff, 0xf8, 0x0, 0x0, 0xef, 0x60, 0x0,
    0x7f, 0xf0, 0xdf, 0xe0, 0x0, 0x0, 0x0, 0xf,
    0xf8, 0x0, 0x0, 0xef, 0x60, 0x0, 0x7f, 0xfa,
    0xff, 0x60, 0x0, 0x0, 0x0, 0xf, 0xf8, 0x0,
    0x0, 0xef, 0xca, 0xaa, 0xdf, 0xff, 0xfe, 0x44,
    0x44, 0x44, 0x30, 0xf, 0xf8, 0x0, 0x0, 0xef,
    0xff, 0xff, 0xff, 0xf3, 0xff, 0xff, 0xff, 0xff,
    0xe0, 0xf, 0xf8, 0x0, 0x0, 0x99, 0x9b, 0xff,
    0xa9, 0x90, 0x5f, 0xfe, 0xee, 0xef, 0xe0, 0xf,
    0xf8, 0x0, 0x0, 0x0, 0x5, 0xff, 0x0, 0x0,
    0x4f, 0xf1, 0x0, 0x5f, 0xe0, 0xf, 0xf8, 0x0,
    0x0, 0x33, 0x5, 0xff, 0x0, 0x0, 0x4f, 0xf1,
    0x0, 0x5f, 0xe0, 0xf, 0xf7, 0x0, 0x0, 0xff,
    0x25, 0xff, 0x21, 0x10, 0x4f, 0xf1, 0x0, 0x5f,
    0xe0, 0xf, 0xf7, 0x0, 0x0, 0xff, 0x25, 0xff,
    0xff, 0xe0, 0x4f, 0xf1, 0x0, 0x5f, 0xe0, 0xf,
    0xf7, 0x0, 0x0, 0xff, 0x25, 0xff, 0xff, 0xe0,
    0x4f, 0xfe, 0xee, 0xff, 0xe0, 0x1f, 0xf6, 0x0,
    0x0, 0xff, 0x25, 0xff, 0x43, 0x30, 0x4f, 0xff,
    0xff, 0xff, 0xe0, 0x4f, 0xf4, 0x0, 0x0, 0xff,
    0x25, 0xff, 0x0, 0x0, 0x4f, 0xf4, 0x44, 0x4b,
    0xfc, 0xef, 0xf2, 0x0, 0x0, 0xff, 0x25, 0xff,
    0x0, 0x0, 0x4f, 0xf1, 0x0, 0x5, 0xff, 0xff,
    0xb0, 0x0, 0x0, 0xff, 0x25, 0xff, 0x0, 0x0,
    0x4f, 0xf1, 0x0, 0x1, 0x88, 0x75, 0x0, 0x0,
    0x0, 0xff, 0x25, 0xff, 0x48, 0xc5, 0x4f, 0xf1,
    0x0, 0x0, 0x0, 0x0, 0x3, 0x0, 0x0, 0xff,
    0x6a, 0xff, 0xff, 0xf7, 0x4f, 0xf1, 0x0, 0x0,
    0x0, 0x0, 0x1f, 0xc1, 0x17, 0xff, 0xff, 0xff,
    0xfd, 0x93, 0x4f, 0xf1, 0x0, 0x0, 0x0, 0x0,
    0x4f, 0xf0, 0x2f, 0xff, 0xff, 0xb7, 0x20, 0x0,
    0x3f, 0xf9, 0x43, 0x33, 0x33, 0x34, 0xcf, 0xd0,
    0xe, 0xe9, 0x40, 0x0, 0x0, 0x0, 0xe, 0xff,
    0xff, 0xff, 0xff, 0xff, 0xff, 0x70, 0x1, 0x0,
    0x0, 0x0, 0x0, 0x0, 0x3, 0xbe, 0xff, 0xff,
    0xff, 0xff, 0xe8, 0x0,

    /* U+8DEF "路" */
    0x0, 0x0, 0x0, 0x0, 0x0, 0x0, 0x0, 0x0,
    0x87, 0x30, 0x0, 0x0, 0x0, 0x0, 0x0, 0x89,
    0x99, 0x99, 0x99, 0x95, 0x0, 0x1, 0xff, 0xa0,
    0x0, 0x0, 0x0, 0x0, 0x0, 0xdf, 0xff, 0xff,
    0xff, 0xf8, 0x0, 0x7, 0xff, 0x40, 0x0, 0x0,
    0x0, 0x0, 0x0, 0xdf, 0xda, 0xaa, 0xaf, 0xf8,
    0x0, 0xe, 0xff, 0xff, 0xff, 0xff, 0xa1, 0x0,
    0x0, 0xdf, 0x80, 0x0, 0xe, 0xf8, 0x0, 0x6f,
    0xff, 0xff, 0xff, 0xff, 0xf0, 0x0, 0x0, 0xdf,
    0x80, 0x0, 0xe, 0xf8, 0x1, 0xff, 0xf5, 0x55,
    0x5b, 0xff, 0xa0, 0x0, 0x0, 0xdf, 0x80, 0x0,
    0xe, 0xf8, 0xb, 0xff, 0xf4, 0x0, 0xe, 0xff,
    0x30, 0x0, 0x0, 0xdf, 0x92, 0x22, 0x2e, 0xf8,
    0x8f, 0xff, 0xfd, 0x0, 0x8f, 0xfb, 0x0, 0x0,
    0x0, 0xdf, 0xff, 0xff, 0xff, 0xfe, 0xff, 0xe3,
    0xff, 0xa2, 0xff, 0xf2, 0x0, 0x0, 0x0, 0xdf,
    0xff, 0xff, 0xff, 0xf9, 0xaf, 0x30, 0x7f, 0xfe,
    0xff, 0x70, 0x0, 0x0, 0x0, 0x22, 0x22, 0xef,
    0x92, 0x21, 0x3, 0x0, 0xb, 0xff, 0xfc, 0x0,
    0x0, 0x0, 0x0, 0x0, 0x0, 0xef, 0x80, 0x0,
    0x0, 0x0, 0xb, 0xff, 0xf8, 0x0, 0x0, 0x0,
    0x0, 0x56, 0x10, 0xef, 0x80, 0x0, 0x0, 0x1,
    0xcf, 0xff, 0xff, 0xa1, 0x0, 0x0, 0x0, 0xef,
    0x40, 0xef, 0x80, 0x0, 0x0, 0x4e, 0xff, 0xd4,
    0xef, 0xfe, 0x60, 0x0, 0x0, 0xef, 0x40, 0xef,
    0xff, 0xfc, 0x2a, 0xff, 0xfb, 0x10, 0x1c, 0xff,
    0xfd, 0x61, 0x0, 0xef, 0x40, 0xef, 0xff, 0xff,
    0xff, 0xff, 0x60, 0x0, 0x0, 0x7f, 0xff, 0xd1,
    0x0, 0xef, 0x40, 0xef, 0xb6, 0x66, 0xff, 0xff,
    0xff, 0xff, 0xff, 0xff, 0xff, 0x30, 0x0, 0xef,
    0x40, 0xef, 0x80, 0x0, 0x45, 0xff, 0xff, 0xff,
    0xff, 0xff, 0xf4, 0x0, 0x0, 0xef, 0x40, 0xef,
    0x80, 0x0, 0x3, 0xff, 0x74, 0x44, 0x44, 0xcf,
    0xf3, 0x0, 0x0, 0xef, 0x40, 0xef, 0x80, 0x0,
    0x3, 0xff, 0x30, 0x0, 0x0, 0xbf, 0xf3, 0x0,
    0x0, 0xef, 0x40, 0xef, 0x95, 0x9d, 0x3, 0xff,
    0x30, 0x0, 0x0, 0xbf, 0xf3, 0x0, 0x0, 0xef,
    0x76, 0xff, 0xff, 0xff, 0x23, 0xff, 0x30, 0x0,
    0x0, 0xbf, 0xf3, 0x0, 0x19, 0xff, 0xff, 0xff,
    0xff, 0xd9, 0x13, 0xff, 0x40, 0x0, 0x0, 0xbf,
    0xf3, 0x0, 0x1f, 0xff, 0xff, 0xd9, 0x51, 0x0,
    0x3, 0xff, 0xff, 0xff, 0xff, 0xff, 0xf3, 0x0,
    0xe, 0xc8, 0x51, 0x0, 0x0, 0x0, 0x3, 0xff,
    0xff, 0xff, 0xff, 0xff, 0xf3, 0x0, 0x0, 0x0,
    0x0, 0x0, 0x0, 0x0, 0x3, 0xff, 0x64, 0x44,
    0x44, 0xcf, 0xf3, 0x0, 0x0, 0x0, 0x0, 0x0,
    0x0, 0x0, 0x0, 0x11, 0x0, 0x0, 0x0, 0x0,
    0x0, 0x0,

    /* U+8E29 "踩" */
    0x0, 0x44, 0x44, 0x44, 0x44, 0x10, 0x0, 0x0,
    0x0, 0x0, 0x1, 0x47, 0xb6, 0x0, 0x1, 0xff,
    0xff, 0xff, 0xff, 0x60, 0x2, 0x35, 0x68, 0xac,
    0xef, 0xff, 0xfe, 0x10, 0x1, 0xff, 0xee, 0xee,
    0xff, 0x67, 0xff, 0xff, 0xff, 0xff, 0xff, 0xff,
    0xda, 0x30, 0x1, 0xfe, 0x0, 0x0, 0xcf, 0x62,
    0xff, 0xfe, 0xdb, 0xa8, 0x64, 0x20, 0x20, 0x0,
    0x1, 0xfe, 0x0, 0x0, 0xcf, 0x60, 0x12, 0x0,
    0x7, 0xb2, 0x0, 0x4, 0xfe, 0x10, 0x1, 0xfe,
    0x0, 0x0, 0xcf, 0x60, 0xbf, 0x30, 0xd, 0xf9,
    0x0, 0xb, 0xfd, 0x0, 0x1, 0xff, 0x33, 0x33,
    0xcf, 0x60, 0xcf, 0xa0, 0x7, 0xff, 0x0, 0x2f,
    0xf6, 0x0, 0x1, 0xff, 0xff, 0xff, 0xff, 0x60,
    0x4f, 0xf2, 0x2, 0xff, 0x50, 0xaf, 0xe0, 0x0,
    0x1, 0xff, 0xff, 0xff, 0xff, 0x60, 0xd, 0xf9,
    0x0, 0xdd, 0x43, 0xff, 0x70, 0x0, 0x0, 0x0,
    0x7, 0xfc, 0x0, 0x0, 0x7, 0xfb, 0x0, 0x43,
    0x12, 0xae, 0x0, 0x0, 0x0, 0x0, 0x7, 0xfc,
    0x0, 0x0, 0x2, 0x40, 0x1, 0xff, 0x80, 0x1,
    0x0, 0x0, 0x0, 0x0, 0x7, 0xfc, 0x0, 0x0,
    0x0, 0x0, 0x1, 0xff, 0x80, 0x0, 0x0, 0x0,
    0x4, 0xfc, 0x7, 0xfc, 0x0, 0x0, 0x66, 0x66,
    0x67, 0xff, 0xb6, 0x66, 0x66, 0x20, 0x4, 0xfc,
    0x7, 0xfe, 0xbb, 0x70, 0xff, 0xff, 0xff, 0xff,
    0xff, 0xff, 0xff, 0x50, 0x4, 0xfc, 0x7, 0xff,
    0xff, 0xa0, 0xff, 0xff, 0xff, 0xff, 0xff, 0xff,
    0xff, 0x50, 0x4, 0xfc, 0x7, 0xfd, 0x77, 0x40,
    0x0, 0x0, 0x9f, 0xff, 0xfe, 0x10, 0x0, 0x0,
    0x4, 0xfc, 0x7, 0xfc, 0x0, 0x0, 0x0, 0x3,
    0xff, 0xff, 0xff, 0xa0, 0x0, 0x0, 0x4, 0xfc,
    0x7, 0xfc, 0x0, 0x0, 0x0, 0xd, 0xfd, 0xff,
    0xdf, 0xf6, 0x0, 0x0, 0x4, 0xfc, 0x7, 0xfc,
    0x0, 0x0, 0x0, 0x9f, 0xf4, 0xff, 0x8b, 0xff,
    0x30, 0x0, 0x4, 0xfc, 0x7, 0xfc, 0x5a, 0x90,
    0x6, 0xff, 0x81, 0xff, 0x81, 0xff, 0xe2, 0x0,
    0x4, 0xfc, 0x2a, 0xff, 0xff, 0xd0, 0x6f, 0xfd,
    0x1, 0xff, 0x80, 0x5f, 0xfe, 0x30, 0x7, 0xff,
    0xff, 0xff, 0xfb, 0x67, 0xff, 0xf2, 0x1, 0xff,
    0x80, 0x9, 0xff, 0xf1, 0xf, 0xff, 0xff, 0xa5,
    0x10, 0x4, 0xff, 0x40, 0x1, 0xff, 0x80, 0x0,
    0xbf, 0x50, 0xb, 0xea, 0x50, 0x0, 0x0, 0x0,
    0x54, 0x0, 0x1, 0xff, 0x80, 0x0, 0x4, 0x0,
    0x1, 0x0, 0x0, 0x0, 0x0, 0x0, 0x0, 0x0,
    0x1, 0xff, 0x80, 0x0, 0x0, 0x0,

    /* U+8EAB "身" */
    0x0, 0x0, 0x0, 0x0, 0x0, 0x0, 0x89, 0x72,
    0x0, 0x0, 0x0, 0x0, 0x0, 0x0, 0x0, 0x0,
    0x0, 0x0, 0x0, 0x1f, 0xff, 0x10, 0x0, 0x0,
    0x0, 0x0, 0x0, 0x0, 0x0, 0x0, 0x0, 0x0,
    0x6, 0xff, 0x70, 0x0, 0x0, 0x0, 0x0, 0x0,
    0x0, 0x0, 0x0, 0x6f, 0xff, 0xff, 0xff, 0xff,
    0xff, 0xff, 0xff, 0x90, 0x0, 0x0, 0x0, 0x0,
    0x7, 0xff, 0xff, 0xff, 0xff, 0xff, 0xff, 0xff,
    0xfa, 0x0, 0x0, 0x0, 0x0, 0x0, 0x7f, 0xf7,
    0x55, 0x55, 0x55, 0x55, 0x55, 0xff, 0xa0, 0x0,
    0x0, 0x0, 0x0, 0x7, 0xff, 0x20, 0x0, 0x0,
    0x0, 0x0, 0xf, 0xfa, 0x0, 0x0, 0x0, 0x0,
    0x0, 0x7f, 0xfc, 0xcc, 0xcc, 0xcc, 0xcc, 0xcc,
    0xff, 0xa0, 0x0, 0x0, 0x0, 0x0, 0x7, 0xff,
    0xff, 0xff, 0xff, 0xff, 0xff, 0xff, 0xfa, 0x0,
    0x0, 0x0, 0x0, 0x0, 0x7f, 0xf5, 0x33, 0x33,
    0x33, 0x33, 0x33, 0xff, 0xa0, 0x0, 0x0, 0x0,
    0x0, 0x7, 0xff, 0x20, 0x0, 0x0, 0x0, 0x0,
    0xf, 0xfa, 0x7, 0xe7, 0x0, 0x0, 0x0, 0x7f,
    0xf5, 0x33, 0x33, 0x33, 0x33, 0x33, 0xff, 0xa3,
    0xff, 0xd0, 0x0, 0x0, 0x7, 0xff, 0xff, 0xff,
    0xff, 0xff, 0xff, 0xff, 0xfc, 0xef, 0xf2, 0x0,
    0x0, 0x0, 0x7f, 0xfd, 0xcc, 0xcc, 0xcc, 0xcc,
    0xcc, 0xff, 0xff, 0xf5, 0x0, 0x0, 0x0, 0x7,
    0xff, 0x20, 0x0, 0x0, 0x0, 0x0, 0xf, 0xff,
    0xf6, 0x0, 0x0, 0x2, 0x22, 0x8f, 0xf4, 0x22,
    0x22, 0x22, 0x22, 0x24, 0xff, 0xf7, 0x0, 0x0,
    0x2, 0xff, 0xff, 0xff, 0xff, 0xff, 0xff, 0xff,
    0xff, 0xff, 0xfb, 0x0, 0x0, 0x0, 0x2f, 0xff,
    0xff, 0xff, 0xff, 0xff, 0xff, 0xff, 0xff, 0xff,
    0xa0, 0x0, 0x0, 0x0, 0x22, 0x22, 0x22, 0x22,
    0x22, 0x22, 0x7f, 0xff, 0xcf, 0xfa, 0x0, 0x0,
    0x0, 0x0, 0x0, 0x0, 0x0, 0x0, 0x2, 0xbf,
    0xff, 0x80, 0xff, 0xa0, 0x0, 0x0, 0x0, 0x0,
    0x0, 0x0, 0x0, 0x2a, 0xff, 0xfd, 0x30, 0xf,
    0xfa, 0x0, 0x0, 0x0, 0x0, 0x0, 0x0, 0x4,
    0xbf, 0xff, 0xe6, 0x0, 0x0, 0xff, 0xa0, 0x0,
    0x0, 0x0, 0x0, 0x2, 0x8d, 0xff, 0xff, 0x70,
    0x0, 0x0, 0xf, 0xfa, 0x0, 0x0, 0x0, 0x3,
    0x7c, 0xff, 0xff, 0xe7, 0x0, 0x28, 0x88, 0x89,
    0xff, 0x90, 0x0, 0x0, 0xa, 0xff, 0xff, 0xfb,
    0x50, 0x0, 0x0, 0xef, 0xff, 0xff, 0xf5, 0x0,
    0x0, 0x0, 0x1e, 0xfc, 0x71, 0x0, 0x0, 0x0,
    0x9, 0xff, 0xff, 0xc6, 0x0, 0x0, 0x0, 0x0,
    0x21, 0x0, 0x0, 0x0, 0x0, 0x0, 0x1, 0x0,
    0x0, 0x0, 0x0, 0x0, 0x0,

    /* U+8F6C "转" */
    0x0, 0x0, 0x5, 0x63, 0x0, 0x0, 0x0, 0x0,
    0x0, 0x47, 0x50, 0x0, 0x0, 0x0, 0x0, 0x0,
    0xbf, 0xe0, 0x0, 0x0, 0x0, 0x0, 0xa, 0xff,
    0x0, 0x0, 0x0, 0x0, 0x0, 0xe, 0xfa, 0x0,
    0x0, 0x0, 0x0, 0x0, 0xef, 0xc0, 0x0, 0x0,
    0x0, 0x77, 0x78, 0xff, 0xb7, 0x77, 0x50, 0x77,
    0x77, 0x8f, 0xfc, 0x77, 0x77, 0x60, 0xe, 0xff,
    0xff, 0xff, 0xff, 0xfb, 0x1f, 0xff, 0xff, 0xff,
    0xff, 0xff, 0xfe, 0x0, 0xef, 0xff, 0xff, 0xff,
    0xff, 0xa1, 0xff, 0xff, 0xff, 0xff, 0xff, 0xff,
    0xd0, 0x0, 0x0, 0xef, 0x70, 0x0, 0x0, 0x0,
    0x0, 0xf, 0xfb, 0x0, 0x0, 0x0, 0x0, 0x0,
    0x3f, 0xf2, 0x0, 0x0, 0x0, 0x0, 0x4, 0xff,
    0x70, 0x0, 0x0, 0x0, 0x0, 0x8, 0xfc, 0x6f,
    0xf1, 0x0, 0x33, 0x33, 0x9f, 0xf6, 0x33, 0x33,
    0x33, 0x30, 0x0, 0xdf, 0x67, 0xff, 0x10, 0x1f,
    0xff, 0xff, 0xff, 0xff, 0xff, 0xff, 0xfe, 0x0,
    0x3f, 0xf1, 0x7f, 0xf1, 0x1, 0xff, 0xff, 0xff,
    0xff, 0xff, 0xff, 0xff, 0xe0, 0xa, 0xf9, 0x7,
    0xff, 0x10, 0x3, 0x33, 0x9f, 0xf7, 0x33, 0x33,
    0x33, 0x33, 0x4, 0xff, 0xed, 0xef, 0xfd, 0xd7,
    0x0, 0xb, 0xff, 0x10, 0x0, 0x0, 0x0, 0x0,
    0x5f, 0xff, 0xff, 0xff, 0xff, 0x90, 0x0, 0xff,
    0xc0, 0x0, 0x0, 0x0, 0x0, 0x0, 0xc9, 0x99,
    0xcf, 0xf9, 0x95, 0x0, 0x5f, 0xff, 0xff, 0xff,
    0xff, 0xf7, 0x0, 0x0, 0x0, 0x7, 0xff, 0x10,
    0x0, 0xa, 0xff, 0xff, 0xff, 0xff, 0xff, 0x80,
    0x0, 0x0, 0x0, 0x7f, 0xf1, 0x0, 0x0, 0x78,
    0x88, 0x88, 0x8b, 0xff, 0xc0, 0x0, 0x0, 0x0,
    0x7, 0xff, 0x56, 0x85, 0x0, 0x0, 0x0, 0x0,
    0xdf, 0xf2, 0x0, 0x0, 0x35, 0x79, 0xdf, 0xff,
    0xff, 0x90, 0x0, 0x10, 0x0, 0xaf, 0xf5, 0x0,
    0x0, 0xff, 0xff, 0xff, 0xff, 0xfe, 0xb5, 0x0,
    0x9f, 0x80, 0x7f, 0xf9, 0x0, 0x0, 0xc, 0xff,
    0xfc, 0xdf, 0xf2, 0x0, 0x0, 0x3e, 0xff, 0xef,
    0xfc, 0x0, 0x0, 0x0, 0x45, 0x20, 0x7, 0xff,
    0x10, 0x0, 0x0, 0x1a, 0xff, 0xff, 0x30, 0x0,
    0x0, 0x0, 0x0, 0x0, 0x7f, 0xf1, 0x0, 0x0,
    0x0, 0x4, 0xef, 0xfe, 0x40, 0x0, 0x0, 0x0,
    0x0, 0x7, 0xff, 0x10, 0x0, 0x0, 0x0, 0x1,
    0xbf, 0xff, 0x80, 0x0, 0x0, 0x0, 0x0, 0x7f,
    0xf1, 0x0, 0x0, 0x0, 0x0, 0x0, 0x7f, 0xfe,
    0x10, 0x0, 0x0, 0x0, 0x7, 0xff, 0x10, 0x0,
    0x0, 0x0, 0x0, 0x0, 0x4e, 0x20, 0x0, 0x0,
    0x0, 0x0, 0x0, 0x0, 0x0, 0x0, 0x0, 0x0,
    0x0, 0x0, 0x0, 0x0, 0x0,

    /* U+8F91 "辑" */
    0x0, 0x0, 0x8, 0x74, 0x0, 0x0, 0x0, 0x0,
    0x0, 0x0, 0x0, 0x0, 0x0, 0x0, 0x0, 0x0,
    0xef, 0xa0, 0x0, 0x0, 0xcd, 0xdd, 0xdd, 0xdd,
    0xdd, 0xdc, 0x0, 0x0, 0x0, 0x1f, 0xf6, 0x0,
    0x0, 0xe, 0xff, 0xff, 0xff, 0xff, 0xff, 0xf0,
    0x0, 0x89, 0x9a, 0xff, 0xa9, 0x99, 0x30, 0xef,
    0x80, 0x0, 0x0, 0xa, 0xff, 0x0, 0xe, 0xff,
    0xff, 0xff, 0xff, 0xf7, 0xe, 0xf8, 0x0, 0x0,
    0x0, 0x9f, 0xf0, 0x0, 0xcd, 0xdf, 0xff, 0xdd,
    0xdd, 0x60, 0xef, 0xdb, 0xbb, 0xbb, 0xbe, 0xff,
    0x0, 0x0, 0x1, 0xff, 0x60, 0x0, 0x0, 0xe,
    0xff, 0xff, 0xff, 0xff, 0xff, 0xf0, 0x0, 0x0,
    0x5f, 0xf1, 0x0, 0x0, 0x0, 0x33, 0x33, 0x33,
    0x33, 0x33, 0x33, 0x0, 0x0, 0xa, 0xfc, 0x5f,
    0xf1, 0x0, 0x22, 0x22, 0x22, 0x22, 0x22, 0x22,
    0x22, 0x10, 0x0, 0xff, 0x65, 0xff, 0x10, 0x4f,
    0xff, 0xff, 0xff, 0xff, 0xff, 0xff, 0xf9, 0x0,
    0x5f, 0xf1, 0x5f, 0xf1, 0x4, 0xff, 0xff, 0xff,
    0xff, 0xff, 0xff, 0xff, 0x90, 0xb, 0xfa, 0x5,
    0xff, 0x10, 0x0, 0xbf, 0xb0, 0x0, 0x0, 0xc,
    0xfb, 0x0, 0x5, 0xff, 0xed, 0xef, 0xfd, 0xd3,
    0xb, 0xfb, 0x0, 0x0, 0x0, 0xcf, 0xb0, 0x0,
    0x4f, 0xff, 0xff, 0xff, 0xff, 0x40, 0xbf, 0xfe,
    0xee, 0xee, 0xef, 0xfb, 0x0, 0x0, 0xc9, 0x99,
    0xbf, 0xf9, 0x92, 0xb, 0xff, 0xff, 0xff, 0xff,
    0xff, 0xb0, 0x0, 0x0, 0x0, 0x5, 0xff, 0x10,
    0x0, 0xbf, 0xb0, 0x0, 0x0, 0xc, 0xfb, 0x0,
    0x0, 0x0, 0x0, 0x5f, 0xf1, 0x0, 0xb, 0xfb,
    0x0, 0x0, 0x0, 0xcf, 0xb0, 0x0, 0x0, 0x0,
    0x5, 0xff, 0x57, 0x70, 0xbf, 0xff, 0xff, 0xff,
    0xff, 0xfb, 0x0, 0x1, 0x35, 0x8a, 0xdf, 0xff,
    0xfc, 0xb, 0xff, 0xff, 0xff, 0xff, 0xff, 0xb0,
    0x0, 0xff, 0xff, 0xff, 0xff, 0xfc, 0x80, 0xbf,
    0xb0, 0x0, 0x0, 0xc, 0xfb, 0x0, 0xc, 0xff,
    0xda, 0xbf, 0xf1, 0x0, 0xb, 0xfb, 0x1, 0x23,
    0x46, 0xdf, 0xea, 0x90, 0x33, 0x0, 0x5, 0xff,
    0x10, 0x8b, 0xff, 0xff, 0xff, 0xff, 0xff, 0xff,
    0xfd, 0x0, 0x0, 0x0, 0x5f, 0xf1, 0xb, 0xff,
    0xff, 0xff, 0xff, 0xfd, 0xff, 0xe8, 0x50, 0x0,
    0x0, 0x5, 0xff, 0x10, 0x69, 0x86, 0x54, 0x31,
    0x0, 0xc, 0xfb, 0x0, 0x0, 0x0, 0x0, 0x5f,
    0xf1, 0x0, 0x0, 0x0, 0x0, 0x0, 0x0, 0xcf,
    0xb0, 0x0, 0x0, 0x0, 0x5, 0xff, 0x10, 0x0,
    0x0, 0x0, 0x0, 0x0, 0xc, 0xfb, 0x0, 0x0,
    0x0, 0x0, 0x0, 0x0, 0x0, 0x0, 0x0, 0x0,
    0x0, 0x0, 0x11, 0x10, 0x0,

    /* U+8FB9 "边" */
    0x0, 0x0, 0x0, 0x0, 0x0, 0x0, 0x0, 0x1,
    0x21, 0x0, 0x0, 0x0, 0x0, 0x0, 0x0, 0x1c,
    0xc0, 0x0, 0x0, 0x0, 0x0, 0xe, 0xfe, 0x0,
    0x0, 0x0, 0x0, 0x0, 0x0, 0xaf, 0xfc, 0x0,
    0x0, 0x0, 0x0, 0xf, 0xfd, 0x0, 0x0, 0x0,
    0x0, 0x0, 0x0, 0xc, 0xff, 0xc0, 0x0, 0x0,
    0x0, 0xf, 0xfd, 0x0, 0x0, 0x0, 0x0, 0x0,
    0x0, 0x1, 0xdf, 0xfa, 0x0, 0x0, 0x0, 0xf,
    0xfc, 0x0, 0x0, 0x0, 0x0, 0x0, 0x0, 0x0,
    0x1e, 0xff, 0x25, 0x99, 0x99, 0xaf, 0xfe, 0x99,
    0x99, 0x9b, 0xa8, 0x0, 0x0, 0x0, 0x4, 0xd3,
    0x9, 0xff, 0xff, 0xff, 0xff, 0xff, 0xff, 0xff,
    0xfd, 0x0, 0x0, 0x0, 0x0, 0x0, 0x8, 0xff,
    0xff, 0xff, 0xff, 0xff, 0xff, 0xff, 0xfc, 0x0,
    0x0, 0x0, 0x0, 0x0, 0x0, 0x0, 0x0, 0x4f,
    0xf7, 0x0, 0x0, 0xf, 0xfc, 0x0, 0x0, 0x0,
    0x0, 0x0, 0x0, 0x0, 0x0, 0x6f, 0xf5, 0x0,
    0x0, 0xf, 0xfb, 0x0, 0x1f, 0xff, 0xff, 0xf1,
    0x0, 0x0, 0x0, 0x9f, 0xf2, 0x0, 0x0, 0xf,
    0xfa, 0x0, 0x1f, 0xff, 0xff, 0xf1, 0x0, 0x0,
    0x0, 0xcf, 0xf0, 0x0, 0x0, 0x1f, 0xfa, 0x0,
    0x8, 0x88, 0xdf, 0xf1, 0x0, 0x0, 0x1, 0xff,
    0xc0, 0x0, 0x0, 0x2f, 0xf9, 0x0, 0x0, 0x0,
    0x9f, 0xf1, 0x0, 0x0, 0x6, 0xff, 0x70, 0x0,
    0x0, 0x3f, 0xf8, 0x0, 0x0, 0x0, 0x9f, 0xf1,
    0x0, 0x0, 0xc, 0xff, 0x20, 0x0, 0x0, 0x4f,
    0xf7, 0x0, 0x0, 0x0, 0x9f, 0xf1, 0x0, 0x0,
    0x4f, 0xfb, 0x0, 0x0, 0x0, 0x6f, 0xf5, 0x0,
    0x0, 0x0, 0x9f, 0xf1, 0x0, 0x0, 0xdf, 0xf3,
    0x0, 0x0, 0x0, 0x8f, 0xf3, 0x0, 0x0, 0x0,
    0x9f, 0xf1, 0x0, 0xb, 0xff, 0xa0, 0x0, 0x0,
    0x0, 0xbf, 0xf1, 0x0, 0x0, 0x0, 0x9f, 0xf1,
    0x0, 0xaf, 0xfe, 0x10, 0x1, 0x0, 0x3, 0xff,
    0xe0, 0x0, 0x0, 0x0, 0x9f, 0xf1, 0x1d, 0xff,
    0xf3, 0x0, 0xd, 0xff, 0xff, 0xff, 0x90, 0x0,
    0x0, 0x0, 0xbf, 0xf2, 0x8, 0xfe, 0x30, 0x0,
    0x7, 0xff, 0xff, 0xfe, 0x10, 0x0, 0x0, 0x3e,
    0xff, 0xfd, 0x30, 0x71, 0x0, 0x0, 0x2, 0x99,
    0x99, 0x61, 0x0, 0x0, 0x4, 0xff, 0xfd, 0xff,
    0xfa, 0x30, 0x0, 0x0, 0x0, 0x0, 0x0, 0x0,
    0x0, 0x10, 0x4f, 0xff, 0x80, 0x2d, 0xff, 0xfe,
    0xba, 0x98, 0x88, 0x89, 0x9a, 0xbc, 0xef, 0xf0,
    0x3f, 0xfb, 0x0, 0x0, 0x8f, 0xff, 0xff, 0xff,
    0xff, 0xff, 0xff, 0xff, 0xff, 0xb0, 0x7, 0xe1,
    0x0, 0x0, 0x1, 0x6b, 0xdf, 0xff, 0xff, 0xff,
    0xff, 0xff, 0xed, 0x60, 0x0, 0x30, 0x0, 0x0,
    0x0, 0x0, 0x0, 0x11, 0x21, 0x11, 0x0, 0x0,
    0x0, 0x0,

    /* U+8FBE "达" */
    0x0, 0x0, 0x0, 0x0, 0x0, 0x0, 0x0, 0x0,
    0x45, 0x50, 0x0, 0x0, 0x0, 0x0, 0x0, 0x18,
    0x90, 0x0, 0x0, 0x0, 0x0, 0x0, 0xdf, 0xe0,
    0x0, 0x0, 0x0, 0x0, 0x0, 0xaf, 0xf7, 0x0,
    0x0, 0x0, 0x0, 0x0, 0xdf, 0xd0, 0x0, 0x0,
    0x0, 0x0, 0x0, 0x1e, 0xff, 0x20, 0x0, 0x0,
    0x0, 0x0, 0xef, 0xd0, 0x0, 0x0, 0x0, 0x0,
    0x0, 0x5, 0xff, 0xc0, 0x0, 0x0, 0x0, 0x0,
    0xef, 0xc0, 0x0, 0x0, 0x0, 0x0, 0x0, 0x0,
    0xbf, 0xf6, 0x0, 0x0, 0x0, 0x0, 0xff, 0xb0,
    0x0, 0x0, 0x0, 0x0, 0x0, 0x0, 0x2f, 0xf8,
    0xc, 0xff, 0xff, 0xff, 0xff, 0xff, 0xff, 0xff,
    0xff, 0x70, 0x0, 0x0, 0x7, 0x20, 0xc, 0xff,
    0xff, 0xff, 0xff, 0xff, 0xff, 0xff, 0xff, 0x70,
    0x0, 0x0, 0x0, 0x0, 0x6, 0x88, 0x88, 0x8a,
    0xff, 0xb8, 0x88, 0x88, 0x88, 0x30, 0x0, 0x0,
    0x0, 0x0, 0x0, 0x0, 0x0, 0x6, 0xff, 0x40,
    0x0, 0x0, 0x0, 0x0, 0x5, 0x88, 0x88, 0x84,
    0x0, 0x0, 0x0, 0x9, 0xff, 0x90, 0x0, 0x0,
    0x0, 0x0, 0xb, 0xff, 0xff, 0xf9, 0x0, 0x0,
    0x0, 0xd, 0xff, 0xf9, 0x0, 0x0, 0x0, 0x0,
    0xb, 0xff, 0xff, 0xf9, 0x0, 0x0, 0x0, 0x3f,
    0xff, 0xff, 0x90, 0x0, 0x0, 0x0, 0x0, 0x0,
    0x1f, 0xf9, 0x0, 0x0, 0x0, 0x9f, 0xf7, 0xef,
    0xf9, 0x0, 0x0, 0x0, 0x0, 0x0, 0x1f, 0xf9,
    0x0, 0x0, 0x2, 0xff, 0xe0, 0x2e, 0xff, 0x70,
    0x0, 0x0, 0x0, 0x0, 0x1f, 0xf9, 0x0, 0x0,
    0xb, 0xff, 0x70, 0x3, 0xff, 0xf6, 0x0, 0x0,
    0x0, 0x0, 0x1f, 0xf9, 0x0, 0x0, 0x9f, 0xfd,
    0x0, 0x0, 0x4f, 0xff, 0x40, 0x0, 0x0, 0x0,
    0x1f, 0xf9, 0x0, 0x9, 0xff, 0xf3, 0x0, 0x0,
    0x7, 0xff, 0xf2, 0x0, 0x0, 0x0, 0x1f, 0xf9,
    0x3, 0xdf, 0xff, 0x50, 0x0, 0x0, 0x0, 0x9f,
    0xfd, 0x0, 0x0, 0x0, 0x1f, 0xf9, 0xb, 0xff,
    0xf4, 0x0, 0x0, 0x0, 0x0, 0xc, 0xff, 0x40,
    0x0, 0x0, 0x8f, 0xfc, 0x1, 0xdb, 0x20, 0x0,
    0x0, 0x0, 0x0, 0x2, 0xd3, 0x0, 0x0, 0x2d,
    0xff, 0xff, 0xd3, 0x10, 0x0, 0x0, 0x0, 0x0,
    0x0, 0x0, 0x0, 0x0, 0x3, 0xef, 0xfb, 0x8f,
    0xff, 0xb5, 0x20, 0x0, 0x0, 0x0, 0x0, 0x1,
    0x24, 0x50, 0xe, 0xff, 0xa0, 0x2, 0xcf, 0xff,
    0xff, 0xfe, 0xee, 0xee, 0xff, 0xff, 0xff, 0xd0,
    0x6, 0xfc, 0x0, 0x0, 0x6, 0xdf, 0xff, 0xff,
    0xff, 0xff, 0xff, 0xff, 0xff, 0x80, 0x0, 0xa2,
    0x0, 0x0, 0x0, 0x2, 0x57, 0x9a, 0xaa, 0xa9,
    0x99, 0x88, 0x76, 0x20, 0x0, 0x0, 0x0, 0x0,
    0x0, 0x0, 0x0, 0x0, 0x0, 0x0, 0x0, 0x0,
    0x0, 0x0,

    /* U+8FC7 "过" */
    0x0, 0x0, 0x0, 0x0, 0x0, 0x0, 0x0, 0x0,
    0x0, 0x0, 0x66, 0x40, 0x0, 0x0, 0x0, 0x5,
    0x30, 0x0, 0x0, 0x0, 0x0, 0x0, 0x0, 0x0,
    0xff, 0xb0, 0x0, 0x0, 0x0, 0xaf, 0xf4, 0x0,
    0x0, 0x0, 0x0, 0x0, 0x0, 0x0, 0xff, 0xb0,
    0x0, 0x0, 0x0, 0x4f, 0xff, 0x40, 0x0, 0x0,
    0x0, 0x0, 0x0, 0x0, 0xff, 0xb0, 0x0, 0x0,
    0x0, 0x5, 0xff, 0xf2, 0x0, 0x0, 0x0, 0x0,
    0x0, 0x0, 0xff, 0xb0, 0x0, 0x0, 0x0, 0x0,
    0x7f, 0xfd, 0x6, 0x99, 0x99, 0x99, 0x99, 0x99,
    0xff, 0xe9, 0x99, 0x30, 0x0, 0x0, 0xa, 0xf8,
    0xa, 0xff, 0xff, 0xff, 0xff, 0xff, 0xff, 0xff,
    0xff, 0x60, 0x0, 0x0, 0x1, 0x40, 0xa, 0xff,
    0xff, 0xff, 0xff, 0xff, 0xff, 0xff, 0xff, 0x50,
    0x0, 0x0, 0x0, 0x0, 0x0, 0x0, 0x0, 0x0,
    0x0, 0x0, 0xff, 0xb0, 0x0, 0x0, 0x0, 0x0,
    0x0, 0x0, 0x0, 0x0, 0x20, 0x0, 0x0, 0x0,
    0xff, 0xb0, 0x0, 0x0, 0x2, 0x33, 0x33, 0x31,
    0x0, 0x3c, 0xf4, 0x0, 0x0, 0x0, 0xff, 0xb0,
    0x0, 0x0, 0xb, 0xff, 0xff, 0xf8, 0x0, 0x1e,
    0xff, 0x20, 0x0, 0x0, 0xff, 0xb0, 0x0, 0x0,
    0xb, 0xff, 0xff, 0xf8, 0x0, 0x3, 0xff, 0xd0,
    0x0, 0x0, 0xff, 0xb0, 0x0, 0x0, 0x3, 0x44,
    0x5f, 0xf8, 0x0, 0x0, 0x7f, 0xf9, 0x0, 0x0,
    0xff, 0xb0, 0x0, 0x0, 0x0, 0x0, 0x1f, 0xf8,
    0x0, 0x0, 0xc, 0xff, 0x40, 0x0, 0xff, 0xb0,
    0x0, 0x0, 0x0, 0x0, 0x1f, 0xf8, 0x0, 0x0,
    0x2, 0xf9, 0x10, 0x0, 0xff, 0xb0, 0x0, 0x0,
    0x0, 0x0, 0x1f, 0xf8, 0x0, 0x0, 0x0, 0x10,
    0x0, 0x0, 0xff, 0xb0, 0x0, 0x0, 0x0, 0x0,
    0x1f, 0xf8, 0x0, 0x0, 0x0, 0x0, 0x0, 0x0,
    0xff, 0xb0, 0x0, 0x0, 0x0, 0x0, 0x1f, 0xf8,
    0x0, 0x0, 0x0, 0x17, 0x77, 0x78, 0xff, 0xa0,
    0x0, 0x0, 0x0, 0x0, 0x1f, 0xf8, 0x0, 0x0,
    0x0, 0xd, 0xff, 0xff, 0xff, 0x70, 0x0, 0x0,
    0x0, 0x3, 0xdf, 0xfd, 0x20, 0x0, 0x0, 0x8,
    0xff, 0xff, 0xe8, 0x0, 0x0, 0x0, 0x0, 0x5f,
    0xff, 0xff, 0xf6, 0x0, 0x0, 0x1, 0x22, 0x10,
    0x0, 0x0, 0x0, 0x0, 0x6, 0xff, 0xf9, 0x7e,
    0xff, 0xe8, 0x53, 0x10, 0x0, 0x1, 0x22, 0x34,
    0x68, 0x90, 0xe, 0xff, 0x80, 0x1, 0xcf, 0xff,
    0xff, 0xff, 0xff, 0xff, 0xff, 0xff, 0xff, 0xb0,
    0x5, 0xfb, 0x0, 0x0, 0x5, 0xcf, 0xff, 0xff,
    0xff, 0xff, 0xff, 0xff, 0xff, 0x60, 0x0, 0x91,
    0x0, 0x0, 0x0, 0x1, 0x46, 0x78, 0x88, 0x88,
    0x77, 0x66, 0x55, 0x10,

    /* U+8FD4 "返" */
    0x0, 0x0, 0x0, 0x0, 0x0, 0x0, 0x0, 0x0,
    0x0, 0x0, 0x0, 0x15, 0x10, 0x0, 0x3, 0xc3,
    0x0, 0x0, 0x0, 0x0, 0x1, 0x34, 0x67, 0x9c,
    0xef, 0xfd, 0x20, 0x2, 0xff, 0xf3, 0x0, 0x0,
    0x8f, 0xff, 0xff, 0xff, 0xff, 0xff, 0xff, 0xfb,
    0x0, 0x6, 0xff, 0xe2, 0x0, 0x8, 0xff, 0xff,
    0xff, 0xff, 0xdb, 0x97, 0x40, 0x0, 0x0, 0x8,
    0xff, 0xe1, 0x0, 0x8f, 0xf6, 0x43, 0x20, 0x0,
    0x0, 0x0, 0x0, 0x0, 0x0, 0xa, 0xff, 0x70,
    0x8, 0xff, 0x10, 0x0, 0x0, 0x0, 0x0, 0x0,
    0x0, 0x0, 0x0, 0xc, 0x50, 0x0, 0x8f, 0xf1,
    0x0, 0x0, 0x0, 0x0, 0x0, 0x0, 0x0, 0x0,
    0x0, 0x0, 0x0, 0x8, 0xff, 0xdd, 0xdd, 0xdd,
    0xdd, 0xdd, 0xd9, 0x0, 0x0, 0x0, 0x0, 0x0,
    0x0, 0x8f, 0xff, 0xff, 0xff, 0xff, 0xff, 0xff,
    0xf0, 0x0, 0x0, 0x0, 0x0, 0x0, 0x8, 0xff,
    0xa9, 0x99, 0x99, 0x99, 0xaf, 0xfa, 0x0, 0x7,
    0x77, 0x77, 0x70, 0x0, 0x9f, 0xf0, 0x0, 0x0,
    0x0, 0x6, 0xff, 0x40, 0x0, 0xff, 0xff, 0xff,
    0x10, 0xa, 0xff, 0x6, 0xb1, 0x0, 0x0, 0xdf,
    0xd0, 0x0, 0xf, 0xff, 0xff, 0xf1, 0x0, 0xcf,
    0xd5, 0xff, 0xe3, 0x0, 0x7f, 0xf6, 0x0, 0x0,
    0x0, 0x9, 0xff, 0x10, 0xe, 0xfb, 0x6, 0xff,
    0xf5, 0x2f, 0xfd, 0x0, 0x0, 0x0, 0x0, 0x9f,
    0xf1, 0x1, 0xff, 0x80, 0x4, 0xff, 0xff, 0xff,
    0x30, 0x0, 0x0, 0x0, 0x9, 0xff, 0x10, 0x5f,
    0xf5, 0x0, 0x2, 0xef, 0xff, 0x80, 0x0, 0x0,
    0x0, 0x0, 0x9f, 0xf1, 0xb, 0xff, 0x10, 0x0,
    0x2d, 0xff, 0xfd, 0x20, 0x0, 0x0, 0x0, 0x9,
    0xff, 0x12, 0xff, 0xc0, 0x0, 0x6f, 0xff, 0xef,
    0xfe, 0x30, 0x0, 0x0, 0x0, 0x9f, 0xf1, 0xbf,
    0xf5, 0x4, 0xcf, 0xff, 0x80, 0xaf, 0xff, 0x40,
    0x0, 0x0, 0x9, 0xff, 0x4f, 0xfd, 0xb, 0xff,
    0xfe, 0x40, 0x0, 0x9f, 0xff, 0x20, 0x0, 0x1,
    0xcf, 0xf2, 0x3d, 0x30, 0x3f, 0xf8, 0x0, 0x0,
    0x0, 0x8f, 0x80, 0x0, 0x5, 0xff, 0xff, 0xe4,
    0x0, 0x0, 0x51, 0x0, 0x0, 0x0, 0x0, 0x40,
    0x0, 0x7, 0xff, 0xfa, 0xef, 0xfc, 0x63, 0x0,
    0x0, 0x0, 0x0, 0x0, 0x1, 0x24, 0x54, 0xff,
    0xf4, 0x1, 0xaf, 0xff, 0xff, 0xfe, 0xdd, 0xdd,
    0xee, 0xff, 0xff, 0xf8, 0xc, 0xf6, 0x0, 0x0,
    0x3b, 0xff, 0xff, 0xff, 0xff, 0xff, 0xff, 0xff,
    0xff, 0x30, 0x2a, 0x0, 0x0, 0x0, 0x1, 0x47,
    0x9a, 0xab, 0xaa, 0xa9, 0x99, 0x87, 0x60, 0x0,
    0x0, 0x0, 0x0, 0x0, 0x0, 0x0, 0x0, 0x0,
    0x0, 0x0, 0x0, 0x0, 0x0,

    /* U+8FDB "进" */
    0x0, 0xa, 0x70, 0x0, 0x0, 0x0, 0xa, 0xed,
    0x0, 0x1, 0xee, 0x70, 0x0, 0x0, 0x0, 0xbf,
    0xf8, 0x0, 0x0, 0x0, 0xb, 0xfe, 0x0, 0x1,
    0xff, 0x80, 0x0, 0x0, 0x0, 0x1d, 0xff, 0x80,
    0x0, 0x0, 0xb, 0xfe, 0x0, 0x1, 0xff, 0x80,
    0x0, 0x0, 0x0, 0x1, 0xdf, 0xf7, 0x0, 0x0,
    0xb, 0xfe, 0x0, 0x1, 0xff, 0x80, 0x0, 0x0,
    0x0, 0x0, 0x2e, 0xff, 0x14, 0x99, 0x9e, 0xff,
    0x99, 0x9a, 0xff, 0xd9, 0x99, 0x0, 0x0, 0x0,
    0x3, 0xe3, 0x7, 0xff, 0xff, 0xff, 0xff, 0xff,
    0xff, 0xff, 0xff, 0x0, 0x0, 0x0, 0x0, 0x0,
    0x7, 0xff, 0xff, 0xff, 0xff, 0xff, 0xff, 0xff,
    0xff, 0x0, 0x0, 0x0, 0x0, 0x0, 0x0, 0x0,
    0xb, 0xfe, 0x0, 0x1, 0xff, 0x80, 0x0, 0x0,
    0x0, 0x0, 0x0, 0x0, 0x0, 0x0, 0xb, 0xfe,
    0x0, 0x1, 0xff, 0x80, 0x0, 0x0, 0x5, 0x77,
    0x77, 0x73, 0x0, 0x0, 0xb, 0xfe, 0x0, 0x1,
    0xff, 0x80, 0x0, 0x0, 0xb, 0xff, 0xff, 0xf8,
    0x0, 0x0, 0xc, 0xfe, 0x0, 0x1, 0xff, 0x80,
    0x0, 0x0, 0xa, 0xff, 0xff, 0xf8, 0x6, 0x99,
    0x9e, 0xff, 0x99, 0x9a, 0xff, 0xd9, 0x99, 0x50,
    0x0, 0x0, 0x1f, 0xf8, 0xb, 0xff, 0xff, 0xff,
    0xff, 0xff, 0xff, 0xff, 0xff, 0x80, 0x0, 0x0,
    0x1f, 0xf8, 0xa, 0xff, 0xff, 0xff, 0xff, 0xff,
    0xff, 0xff, 0xff, 0x80, 0x0, 0x0, 0x1f, 0xf8,
    0x0, 0x0, 0x4f, 0xf7, 0x0, 0x1, 0xff, 0x80,
    0x0, 0x0, 0x0, 0x0, 0x1f, 0xf8, 0x0, 0x0,
    0xaf, 0xf3, 0x0, 0x1, 0xff, 0x80, 0x0, 0x0,
    0x0, 0x0, 0x1f, 0xf8, 0x0, 0x2, 0xff, 0xd0,
    0x0, 0x1, 0xff, 0x80, 0x0, 0x0, 0x0, 0x0,
    0x1f, 0xf8, 0x0, 0xc, 0xff, 0x60, 0x0, 0x1,
    0xff, 0x80, 0x0, 0x0, 0x0, 0x0, 0x1f, 0xf8,
    0x0, 0xaf, 0xfd, 0x0, 0x0, 0x1, 0xff, 0x80,
    0x0, 0x0, 0x0, 0x0, 0x7f, 0xf9, 0x0, 0xaf,
    0xf3, 0x0, 0x0, 0x1, 0xff, 0x80, 0x0, 0x0,
    0x0, 0x1c, 0xff, 0xff, 0xb1, 0xa, 0x40, 0x0,
    0x0, 0x0, 0xbb, 0x60, 0x0, 0x0, 0x2, 0xdf,
    0xfa, 0x8f, 0xff, 0x83, 0x0, 0x0, 0x0, 0x0,
    0x0, 0x0, 0x13, 0x50, 0xd, 0xff, 0x90, 0x3,
    0xdf, 0xff, 0xfe, 0xdc, 0xcc, 0xcc, 0xde, 0xff,
    0xff, 0xc0, 0x7, 0xfc, 0x0, 0x0, 0x7, 0xef,
    0xff, 0xff, 0xff, 0xff, 0xff, 0xff, 0xff, 0x80,
    0x0, 0xb2, 0x0, 0x0, 0x0, 0x3, 0x68, 0xaa,
    0xbb, 0xba, 0xa9, 0x98, 0x87, 0x20, 0x0, 0x0,
    0x0, 0x0, 0x0, 0x0, 0x0, 0x0, 0x0, 0x0,
    0x0, 0x0, 0x0, 0x0,

    /* U+8FF7 "迷" */
    0x0, 0x2, 0x0, 0x0, 0x0, 0x0, 0x0, 0x0,
    0x77, 0x30, 0x0, 0x0, 0x0, 0x0, 0x0, 0x7f,
    0x90, 0x0, 0x0, 0x3, 0x0, 0x0, 0xff, 0x80,
    0x0, 0x5, 0x0, 0x0, 0x0, 0xbf, 0xf8, 0x0,
    0x6, 0xff, 0x10, 0x0, 0xff, 0x80, 0x0, 0x4f,
    0xf6, 0x0, 0x0, 0xc, 0xff, 0x70, 0x2, 0xff,
    0x90, 0x0, 0xff, 0x80, 0x0, 0xbf, 0xf2, 0x0,
    0x0, 0x1, 0xef, 0xf4, 0x0, 0xaf, 0xf2, 0x0,
    0xff, 0x80, 0x3, 0xff, 0x90, 0x0, 0x0, 0x0,
    0x3f, 0xfa, 0x0, 0x2f, 0xf9, 0x0, 0xff, 0x80,
    0xb, 0xff, 0x10, 0x0, 0x0, 0x0, 0x7, 0x80,
    0x0, 0xc, 0xff, 0x0, 0xff, 0x80, 0x3f, 0xf6,
    0x0, 0x0, 0x0, 0x0, 0x0, 0x0, 0x0, 0x6,
    0xa4, 0x0, 0xff, 0x80, 0x2a, 0xc0, 0x0, 0x0,
    0x0, 0x0, 0x0, 0x0, 0x0, 0x0, 0x0, 0x0,
    0xff, 0x80, 0x0, 0x0, 0x0, 0x0, 0x3, 0x33,
    0x33, 0x30, 0x6e, 0xee, 0xee, 0xee, 0xff, 0xfe,
    0xee, 0xee, 0xee, 0x0, 0xf, 0xff, 0xff, 0xf1,
    0x7f, 0xff, 0xff, 0xff, 0xff, 0xff, 0xff, 0xff,
    0xff, 0x0, 0xf, 0xff, 0xff, 0xf1, 0x38, 0x88,
    0x88, 0xcf, 0xff, 0xff, 0x98, 0x88, 0x88, 0x0,
    0x3, 0x33, 0x9f, 0xf1, 0x0, 0x0, 0x1, 0xef,
    0xff, 0xff, 0xc0, 0x0, 0x0, 0x0, 0x0, 0x0,
    0x7f, 0xf1, 0x0, 0x0, 0xb, 0xff, 0xff, 0xef,
    0xfc, 0x10, 0x0, 0x0, 0x0, 0x0, 0x7f, 0xf1,
    0x0, 0x0, 0x8f, 0xf6, 0xff, 0x87, 0xff, 0xc1,
    0x0, 0x0, 0x0, 0x0, 0x7f, 0xf1, 0x0, 0x6,
    0xff, 0xa0, 0xff, 0x80, 0x8f, 0xfc, 0x10, 0x0,
    0x0, 0x0, 0x7f, 0xf1, 0x0, 0x6f, 0xfd, 0x10,
    0xff, 0x80, 0x9, 0xff, 0xc0, 0x0, 0x0, 0x0,
    0x7f, 0xf1, 0x7, 0xff, 0xf2, 0x0, 0xff, 0x80,
    0x0, 0xaf, 0xfc, 0x0, 0x0, 0x0, 0x7f, 0xf1,
    0x9f, 0xff, 0x30, 0x0, 0xff, 0x80, 0x0, 0xb,
    0xff, 0x40, 0x0, 0x0, 0x7f, 0xf1, 0x2e, 0xf4,
    0x0, 0x0, 0xff, 0x80, 0x0, 0x1, 0xd6, 0x0,
    0x0, 0x1, 0xbf, 0xf2, 0x3, 0x30, 0x0, 0x0,
    0xff, 0x80, 0x0, 0x0, 0x0, 0x0, 0x0, 0x3e,
    0xff, 0xfe, 0x40, 0x0, 0x0, 0x0, 0xff, 0x80,
    0x0, 0x0, 0x0, 0x0, 0x4, 0xff, 0xfc, 0xff,
    0xfa, 0x30, 0x0, 0x0, 0x0, 0x0, 0x0, 0x0,
    0x0, 0x20, 0x4f, 0xff, 0x70, 0x2c, 0xff, 0xfe,
    0xba, 0x98, 0x88, 0x89, 0x9a, 0xbc, 0xef, 0xf0,
    0x3f, 0xfa, 0x0, 0x0, 0x8f, 0xff, 0xff, 0xff,
    0xff, 0xff, 0xff, 0xff, 0xff, 0xb0, 0x7, 0xe1,
    0x0, 0x0, 0x1, 0x6b, 0xdf, 0xff, 0xff, 0xff,
    0xff, 0xff, 0xed, 0x60, 0x0, 0x30, 0x0, 0x0,
    0x0, 0x0, 0x0, 0x11, 0x21, 0x11, 0x0, 0x0,
    0x0, 0x0,

    /* U+901A "通" */
    0x0, 0x0, 0x0, 0x0, 0x0, 0x0, 0x0, 0x0,
    0x0, 0x0, 0x0, 0x0, 0x0, 0x0, 0x19, 0x10,
    0x0, 0x0, 0x6e, 0xee, 0xee, 0xee, 0xee, 0xee,
    0xef, 0xc1, 0x0, 0x1d, 0xfe, 0x20, 0x0, 0x7,
    0xff, 0xff, 0xff, 0xff, 0xff, 0xff, 0xff, 0x60,
    0x0, 0x8f, 0xff, 0x40, 0x0, 0x12, 0x22, 0x63,
    0x22, 0x22, 0x6f, 0xff, 0x50, 0x0, 0x0, 0x7f,
    0xff, 0x40, 0x0, 0x0, 0xaf, 0xe8, 0x21, 0x9f,
    0xfd, 0x20, 0x0, 0x0, 0x0, 0x6f, 0xff, 0x30,
    0x0, 0x6, 0xdf, 0xff, 0xff, 0xf8, 0x0, 0x0,
    0x0, 0x0, 0x0, 0x7f, 0xa0, 0x0, 0x0, 0x0,
    0x4c, 0xff, 0xfd, 0x40, 0x0, 0x0, 0x0, 0x0,
    0x0, 0x40, 0x0, 0x7d, 0xdd, 0xdd, 0xdf, 0xff,
    0xff, 0xde, 0xda, 0x0, 0x0, 0x0, 0x0, 0x0,
    0x9, 0xff, 0xff, 0xff, 0xff, 0xff, 0xff, 0xff,
    0xd0, 0x0, 0x0, 0x0, 0x0, 0x0, 0x9f, 0xe2,
    0x22, 0x5f, 0xf4, 0x22, 0x2b, 0xfd, 0x0, 0x34,
    0x44, 0x44, 0x20, 0x9, 0xfe, 0x0, 0x3, 0xff,
    0x20, 0x0, 0xaf, 0xd0, 0xd, 0xff, 0xff, 0xf7,
    0x0, 0x9f, 0xfc, 0xcc, 0xdf, 0xfd, 0xcc, 0xcf,
    0xfd, 0x0, 0xdf, 0xff, 0xff, 0x70, 0x9, 0xff,
    0xff, 0xff, 0xff, 0xff, 0xff, 0xff, 0xd0, 0x2,
    0x33, 0x4f, 0xf7, 0x0, 0x9f, 0xf1, 0x11, 0x5f,
    0xf4, 0x11, 0x1b, 0xfd, 0x0, 0x0, 0x1, 0xff,
    0x70, 0x9, 0xfe, 0x0, 0x3, 0xff, 0x20, 0x0,
    0xaf, 0xd0, 0x0, 0x0, 0x1f, 0xf7, 0x0, 0x9f,
    0xfc, 0xcc, 0xdf, 0xfc, 0xcc, 0xce, 0xfd, 0x0,
    0x0, 0x1, 0xff, 0x70, 0x9, 0xff, 0xff, 0xff,
    0xff, 0xff, 0xff, 0xff, 0xd0, 0x0, 0x0, 0x1f,
    0xf7, 0x0, 0x9f, 0xf3, 0x33, 0x6f, 0xf5, 0x33,
    0x3c, 0xfd, 0x0, 0x0, 0x1, 0xff, 0x70, 0x9,
    0xfe, 0x0, 0x3, 0xff, 0x20, 0x0, 0xaf, 0xd0,
    0x0, 0x0, 0x1f, 0xf7, 0x0, 0x9f, 0xe0, 0x0,
    0x3f, 0xf2, 0x1, 0x1b, 0xfc, 0x0, 0x0, 0x1,
    0xff, 0x70, 0x9, 0xfe, 0x0, 0x3, 0xff, 0x26,
    0xff, 0xff, 0xb0, 0x0, 0x5, 0xef, 0xff, 0x70,
    0x8f, 0xe0, 0x0, 0x3d, 0xd1, 0x1f, 0xfe, 0xb2,
    0x0, 0x9, 0xff, 0xda, 0xff, 0xd7, 0x20, 0x0,
    0x0, 0x0, 0x0, 0x0, 0x0, 0x12, 0xb, 0xff,
    0xb0, 0x3, 0xdf, 0xff, 0xfe, 0xcc, 0xcc, 0xcc,
    0xde, 0xef, 0xff, 0xe0, 0x6f, 0xc0, 0x0, 0x0,
    0x6c, 0xff, 0xff, 0xff, 0xff, 0xff, 0xff, 0xff,
    0xfa, 0x0, 0x81, 0x0, 0x0, 0x0, 0x1, 0x46,
    0x77, 0x88, 0x87, 0x77, 0x66, 0x54, 0x20,

    /* U+901F "速" */
    0x0, 0x0, 0x0, 0x0, 0x0, 0x0, 0x0, 0x0,
    0x9a, 0x60, 0x0, 0x0, 0x0, 0x0, 0x0, 0x60,
    0x0, 0x0, 0x0, 0x0, 0x0, 0xe, 0xfa, 0x0,
    0x0, 0x0, 0x0, 0x1, 0xdf, 0xc1, 0x0, 0x0,
    0x0, 0x0, 0x0, 0xef, 0xa0, 0x0, 0x0, 0x0,
    0x0, 0x9, 0xff, 0xc1, 0x3, 0xff, 0xff, 0xff,
    0xff, 0xff, 0xff, 0xff, 0xff, 0xf5, 0x0, 0x8,
    0xff, 0xc0, 0x3f, 0xff, 0xff, 0xff, 0xff, 0xff,
    0xff, 0xff, 0xff, 0x50, 0x0, 0x9, 0xff, 0xb1,
    0x55, 0x55, 0x55, 0x5f, 0xfc, 0x55, 0x55, 0x55,
    0x51, 0x0, 0x0, 0xb, 0xe5, 0x0, 0x0, 0x0,
    0x0, 0xef, 0xa0, 0x0, 0x0, 0x0, 0x0, 0x0,
    0x0, 0x11, 0x0, 0x1f, 0xff, 0xff, 0xff, 0xff,
    0xff, 0xff, 0xff, 0x70, 0x0, 0x0, 0x0, 0x0,
    0x1, 0xff, 0xff, 0xff, 0xff, 0xff, 0xff, 0xff,
    0xf8, 0x0, 0x0, 0x0, 0x0, 0x0, 0x1f, 0xf7,
    0x22, 0x2f, 0xfb, 0x22, 0x23, 0xff, 0x80, 0xa,
    0xdd, 0xdd, 0xd7, 0x1, 0xff, 0x50, 0x0, 0xef,
    0xa0, 0x0, 0x1f, 0xf8, 0x0, 0xcf, 0xff, 0xff,
    0x90, 0x1f, 0xf5, 0x0, 0xe, 0xfa, 0x0, 0x1,
    0xff, 0x80, 0x7, 0xaa, 0xaf, 0xf9, 0x1, 0xff,
    0xdc, 0xcc, 0xff, 0xec, 0xcc, 0xcf, 0xf8, 0x0,
    0x0, 0x0, 0xff, 0x90, 0x1f, 0xff, 0xff, 0xff,
    0xff, 0xff, 0xff, 0xff, 0x80, 0x0, 0x0, 0xf,
    0xf9, 0x0, 0x44, 0x44, 0x8f, 0xff, 0xfe, 0x64,
    0x44, 0x42, 0x0, 0x0, 0x0, 0xff, 0x90, 0x0,
    0x0, 0x1e, 0xff, 0xff, 0xfe, 0x40, 0x0, 0x0,
    0x0, 0x0, 0xf, 0xf9, 0x0, 0x0, 0x1d, 0xfe,
    0xff, 0xde, 0xff, 0x90, 0x0, 0x0, 0x0, 0x0,
    0xff, 0x90, 0x0, 0x3e, 0xff, 0x3e, 0xfa, 0x1c,
    0xff, 0xc1, 0x0, 0x0, 0x0, 0xf, 0xf9, 0x0,
    0x7f, 0xff, 0x50, 0xef, 0xa0, 0x9, 0xff, 0xe3,
    0x0, 0x0, 0x0, 0xff, 0x93, 0xdf, 0xff, 0x40,
    0xe, 0xfa, 0x0, 0x6, 0xff, 0xe0, 0x0, 0x0,
    0xf, 0xf9, 0x1d, 0xfe, 0x30, 0x0, 0xef, 0xa0,
    0x0, 0x4, 0xf5, 0x0, 0x0, 0x19, 0xff, 0xe3,
    0x29, 0x10, 0x0, 0xe, 0xfa, 0x0, 0x0, 0x2,
    0x0, 0x0, 0x4e, 0xff, 0xff, 0xfa, 0x30, 0x0,
    0x0, 0x12, 0x10, 0x0, 0x0, 0x0, 0x0, 0x6f,
    0xff, 0x72, 0x8f, 0xff, 0xea, 0x87, 0x66, 0x66,
    0x67, 0x89, 0xab, 0xda, 0xb, 0xff, 0x40, 0x0,
    0x2b, 0xff, 0xff, 0xff, 0xff, 0xff, 0xff, 0xff,
    0xff, 0x70, 0x1e, 0x50, 0x0, 0x0, 0x2, 0x7a,
    0xce, 0xff, 0xff, 0xfe, 0xed, 0xdc, 0xb2, 0x0,
    0x10, 0x0, 0x0, 0x0, 0x0, 0x0, 0x0, 0x0,
    0x0, 0x0, 0x0, 0x0, 0x0,

    /* U+903B "逻" */
    0x0, 0x0, 0x0, 0x0, 0x0, 0x0, 0x0, 0x0,
    0x0, 0x0, 0x0, 0x0, 0x0, 0x0, 0x0, 0x1b,
    0xa0, 0x0, 0x3, 0xff, 0xff, 0xff, 0xff, 0xff,
    0xff, 0xff, 0xfc, 0x0, 0x0, 0xaf, 0xf9, 0x0,
    0x3, 0xff, 0xff, 0xff, 0xff, 0xff, 0xff, 0xff,
    0xfc, 0x0, 0x0, 0xc, 0xff, 0x80, 0x3, 0xff,
    0x33, 0x5f, 0xb3, 0x3e, 0xf3, 0x3a, 0xfc, 0x0,
    0x0, 0x1, 0xdf, 0xf6, 0x3, 0xff, 0x0, 0x2f,
    0xa0, 0xd, 0xe0, 0x9, 0xfc, 0x0, 0x0, 0x0,
    0x2f, 0xff, 0x13, 0xff, 0x0, 0x2f, 0xa0, 0xd,
    0xe0, 0x9, 0xfc, 0x0, 0x0, 0x0, 0x5, 0xf4,
    0x3, 0xff, 0x33, 0x4f, 0xb3, 0x3e, 0xf3, 0x3a,
    0xfc, 0x0, 0x0, 0x0, 0x0, 0x10, 0x3, 0xff,
    0xff, 0xff, 0xff, 0xff, 0xff, 0xff, 0xfc, 0x0,
    0x0, 0x0, 0x0, 0x0, 0x3, 0xff, 0xff, 0xff,
    0xff, 0xff, 0xff, 0xff, 0xfc, 0x0, 0x1, 0x22,
    0x22, 0x21, 0x0, 0x0, 0x0, 0x6f, 0xf5, 0x0,
    0x0, 0x0, 0x0, 0x0, 0xc, 0xff, 0xff, 0xf7,
    0x0, 0x0, 0x2, 0xef, 0xd0, 0x0, 0x0, 0x0,
    0x0, 0x0, 0xc, 0xff, 0xff, 0xf7, 0x0, 0x0,
    0x1d, 0xff, 0xff, 0xff, 0xff, 0xfe, 0x70, 0x0,
    0x2, 0x33, 0x4f, 0xf7, 0x0, 0x2, 0xdf, 0xff,
    0xff, 0xff, 0xff, 0xff, 0x90, 0x0, 0x0, 0x0,
    0x1f, 0xf7, 0x0, 0x5e, 0xff, 0x71, 0x11, 0x11,
    0x1c, 0xff, 0x20, 0x0, 0x0, 0x0, 0x1f, 0xf7,
    0xa, 0xff, 0xf6, 0x37, 0x0, 0x0, 0x7f, 0xf8,
    0x0, 0x0, 0x0, 0x0, 0x1f, 0xf7, 0x6, 0xfe,
    0x34, 0xff, 0xb1, 0x5, 0xff, 0xd0, 0x0, 0x0,
    0x0, 0x0, 0x1f, 0xf7, 0x0, 0x40, 0x0, 0x9f,
    0xfd, 0x7f, 0xfe, 0x20, 0x0, 0x0, 0x0, 0x0,
    0x1f, 0xf7, 0x0, 0x0, 0x0, 0x6, 0xff, 0xff,
    0xe2, 0x0, 0x0, 0x0, 0x0, 0x0, 0x1f, 0xf7,
    0x0, 0x0, 0x0, 0x6, 0xff, 0xfc, 0x20, 0x0,
    0x0, 0x0, 0x0, 0x0, 0x1f, 0xf7, 0x0, 0x0,
    0x28, 0xef, 0xff, 0x80, 0x0, 0x0, 0x0, 0x0,
    0x0, 0x0, 0x7f, 0xf7, 0x2, 0x9d, 0xff, 0xff,
    0xa2, 0x0, 0x0, 0x0, 0x0, 0x0, 0x0, 0x1c,
    0xff, 0xfe, 0x50, 0xcf, 0xfe, 0x82, 0x0, 0x0,
    0x0, 0x0, 0x0, 0x0, 0x2, 0xef, 0xfc, 0xef,
    0xfa, 0x69, 0x40, 0x0, 0x0, 0x0, 0x0, 0x0,
    0x0, 0x10, 0x1e, 0xff, 0x90, 0xa, 0xff, 0xfd,
    0xa8, 0x76, 0x66, 0x77, 0x89, 0x9b, 0xce, 0xc0,
    0x1e, 0xfc, 0x0, 0x0, 0x6e, 0xff, 0xff, 0xff,
    0xff, 0xff, 0xff, 0xff, 0xff, 0x70, 0x5, 0xf2,
    0x0, 0x0, 0x0, 0x6b, 0xef, 0xff, 0xff, 0xff,
    0xff, 0xff, 0xed, 0x30, 0x0, 0x30, 0x0, 0x0,
    0x0, 0x0, 0x0, 0x11, 0x22, 0x11, 0x10, 0x0,
    0x0, 0x0,

    /* U+90BB "邻" */
    0x0, 0x0, 0x0, 0x0, 0x56, 0x10, 0x0, 0x0,
    0x0, 0x0, 0x0, 0x0, 0x0, 0x0, 0x0, 0x0,
    0x0, 0xe, 0xfd, 0x0, 0x0, 0x0, 0x33, 0x33,
    0x33, 0x34, 0x0, 0x0, 0x0, 0x0, 0x8, 0xff,
    0x80, 0x0, 0x0, 0xe, 0xff, 0xff, 0xff, 0xfd,
    0x30, 0x0, 0x0, 0x3, 0xff, 0xff, 0x70, 0x0,
    0x0, 0xef, 0xff, 0xff, 0xff, 0xf5, 0x0, 0x0,
    0x0, 0xdf, 0xfe, 0xff, 0x90, 0x0, 0xe, 0xf9,
    0x22, 0x2c, 0xff, 0x0, 0x0, 0x0, 0xbf, 0xf7,
    0x1d, 0xff, 0xa0, 0x0, 0xef, 0x80, 0x1, 0xff,
    0xa0, 0x0, 0x0, 0x9f, 0xfb, 0x0, 0x1c, 0xff,
    0xa0, 0xe, 0xf8, 0x0, 0x6f, 0xf3, 0x0, 0x0,
    0x9f, 0xfd, 0x2, 0x0, 0x1c, 0xff, 0xa0, 0xef,
    0x80, 0xc, 0xfd, 0x0, 0x0, 0xbf, 0xfd, 0x18,
    0xfa, 0x0, 0x1d, 0xff, 0x5e, 0xf8, 0x1, 0xff,
    0x70, 0x1, 0xdf, 0xfd, 0x10, 0x5f, 0xfa, 0x0,
    0x1e, 0xc0, 0xef, 0x80, 0x7f, 0xf1, 0x0, 0x6,
    0xfc, 0x10, 0x0, 0x7f, 0xf7, 0x0, 0x31, 0xe,
    0xf8, 0xd, 0xf9, 0x0, 0x0, 0x4, 0x0, 0x0,
    0x0, 0xaa, 0x10, 0x0, 0x0, 0xef, 0x82, 0xff,
    0x90, 0x0, 0x0, 0x0, 0x11, 0x11, 0x12, 0x11,
    0x21, 0x0, 0xe, 0xf8, 0x6, 0xff, 0x50, 0x0,
    0x0, 0x9f, 0xff, 0xff, 0xff, 0xff, 0xe5, 0x0,
    0xef, 0x80, 0x9, 0xff, 0x10, 0x0, 0x9, 0xff,
    0xff, 0xff, 0xff, 0xff, 0x90, 0xe, 0xf8, 0x0,
    0x1f, 0xf8, 0x0, 0x0, 0x24, 0x44, 0x44, 0x44,
    0xbf, 0xf2, 0x0, 0xef, 0x80, 0x0, 0xaf, 0xd0,
    0x0, 0x0, 0x0, 0x0, 0x0, 0x2f, 0xf9, 0x0,
    0xe, 0xf8, 0x0, 0x5, 0xff, 0x10, 0x0, 0x0,
    0x0, 0x0, 0xa, 0xfe, 0x10, 0x0, 0xef, 0x80,
    0x0, 0x4f, 0xf3, 0x0, 0x0, 0x2, 0x20, 0x4,
    0xff, 0x60, 0x0, 0xe, 0xf8, 0x0, 0x4, 0xff,
    0x30, 0x0, 0x4, 0xee, 0x30, 0xef, 0xd0, 0x0,
    0x0, 0xef, 0x80, 0x1, 0xbf, 0xf1, 0x0, 0x0,
    0x3e, 0xff, 0xbf, 0xf3, 0x0, 0x0, 0xe, 0xf8,
    0xcf, 0xff, 0xfc, 0x0, 0x0, 0x0, 0x2e, 0xff,
    0xf8, 0x0, 0x0, 0x0, 0xef, 0x87, 0xff, 0xfe,
    0x30, 0x0, 0x0, 0x0, 0x2e, 0xff, 0x50, 0x0,
    0x0, 0xe, 0xf8, 0x27, 0x64, 0x0, 0x0, 0x0,
    0x0, 0x0, 0x2e, 0xff, 0x40, 0x0, 0x0, 0xef,
    0x80, 0x0, 0x0, 0x0, 0x0, 0x0, 0x0, 0x0,
    0x2f, 0xfc, 0x0, 0x0, 0xe, 0xf8, 0x0, 0x0,
    0x0, 0x0, 0x0, 0x0, 0x0, 0x0, 0x49, 0x0,
    0x0, 0x0, 0xef, 0x80, 0x0, 0x0, 0x0,

    /* U+90E8 "部" */
    0x0, 0x0, 0x0, 0x5a, 0x30, 0x0, 0x0, 0x0,
    0x0, 0x0, 0x0, 0x0, 0x0, 0x0, 0x0, 0x1,
    0xff, 0xa0, 0x0, 0x0, 0x0, 0x13, 0x33, 0x33,
    0x34, 0x10, 0x0, 0x0, 0x0, 0xbf, 0xf1, 0x0,
    0x0, 0x0, 0x7f, 0xff, 0xff, 0xff, 0xe5, 0x6,
    0x77, 0x77, 0xaf, 0xfa, 0x77, 0x77, 0x30, 0x7f,
    0xff, 0xff, 0xff, 0xf8, 0xe, 0xff, 0xff, 0xff,
    0xff, 0xff, 0xff, 0x70, 0x7f, 0xe2, 0x22, 0x9f,
    0xf2, 0xe, 0xff, 0xff, 0xff, 0xff, 0xff, 0xff,
    0x70, 0x7f, 0xe0, 0x0, 0xdf, 0xc0, 0x0, 0x19,
    0xd3, 0x0, 0x0, 0x7e, 0xa1, 0x0, 0x7f, 0xe0,
    0x2, 0xff, 0x60, 0x0, 0xd, 0xfa, 0x0, 0x0,
    0xcf, 0xe0, 0x0, 0x7f, 0xe0, 0x7, 0xff, 0x0,
    0x0, 0x7, 0xff, 0x10, 0x2, 0xff, 0x80, 0x0,
    0x7f, 0xe0, 0xd, 0xf9, 0x0, 0x0, 0x1, 0xff,
    0x70, 0x7, 0xff, 0x10, 0x0, 0x7f, 0xe0, 0x2f,
    0xf3, 0x0, 0x0, 0x0, 0xdd, 0x60, 0xe, 0xfa,
    0x0, 0x0, 0x7f, 0xe0, 0x8f, 0xc0, 0x0, 0xaf,
    0xff, 0xff, 0xff, 0xff, 0xff, 0xff, 0xf1, 0x7f,
    0xe0, 0xbf, 0xc0, 0x0, 0xbf, 0xff, 0xff, 0xff,
    0xff, 0xff, 0xff, 0xf1, 0x7f, 0xe0, 0x1e, 0xf9,
    0x0, 0x57, 0x77, 0x77, 0x77, 0x77, 0x77, 0x77,
    0x70, 0x7f, 0xe0, 0x5, 0xff, 0x30, 0x0, 0x0,
    0x0, 0x0, 0x0, 0x0, 0x0, 0x0, 0x7f, 0xe0,
    0x0, 0xcf, 0xb0, 0x0, 0x22, 0x22, 0x22, 0x22,
    0x22, 0x22, 0x0, 0x7f, 0xe0, 0x0, 0x6f, 0xf0,
    0x3, 0xff, 0xff, 0xff, 0xff, 0xff, 0xfe, 0x0,
    0x7f, 0xe0, 0x0, 0x2f, 0xf3, 0x3, 0xff, 0xff,
    0xff, 0xff, 0xff, 0xfe, 0x0, 0x7f, 0xe0, 0x0,
    0x1f, 0xf5, 0x3, 0xff, 0x73, 0x33, 0x33, 0x3c,
    0xfe, 0x0, 0x7f, 0xe0, 0x0, 0x2f, 0xf5, 0x3,
    0xff, 0x40, 0x0, 0x0, 0xb, 0xfe, 0x0, 0x7f,
    0xe0, 0x0, 0x9f, 0xf3, 0x3, 0xff, 0x40, 0x0,
    0x0, 0xb, 0xfe, 0x0, 0x7f, 0xe5, 0xff, 0xff,
    0xf0, 0x3, 0xff, 0x40, 0x0, 0x0, 0xb, 0xfe,
    0x0, 0x7f, 0xe0, 0xff, 0xff, 0x50, 0x3, 0xff,
    0x86, 0x66, 0x66, 0x6d, 0xfe, 0x0, 0x7f, 0xe0,
    0x77, 0x51, 0x0, 0x3, 0xff, 0xff, 0xff, 0xff,
    0xff, 0xfe, 0x0, 0x7f, 0xe0, 0x0, 0x0, 0x0,
    0x3, 0xff, 0xff, 0xff, 0xff, 0xff, 0xfe, 0x0,
    0x7f, 0xe0, 0x0, 0x0, 0x0, 0x3, 0xff, 0x40,
    0x0, 0x0, 0x9, 0xcb, 0x0, 0x7f, 0xe0, 0x0,
    0x0, 0x0,

    /* U+90FD "都" */
    0x0, 0x0, 0x0, 0x34, 0x30, 0x0, 0x0, 0x0,
    0x0, 0x0, 0x0, 0x0, 0x0, 0x0, 0x0, 0x0,
    0xc, 0xfc, 0x0, 0x0, 0x22, 0x0, 0x0, 0x0,
    0x0, 0x0, 0x0, 0x0, 0x0, 0x0, 0xcf, 0xc0,
    0x0, 0xa, 0xfd, 0x8e, 0xee, 0xee, 0xee, 0xfa,
    0x10, 0x3, 0x66, 0x6d, 0xfd, 0x66, 0x63, 0xff,
    0x89, 0xff, 0xff, 0xff, 0xff, 0xfb, 0x0, 0xaf,
    0xff, 0xff, 0xff, 0xff, 0xcf, 0xf1, 0x9f, 0xf9,
    0x99, 0x9d, 0xff, 0x50, 0x9, 0xff, 0xff, 0xff,
    0xff, 0xff, 0xf8, 0x9, 0xff, 0x0, 0x0, 0xdf,
    0xe0, 0x0, 0x0, 0x0, 0xcf, 0xc0, 0xc, 0xfe,
    0x10, 0x9f, 0xf0, 0x0, 0x3f, 0xf7, 0x0, 0x0,
    0x0, 0xc, 0xfc, 0x7, 0xff, 0x50, 0x9, 0xff,
    0x0, 0xa, 0xff, 0x10, 0x3, 0x44, 0x44, 0xdf,
    0xd6, 0xff, 0xd4, 0x42, 0x9f, 0xf0, 0x1, 0xff,
    0x90, 0x0, 0xdf, 0xff, 0xff, 0xff, 0xff, 0xff,
    0xff, 0x89, 0xff, 0x0, 0x7f, 0xf2, 0x0, 0xd,
    0xff, 0xff, 0xff, 0xff, 0xff, 0xff, 0xf8, 0x9f,
    0xf0, 0xd, 0xfa, 0x0, 0x0, 0x0, 0x0, 0x2,
    0xdf, 0xf6, 0x0, 0x0, 0x9, 0xff, 0x5, 0xff,
    0x50, 0x0, 0x0, 0x0, 0x2, 0xef, 0xf7, 0x0,
    0x0, 0x0, 0x9f, 0xf0, 0x1c, 0xff, 0x20, 0x0,
    0x0, 0x6, 0xff, 0xfc, 0x55, 0x55, 0x51, 0x9,
    0xff, 0x0, 0x1d, 0xfd, 0x0, 0x0, 0x1b, 0xff,
    0xff, 0xff, 0xff, 0xff, 0x50, 0x9f, 0xf0, 0x0,
    0x2f, 0xf8, 0x1, 0x8f, 0xff, 0xfd, 0xdd, 0xdd,
    0xef, 0xf5, 0x9, 0xff, 0x0, 0x0, 0xaf, 0xf0,
    0x2f, 0xff, 0xff, 0x20, 0x0, 0x3, 0xff, 0x50,
    0x9f, 0xf0, 0x0, 0x4, 0xff, 0x40, 0x6e, 0x9f,
    0xf3, 0x11, 0x11, 0x4f, 0xf5, 0x9, 0xff, 0x0,
    0x0, 0x1f, 0xf7, 0x0, 0x4, 0xff, 0xff, 0xff,
    0xff, 0xff, 0x50, 0x9f, 0xf0, 0x0, 0x1, 0xff,
    0x70, 0x0, 0x4f, 0xff, 0xff, 0xff, 0xff, 0xf5,
    0x9, 0xff, 0x0, 0x0, 0x6f, 0xf6, 0x0, 0x4,
    0xff, 0x20, 0x0, 0x3, 0xff, 0x50, 0x9f, 0xf1,
    0xba, 0xcf, 0xff, 0x30, 0x0, 0x4f, 0xf2, 0x0,
    0x0, 0x3f, 0xf5, 0x9, 0xff, 0xc, 0xff, 0xff,
    0xc0, 0x0, 0x4, 0xff, 0x54, 0x44, 0x46, 0xff,
    0x50, 0x9f, 0xf0, 0x9f, 0xfe, 0x80, 0x0, 0x0,
    0x4f, 0xff, 0xff, 0xff, 0xff, 0xf5, 0x9, 0xff,
    0x0, 0x0, 0x0, 0x0, 0x0, 0x4, 0xff, 0xee,
    0xee, 0xee, 0xff, 0x50, 0x9f, 0xf0, 0x0, 0x0,
    0x0, 0x0, 0x0, 0x4f, 0xf2, 0x0, 0x0, 0x3f,
    0xf5, 0x9, 0xff, 0x0, 0x0, 0x0, 0x0, 0x0,
    0x0, 0x0, 0x0, 0x0, 0x0, 0x0, 0x0, 0x12,
    0x20, 0x0, 0x0, 0x0, 0x0,

    /* U+914D "配" */
    0x7b, 0xbb, 0xbb, 0xbb, 0xbb, 0xbb, 0xb0, 0x68,
    0x88, 0x88, 0x88, 0x88, 0x81, 0xa, 0xff, 0xff,
    0xff, 0xff, 0xff, 0xff, 0x1c, 0xff, 0xff, 0xff,
    0xff, 0xff, 0x30, 0x6a, 0xaa, 0xef, 0xbb, 0xfc,
    0xaa, 0xa0, 0xcf, 0xff, 0xff, 0xff, 0xff, 0xf3,
    0x0, 0x0, 0xb, 0xf1, 0x3f, 0x60, 0x0, 0x0,
    0x0, 0x0, 0x0, 0x6, 0xff, 0x30, 0x0, 0x0,
    0xbf, 0x13, 0xf6, 0x0, 0x0, 0x0, 0x0, 0x0,
    0x0, 0x5f, 0xf3, 0x0, 0x66, 0x6d, 0xf7, 0x8f,
    0xa6, 0x61, 0x0, 0x0, 0x0, 0x0, 0x5, 0xff,
    0x30, 0xf, 0xff, 0xff, 0xff, 0xff, 0xff, 0x40,
    0x0, 0x0, 0x0, 0x0, 0x5f, 0xf3, 0x0, 0xff,
    0xde, 0xfd, 0xef, 0xdf, 0xf4, 0x0, 0x0, 0x0,
    0x0, 0x5, 0xff, 0x30, 0xf, 0xf1, 0x5f, 0x7,
    0xe0, 0xef, 0x40, 0x0, 0x0, 0x0, 0x0, 0x5f,
    0xf3, 0x0, 0xff, 0x15, 0xf0, 0x7e, 0xe, 0xf4,
    0x5, 0x9a, 0x99, 0x99, 0x9b, 0xff, 0x30, 0xf,
    0xf1, 0x5f, 0x7, 0xe0, 0xef, 0x40, 0xaf, 0xff,
    0xff, 0xff, 0xff, 0xf3, 0x0, 0xff, 0x17, 0xe0,
    0x7e, 0xe, 0xf4, 0xa, 0xff, 0xff, 0xff, 0xff,
    0xff, 0x30, 0xf, 0xf1, 0xbb, 0x7, 0xe0, 0xef,
    0x40, 0xaf, 0xf0, 0x0, 0x0, 0x5f, 0xf3, 0x0,
    0xff, 0x3f, 0x60, 0x6f, 0xdf, 0xf4, 0xa, 0xff,
    0x0, 0x0, 0x4, 0xcc, 0x30, 0xf, 0xfb, 0xd0,
    0x0, 0x89, 0xff, 0x40, 0xaf, 0xf0, 0x0, 0x0,
    0x0, 0x0, 0x0, 0xff, 0x11, 0x0, 0x0, 0xe,
    0xf4, 0xa, 0xff, 0x0, 0x0, 0x0, 0x0, 0x0,
    0xf, 0xf2, 0x0, 0x0, 0x0, 0xef, 0x40, 0xaf,
    0xf0, 0x0, 0x0, 0x0, 0x0, 0x0, 0xff, 0xff,
    0xff, 0xff, 0xff, 0xf4, 0xa, 0xff, 0x0, 0x0,
    0x0, 0x0, 0x0, 0xf, 0xfd, 0xdd, 0xdd, 0xdd,
    0xff, 0x40, 0xaf, 0xf0, 0x0, 0x0, 0x1, 0xa3,
    0x0, 0xff, 0x10, 0x0, 0x0, 0xe, 0xf4, 0xa,
    0xff, 0x0, 0x0, 0x0, 0x2f, 0xf4, 0xf, 0xf1,
    0x0, 0x0, 0x0, 0xef, 0x40, 0xaf, 0xf0, 0x0,
    0x0, 0x4, 0xff, 0x20, 0xff, 0xff, 0xff, 0xff,
    0xff, 0xf4, 0x9, 0xff, 0x0, 0x0, 0x0, 0x7f,
    0xf0, 0xf, 0xff, 0xff, 0xff, 0xff, 0xff, 0x40,
    0x8f, 0xfa, 0x88, 0x88, 0x8e, 0xfc, 0x0, 0xff,
    0x32, 0x22, 0x22, 0x2e, 0xf4, 0x4, 0xff, 0xff,
    0xff, 0xff, 0xff, 0x60, 0xf, 0xf1, 0x0, 0x0,
    0x0, 0xbc, 0x30, 0x7, 0xdf, 0xff, 0xff, 0xfe,
    0x80, 0x0, 0x22, 0x0, 0x0, 0x0, 0x0, 0x0,
    0x0, 0x0, 0x0, 0x0, 0x0, 0x0, 0x0,

    /* U+91CD "重" */
    0x0, 0x0, 0x0, 0x0, 0x0, 0x0, 0x0, 0x0,
    0x0, 0x0, 0x22, 0x0, 0x0, 0x0, 0x0, 0x0,
    0x1, 0x12, 0x34, 0x56, 0x89, 0xac, 0xef, 0xfe,
    0x10, 0x0, 0x0, 0x3e, 0xff, 0xff, 0xff, 0xff,
    0xff, 0xff, 0xff, 0xff, 0xfe, 0x70, 0x0, 0x0,
    0xe, 0xff, 0xff, 0xff, 0xff, 0xff, 0xb9, 0x86,
    0x53, 0x10, 0x0, 0x0, 0x0, 0x2, 0x22, 0x11,
    0x0, 0x9, 0xff, 0x10, 0x0, 0x0, 0x0, 0x0,
    0x0, 0x8e, 0xee, 0xee, 0xee, 0xee, 0xef, 0xff,
    0xee, 0xee, 0xee, 0xee, 0xee, 0xe5, 0x9f, 0xff,
    0xff, 0xff, 0xff, 0xff, 0xff, 0xff, 0xff, 0xff,
    0xff, 0xff, 0xf5, 0x23, 0x33, 0x33, 0x33, 0x33,
    0x3a, 0xff, 0x43, 0x33, 0x33, 0x33, 0x33, 0x31,
    0x0, 0x0, 0x0, 0x0, 0x0, 0x9, 0xff, 0x20,
    0x0, 0x0, 0x0, 0x0, 0x0, 0x0, 0xa, 0xff,
    0xff, 0xff, 0xff, 0xff, 0xff, 0xff, 0xff, 0xff,
    0xc0, 0x0, 0x0, 0xa, 0xff, 0xcc, 0xcc, 0xce,
    0xff, 0xcc, 0xcc, 0xcc, 0xff, 0xc0, 0x0, 0x0,
    0xa, 0xff, 0x0, 0x0, 0x9, 0xff, 0x10, 0x0,
    0x0, 0xef, 0xc0, 0x0, 0x0, 0xa, 0xff, 0x99,
    0x99, 0x9d, 0xff, 0xa9, 0x99, 0x99, 0xff, 0xc0,
    0x0, 0x0, 0xa, 0xff, 0xff, 0xff, 0xff, 0xff,
    0xff, 0xff, 0xff, 0xff, 0xc0, 0x0, 0x0, 0xa,
    0xff, 0x0, 0x0, 0x9, 0xff, 0x20, 0x0, 0x0,
    0xef, 0xc0, 0x0, 0x0, 0xa, 0xff, 0x0, 0x0,
    0x9, 0xff, 0x20, 0x0, 0x0, 0xef, 0xc0, 0x0,
    0x0, 0xa, 0xff, 0xff, 0xff, 0xff, 0xff, 0xff,
    0xff, 0xff, 0xff, 0xc0, 0x0, 0x0, 0x7, 0xcc,
    0xcc, 0xcc, 0xce, 0xff, 0xcc, 0xcc, 0xcc, 0xcc,
    0x90, 0x0, 0x0, 0x0, 0x0, 0x0, 0x0, 0x9,
    0xff, 0x10, 0x0, 0x0, 0x0, 0x0, 0x0, 0x0,
    0x9e, 0xee, 0xee, 0xee, 0xef, 0xff, 0xee, 0xee,
    0xee, 0xee, 0xea, 0x0, 0x0, 0xaf, 0xff, 0xff,
    0xff, 0xff, 0xff, 0xff, 0xff, 0xff, 0xff, 0xfb,
    0x0, 0x0, 0x12, 0x22, 0x22, 0x22, 0x2a, 0xff,
    0x32, 0x22, 0x22, 0x22, 0x21, 0x0, 0x0, 0x0,
    0x0, 0x0, 0x0, 0x9, 0xff, 0x10, 0x0, 0x0,
    0x0, 0x0, 0x0, 0x9d, 0xdd, 0xdd, 0xdd, 0xdd,
    0xde, 0xff, 0xdd, 0xdd, 0xdd, 0xdd, 0xdd, 0xd7,
    0xcf, 0xff, 0xff, 0xff, 0xff, 0xff, 0xff, 0xff,
    0xff, 0xff, 0xff, 0xff, 0xf9, 0x34, 0x44, 0x44,
    0x44, 0x44, 0x44, 0x44, 0x44, 0x44, 0x44, 0x44,
    0x44, 0x42,

    /* U+91CF "量" */
    0x0, 0x1, 0xff, 0xff, 0xff, 0xff, 0xff, 0xff,
    0xff, 0xff, 0xff, 0x0, 0x0, 0x0, 0x0, 0x1f,
    0xfb, 0x88, 0x88, 0x88, 0x88, 0x88, 0x88, 0xcf,
    0xf0, 0x0, 0x0, 0x0, 0x1, 0xff, 0x70, 0x0,
    0x0, 0x0, 0x0, 0x0, 0x9, 0xff, 0x0, 0x0,
    0x0, 0x0, 0x1f, 0xff, 0xff, 0xff, 0xff, 0xff,
    0xff, 0xff, 0xff, 0xf0, 0x0, 0x0, 0x0, 0x1,
    0xff, 0xa5, 0x55, 0x55, 0x55, 0x55, 0x55, 0x5c,
    0xff, 0x0, 0x0, 0x0, 0x0, 0x1f, 0xfa, 0x55,
    0x55, 0x55, 0x55, 0x55, 0x55, 0xbf, 0xf0, 0x0,
    0x0, 0x0, 0x1, 0xff, 0xff, 0xff, 0xff, 0xff,
    0xff, 0xff, 0xff, 0xff, 0x0, 0x0, 0x0, 0x0,
    0x1, 0x11, 0x11, 0x11, 0x11, 0x11, 0x11, 0x11,
    0x11, 0x10, 0x0, 0x0, 0x5e, 0xee, 0xee, 0xee,
    0xee, 0xee, 0xee, 0xee, 0xee, 0xee, 0xee, 0xee,
    0xec, 0x6, 0xff, 0xff, 0xff, 0xff, 0xff, 0xff,
    0xff, 0xff, 0xff, 0xff, 0xff, 0xff, 0xe0, 0x0,
    0x0, 0x0, 0x0, 0x0, 0x0, 0x0, 0x0, 0x0,
    0x0, 0x0, 0x0, 0x0, 0x0, 0x0, 0x59, 0x99,
    0x99, 0x99, 0x99, 0x99, 0x99, 0x99, 0x99, 0x97,
    0x0, 0x0, 0x0, 0x9, 0xff, 0xee, 0xee, 0xef,
    0xff, 0xfe, 0xee, 0xee, 0xff, 0xd0, 0x0, 0x0,
    0x0, 0x9f, 0xe0, 0x0, 0x0, 0x5f, 0xf4, 0x0,
    0x0, 0xc, 0xfd, 0x0, 0x0, 0x0, 0x9, 0xff,
    0xff, 0xff, 0xff, 0xff, 0xff, 0xff, 0xff, 0xff,
    0xd0, 0x0, 0x0, 0x0, 0x9f, 0xf7, 0x77, 0x77,
    0xaf, 0xf9, 0x77, 0x77, 0x7e, 0xfd, 0x0, 0x0,
    0x0, 0x9, 0xfe, 0x0, 0x0, 0x5, 0xff, 0x40,
    0x0, 0x0, 0xcf, 0xd0, 0x0, 0x0, 0x0, 0x9f,
    0xff, 0xff, 0xff, 0xff, 0xff, 0xff, 0xff, 0xff,
    0xfd, 0x0, 0x0, 0x0, 0x4, 0x77, 0x77, 0x77,
    0x7a, 0xff, 0x97, 0x77, 0x77, 0x77, 0x60, 0x0,
    0x0, 0x3, 0xaa, 0xaa, 0xaa, 0xaa, 0xcf, 0xfc,
    0xaa, 0xaa, 0xaa, 0xaa, 0x40, 0x0, 0x0, 0x4f,
    0xff, 0xff, 0xff, 0xff, 0xff, 0xff, 0xff, 0xff,
    0xff, 0xf6, 0x0, 0x0, 0x0, 0x11, 0x11, 0x11,
    0x11, 0x6f, 0xf5, 0x11, 0x11, 0x11, 0x11, 0x0,
    0x0, 0x1, 0x11, 0x11, 0x11, 0x11, 0x16, 0xff,
    0x51, 0x11, 0x11, 0x11, 0x11, 0x11, 0x8, 0xff,
    0xff, 0xff, 0xff, 0xff, 0xff, 0xff, 0xff, 0xff,
    0xff, 0xff, 0xff, 0xf0, 0x7e, 0xee, 0xee, 0xee,
    0xee, 0xee, 0xee, 0xee, 0xee, 0xee, 0xee, 0xee,
    0xee, 0x0,

    /* U+9500 "销" */
    0x0, 0x0, 0x26, 0x10, 0x0, 0x0, 0x0, 0x0,
    0x0, 0xab, 0x50, 0x0, 0x0, 0x0, 0x0, 0x8,
    0xff, 0x0, 0x0, 0x0, 0x54, 0x0, 0xe, 0xf8,
    0x0, 0x7, 0x82, 0x0, 0x0, 0xef, 0x90, 0x0,
    0x0, 0x9f, 0xe1, 0x0, 0xef, 0x80, 0x0, 0xff,
    0xc0, 0x0, 0x7f, 0xf9, 0x66, 0x66, 0x31, 0xff,
    0x90, 0xe, 0xf8, 0x0, 0x7f, 0xf4, 0x0, 0x2f,
    0xff, 0xff, 0xff, 0xf9, 0x8, 0xff, 0x10, 0xef,
    0x80, 0x1f, 0xfb, 0x0, 0xc, 0xff, 0xff, 0xff,
    0xff, 0x90, 0x1f, 0xf8, 0xe, 0xf8, 0x9, 0xff,
    0x20, 0xa, 0xff, 0x81, 0x11, 0x11, 0x10, 0x0,
    0xae, 0x60, 0xef, 0x80, 0xaf, 0x90, 0x0, 0xcf,
    0xc0, 0x0, 0x0, 0x0, 0x0, 0x2, 0x10, 0xe,
    0xf8, 0x0, 0x10, 0x0, 0x4, 0xea, 0x99, 0x99,
    0x99, 0x90, 0x4b, 0xbb, 0xbb, 0xff, 0xdb, 0xbb,
    0xcc, 0x10, 0x2, 0xff, 0xff, 0xff, 0xff, 0x16,
    0xff, 0xff, 0xff, 0xff, 0xff, 0xff, 0xf2, 0x0,
    0xd, 0xde, 0xff, 0xdd, 0xd1, 0x6f, 0xfc, 0xcc,
    0xcc, 0xcc, 0xcd, 0xff, 0x20, 0x0, 0x0, 0x8f,
    0xe0, 0x0, 0x6, 0xff, 0x0, 0x0, 0x0, 0x0,
    0x4f, 0xf2, 0x0, 0x0, 0x8, 0xfe, 0x0, 0x0,
    0x6f, 0xf0, 0x0, 0x0, 0x0, 0x4, 0xff, 0x20,
    0x0, 0x0, 0x8f, 0xe0, 0x0, 0x6, 0xff, 0xcc,
    0xcc, 0xcc, 0xcc, 0xdf, 0xf2, 0x4, 0xff, 0xff,
    0xff, 0xff, 0xfa, 0x6f, 0xff, 0xff, 0xff, 0xff,
    0xff, 0xff, 0x20, 0x4f, 0xff, 0xff, 0xff, 0xff,
    0xa6, 0xff, 0x77, 0x77, 0x77, 0x77, 0x9f, 0xf2,
    0x2, 0x66, 0x6b, 0xff, 0x66, 0x64, 0x6f, 0xf0,
    0x0, 0x0, 0x0, 0x4, 0xff, 0x20, 0x0, 0x0,
    0x8f, 0xe0, 0x0, 0x6, 0xff, 0x0, 0x0, 0x0,
    0x0, 0x4f, 0xf2, 0x0, 0x0, 0x8, 0xfe, 0x0,
    0x0, 0x6f, 0xff, 0xff, 0xff, 0xff, 0xff, 0xff,
    0x20, 0x0, 0x0, 0x8f, 0xe0, 0x0, 0x6, 0xff,
    0xff, 0xff, 0xff, 0xff, 0xff, 0xf2, 0x0, 0x0,
    0x8, 0xfe, 0x3, 0xb1, 0x6f, 0xf5, 0x55, 0x55,
    0x55, 0x57, 0xff, 0x20, 0x0, 0x0, 0x8f, 0xfa,
    0xff, 0x46, 0xff, 0x0, 0x0, 0x0, 0x0, 0x4f,
    0xf2, 0x0, 0x0, 0xb, 0xff, 0xff, 0xe3, 0x6f,
    0xf0, 0x0, 0x0, 0x0, 0x4, 0xff, 0x20, 0x0,
    0x7, 0xff, 0xff, 0x70, 0x6, 0xff, 0x0, 0x0,
    0x5, 0x55, 0x8f, 0xf1, 0x0, 0x0, 0x6f, 0xf9,
    0x10, 0x0, 0x6f, 0xf0, 0x0, 0x0, 0xdf, 0xff,
    0xff, 0x0, 0x0, 0x0, 0xb2, 0x0, 0x0, 0x6,
    0xff, 0x0, 0x0, 0x8, 0xff, 0xfc, 0x40, 0x0,
    0x0, 0x0, 0x0, 0x0, 0x0, 0x0, 0x0, 0x0,
    0x0, 0x0, 0x0, 0x0, 0x0,

    /* U+95EF "闯" */
    0x0, 0x2b, 0x10, 0x0, 0x0, 0x0, 0x0, 0x0,
    0x0, 0x0, 0x0, 0x0, 0x2, 0xff, 0xd1, 0x0,
    0xff, 0xff, 0xff, 0xff, 0xff, 0xff, 0xff, 0xfa,
    0x0, 0xaf, 0xfc, 0x0, 0xff, 0xff, 0xff, 0xff,
    0xff, 0xff, 0xff, 0xfb, 0x0, 0xd, 0xff, 0x90,
    0x77, 0x77, 0x77, 0x77, 0x77, 0x77, 0x7f, 0xfb,
    0x0, 0x2, 0xff, 0xf2, 0x0, 0x0, 0x0, 0x0,
    0x0, 0x0, 0xe, 0xfb, 0x24, 0x40, 0x6f, 0x50,
    0x0, 0x0, 0x0, 0x0, 0x0, 0x0, 0xe, 0xfb,
    0xaf, 0xe0, 0x5, 0x66, 0x66, 0x66, 0x66, 0x68,
    0x61, 0x0, 0xe, 0xfb, 0xaf, 0xe0, 0x6, 0xff,
    0xff, 0xff, 0xff, 0xff, 0xf2, 0x0, 0xe, 0xfb,
    0xaf, 0xe0, 0x5, 0xee, 0xee, 0xee, 0xee, 0xef,
    0xf1, 0x0, 0xe, 0xfb, 0xaf, 0xe0, 0x0, 0x5,
    0x52, 0x0, 0x0, 0x3f, 0xf0, 0x0, 0xe, 0xfb,
    0xaf, 0xe0, 0x0, 0xe, 0xf9, 0x0, 0x0, 0x5f,
    0xe0, 0x0, 0xe, 0xfb, 0xaf, 0xe0, 0x0, 0x1f,
    0xf6, 0x0, 0x0, 0x7f, 0xd0, 0x0, 0xe, 0xfb,
    0xaf, 0xe0, 0x0, 0x5f, 0xf2, 0x0, 0x0, 0x9f,
    0xc0, 0x0, 0xe, 0xfb, 0xaf, 0xe0, 0x0, 0x8f,
    0xfc, 0xcc, 0xcc, 0xff, 0xfd, 0xc2, 0xe, 0xfb,
    0xaf, 0xe0, 0x0, 0xdf, 0xff, 0xff, 0xff, 0xff,
    0xff, 0xf2, 0xe, 0xfb, 0xaf, 0xe0, 0x0, 0x44,
    0x54, 0x44, 0x44, 0x44, 0x8f, 0xf0, 0xe, 0xfb,
    0xaf, 0xe0, 0x0, 0x0, 0x0, 0x0, 0x0, 0x0,
    0x6f, 0xf0, 0xe, 0xfb, 0xaf, 0xe0, 0x1, 0x11,
    0x11, 0x11, 0x11, 0x10, 0x7f, 0xe0, 0xe, 0xfb,
    0xaf, 0xe0, 0x5f, 0xff, 0xff, 0xff, 0xff, 0xe0,
    0x9f, 0xc0, 0xe, 0xfb, 0xaf, 0xe0, 0x5f, 0xff,
    0xff, 0xff, 0xff, 0xe0, 0xbf, 0xa0, 0xe, 0xfb,
    0xaf, 0xe0, 0x1, 0x11, 0x11, 0x11, 0x11, 0x10,
    0xef, 0x80, 0xe, 0xfb, 0xaf, 0xe0, 0x0, 0x0,
    0x0, 0x0, 0x0, 0x4, 0xff, 0x40, 0xe, 0xfb,
    0xaf, 0xe0, 0x0, 0x0, 0x0, 0x6, 0xed, 0xdf,
    0xff, 0x0, 0xe, 0xfb, 0xaf, 0xe0, 0x0, 0x0,
    0x0, 0x1, 0xff, 0xff, 0xf5, 0x11, 0x1f, 0xfb,
    0xaf, 0xe0, 0x0, 0x0, 0x0, 0x0, 0x34, 0x43,
    0x1, 0xff, 0xff, 0xf8, 0xaf, 0xe0, 0x0, 0x0,
    0x0, 0x0, 0x0, 0x0, 0x0, 0xaf, 0xff, 0xa1,
    0x0, 0x0, 0x0, 0x0, 0x0, 0x0, 0x0, 0x0,
    0x0, 0x0, 0x0, 0x0,

    /* U+964D "降" */
    0x0, 0x0, 0x0, 0x0, 0x0, 0x0, 0x0, 0x64,
    0x10, 0x0, 0x0, 0x0, 0x0, 0x67, 0x77, 0x77,
    0x72, 0x0, 0x0, 0x7, 0xff, 0x80, 0x0, 0x0,
    0x0, 0x0, 0xff, 0xff, 0xff, 0xff, 0x50, 0x0,
    0x3f, 0xfe, 0x22, 0x22, 0x32, 0x0, 0x0, 0xff,
    0xff, 0xff, 0xff, 0x30, 0x2, 0xef, 0xff, 0xff,
    0xff, 0xff, 0xc0, 0x0, 0xff, 0x60, 0xb, 0xfd,
    0x0, 0x2d, 0xff, 0xff, 0xff, 0xff, 0xff, 0xb0,
    0x0, 0xff, 0x60, 0x1f, 0xf6, 0x3, 0xef, 0xff,
    0x20, 0x0, 0x1d, 0xff, 0x20, 0x0, 0xff, 0x60,
    0x6f, 0xf1, 0x7f, 0xff, 0xef, 0xe2, 0x1, 0xcf,
    0xf6, 0x0, 0x0, 0xff, 0x60, 0xcf, 0x90, 0x3e,
    0xf4, 0x1e, 0xff, 0x6d, 0xff, 0x70, 0x0, 0x0,
    0xff, 0x62, 0xff, 0x20, 0x3, 0x20, 0x2, 0xdf,
    0xff, 0xf7, 0x0, 0x0, 0x0, 0xff, 0x68, 0xfc,
    0x0, 0x0, 0x0, 0x17, 0xef, 0xff, 0xf9, 0x30,
    0x0, 0x0, 0xff, 0x62, 0xef, 0x60, 0x0, 0x5a,
    0xff, 0xff, 0xae, 0xff, 0xfd, 0x84, 0x10, 0xff,
    0x60, 0x5f, 0xf3, 0xcf, 0xff, 0xff, 0xa2, 0x0,
    0x7e, 0xff, 0xff, 0xd1, 0xff, 0x60, 0xc, 0xfa,
    0x8f, 0xfc, 0x71, 0x1, 0xdd, 0x60, 0x49, 0xef,
    0x30, 0xff, 0x60, 0x6, 0xff, 0x6, 0x10, 0x0,
    0x1, 0xff, 0x70, 0x0, 0x1, 0x0, 0xff, 0x60,
    0x2, 0xff, 0x24, 0xee, 0xee, 0xee, 0xff, 0xfe,
    0xee, 0xea, 0x0, 0xff, 0x60, 0x1, 0xff, 0x44,
    0xff, 0xff, 0xff, 0xff, 0xff, 0xff, 0xfc, 0x0,
    0xff, 0x60, 0x4, 0xff, 0x31, 0x66, 0x66, 0x67,
    0xff, 0xa6, 0x66, 0x64, 0x0, 0xff, 0x69, 0xaf,
    0xff, 0x10, 0xba, 0x30, 0x1, 0xff, 0x70, 0x0,
    0x0, 0x0, 0xff, 0x6b, 0xff, 0xf9, 0x3, 0xff,
    0x30, 0x1, 0xff, 0x70, 0x0, 0x0, 0x0, 0xff,
    0x66, 0xcb, 0x70, 0x7, 0xff, 0x0, 0x1, 0xff,
    0x70, 0x0, 0x0, 0x0, 0xff, 0x60, 0x0, 0x0,
    0xc, 0xff, 0xff, 0xff, 0xff, 0xff, 0xff, 0xff,
    0x90, 0xff, 0x60, 0x0, 0x0, 0x1f, 0xff, 0xff,
    0xff, 0xff, 0xff, 0xff, 0xff, 0x90, 0xff, 0x60,
    0x0, 0x0, 0x14, 0x44, 0x44, 0x45, 0xff, 0x94,
    0x44, 0x44, 0x20, 0xff, 0x60, 0x0, 0x0, 0x0,
    0x0, 0x0, 0x1, 0xff, 0x70, 0x0, 0x0, 0x0,
    0xff, 0x60, 0x0, 0x0, 0x0, 0x0, 0x0, 0x1,
    0xff, 0x70, 0x0, 0x0, 0x0, 0xef, 0x50, 0x0,
    0x0, 0x0, 0x0, 0x0, 0x1, 0xff, 0x70, 0x0,
    0x0, 0x0,

    /* U+9664 "除" */
    0x0, 0x0, 0x0, 0x0, 0x0, 0x0, 0x0, 0x0,
    0xa5, 0x0, 0x0, 0x0, 0x0, 0x67, 0x77, 0x77,
    0x71, 0x0, 0x0, 0x0, 0x8, 0xff, 0x40, 0x0,
    0x0, 0x0, 0xff, 0xff, 0xff, 0xff, 0x20, 0x0,
    0x0, 0x4f, 0xff, 0x40, 0x0, 0x0, 0x0, 0xff,
    0xff, 0xff, 0xfe, 0x0, 0x0, 0x3, 0xff, 0xff,
    0xf4, 0x0, 0x0, 0x0, 0xff, 0x60, 0xe, 0xf9,
    0x0, 0x0, 0x3f, 0xfe, 0x3d, 0xff, 0x50, 0x0,
    0x0, 0xff, 0x60, 0x3f, 0xf3, 0x0, 0x5, 0xff,
    0xf3, 0x2, 0xef, 0xf8, 0x0, 0x0, 0xff, 0x60,
    0x8f, 0xd0, 0x0, 0x9f, 0xfe, 0x30, 0x0, 0x1d,
    0xff, 0xd3, 0x0, 0xff, 0x60, 0xdf, 0x70, 0x4d,
    0xff, 0xd2, 0x0, 0x0, 0x1, 0xbf, 0xff, 0xa1,
    0xff, 0x62, 0xff, 0x12, 0xef, 0xfe, 0x54, 0x44,
    0x44, 0x44, 0x4c, 0xff, 0xb0, 0xff, 0x68, 0xfc,
    0x0, 0x3e, 0x7f, 0xff, 0xff, 0xff, 0xff, 0xff,
    0x3a, 0x0, 0xff, 0x62, 0xff, 0x50, 0x0, 0x2f,
    0xff, 0xff, 0xff, 0xff, 0xff, 0x0, 0x0, 0xff,
    0x60, 0x6f, 0xe0, 0x0, 0x0, 0x0, 0x8, 0xff,
    0x20, 0x0, 0x0, 0x0, 0xff, 0x60, 0xe, 0xf6,
    0x0, 0x0, 0x0, 0x8, 0xff, 0x10, 0x0, 0x0,
    0x0, 0xff, 0x60, 0x9, 0xfb, 0x0, 0x0, 0x0,
    0x8, 0xff, 0x10, 0x0, 0x0, 0x0, 0xff, 0x60,
    0x6, 0xfe, 0x8e, 0xee, 0xee, 0xef, 0xff, 0xee,
    0xee, 0xee, 0xa0, 0xff, 0x60, 0x5, 0xff, 0x9f,
    0xff, 0xff, 0xff, 0xff, 0xff, 0xff, 0xff, 0xb0,
    0xff, 0x60, 0x7, 0xff, 0x59, 0x99, 0x99, 0x9c,
    0xff, 0xa9, 0x99, 0x99, 0x70, 0xff, 0x67, 0x7e,
    0xfc, 0x0, 0x0, 0x0, 0x8, 0xff, 0x10, 0x1,
    0x0, 0x0, 0xff, 0x6d, 0xff, 0xf6, 0x0, 0x4f,
    0xa1, 0x8, 0xff, 0x14, 0xee, 0x10, 0x0, 0xff,
    0x69, 0xdb, 0x60, 0x0, 0xdf, 0xc0, 0x8, 0xff,
    0x11, 0xef, 0xc0, 0x0, 0xff, 0x60, 0x0, 0x0,
    0x8, 0xff, 0x30, 0x8, 0xff, 0x10, 0x3f, 0xf9,
    0x0, 0xff, 0x60, 0x0, 0x0, 0x4f, 0xf9, 0x0,
    0x8, 0xff, 0x10, 0x8, 0xff, 0x50, 0xff, 0x60,
    0x0, 0x3, 0xff, 0xd0, 0x0, 0x8, 0xff, 0x10,
    0x0, 0xcf, 0xe0, 0xff, 0x60, 0x0, 0x3, 0xde,
    0x20, 0x55, 0x5b, 0xff, 0x10, 0x0, 0x3e, 0x70,
    0xff, 0x60, 0x0, 0x0, 0x2, 0x0, 0xbf, 0xff,
    0xfe, 0x0, 0x0, 0x0, 0x0, 0xff, 0x60, 0x0,
    0x0, 0x0, 0x0, 0x6f, 0xff, 0xb3, 0x0, 0x0,
    0x0, 0x0, 0x0, 0x0, 0x0, 0x0, 0x0, 0x0,
    0x0, 0x0, 0x0, 0x0, 0x0, 0x0, 0x0,

    /* U+968F "随" */
    0x0, 0x0, 0x0, 0x0, 0x0, 0x0, 0x0, 0x0,
    0x5b, 0x80, 0x0, 0x0, 0x9, 0xaa, 0xaa, 0xb8,
    0x0, 0x0, 0x0, 0x0, 0x9, 0xfc, 0x0, 0x0,
    0x0, 0xef, 0xff, 0xff, 0xf9, 0x21, 0x0, 0x0,
    0x0, 0xdf, 0x80, 0x0, 0x0, 0xe, 0xfd, 0xbc,
    0xff, 0xcf, 0xc0, 0xb, 0xdd, 0xdf, 0xfe, 0xdd,
    0xdd, 0xd8, 0xef, 0x60, 0x3f, 0xf3, 0xff, 0x70,
    0xdf, 0xff, 0xff, 0xff, 0xff, 0xff, 0x9e, 0xf6,
    0x6, 0xfd, 0x6, 0xff, 0x25, 0x66, 0xff, 0xb6,
    0x66, 0x66, 0x63, 0xef, 0x60, 0x9f, 0x90, 0xd,
    0xfa, 0x0, 0x5f, 0xf2, 0x0, 0x0, 0x0, 0xe,
    0xf6, 0xd, 0xf4, 0x0, 0x5f, 0x70, 0xd, 0xfb,
    0x11, 0x11, 0x11, 0x0, 0xef, 0x61, 0xff, 0x0,
    0x0, 0x20, 0x8, 0xff, 0xff, 0xff, 0xff, 0xf8,
    0xe, 0xf6, 0x5f, 0xb0, 0x0, 0x0, 0x4, 0xff,
    0xff, 0xff, 0xff, 0xff, 0x80, 0xef, 0x68, 0xf9,
    0x0, 0x0, 0x3, 0xff, 0xff, 0xe0, 0x0, 0xd,
    0xf8, 0xe, 0xf6, 0x2f, 0xf2, 0x7c, 0xcc, 0xde,
    0xfa, 0xfe, 0x11, 0x11, 0xef, 0x80, 0xef, 0x60,
    0x9f, 0x9a, 0xff, 0xfe, 0x35, 0x6f, 0xff, 0xff,
    0xff, 0xf8, 0xe, 0xf6, 0x4, 0xfe, 0x57, 0xaf,
    0xe0, 0x6, 0xff, 0xcc, 0xcc, 0xff, 0x80, 0xef,
    0x60, 0xf, 0xf2, 0x5, 0xfe, 0x0, 0x6f, 0xe0,
    0x0, 0xd, 0xf8, 0xe, 0xf6, 0x0, 0xef, 0x40,
    0x5f, 0xe0, 0x6, 0xfe, 0x33, 0x33, 0xef, 0x80,
    0xef, 0x60, 0xd, 0xf5, 0x5, 0xfe, 0x0, 0x6f,
    0xff, 0xff, 0xff, 0xf8, 0xe, 0xf6, 0x0, 0xff,
    0x40, 0x5f, 0xe0, 0x6, 0xff, 0xbb, 0xbb, 0xff,
    0x80, 0xef, 0x69, 0xcf, 0xf2, 0x5, 0xfe, 0x0,
    0x6f, 0xe0, 0x0, 0xd, 0xf8, 0xe, 0xf6, 0xaf,
    0xfa, 0x0, 0x5f, 0xe0, 0x6, 0xfe, 0x0, 0x0,
    0xdf, 0x80, 0xef, 0x63, 0x63, 0x0, 0x6, 0xfe,
    0x0, 0x6f, 0xe0, 0x9, 0xef, 0xf7, 0xe, 0xf6,
    0x0, 0x0, 0x8, 0xff, 0xf4, 0x6, 0xfd, 0x0,
    0x5f, 0xfb, 0x10, 0xef, 0x60, 0x0, 0x8, 0xff,
    0xdf, 0xf8, 0x0, 0x0, 0x0, 0x0, 0x0, 0xe,
    0xf6, 0x0, 0x6, 0xff, 0x70, 0x6f, 0xff, 0xa7,
    0x55, 0x55, 0x67, 0x88, 0xef, 0x60, 0x0, 0x7f,
    0xa0, 0x0, 0x3d, 0xff, 0xff, 0xff, 0xff, 0xff,
    0x8e, 0xf6, 0x0, 0x0, 0x91, 0x0, 0x0, 0x5,
    0xad, 0xff, 0xff, 0xee, 0xd4,

    /* U+969C "障" */
    0x0, 0x0, 0x0, 0x0, 0x0, 0x0, 0x0, 0x0,
    0x37, 0x0, 0x0, 0x0, 0x0, 0x4, 0x44, 0x44,
    0x45, 0x10, 0x0, 0x0, 0x4, 0xff, 0x50, 0x0,
    0x0, 0x0, 0x3f, 0xff, 0xff, 0xff, 0xe3, 0x45,
    0x55, 0x55, 0xff, 0xc5, 0x55, 0x55, 0x30, 0x3f,
    0xff, 0xff, 0xff, 0xf2, 0xdf, 0xff, 0xff, 0xff,
    0xff, 0xff, 0xff, 0xc0, 0x3f, 0xf3, 0x11, 0xbf,
    0xc0, 0xac, 0xce, 0xfc, 0xcc, 0xcc, 0xfc, 0xcc,
    0x90, 0x3f, 0xf2, 0x0, 0xff, 0x60, 0x0, 0x4f,
    0xf3, 0x0, 0x4, 0xff, 0x40, 0x0, 0x3f, 0xf2,
    0x4, 0xff, 0x11, 0x11, 0x2f, 0xf9, 0x11, 0x1b,
    0xfe, 0x11, 0x11, 0x3f, 0xf2, 0xa, 0xfa, 0xf,
    0xff, 0xff, 0xff, 0xff, 0xff, 0xff, 0xff, 0xfb,
    0x3f, 0xf2, 0xf, 0xf4, 0xf, 0xff, 0xff, 0xff,
    0xff, 0xff, 0xff, 0xff, 0xfb, 0x3f, 0xf2, 0x6f,
    0xe0, 0x0, 0x0, 0x0, 0x0, 0x0, 0x0, 0x0,
    0x0, 0x0, 0x3f, 0xf2, 0x2f, 0xf6, 0x0, 0x1b,
    0xbb, 0xbb, 0xbb, 0xbb, 0xbb, 0xba, 0x0, 0x3f,
    0xf2, 0x5, 0xff, 0x10, 0x2f, 0xff, 0xff, 0xff,
    0xff, 0xff, 0xff, 0x0, 0x3f, 0xf2, 0x0, 0xdf,
    0x80, 0x2f, 0xf5, 0x0, 0x0, 0x0, 0x9, 0xff,
    0x0, 0x3f, 0xf2, 0x0, 0x7f, 0xd0, 0x2f, 0xfa,
    0x88, 0x88, 0x88, 0x8c, 0xff, 0x0, 0x3f, 0xf2,
    0x0, 0x4f, 0xf0, 0x2f, 0xff, 0xff, 0xff, 0xff,
    0xff, 0xff, 0x0, 0x3f, 0xf2, 0x0, 0x2f, 0xf2,
    0x2f, 0xf5, 0x0, 0x0, 0x0, 0x9, 0xff, 0x0,
    0x3f, 0xf2, 0x0, 0x4f, 0xf2, 0x2f, 0xf5, 0x0,
    0x0, 0x0, 0x9, 0xff, 0x0, 0x3f, 0xf2, 0x44,
    0xcf, 0xf0, 0x2f, 0xff, 0xff, 0xff, 0xff, 0xff,
    0xff, 0x0, 0x3f, 0xf2, 0xcf, 0xff, 0xa0, 0x1c,
    0xcc, 0xcc, 0xef, 0xfc, 0xcc, 0xcb, 0x0, 0x3f,
    0xf2, 0x8f, 0xea, 0x10, 0x0, 0x0, 0x0, 0xbf,
    0xe0, 0x0, 0x0, 0x0, 0x3f, 0xf2, 0x0, 0x0,
    0xe, 0xff, 0xff, 0xff, 0xff, 0xff, 0xff, 0xff,
    0xfd, 0x3f, 0xf2, 0x0, 0x0, 0xf, 0xff, 0xff,
    0xff, 0xff, 0xff, 0xff, 0xff, 0xfd, 0x3f, 0xf2,
    0x0, 0x0, 0x3, 0x44, 0x44, 0x44, 0xcf, 0xf4,
    0x44, 0x44, 0x43, 0x3f, 0xf2, 0x0, 0x0, 0x0,
    0x0, 0x0, 0x0, 0xbf, 0xe0, 0x0, 0x0, 0x0,
    0x3f, 0xf2, 0x0, 0x0, 0x0, 0x0, 0x0, 0x0,
    0xbf, 0xe0, 0x0, 0x0, 0x0, 0x2f, 0xf2, 0x0,
    0x0, 0x0, 0x0, 0x0, 0x0, 0xbf, 0xe0, 0x0,
    0x0, 0x0,

    /* U+96F7 "雷" */
    0x0, 0x5c, 0xcc, 0xcc, 0xcc, 0xcc, 0xcc, 0xcc,
    0xcc, 0xcc, 0xcc, 0xc1, 0x0, 0x7, 0xff, 0xff,
    0xff, 0xff, 0xff, 0xff, 0xff, 0xff, 0xff, 0xff,
    0x20, 0x0, 0x25, 0x55, 0x55, 0x55, 0x5a, 0xff,
    0x65, 0x55, 0x55, 0x55, 0x50, 0x0, 0x0, 0x0,
    0x0, 0x0, 0x0, 0x8f, 0xf1, 0x0, 0x0, 0x0,
    0x0, 0x0, 0xf, 0xff, 0xff, 0xff, 0xff, 0xff,
    0xff, 0xff, 0xff, 0xff, 0xff, 0xff, 0xf1, 0xff,
    0xff, 0xff, 0xff, 0xff, 0xff, 0xff, 0xff, 0xff,
    0xff, 0xff, 0xff, 0x1f, 0xf6, 0x11, 0x11, 0x11,
    0x18, 0xff, 0x31, 0x11, 0x11, 0x11, 0x7f, 0xf1,
    0xff, 0x57, 0xaa, 0xaa, 0xa2, 0x8f, 0xf1, 0x6a,
    0xaa, 0xaa, 0x46, 0xff, 0x1f, 0xf5, 0xcf, 0xff,
    0xff, 0x38, 0xff, 0x1a, 0xff, 0xff, 0xf6, 0x6f,
    0xf1, 0xff, 0x52, 0x22, 0x22, 0x20, 0x8f, 0xf1,
    0x12, 0x22, 0x22, 0x16, 0xff, 0x4, 0x41, 0x0,
    0x0, 0x0, 0x8, 0xff, 0x10, 0x0, 0x0, 0x0,
    0x14, 0x40, 0x0, 0x3f, 0xff, 0xff, 0xf4, 0x8f,
    0xf1, 0xaf, 0xff, 0xff, 0xf1, 0x0, 0x0, 0x2,
    0xcc, 0xcc, 0xcc, 0x38, 0xff, 0x18, 0xcc, 0xcc,
    0xcc, 0x0, 0x0, 0x0, 0x0, 0x0, 0x0, 0x0,
    0x36, 0x60, 0x0, 0x0, 0x0, 0x0, 0x0, 0x0,
    0x9, 0xff, 0xff, 0xff, 0xff, 0xff, 0xff, 0xff,
    0xff, 0xff, 0xa0, 0x0, 0x0, 0xaf, 0xff, 0xff,
    0xff, 0xff, 0xff, 0xff, 0xff, 0xff, 0xfa, 0x0,
    0x0, 0xa, 0xfb, 0x0, 0x0, 0x8, 0xff, 0x20,
    0x0, 0x1, 0xff, 0xa0, 0x0, 0x0, 0xaf, 0xb0,
    0x0, 0x0, 0x8f, 0xf1, 0x0, 0x0, 0xf, 0xfa,
    0x0, 0x0, 0xa, 0xff, 0xff, 0xff, 0xff, 0xff,
    0xff, 0xff, 0xff, 0xff, 0xa0, 0x0, 0x0, 0xaf,
    0xff, 0xff, 0xff, 0xff, 0xff, 0xff, 0xff, 0xff,
    0xfa, 0x0, 0x0, 0xa, 0xfb, 0x11, 0x11, 0x18,
    0xff, 0x21, 0x11, 0x11, 0xff, 0xa0, 0x0, 0x0,
    0xaf, 0xb0, 0x0, 0x0, 0x8f, 0xf1, 0x0, 0x0,
    0xf, 0xfa, 0x0, 0x0, 0xa, 0xff, 0xdd, 0xdd,
    0xde, 0xff, 0xed, 0xdd, 0xdd, 0xff, 0xa0, 0x0,
    0x0, 0xaf, 0xff, 0xff, 0xff, 0xff, 0xff, 0xff,
    0xff, 0xff, 0xfa, 0x0, 0x0, 0xa, 0xfc, 0x33,
    0x33, 0x33, 0x33, 0x33, 0x33, 0x34, 0xff, 0xa0,
    0x0, 0x0, 0x23, 0x20, 0x0, 0x0, 0x0, 0x0,
    0x0, 0x0, 0x0, 0x0, 0x0,

    /* U+9759 "静" */
    0x0, 0x0, 0x0, 0x9a, 0x50, 0x0, 0x0, 0x0,
    0x18, 0x40, 0x0, 0x0, 0x0, 0x0, 0x0, 0x0,
    0x0, 0xef, 0x80, 0x0, 0x0, 0x0, 0x7f, 0xf1,
    0x0, 0x0, 0x0, 0x0, 0x1, 0x33, 0x33, 0xff,
    0xa3, 0x33, 0x30, 0x0, 0xef, 0xb0, 0x0, 0x0,
    0x0, 0x0, 0x8, 0xff, 0xff, 0xff, 0xff, 0xff,
    0xf3, 0x7, 0xff, 0xff, 0xff, 0xf6, 0x0, 0x0,
    0x5, 0xaa, 0xaa, 0xff, 0xda, 0xaa, 0xa2, 0x1f,
    0xff, 0xff, 0xff, 0xfb, 0x0, 0x0, 0x0, 0x0,
    0x0, 0xef, 0x80, 0x0, 0x0, 0xcf, 0xf2, 0x0,
    0xaf, 0xf2, 0x0, 0x0, 0x0, 0xde, 0xee, 0xff,
    0xfe, 0xee, 0x99, 0xff, 0x60, 0x3, 0xff, 0x70,
    0x0, 0x0, 0x0, 0xef, 0xff, 0xff, 0xff, 0xff,
    0xcf, 0xfc, 0x33, 0x3d, 0xfd, 0x33, 0x31, 0x0,
    0x0, 0x0, 0x0, 0xef, 0x80, 0x0, 0x2, 0xdf,
    0xff, 0xff, 0xff, 0xff, 0xf8, 0x0, 0xd, 0xdd,
    0xdd, 0xff, 0xed, 0xdd, 0xd6, 0x7c, 0xcd, 0xff,
    0xdc, 0xcf, 0xf8, 0x0, 0xf, 0xff, 0xff, 0xff,
    0xff, 0xff, 0xf8, 0x0, 0x2, 0xff, 0x40, 0xe,
    0xf8, 0x0, 0x2, 0x22, 0x22, 0x22, 0x22, 0x22,
    0x21, 0x0, 0x2, 0xff, 0x40, 0xe, 0xf8, 0x0,
    0x0, 0x12, 0x22, 0x22, 0x23, 0x32, 0x3, 0x44,
    0x46, 0xff, 0x74, 0x4e, 0xfa, 0x40, 0x0, 0x6f,
    0xff, 0xff, 0xff, 0xff, 0x3d, 0xff, 0xff, 0xff,
    0xff, 0xff, 0xff, 0xf2, 0x0, 0x6f, 0xfd, 0xdd,
    0xdd, 0xff, 0x3c, 0xff, 0xff, 0xff, 0xff, 0xff,
    0xff, 0xf2, 0x0, 0x6f, 0xe0, 0x0, 0x2, 0xff,
    0x30, 0x0, 0x2, 0xff, 0x40, 0xe, 0xf8, 0x0,
    0x0, 0x6f, 0xfc, 0xcc, 0xcc, 0xff, 0x30, 0x0,
    0x2, 0xff, 0x40, 0xe, 0xf8, 0x0, 0x0, 0x6f,
    0xff, 0xff, 0xff, 0xff, 0x30, 0x69, 0x9a, 0xff,
    0xb9, 0x9f, 0xf8, 0x0, 0x0, 0x6f, 0xe0, 0x0,
    0x3, 0xff, 0x30, 0xbf, 0xff, 0xff, 0xff, 0xff,
    0xf8, 0x0, 0x0, 0x6f, 0xe0, 0x0, 0x3, 0xff,
    0x30, 0x9d, 0xdd, 0xff, 0xed, 0xdf, 0xf8, 0x0,
    0x0, 0x6f, 0xff, 0xff, 0xff, 0xff, 0x30, 0x0,
    0x2, 0xff, 0x40, 0xb, 0xd6, 0x0, 0x0, 0x6f,
    0xfc, 0xcc, 0xcc, 0xff, 0x30, 0x0, 0x2, 0xff,
    0x40, 0x0, 0x0, 0x0, 0x0, 0x6f, 0xe0, 0x0,
    0x2, 0xff, 0x30, 0x0, 0x2, 0xff, 0x40, 0x0,
    0x0, 0x0, 0x0, 0x6f, 0xe0, 0x2, 0x24, 0xff,
    0x30, 0x36, 0x68, 0xff, 0x40, 0x0, 0x0, 0x0,
    0x0, 0x6f, 0xe0, 0x9, 0xff, 0xff, 0x20, 0x2f,
    0xff, 0xff, 0x10, 0x0, 0x0, 0x0, 0x0, 0x6f,
    0xe0, 0x4, 0xff, 0xd6, 0x0, 0xd, 0xfe, 0xc5,
    0x0, 0x0, 0x0, 0x0,

    /* U+9875 "页" */
    0x3, 0x33, 0x33, 0x33, 0x33, 0x33, 0x33, 0x33,
    0x33, 0x33, 0x33, 0x33, 0x30, 0xf, 0xff, 0xff,
    0xff, 0xff, 0xff, 0xff, 0xff, 0xff, 0xff, 0xff,
    0xff, 0xf4, 0xf, 0xff, 0xff, 0xff, 0xff, 0xff,
    0xff, 0xff, 0xff, 0xff, 0xff, 0xff, 0xf4, 0x4,
    0x44, 0x44, 0x44, 0x44, 0x4f, 0xff, 0x44, 0x44,
    0x44, 0x44, 0x44, 0x41, 0x0, 0x0, 0x0, 0x0,
    0x0, 0x4f, 0xf9, 0x0, 0x0, 0x0, 0x0, 0x0,
    0x0, 0x0, 0x0, 0x0, 0x0, 0x0, 0x9f, 0xf2,
    0x0, 0x0, 0x0, 0x0, 0x0, 0x0, 0x0, 0x3,
    0x88, 0x88, 0x88, 0xff, 0xe8, 0x88, 0x88, 0x88,
    0x88, 0x60, 0x0, 0x0, 0x7, 0xff, 0xff, 0xff,
    0xff, 0xff, 0xff, 0xff, 0xff, 0xff, 0xd0, 0x0,
    0x0, 0x7, 0xff, 0xff, 0xff, 0xff, 0xff, 0xff,
    0xff, 0xff, 0xff, 0xd0, 0x0, 0x0, 0x7, 0xff,
    0x30, 0x0, 0x0, 0x0, 0x0, 0x0, 0x0, 0xff,
    0xd0, 0x0, 0x0, 0x7, 0xff, 0x30, 0x0, 0x2,
    0x99, 0x40, 0x0, 0x0, 0xff, 0xd0, 0x0, 0x0,
    0x7, 0xff, 0x30, 0x0, 0x4, 0xff, 0x70, 0x0,
    0x0, 0xff, 0xd0, 0x0, 0x0, 0x7, 0xff, 0x30,
    0x0, 0x4, 0xff, 0x70, 0x0, 0x0, 0xff, 0xd0,
    0x0, 0x0, 0x7, 0xff, 0x30, 0x0, 0x4, 0xff,
    0x70, 0x0, 0x0, 0xff, 0xd0, 0x0, 0x0, 0x7,
    0xff, 0x30, 0x0, 0x4, 0xff, 0x70, 0x0, 0x0,
    0xff, 0xd0, 0x0, 0x0, 0x7, 0xff, 0x30, 0x0,
    0x4, 0xff, 0x70, 0x0, 0x0, 0xff, 0xd0, 0x0,
    0x0, 0x7, 0xff, 0x30, 0x0, 0x6, 0xff, 0x60,
    0x0, 0x0, 0xff, 0xd0, 0x0, 0x0, 0x7, 0xff,
    0x30, 0x0, 0x9, 0xff, 0x30, 0x0, 0x0, 0xff,
    0xd0, 0x0, 0x0, 0x7, 0xff, 0x30, 0x0, 0x2f,
    0xfe, 0x3, 0x10, 0x0, 0xff, 0xd0, 0x0, 0x0,
    0x4, 0x88, 0x10, 0x1, 0xdf, 0xf7, 0x3f, 0xfa,
    0x30, 0x88, 0x60, 0x0, 0x0, 0x0, 0x0, 0x0,
    0x4e, 0xff, 0xc0, 0x6e, 0xff, 0xfb, 0x30, 0x0,
    0x0, 0x0, 0x0, 0x0, 0x4c, 0xff, 0xfc, 0x10,
    0x0, 0x7e, 0xff, 0xfb, 0x20, 0x0, 0x0, 0x4,
    0x9e, 0xff, 0xff, 0x70, 0x0, 0x0, 0x0, 0x7f,
    0xff, 0xf9, 0x10, 0x4c, 0xff, 0xff, 0xff, 0x81,
    0x0, 0x0, 0x0, 0x0, 0x1, 0x9f, 0xff, 0xe1,
    0xc, 0xff, 0xfa, 0x50, 0x0, 0x0, 0x0, 0x0,
    0x0, 0x0, 0x3, 0xcf, 0x90, 0x2, 0x73, 0x0,
    0x0, 0x0, 0x0, 0x0, 0x0, 0x0, 0x0, 0x0,
    0x6, 0x0,

    /* U+98DF "食" */
    0x0, 0x0, 0x0, 0x0, 0x0, 0x0, 0x8, 0x81,
    0x0, 0x0, 0x0, 0x0, 0x0, 0x0, 0x0, 0x0,
    0x0, 0x0, 0x0, 0x0, 0x6f, 0xfc, 0x0, 0x0,
    0x0, 0x0, 0x0, 0x0, 0x0, 0x0, 0x0, 0x0,
    0x0, 0x5, 0xff, 0xfe, 0x20, 0x0, 0x0, 0x0,
    0x0, 0x0, 0x0, 0x0, 0x0, 0x0, 0x0, 0x6f,
    0xff, 0xef, 0xf4, 0x0, 0x0, 0x0, 0x0, 0x0,
    0x0, 0x0, 0x0, 0x0, 0x1a, 0xff, 0xe3, 0x2e,
    0xff, 0x90, 0x0, 0x0, 0x0, 0x0, 0x0, 0x0,
    0x0, 0x5, 0xef, 0xfd, 0x46, 0x31, 0xcf, 0xfe,
    0x60, 0x0, 0x0, 0x0, 0x0, 0x0, 0x3, 0xbf,
    0xff, 0xa1, 0xdf, 0xd0, 0x8, 0xff, 0xfd, 0x60,
    0x0, 0x0, 0x0, 0x4, 0xbf, 0xff, 0xe5, 0x0,
    0x4f, 0xf6, 0x0, 0x3d, 0xff, 0xff, 0x94, 0x0,
    0x7, 0xdf, 0xff, 0xff, 0xff, 0xff, 0xff, 0xff,
    0xff, 0xff, 0xff, 0xff, 0xff, 0xd0, 0x5, 0xff,
    0xfa, 0xff, 0xff, 0xff, 0xff, 0xff, 0xff, 0xff,
    0xfd, 0x5c, 0xff, 0x30, 0x0, 0x87, 0x12, 0xff,
    0xc1, 0x11, 0x11, 0x11, 0x11, 0x1d, 0xfd, 0x0,
    0x24, 0x0, 0x0, 0x0, 0x2, 0xff, 0xb0, 0x0,
    0x0, 0x0, 0x0, 0xd, 0xfd, 0x0, 0x0, 0x0,
    0x0, 0x0, 0x2, 0xff, 0xfe, 0xee, 0xee, 0xee,
    0xee, 0xef, 0xfd, 0x0, 0x0, 0x0, 0x0, 0x0,
    0x2, 0xff, 0xff, 0xff, 0xff, 0xff, 0xff, 0xff,
    0xfd, 0x0, 0x0, 0x0, 0x0, 0x0, 0x2, 0xff,
    0xb0, 0x0, 0x0, 0x0, 0x0, 0xd, 0xfd, 0x0,
    0x0, 0x0, 0x0, 0x0, 0x2, 0xff, 0xb0, 0x0,
    0x0, 0x0, 0x0, 0xd, 0xfd, 0x0, 0x0, 0x0,
    0x0, 0x0, 0x2, 0xff, 0xff, 0xff, 0xff, 0xff,
    0xff, 0xff, 0xfd, 0x0, 0x0, 0x0, 0x0, 0x0,
    0x2, 0xff, 0xff, 0xff, 0xff, 0xff, 0xff, 0xff,
    0xfe, 0xd6, 0x0, 0x0, 0x0, 0x0, 0x2, 0xff,
    0xc2, 0x22, 0x27, 0x93, 0x22, 0x22, 0x9f, 0xff,
    0x40, 0x0, 0x0, 0x0, 0x2, 0xff, 0xb0, 0x0,
    0x6f, 0xfe, 0x70, 0x1b, 0xff, 0xe4, 0x0, 0x0,
    0x0, 0x0, 0x2, 0xff, 0xb0, 0x0, 0x18, 0xff,
    0xfe, 0xff, 0xf9, 0x10, 0x0, 0x0, 0x0, 0x0,
    0x2, 0xff, 0xb0, 0x0, 0x0, 0x29, 0xff, 0xff,
    0x80, 0x0, 0x0, 0x0, 0x0, 0x0, 0x2, 0xff,
    0xc3, 0x68, 0xbe, 0xf1, 0x2b, 0xff, 0xfb, 0x20,
    0x0, 0x0, 0x0, 0x0, 0x9, 0xff, 0xff, 0xff,
    0xff, 0xf1, 0x0, 0x4d, 0xff, 0xf7, 0x0, 0x0,
    0x0, 0x0, 0xc, 0xff, 0xff, 0xfd, 0xa7, 0x40,
    0x0, 0x0, 0x8f, 0xff, 0x70, 0x0, 0x0, 0x0,
    0x5, 0xea, 0x73, 0x0, 0x0, 0x0, 0x0, 0x0,
    0x3, 0xda, 0x0, 0x0, 0x0, 0x0, 0x0, 0x0,
    0x0, 0x0, 0x0, 0x0, 0x0, 0x0, 0x0, 0x0,
    0x0, 0x0,

    /* U+9996 "首" */
    0x0, 0x0, 0x0, 0x25, 0x0, 0x0, 0x0, 0x0,
    0x0, 0x52, 0x0, 0x0, 0x0, 0x0, 0x0, 0x8,
    0xff, 0x70, 0x0, 0x0, 0x0, 0x3, 0xff, 0xe1,
    0x0, 0x0, 0x0, 0x0, 0x1, 0xef, 0xf4, 0x0,
    0x0, 0x0, 0xd, 0xff, 0x60, 0x0, 0x0, 0x0,
    0x0, 0x0, 0x4f, 0xfe, 0x0, 0x0, 0x0, 0x7f,
    0xfa, 0x0, 0x0, 0x0, 0x39, 0x99, 0x99, 0x9e,
    0xfb, 0x99, 0x99, 0x9a, 0xff, 0xfa, 0x99, 0x99,
    0x98, 0x5f, 0xff, 0xff, 0xff, 0xff, 0xff, 0xff,
    0xff, 0xff, 0xff, 0xff, 0xff, 0xfe, 0x4d, 0xdd,
    0xdd, 0xdd, 0xdd, 0xdf, 0xff, 0xfd, 0xdd, 0xdd,
    0xdd, 0xdd, 0xdc, 0x0, 0x0, 0x0, 0x0, 0x0,
    0xb, 0xff, 0x50, 0x0, 0x0, 0x0, 0x0, 0x0,
    0x0, 0x1, 0x22, 0x22, 0x22, 0x2f, 0xff, 0x22,
    0x22, 0x22, 0x22, 0x10, 0x0, 0x0, 0x8, 0xff,
    0xff, 0xff, 0xff, 0xff, 0xff, 0xff, 0xff, 0xff,
    0x80, 0x0, 0x0, 0x8, 0xff, 0xff, 0xff, 0xff,
    0xff, 0xff, 0xff, 0xff, 0xff, 0x80, 0x0, 0x0,
    0x8, 0xff, 0x32, 0x22, 0x22, 0x22, 0x22, 0x22,
    0x25, 0xff, 0x80, 0x0, 0x0, 0x8, 0xff, 0x10,
    0x0, 0x0, 0x0, 0x0, 0x0, 0x3, 0xff, 0x80,
    0x0, 0x0, 0x8, 0xff, 0x54, 0x44, 0x44, 0x44,
    0x44, 0x44, 0x47, 0xff, 0x80, 0x0, 0x0, 0x8,
    0xff, 0xff, 0xff, 0xff, 0xff, 0xff, 0xff, 0xff,
    0xff, 0x80, 0x0, 0x0, 0x8, 0xff, 0xdc, 0xcc,
    0xcc, 0xcc, 0xcc, 0xcc, 0xcd, 0xff, 0x80, 0x0,
    0x0, 0x8, 0xff, 0x10, 0x0, 0x0, 0x0, 0x0,
    0x0, 0x3, 0xff, 0x80, 0x0, 0x0, 0x8, 0xff,
    0x10, 0x0, 0x0, 0x0, 0x0, 0x0, 0x4, 0xff,
    0x80, 0x0, 0x0, 0x8, 0xff, 0xff, 0xff, 0xff,
    0xff, 0xff, 0xff, 0xff, 0xff, 0x80, 0x0, 0x0,
    0x8, 0xff, 0xff, 0xff, 0xff, 0xff, 0xff, 0xff,
    0xff, 0xff, 0x80, 0x0, 0x0, 0x8, 0xff, 0x20,
    0x0, 0x0, 0x0, 0x0, 0x0, 0x4, 0xff, 0x80,
    0x0, 0x0, 0x8, 0xff, 0x10, 0x0, 0x0, 0x0,
    0x0, 0x0, 0x3, 0xff, 0x80, 0x0, 0x0, 0x8,
    0xff, 0x76, 0x66, 0x66, 0x66, 0x66, 0x66, 0x68,
    0xff, 0x80, 0x0, 0x0, 0x8, 0xff, 0xff, 0xff,
    0xff, 0xff, 0xff, 0xff, 0xff, 0xff, 0x80, 0x0,
    0x0, 0x8, 0xff, 0xff, 0xff, 0xff, 0xff, 0xff,
    0xff, 0xff, 0xff, 0x80, 0x0, 0x0, 0x8, 0xff,
    0x10, 0x0, 0x0, 0x0, 0x0, 0x0, 0x3, 0xff,
    0x80, 0x0,

    /* U+9AD8 "高" */
    0x0, 0x0, 0x0, 0x0, 0x0, 0x5, 0x9b, 0x0,
    0x0, 0x0, 0x0, 0x0, 0x0, 0x0, 0x0, 0x0,
    0x0, 0x0, 0xa, 0xff, 0x40, 0x0, 0x0, 0x0,
    0x0, 0x0, 0x0, 0x0, 0x0, 0x0, 0x0, 0x5,
    0xff, 0xa0, 0x0, 0x0, 0x0, 0x0, 0x0, 0x9f,
    0xff, 0xff, 0xff, 0xff, 0xff, 0xff, 0xff, 0xff,
    0xff, 0xff, 0xff, 0xf1, 0xaf, 0xff, 0xff, 0xff,
    0xff, 0xff, 0xff, 0xff, 0xff, 0xff, 0xff, 0xff,
    0xf1, 0x35, 0x55, 0x55, 0x55, 0x55, 0x55, 0x55,
    0x55, 0x55, 0x55, 0x55, 0x55, 0x50, 0x0, 0x0,
    0x0, 0x0, 0x0, 0x0, 0x0, 0x0, 0x0, 0x0,
    0x0, 0x0, 0x0, 0x0, 0x0, 0x7f, 0xff, 0xff,
    0xff, 0xff, 0xff, 0xff, 0xff, 0xfa, 0x0, 0x0,
    0x0, 0x0, 0x7f, 0xfd, 0xcc, 0xcc, 0xcc, 0xcc,
    0xcc, 0xdf, 0xfa, 0x0, 0x0, 0x0, 0x0, 0x7f,
    0xf4, 0x0, 0x0, 0x0, 0x0, 0x0, 0x2f, 0xfa,
    0x0, 0x0, 0x0, 0x0, 0x7f, 0xf4, 0x0, 0x0,
    0x0, 0x0, 0x0, 0x2f, 0xfa, 0x0, 0x0, 0x0,
    0x0, 0x7f, 0xff, 0xff, 0xff, 0xff, 0xff, 0xff,
    0xff, 0xfa, 0x0, 0x0, 0x0, 0x0, 0x5c, 0xcc,
    0xcc, 0xcc, 0xcc, 0xcc, 0xcc, 0xcc, 0xc8, 0x0,
    0x0, 0x0, 0x0, 0x0, 0x0, 0x0, 0x0, 0x0,
    0x0, 0x0, 0x0, 0x0, 0x11, 0x0, 0xa, 0xff,
    0xff, 0xff, 0xff, 0xff, 0xff, 0xff, 0xff, 0xff,
    0xff, 0xff, 0x80, 0xa, 0xff, 0xff, 0xff, 0xff,
    0xff, 0xff, 0xff, 0xff, 0xff, 0xff, 0xff, 0x80,
    0xa, 0xff, 0x22, 0x22, 0x22, 0x22, 0x22, 0x22,
    0x22, 0x22, 0x24, 0xff, 0x80, 0xa, 0xff, 0x0,
    0x2b, 0xbb, 0xbb, 0xbb, 0xbb, 0xbb, 0x90, 0x2,
    0xff, 0x80, 0xa, 0xff, 0x0, 0x3f, 0xff, 0xff,
    0xff, 0xff, 0xff, 0xd0, 0x2, 0xff, 0x80, 0xa,
    0xff, 0x0, 0x3f, 0xf6, 0x33, 0x33, 0x33, 0x9f,
    0xd0, 0x2, 0xff, 0x80, 0xa, 0xff, 0x0, 0x3f,
    0xf4, 0x0, 0x0, 0x0, 0x8f, 0xd0, 0x2, 0xff,
    0x80, 0xa, 0xff, 0x0, 0x3f, 0xf6, 0x22, 0x22,
    0x22, 0x9f, 0xd0, 0x2, 0xff, 0x80, 0xa, 0xff,
    0x0, 0x3f, 0xff, 0xff, 0xff, 0xff, 0xff, 0xd0,
    0x2, 0xff, 0x80, 0xa, 0xff, 0x0, 0x3f, 0xfc,
    0xbb, 0xbb, 0xbb, 0xbb, 0x90, 0x2, 0xff, 0x80,
    0xa, 0xff, 0x0, 0x3f, 0xf4, 0x0, 0x0, 0x0,
    0x0, 0x4e, 0xee, 0xff, 0x60, 0xa, 0xff, 0x0,
    0x0, 0x0, 0x0, 0x0, 0x0, 0x0, 0xe, 0xff,
    0xe9, 0x0, 0x0, 0x0, 0x0, 0x0, 0x0, 0x0,
    0x0, 0x0, 0x0, 0x0, 0x0, 0x0, 0x0,

    /* U+9F50 "齐" */
    0x0, 0x0, 0x0, 0x0, 0x0, 0x0, 0x6b, 0x90,
    0x0, 0x0, 0x0, 0x0, 0x0, 0x0, 0x0, 0x0,
    0x0, 0x0, 0x0, 0xc, 0xff, 0x40, 0x0, 0x0,
    0x0, 0x0, 0x0, 0x0, 0x0, 0x0, 0x0, 0x0,
    0x0, 0x2f, 0xfd, 0x0, 0x0, 0x0, 0x0, 0x0,
    0x0, 0x7f, 0xff, 0xff, 0xff, 0xff, 0xff, 0xff,
    0xff, 0xff, 0xff, 0xff, 0xff, 0xf1, 0x8, 0xff,
    0xff, 0xff, 0xff, 0xff, 0xff, 0xff, 0xff, 0xff,
    0xff, 0xff, 0xff, 0x10, 0x25, 0x55, 0x5a, 0xff,
    0x95, 0x55, 0x55, 0x55, 0x6f, 0xff, 0x75, 0x55,
    0x50, 0x0, 0x0, 0x0, 0xc, 0xff, 0x40, 0x0,
    0x0, 0xc, 0xff, 0x80, 0x0, 0x0, 0x0, 0x0,
    0x0, 0x0, 0x1d, 0xff, 0x70, 0x0, 0x1c, 0xff,
    0xb0, 0x0, 0x0, 0x0, 0x0, 0x0, 0x0, 0x0,
    0x1c, 0xff, 0xd4, 0x6e, 0xff, 0xa0, 0x0, 0x0,
    0x0, 0x0, 0x0, 0x0, 0x0, 0x0, 0x9, 0xff,
    0xff, 0xff, 0x70, 0x0, 0x0, 0x0, 0x0, 0x0,
    0x0, 0x0, 0x0, 0x2, 0x8f, 0xff, 0xff, 0xf9,
    0x40, 0x0, 0x0, 0x0, 0x0, 0x0, 0x0, 0x36,
    0xae, 0xff, 0xff, 0xdd, 0xff, 0xff, 0xfc, 0x96,
    0x31, 0x0, 0x8, 0xad, 0xff, 0xff, 0xff, 0xfa,
    0x40, 0x4, 0xaf, 0xff, 0xff, 0xff, 0xff, 0x90,
    0x6f, 0xff, 0xff, 0xd9, 0x40, 0x0, 0x0, 0x0,
    0x4, 0x8c, 0xff, 0xff, 0xe1, 0x0, 0xbb, 0x84,
    0x2b, 0xb7, 0x0, 0x0, 0x0, 0x0, 0xbb, 0x70,
    0x25, 0x75, 0x0, 0x0, 0x0, 0x0, 0xff, 0xa0,
    0x0, 0x0, 0x0, 0xf, 0xfb, 0x0, 0x0, 0x0,
    0x0, 0x0, 0x0, 0xf, 0xfa, 0x0, 0x0, 0x0,
    0x0, 0xff, 0xb0, 0x0, 0x0, 0x0, 0x0, 0x0,
    0x0, 0xff, 0x90, 0x0, 0x0, 0x0, 0xf, 0xfb,
    0x0, 0x0, 0x0, 0x0, 0x0, 0x0, 0x2f, 0xf9,
    0x0, 0x0, 0x0, 0x0, 0xff, 0xb0, 0x0, 0x0,
    0x0, 0x0, 0x0, 0x4, 0xff, 0x70, 0x0, 0x0,
    0x0, 0xf, 0xfb, 0x0, 0x0, 0x0, 0x0, 0x0,
    0x0, 0x8f, 0xf5, 0x0, 0x0, 0x0, 0x0, 0xff,
    0xb0, 0x0, 0x0, 0x0, 0x0, 0x0, 0x2f, 0xff,
    0x0, 0x0, 0x0, 0x0, 0xf, 0xfb, 0x0, 0x0,
    0x0, 0x0, 0x0, 0x1c, 0xff, 0x90, 0x0, 0x0,
    0x0, 0x0, 0xff, 0xb0, 0x0, 0x0, 0x0, 0x0,
    0x4d, 0xff, 0xe1, 0x0, 0x0, 0x0, 0x0, 0xf,
    0xfb, 0x0, 0x0, 0x0, 0x0, 0x7, 0xff, 0xe3,
    0x0, 0x0, 0x0, 0x0, 0x0, 0xff, 0xb0, 0x0,
    0x0, 0x0, 0x0, 0x6, 0xb1, 0x0, 0x0, 0x0,
    0x0, 0x0, 0xf, 0xfb, 0x0, 0x0, 0x0, 0x0,
    0x0, 0x0, 0x0, 0x0, 0x0, 0x0, 0x0, 0x0,
    0x0, 0x0, 0x0, 0x0, 0x0,

    /* U+FF01 "！" */
    0xd, 0xff, 0xd0, 0xd, 0xff, 0xd0, 0xc, 0xff,
    0xc0, 0xc, 0xff, 0xc0, 0xb, 0xff, 0xb0, 0xa,
    0xff, 0xa0, 0x9, 0xff, 0x90, 0x8, 0xff, 0x80,
    0x7, 0xff, 0x70, 0x6, 0xff, 0x60, 0x5, 0xff,
    0x50, 0x4, 0xff, 0x40, 0x3, 0xff, 0x30, 0x2,
    0xff, 0x20, 0x0, 0x0, 0x0, 0x0, 0x0, 0x0,
    0x0, 0x0, 0x0, 0x6, 0xff, 0x60, 0xf, 0xff,
    0xf0, 0xf, 0xff, 0xf0, 0x8, 0xff, 0x80, 0x0,
    0x22, 0x0,

    /* U+FF0C "，" */
    0x0, 0x78, 0x40, 0xc, 0xff, 0xf5, 0xf, 0xff,
    0xfd, 0xe, 0xff, 0xff, 0x3, 0xbe, 0xff, 0x0,
    0x7, 0xfc, 0x0, 0xd, 0xf7, 0x1, 0xcf, 0xd0,
    0x7f, 0xfe, 0x20, 0x8f, 0xb1, 0x0, 0x12, 0x0,
    0x0,

    /* U+FF1F "？" */
    0x0, 0x0, 0x0, 0x12, 0x0, 0x0, 0x0, 0x0,
    0x3, 0xaf, 0xff, 0xfc, 0x60, 0x0, 0x0, 0x8f,
    0xff, 0xff, 0xff, 0xfa, 0x0, 0xa, 0xff, 0xfc,
    0x89, 0xdf, 0xff, 0x60, 0x6, 0xfd, 0x30, 0x0,
    0xb, 0xff, 0xc0, 0x0, 0x51, 0x0, 0x0, 0x3,
    0xff, 0xf0, 0x0, 0x0, 0x0, 0x0, 0x1, 0xff,
    0xf0, 0x0, 0x0, 0x0, 0x0, 0x5, 0xff, 0xc0,
    0x0, 0x0, 0x0, 0x0, 0x2e, 0xff, 0x50, 0x0,
    0x0, 0x0, 0x2, 0xef, 0xf8, 0x0, 0x0, 0x0,
    0x0, 0x2e, 0xff, 0x80, 0x0, 0x0, 0x0, 0x0,
    0xdf, 0xf8, 0x0, 0x0, 0x0, 0x0, 0x7, 0xff,
    0xb0, 0x0, 0x0, 0x0, 0x0, 0xc, 0xff, 0x30,
    0x0, 0x0, 0x0, 0x0, 0xd, 0xff, 0x0, 0x0,
    0x0, 0x0, 0x0, 0x3, 0x33, 0x0, 0x0, 0x0,
    0x0, 0x0, 0x0, 0x0, 0x0, 0x0, 0x0, 0x0,
    0x0, 0x0, 0x0, 0x0, 0x0, 0x0, 0x0, 0x0,
    0xa, 0xfd, 0x20, 0x0, 0x0, 0x0, 0x0, 0x5f,
    0xff, 0xa0, 0x0, 0x0, 0x0, 0x0, 0x5f, 0xff,
    0xb0, 0x0, 0x0, 0x0, 0x0, 0xd, 0xff, 0x30,
    0x0, 0x0, 0x0, 0x0, 0x0, 0x20, 0x0, 0x0,
    0x0
};


/*---------------------
 *  GLYPH DESCRIPTION
 *--------------------*/

static const lv_font_fmt_txt_glyph_dsc_t glyph_dsc[] = {
    {.bitmap_index = 0, .adv_w = 0, .box_w = 0, .box_h = 0, .ofs_x = 0, .ofs_y = 0} /* id = 0 reserved */,
    {.bitmap_index = 0, .adv_w = 101, .box_w = 0, .box_h = 0, .ofs_x = 0, .ofs_y = 0},
    {.bitmap_index = 0, .adv_w = 154, .box_w = 5, .box_h = 21, .ofs_x = 2, .ofs_y = 0},
    {.bitmap_index = 53, .adv_w = 232, .box_w = 10, .box_h = 9, .ofs_x = 2, .ofs_y = 13},
    {.bitmap_index = 98, .adv_w = 255, .box_w = 15, .box_h = 21, .ofs_x = 1, .ofs_y = 0},
    {.bitmap_index = 256, .adv_w = 255, .box_w = 14, .box_h = 27, .ofs_x = 1, .ofs_y = -3},
    {.bitmap_index = 445, .adv_w = 421, .box_w = 25, .box_h = 21, .ofs_x = 1, .ofs_y = 0},
    {.bitmap_index = 708, .adv_w = 316, .box_w = 20, .box_h = 21, .ofs_x = 0, .ofs_y = 0},
    {.bitmap_index = 918, .adv_w = 134, .box_w = 4, .box_h = 9, .ofs_x = 2, .ofs_y = 13},
    {.bitmap_index = 936, .adv_w = 159, .box_w = 7, .box_h = 30, .ofs_x = 2, .ofs_y = -6},
    {.bitmap_index = 1041, .adv_w = 159, .box_w = 7, .box_h = 30, .ofs_x = 1, .ofs_y = -6},
    {.bitmap_index = 1146, .adv_w = 217, .box_w = 11, .box_h = 11, .ofs_x = 1, .ofs_y = 12},
    {.bitmap_index = 1207, .adv_w = 255, .box_w = 14, .box_h = 15, .ofs_x = 1, .ofs_y = 3},
    {.bitmap_index = 1312, .adv_w = 134, .box_w = 6, .box_h = 11, .ofs_x = 1, .ofs_y = -6},
    {.bitmap_index = 1345, .adv_w = 160, .box_w = 8, .box_h = 3, .ofs_x = 1, .ofs_y = 7},
    {.bitmap_index = 1357, .adv_w = 134, .box_w = 5, .box_h = 5, .ofs_x = 2, .ofs_y = 0},
    {.bitmap_index = 1370, .adv_w = 175, .box_w = 11, .box_h = 28, .ofs_x = 0, .ofs_y = -5},
    {.bitmap_index = 1524, .adv_w = 255, .box_w = 14, .box_h = 21, .ofs_x = 1, .ofs_y = 0},
    {.bitmap_index = 1671, .adv_w = 255, .box_w = 13, .box_h = 21, .ofs_x = 2, .ofs_y = 0},
    {.bitmap_index = 1808, .adv_w = 255, .box_w = 14, .box_h = 21, .ofs_x = 1, .ofs_y = 0},
    {.bitmap_index = 1955, .adv_w = 255, .box_w = 15, .box_h = 21, .ofs_x = 0, .ofs_y = 0},
    {.bitmap_index = 2113, .adv_w = 255, .box_w = 16, .box_h = 21, .ofs_x = 0, .ofs_y = 0},
    {.bitmap_index = 2281, .adv_w = 255, .box_w = 15, .box_h = 21, .ofs_x = 0, .ofs_y = 0},
    {.bitmap_index = 2439, .adv_w = 255, .box_w = 14, .box_h = 21, .ofs_x = 1, .ofs_y = 0},
    {.bitmap_index = 2586, .adv_w = 255, .box_w = 14, .box_h = 21, .ofs_x = 1, .ofs_y = 0},
    {.bitmap_index = 2733, .adv_w = 255, .box_w = 14, .box_h = 21, .ofs_x = 1, .ofs_y = 0},
    {.bitmap_index = 2880, .adv_w = 255, .box_w = 14, .box_h = 21, .ofs_x = 1, .ofs_y = 0},
    {.bitmap_index = 3027, .adv_w = 134, .box_w = 5, .box_h = 16, .ofs_x = 2, .ofs_y = 0},
    {.bitmap_index = 3067, .adv_w = 134, .box_w = 6, .box_h = 22, .ofs_x = 1, .ofs_y = -6},
    {.bitmap_index = 3133, .adv_w = 255, .box_w = 14, .box_h = 15, .ofs_x = 1, .ofs_y = 3},
    {.bitmap_index = 3238, .adv_w = 255, .box_w = 14, .box_h = 10, .ofs_x = 1, .ofs_y = 6},
    {.bitmap_index = 3308, .adv_w = 255, .box_w = 14, .box_h = 15, .ofs_x = 1, .ofs_y = 3},
    {.bitmap_index = 3413, .adv_w = 220, .box_w = 12, .box_h = 21, .ofs_x = 1, .ofs_y = 0},
    {.bitmap_index = 3539, .adv_w = 435, .box_w = 25, .box_h = 26, .ofs_x = 1, .ofs_y = -5},
    {.bitmap_index = 3864, .adv_w = 279, .box_w = 18, .box_h = 21, .ofs_x = 0, .ofs_y = 0},
    {.bitmap_index = 4053, .adv_w = 299, .box_w = 16, .box_h = 21, .ofs_x = 2, .ofs_y = 0},
    {.bitmap_index = 4221, .adv_w = 289, .box_w = 17, .box_h = 21, .ofs_x = 1, .ofs_y = 0},
    {.bitmap_index = 4400, .adv_w = 313, .box_w = 16, .box_h = 21, .ofs_x = 2, .ofs_y = 0},
    {.bitmap_index = 4568, .adv_w = 269, .box_w = 14, .box_h = 21, .ofs_x = 2, .ofs_y = 0},
    {.bitmap_index = 4715, .adv_w = 254, .box_w = 13, .box_h = 21, .ofs_x = 2, .ofs_y = 0},
    {.bitmap_index = 4852, .adv_w = 314, .box_w = 17, .box_h = 21, .ofs_x = 1, .ofs_y = 0},
    {.bitmap_index = 5031, .adv_w = 332, .box_w = 17, .box_h = 21, .ofs_x = 2, .ofs_y = 0},
    {.bitmap_index = 5210, .adv_w = 138, .box_w = 4, .box_h = 21, .ofs_x = 2, .ofs_y = 0},
    {.bitmap_index = 5252, .adv_w = 246, .box_w = 13, .box_h = 21, .ofs_x = 0, .ofs_y = 0},
    {.bitmap_index = 5389, .adv_w = 297, .box_w = 17, .box_h = 21, .ofs_x = 2, .ofs_y = 0},
    {.bitmap_index = 5568, .adv_w = 250, .box_w = 13, .box_h = 21, .ofs_x = 2, .ofs_y = 0},
    {.bitmap_index = 5705, .adv_w = 372, .box_w = 19, .box_h = 21, .ofs_x = 2, .ofs_y = 0},
    {.bitmap_index = 5905, .adv_w = 329, .box_w = 16, .box_h = 21, .ofs_x = 2, .ofs_y = 0},
    {.bitmap_index = 6073, .adv_w = 338, .box_w = 19, .box_h = 21, .ofs_x = 1, .ofs_y = 0},
    {.bitmap_index = 6273, .adv_w = 290, .box_w = 15, .box_h = 21, .ofs_x = 2, .ofs_y = 0},
    {.bitmap_index = 6431, .adv_w = 338, .box_w = 20, .box_h = 26, .ofs_x = 1, .ofs_y = -5},
    {.bitmap_index = 6691, .adv_w = 294, .box_w = 16, .box_h = 21, .ofs_x = 2, .ofs_y = 0},
    {.bitmap_index = 6859, .adv_w = 272, .box_w = 15, .box_h = 21, .ofs_x = 1, .ofs_y = 0},
    {.bitmap_index = 7017, .adv_w = 274, .box_w = 17, .box_h = 21, .ofs_x = 0, .ofs_y = 0},
    {.bitmap_index = 7196, .adv_w = 328, .box_w = 16, .box_h = 21, .ofs_x = 2, .ofs_y = 0},
    {.bitmap_index = 7364, .adv_w = 266, .box_w = 18, .box_h = 21, .ofs_x = -1, .ofs_y = 0},
    {.bitmap_index = 7553, .adv_w = 401, .box_w = 25, .box_h = 21, .ofs_x = 0, .ofs_y = 0},
    {.bitmap_index = 7816, .adv_w = 267, .box_w = 17, .box_h = 21, .ofs_x = 0, .ofs_y = 0},
    {.bitmap_index = 7995, .adv_w = 248, .box_w = 17, .box_h = 21, .ofs_x = -1, .ofs_y = 0},
    {.bitmap_index = 8174, .adv_w = 272, .box_w = 15, .box_h = 21, .ofs_x = 1, .ofs_y = 0},
    {.bitmap_index = 8332, .adv_w = 159, .box_w = 7, .box_h = 28, .ofs_x = 2, .ofs_y = -5},
    {.bitmap_index = 8430, .adv_w = 175, .box_w = 11, .box_h = 28, .ofs_x = 0, .ofs_y = -5},
    {.bitmap_index = 8584, .adv_w = 159, .box_w = 7, .box_h = 28, .ofs_x = 1, .ofs_y = -5},
    {.bitmap_index = 8682, .adv_w = 255, .box_w = 14, .box_h = 13, .ofs_x = 1, .ofs_y = 9},
    {.bitmap_index = 8773, .adv_w = 252, .box_w = 16, .box_h = 3, .ofs_x = 0, .ofs_y = -4},
    {.bitmap_index = 8797, .adv_w = 276, .box_w = 8, .box_h = 8, .ofs_x = 3, .ofs_y = 18},
    {.bitmap_index = 8829, .adv_w = 258, .box_w = 13, .box_h = 16, .ofs_x = 1, .ofs_y = 0},
    {.bitmap_index = 8933, .adv_w = 282, .box_w = 15, .box_h = 23, .ofs_x = 2, .ofs_y = 0},
    {.bitmap_index = 9106, .adv_w = 232, .box_w = 13, .box_h = 16, .ofs_x = 1, .ofs_y = 0},
    {.bitmap_index = 9210, .adv_w = 282, .box_w = 15, .box_h = 23, .ofs_x = 1, .ofs_y = 0},
    {.bitmap_index = 9383, .adv_w = 254, .box_w = 14, .box_h = 16, .ofs_x = 1, .ofs_y = 0},
    {.bitmap_index = 9495, .adv_w = 155, .box_w = 11, .box_h = 23, .ofs_x = 0, .ofs_y = 0},
    {.bitmap_index = 9622, .adv_w = 259, .box_w = 15, .box_h = 22, .ofs_x = 1, .ofs_y = -6},
    {.bitmap_index = 9787, .adv_w = 278, .box_w = 14, .box_h = 23, .ofs_x = 2, .ofs_y = 0},
    {.bitmap_index = 9948, .adv_w = 129, .box_w = 5, .box_h = 23, .ofs_x = 2, .ofs_y = 0},
    {.bitmap_index = 10006, .adv_w = 129, .box_w = 9, .box_h = 29, .ofs_x = -2, .ofs_y = -6},
    {.bitmap_index = 10137, .adv_w = 258, .box_w = 14, .box_h = 23, .ofs_x = 2, .ofs_y = 0},
    {.bitmap_index = 10298, .adv_w = 134, .box_w = 6, .box_h = 23, .ofs_x = 2, .ofs_y = 0},
    {.bitmap_index = 10367, .adv_w = 422, .box_w = 23, .box_h = 16, .ofs_x = 2, .ofs_y = 0},
    {.bitmap_index = 10551, .adv_w = 280, .box_w = 14, .box_h = 16, .ofs_x = 2, .ofs_y = 0},
    {.bitmap_index = 10663, .adv_w = 276, .box_w = 15, .box_h = 16, .ofs_x = 1, .ofs_y = 0},
    {.bitmap_index = 10783, .adv_w = 282, .box_w = 15, .box_h = 22, .ofs_x = 2, .ofs_y = -6},
    {.bitmap_index = 10948, .adv_w = 282, .box_w = 15, .box_h = 22, .ofs_x = 1, .ofs_y = -6},
    {.bitmap_index = 11113, .adv_w = 183, .box_w = 10, .box_h = 16, .ofs_x = 2, .ofs_y = 0},
    {.bitmap_index = 11193, .adv_w = 215, .box_w = 13, .box_h = 16, .ofs_x = 0, .ofs_y = 0},
    {.bitmap_index = 11297, .adv_w = 177, .box_w = 11, .box_h = 21, .ofs_x = 0, .ofs_y = 0},
    {.bitmap_index = 11413, .adv_w = 278, .box_w = 13, .box_h = 16, .ofs_x = 2, .ofs_y = 0},
    {.bitmap_index = 11517, .adv_w = 244, .box_w = 15, .box_h = 16, .ofs_x = 0, .ofs_y = 0},
    {.bitmap_index = 11637, .adv_w = 371, .box_w = 23, .box_h = 16, .ofs_x = 0, .ofs_y = 0},
    {.bitmap_index = 11821, .adv_w = 236, .box_w = 15, .box_h = 16, .ofs_x = 0, .ofs_y = 0},
    {.bitmap_index = 11941, .adv_w = 244, .box_w = 15, .box_h = 22, .ofs_x = 0, .ofs_y = -6},
    {.bitmap_index = 12106, .adv_w = 220, .box_w = 12, .box_h = 16, .ofs_x = 1, .ofs_y = 0},
    {.bitmap_index = 12202, .adv_w = 159, .box_w = 8, .box_h = 28, .ofs_x = 1, .ofs_y = -5},
    {.bitmap_index = 12314, .adv_w = 126, .box_w = 4, .box_h = 32, .ofs_x = 2, .ofs_y = -8},
    {.bitmap_index = 12378, .adv_w = 159, .box_w = 8, .box_h = 28, .ofs_x = 1, .ofs_y = -5},
    {.bitmap_index = 12490, .adv_w = 255, .box_w = 14, .box_h = 5, .ofs_x = 1, .ofs_y = 8},
    {.bitmap_index = 12525, .adv_w = 448, .box_w = 9, .box_h = 9, .ofs_x = 1, .ofs_y = -2},
    {.bitmap_index = 12566, .adv_w = 448, .box_w = 26, .box_h = 4, .ofs_x = 1, .ofs_y = 9},
    {.bitmap_index = 12618, .adv_w = 448, .box_w = 26, .box_h = 22, .ofs_x = 1, .ofs_y = -1},
    {.bitmap_index = 12904, .adv_w = 448, .box_w = 26, .box_h = 26, .ofs_x = 1, .ofs_y = -2},
    {.bitmap_index = 13242, .adv_w = 448, .box_w = 26, .box_h = 24, .ofs_x = 1, .ofs_y = -2},
    {.bitmap_index = 13554, .adv_w = 448, .box_w = 27, .box_h = 24, .ofs_x = 1, .ofs_y = -2},
    {.bitmap_index = 13878, .adv_w = 448, .box_w = 28, .box_h = 27, .ofs_x = 0, .ofs_y = -2},
    {.bitmap_index = 14256, .adv_w = 448, .box_w = 24, .box_h = 26, .ofs_x = 2, .ofs_y = -2},
    {.bitmap_index = 14568, .adv_w = 448, .box_w = 27, .box_h = 26, .ofs_x = 0, .ofs_y = -2},
    {.bitmap_index = 14919, .adv_w = 448, .box_w = 24, .box_h = 25, .ofs_x = 2, .ofs_y = -3},
    {.bitmap_index = 15219, .adv_w = 448, .box_w = 26, .box_h = 20, .ofs_x = 1, .ofs_y = 0},
    {.bitmap_index = 15479, .adv_w = 448, .box_w = 26, .box_h = 22, .ofs_x = 1, .ofs_y = -1},
    {.bitmap_index = 15765, .adv_w = 448, .box_w = 27, .box_h = 26, .ofs_x = 1, .ofs_y = -2},
    {.bitmap_index = 16116, .adv_w = 448, .box_w = 26, .box_h = 27, .ofs_x = 1, .ofs_y = -3},
    {.bitmap_index = 16467, .adv_w = 448, .box_w = 28, .box_h = 27, .ofs_x = 0, .ofs_y = -2},
    {.bitmap_index = 16845, .adv_w = 448, .box_w = 26, .box_h = 27, .ofs_x = 0, .ofs_y = -3},
    {.bitmap_index = 17196, .adv_w = 448, .box_w = 28, .box_h = 27, .ofs_x = 0, .ofs_y = -3},
    {.bitmap_index = 17574, .adv_w = 448, .box_w = 26, .box_h = 26, .ofs_x = 2, .ofs_y = -3},
    {.bitmap_index = 17912, .adv_w = 448, .box_w = 27, .box_h = 27, .ofs_x = 1, .ofs_y = -3},
    {.bitmap_index = 18277, .adv_w = 448, .box_w = 27, .box_h = 27, .ofs_x = 0, .ofs_y = -3},
    {.bitmap_index = 18642, .adv_w = 448, .box_w = 28, .box_h = 26, .ofs_x = 0, .ofs_y = -2},
    {.bitmap_index = 19006, .adv_w = 448, .box_w = 26, .box_h = 26, .ofs_x = 1, .ofs_y = -2},
    {.bitmap_index = 19344, .adv_w = 448, .box_w = 28, .box_h = 27, .ofs_x = 0, .ofs_y = -3},
    {.bitmap_index = 19722, .adv_w = 448, .box_w = 27, .box_h = 26, .ofs_x = 0, .ofs_y = -2},
    {.bitmap_index = 20073, .adv_w = 448, .box_w = 28, .box_h = 26, .ofs_x = 0, .ofs_y = -2},
    {.bitmap_index = 20437, .adv_w = 448, .box_w = 28, .box_h = 26, .ofs_x = 0, .ofs_y = -2},
    {.bitmap_index = 20801, .adv_w = 448, .box_w = 27, .box_h = 26, .ofs_x = 0, .ofs_y = -2},
    {.bitmap_index = 21152, .adv_w = 448, .box_w = 28, .box_h = 27, .ofs_x = 0, .ofs_y = -3},
    {.bitmap_index = 21530, .adv_w = 448, .box_w = 27, .box_h = 27, .ofs_x = 0, .ofs_y = -3},
    {.bitmap_index = 21895, .adv_w = 448, .box_w = 28, .box_h = 26, .ofs_x = 0, .ofs_y = -2},
    {.bitmap_index = 22259, .adv_w = 448, .box_w = 28, .box_h = 26, .ofs_x = 0, .ofs_y = -2},
    {.bitmap_index = 22623, .adv_w = 448, .box_w = 28, .box_h = 27, .ofs_x = 0, .ofs_y = -3},
    {.bitmap_index = 23001, .adv_w = 448, .box_w = 27, .box_h = 27, .ofs_x = 0, .ofs_y = -3},
    {.bitmap_index = 23366, .adv_w = 448, .box_w = 27, .box_h = 27, .ofs_x = 1, .ofs_y = -3},
    {.bitmap_index = 23731, .adv_w = 448, .box_w = 26, .box_h = 27, .ofs_x = 1, .ofs_y = -3},
    {.bitmap_index = 24082, .adv_w = 448, .box_w = 27, .box_h = 27, .ofs_x = 1, .ofs_y = -3},
    {.bitmap_index = 24447, .adv_w = 448, .box_w = 28, .box_h = 26, .ofs_x = 0, .ofs_y = -2},
    {.bitmap_index = 24811, .adv_w = 448, .box_w = 28, .box_h = 25, .ofs_x = 0, .ofs_y = -3},
    {.bitmap_index = 25161, .adv_w = 448, .box_w = 27, .box_h = 27, .ofs_x = 1, .ofs_y = -3},
    {.bitmap_index = 25526, .adv_w = 448, .box_w = 28, .box_h = 27, .ofs_x = 0, .ofs_y = -3},
    {.bitmap_index = 25904, .adv_w = 448, .box_w = 27, .box_h = 25, .ofs_x = 1, .ofs_y = -3},
    {.bitmap_index = 26242, .adv_w = 448, .box_w = 26, .box_h = 26, .ofs_x = 1, .ofs_y = -2},
    {.bitmap_index = 26580, .adv_w = 448, .box_w = 24, .box_h = 26, .ofs_x = 2, .ofs_y = -2},
    {.bitmap_index = 26892, .adv_w = 448, .box_w = 26, .box_h = 26, .ofs_x = 1, .ofs_y = -2},
    {.bitmap_index = 27230, .adv_w = 448, .box_w = 27, .box_h = 27, .ofs_x = 1, .ofs_y = -3},
    {.bitmap_index = 27595, .adv_w = 448, .box_w = 27, .box_h = 26, .ofs_x = 0, .ofs_y = -3},
    {.bitmap_index = 27946, .adv_w = 448, .box_w = 25, .box_h = 27, .ofs_x = 1, .ofs_y = -3},
    {.bitmap_index = 28284, .adv_w = 448, .box_w = 25, .box_h = 26, .ofs_x = 1, .ofs_y = -2},
    {.bitmap_index = 28609, .adv_w = 448, .box_w = 26, .box_h = 26, .ofs_x = 1, .ofs_y = -2},
    {.bitmap_index = 28947, .adv_w = 448, .box_w = 25, .box_h = 27, .ofs_x = 1, .ofs_y = -3},
    {.bitmap_index = 29285, .adv_w = 448, .box_w = 26, .box_h = 27, .ofs_x = 1, .ofs_y = -3},
    {.bitmap_index = 29636, .adv_w = 448, .box_w = 26, .box_h = 27, .ofs_x = 0, .ofs_y = -3},
    {.bitmap_index = 29987, .adv_w = 448, .box_w = 26, .box_h = 27, .ofs_x = 1, .ofs_y = -3},
    {.bitmap_index = 30338, .adv_w = 448, .box_w = 26, .box_h = 26, .ofs_x = 1, .ofs_y = -2},
    {.bitmap_index = 30676, .adv_w = 448, .box_w = 26, .box_h = 26, .ofs_x = 1, .ofs_y = -2},
    {.bitmap_index = 31014, .adv_w = 448, .box_w = 26, .box_h = 25, .ofs_x = 1, .ofs_y = -2},
    {.bitmap_index = 31339, .adv_w = 448, .box_w = 27, .box_h = 26, .ofs_x = 0, .ofs_y = -3},
    {.bitmap_index = 31690, .adv_w = 448, .box_w = 28, .box_h = 25, .ofs_x = 0, .ofs_y = -3},
    {.bitmap_index = 32040, .adv_w = 448, .box_w = 26, .box_h = 27, .ofs_x = 1, .ofs_y = -3},
    {.bitmap_index = 32391, .adv_w = 448, .box_w = 28, .box_h = 27, .ofs_x = 0, .ofs_y = -3},
    {.bitmap_index = 32769, .adv_w = 448, .box_w = 27, .box_h = 26, .ofs_x = 0, .ofs_y = -3},
    {.bitmap_index = 33120, .adv_w = 448, .box_w = 26, .box_h = 27, .ofs_x = 1, .ofs_y = -3},
    {.bitmap_index = 33471, .adv_w = 448, .box_w = 26, .box_h = 26, .ofs_x = 1, .ofs_y = -2},
    {.bitmap_index = 33809, .adv_w = 448, .box_w = 26, .box_h = 25, .ofs_x = 1, .ofs_y = -3},
    {.bitmap_index = 34134, .adv_w = 448, .box_w = 27, .box_h = 27, .ofs_x = 0, .ofs_y = -3},
    {.bitmap_index = 34499, .adv_w = 448, .box_w = 26, .box_h = 26, .ofs_x = 1, .ofs_y = -2},
    {.bitmap_index = 34837, .adv_w = 448, .box_w = 28, .box_h = 27, .ofs_x = 0, .ofs_y = -3},
    {.bitmap_index = 35215, .adv_w = 448, .box_w = 24, .box_h = 25, .ofs_x = 2, .ofs_y = -2},
    {.bitmap_index = 35515, .adv_w = 448, .box_w = 28, .box_h = 27, .ofs_x = 0, .ofs_y = -3},
    {.bitmap_index = 35893, .adv_w = 448, .box_w = 24, .box_h = 27, .ofs_x = 2, .ofs_y = -3},
    {.bitmap_index = 36217, .adv_w = 448, .box_w = 26, .box_h = 24, .ofs_x = 2, .ofs_y = -2},
    {.bitmap_index = 36529, .adv_w = 448, .box_w = 28, .box_h = 27, .ofs_x = 0, .ofs_y = -2},
    {.bitmap_index = 36907, .adv_w = 448, .box_w = 26, .box_h = 26, .ofs_x = 0, .ofs_y = -2},
    {.bitmap_index = 37245, .adv_w = 448, .box_w = 28, .box_h = 26, .ofs_x = 0, .ofs_y = -3},
    {.bitmap_index = 37609, .adv_w = 448, .box_w = 24, .box_h = 24, .ofs_x = 2, .ofs_y = -2},
    {.bitmap_index = 37897, .adv_w = 448, .box_w = 24, .box_h = 25, .ofs_x = 2, .ofs_y = -2},
    {.bitmap_index = 38197, .adv_w = 448, .box_w = 24, .box_h = 25, .ofs_x = 2, .ofs_y = -2},
    {.bitmap_index = 38497, .adv_w = 448, .box_w = 25, .box_h = 25, .ofs_x = 2, .ofs_y = -2},
    {.bitmap_index = 38810, .adv_w = 448, .box_w = 26, .box_h = 26, .ofs_x = 1, .ofs_y = -2},
    {.bitmap_index = 39148, .adv_w = 448, .box_w = 28, .box_h = 26, .ofs_x = 0, .ofs_y = -2},
    {.bitmap_index = 39512, .adv_w = 448, .box_w = 27, .box_h = 27, .ofs_x = 0, .ofs_y = -3},
    {.bitmap_index = 39877, .adv_w = 448, .box_w = 27, .box_h = 27, .ofs_x = 0, .ofs_y = -3},
    {.bitmap_index = 40242, .adv_w = 448, .box_w = 27, .box_h = 26, .ofs_x = 0, .ofs_y = -2},
    {.bitmap_index = 40593, .adv_w = 448, .box_w = 28, .box_h = 27, .ofs_x = 0, .ofs_y = -3},
    {.bitmap_index = 40971, .adv_w = 448, .box_w = 28, .box_h = 27, .ofs_x = 0, .ofs_y = -3},
    {.bitmap_index = 41349, .adv_w = 448, .box_w = 28, .box_h = 27, .ofs_x = 0, .ofs_y = -3},
    {.bitmap_index = 41727, .adv_w = 448, .box_w = 27, .box_h = 27, .ofs_x = 1, .ofs_y = -3},
    {.bitmap_index = 42092, .adv_w = 448, .box_w = 28, .box_h = 27, .ofs_x = 0, .ofs_y = -3},
    {.bitmap_index = 42470, .adv_w = 448, .box_w = 27, .box_h = 27, .ofs_x = 0, .ofs_y = -3},
    {.bitmap_index = 42835, .adv_w = 448, .box_w = 28, .box_h = 27, .ofs_x = 0, .ofs_y = -3},
    {.bitmap_index = 43213, .adv_w = 448, .box_w = 25, .box_h = 27, .ofs_x = 1, .ofs_y = -3},
    {.bitmap_index = 43551, .adv_w = 448, .box_w = 27, .box_h = 27, .ofs_x = 0, .ofs_y = -3},
    {.bitmap_index = 43916, .adv_w = 448, .box_w = 26, .box_h = 27, .ofs_x = 1, .ofs_y = -3},
    {.bitmap_index = 44267, .adv_w = 448, .box_w = 26, .box_h = 27, .ofs_x = 1, .ofs_y = -3},
    {.bitmap_index = 44618, .adv_w = 448, .box_w = 24, .box_h = 27, .ofs_x = 2, .ofs_y = -3},
    {.bitmap_index = 44942, .adv_w = 448, .box_w = 27, .box_h = 26, .ofs_x = 0, .ofs_y = -2},
    {.bitmap_index = 45293, .adv_w = 448, .box_w = 27, .box_h = 27, .ofs_x = 0, .ofs_y = -3},
    {.bitmap_index = 45658, .adv_w = 448, .box_w = 27, .box_h = 27, .ofs_x = 1, .ofs_y = -3},
    {.bitmap_index = 46023, .adv_w = 448, .box_w = 27, .box_h = 27, .ofs_x = 0, .ofs_y = -3},
    {.bitmap_index = 46388, .adv_w = 448, .box_w = 26, .box_h = 25, .ofs_x = 0, .ofs_y = -2},
    {.bitmap_index = 46713, .adv_w = 448, .box_w = 27, .box_h = 26, .ofs_x = 0, .ofs_y = -3},
    {.bitmap_index = 47064, .adv_w = 448, .box_w = 27, .box_h = 26, .ofs_x = 0, .ofs_y = -3},
    {.bitmap_index = 47415, .adv_w = 448, .box_w = 27, .box_h = 26, .ofs_x = 0, .ofs_y = -2},
    {.bitmap_index = 47766, .adv_w = 448, .box_w = 25, .box_h = 25, .ofs_x = 3, .ofs_y = -2},
    {.bitmap_index = 48079, .adv_w = 448, .box_w = 26, .box_h = 24, .ofs_x = 2, .ofs_y = -2},
    {.bitmap_index = 48391, .adv_w = 448, .box_w = 28, .box_h = 26, .ofs_x = 0, .ofs_y = -2},
    {.bitmap_index = 48755, .adv_w = 448, .box_w = 26, .box_h = 24, .ofs_x = 1, .ofs_y = -2},
    {.bitmap_index = 49067, .adv_w = 448, .box_w = 27, .box_h = 27, .ofs_x = 1, .ofs_y = -3},
    {.bitmap_index = 49432, .adv_w = 448, .box_w = 26, .box_h = 27, .ofs_x = 1, .ofs_y = -3},
    {.bitmap_index = 49783, .adv_w = 448, .box_w = 28, .box_h = 27, .ofs_x = 0, .ofs_y = -3},
    {.bitmap_index = 50161, .adv_w = 448, .box_w = 26, .box_h = 25, .ofs_x = 1, .ofs_y = -3},
    {.bitmap_index = 50486, .adv_w = 448, .box_w = 26, .box_h = 27, .ofs_x = 2, .ofs_y = -3},
    {.bitmap_index = 50837, .adv_w = 448, .box_w = 23, .box_h = 26, .ofs_x = 2, .ofs_y = -2},
    {.bitmap_index = 51136, .adv_w = 448, .box_w = 27, .box_h = 27, .ofs_x = 0, .ofs_y = -3},
    {.bitmap_index = 51501, .adv_w = 448, .box_w = 27, .box_h = 27, .ofs_x = 0, .ofs_y = -3},
    {.bitmap_index = 51866, .adv_w = 448, .box_w = 27, .box_h = 26, .ofs_x = 0, .ofs_y = -2},
    {.bitmap_index = 52217, .adv_w = 448, .box_w = 28, .box_h = 27, .ofs_x = 0, .ofs_y = -3},
    {.bitmap_index = 52595, .adv_w = 448, .box_w = 26, .box_h = 25, .ofs_x = 1, .ofs_y = -2},
    {.bitmap_index = 52920, .adv_w = 448, .box_w = 28, .box_h = 27, .ofs_x = 0, .ofs_y = -3},
    {.bitmap_index = 53298, .adv_w = 448, .box_w = 27, .box_h = 26, .ofs_x = 0, .ofs_y = -2},
    {.bitmap_index = 53649, .adv_w = 448, .box_w = 26, .box_h = 26, .ofs_x = 1, .ofs_y = -2},
    {.bitmap_index = 53987, .adv_w = 448, .box_w = 27, .box_h = 26, .ofs_x = 0, .ofs_y = -2},
    {.bitmap_index = 54338, .adv_w = 448, .box_w = 27, .box_h = 27, .ofs_x = 0, .ofs_y = -3},
    {.bitmap_index = 54703, .adv_w = 448, .box_w = 26, .box_h = 27, .ofs_x = 1, .ofs_y = -3},
    {.bitmap_index = 55054, .adv_w = 448, .box_w = 26, .box_h = 27, .ofs_x = 2, .ofs_y = -3},
    {.bitmap_index = 55405, .adv_w = 448, .box_w = 27, .box_h = 27, .ofs_x = 0, .ofs_y = -3},
    {.bitmap_index = 55770, .adv_w = 448, .box_w = 26, .box_h = 27, .ofs_x = 1, .ofs_y = -3},
    {.bitmap_index = 56121, .adv_w = 448, .box_w = 26, .box_h = 27, .ofs_x = 1, .ofs_y = -3},
    {.bitmap_index = 56472, .adv_w = 448, .box_w = 25, .box_h = 26, .ofs_x = 1, .ofs_y = -2},
    {.bitmap_index = 56797, .adv_w = 448, .box_w = 28, .box_h = 27, .ofs_x = 0, .ofs_y = -3},
    {.bitmap_index = 57175, .adv_w = 448, .box_w = 28, .box_h = 26, .ofs_x = 0, .ofs_y = -2},
    {.bitmap_index = 57539, .adv_w = 448, .box_w = 27, .box_h = 26, .ofs_x = 0, .ofs_y = -2},
    {.bitmap_index = 57890, .adv_w = 448, .box_w = 28, .box_h = 27, .ofs_x = 0, .ofs_y = -3},
    {.bitmap_index = 58268, .adv_w = 448, .box_w = 27, .box_h = 27, .ofs_x = 0, .ofs_y = -3},
    {.bitmap_index = 58633, .adv_w = 448, .box_w = 28, .box_h = 26, .ofs_x = 0, .ofs_y = -2},
    {.bitmap_index = 58997, .adv_w = 448, .box_w = 27, .box_h = 27, .ofs_x = 0, .ofs_y = -3},
    {.bitmap_index = 59362, .adv_w = 448, .box_w = 28, .box_h = 27, .ofs_x = 0, .ofs_y = -3},
    {.bitmap_index = 59740, .adv_w = 448, .box_w = 27, .box_h = 27, .ofs_x = 0, .ofs_y = -3},
    {.bitmap_index = 60105, .adv_w = 448, .box_w = 26, .box_h = 27, .ofs_x = 1, .ofs_y = -3},
    {.bitmap_index = 60456, .adv_w = 448, .box_w = 27, .box_h = 27, .ofs_x = 0, .ofs_y = -3},
    {.bitmap_index = 60821, .adv_w = 448, .box_w = 27, .box_h = 27, .ofs_x = 0, .ofs_y = -3},
    {.bitmap_index = 61186, .adv_w = 448, .box_w = 28, .box_h = 27, .ofs_x = 0, .ofs_y = -3},
    {.bitmap_index = 61564, .adv_w = 448, .box_w = 26, .box_h = 27, .ofs_x = 1, .ofs_y = -3},
    {.bitmap_index = 61915, .adv_w = 448, .box_w = 27, .box_h = 26, .ofs_x = 0, .ofs_y = -2},
    {.bitmap_index = 62266, .adv_w = 448, .box_w = 28, .box_h = 27, .ofs_x = 0, .ofs_y = -3},
    {.bitmap_index = 62644, .adv_w = 448, .box_w = 28, .box_h = 27, .ofs_x = 0, .ofs_y = -3},
    {.bitmap_index = 63022, .adv_w = 448, .box_w = 27, .box_h = 27, .ofs_x = 0, .ofs_y = -3},
    {.bitmap_index = 63387, .adv_w = 448, .box_w = 28, .box_h = 27, .ofs_x = 0, .ofs_y = -3},
    {.bitmap_index = 63765, .adv_w = 448, .box_w = 28, .box_h = 27, .ofs_x = 0, .ofs_y = -3},
    {.bitmap_index = 64143, .adv_w = 448, .box_w = 28, .box_h = 26, .ofs_x = 0, .ofs_y = -2},
    {.bitmap_index = 64507, .adv_w = 448, .box_w = 28, .box_h = 26, .ofs_x = 0, .ofs_y = -2},
    {.bitmap_index = 64871, .adv_w = 448, .box_w = 26, .box_h = 27, .ofs_x = 2, .ofs_y = -3},
    {.bitmap_index = 65222, .adv_w = 448, .box_w = 27, .box_h = 26, .ofs_x = 0, .ofs_y = -2},
    {.bitmap_index = 65573, .adv_w = 448, .box_w = 26, .box_h = 27, .ofs_x = 1, .ofs_y = -3},
    {.bitmap_index = 65924, .adv_w = 448, .box_w = 27, .box_h = 27, .ofs_x = 0, .ofs_y = -3},
    {.bitmap_index = 66289, .adv_w = 448, .box_w = 27, .box_h = 25, .ofs_x = 0, .ofs_y = -3},
    {.bitmap_index = 66627, .adv_w = 448, .box_w = 26, .box_h = 27, .ofs_x = 1, .ofs_y = -3},
    {.bitmap_index = 66978, .adv_w = 448, .box_w = 25, .box_h = 27, .ofs_x = 1, .ofs_y = -3},
    {.bitmap_index = 67316, .adv_w = 448, .box_w = 26, .box_h = 27, .ofs_x = 1, .ofs_y = -3},
    {.bitmap_index = 67667, .adv_w = 448, .box_w = 27, .box_h = 26, .ofs_x = 1, .ofs_y = -3},
    {.bitmap_index = 68018, .adv_w = 448, .box_w = 27, .box_h = 25, .ofs_x = 1, .ofs_y = -2},
    {.bitmap_index = 68356, .adv_w = 448, .box_w = 26, .box_h = 26, .ofs_x = 1, .ofs_y = -2},
    {.bitmap_index = 68694, .adv_w = 448, .box_w = 25, .box_h = 27, .ofs_x = 1, .ofs_y = -3},
    {.bitmap_index = 69032, .adv_w = 448, .box_w = 27, .box_h = 27, .ofs_x = 0, .ofs_y = -3},
    {.bitmap_index = 69397, .adv_w = 448, .box_w = 27, .box_h = 26, .ofs_x = 0, .ofs_y = -2},
    {.bitmap_index = 69748, .adv_w = 448, .box_w = 27, .box_h = 26, .ofs_x = 0, .ofs_y = -2},
    {.bitmap_index = 70099, .adv_w = 448, .box_w = 28, .box_h = 26, .ofs_x = 0, .ofs_y = -2},
    {.bitmap_index = 70463, .adv_w = 448, .box_w = 27, .box_h = 26, .ofs_x = 0, .ofs_y = -2},
    {.bitmap_index = 70814, .adv_w = 448, .box_w = 27, .box_h = 27, .ofs_x = 0, .ofs_y = -3},
    {.bitmap_index = 71179, .adv_w = 448, .box_w = 27, .box_h = 26, .ofs_x = 1, .ofs_y = -2},
    {.bitmap_index = 71530, .adv_w = 448, .box_w = 28, .box_h = 27, .ofs_x = 0, .ofs_y = -3},
    {.bitmap_index = 71908, .adv_w = 448, .box_w = 28, .box_h = 26, .ofs_x = 0, .ofs_y = -2},
    {.bitmap_index = 72272, .adv_w = 448, .box_w = 28, .box_h = 27, .ofs_x = 0, .ofs_y = -3},
    {.bitmap_index = 72650, .adv_w = 448, .box_w = 28, .box_h = 27, .ofs_x = 0, .ofs_y = -3},
    {.bitmap_index = 73028, .adv_w = 448, .box_w = 28, .box_h = 27, .ofs_x = 0, .ofs_y = -3},
    {.bitmap_index = 73406, .adv_w = 448, .box_w = 28, .box_h = 27, .ofs_x = 0, .ofs_y = -3},
    {.bitmap_index = 73784, .adv_w = 448, .box_w = 27, .box_h = 26, .ofs_x = 0, .ofs_y = -2},
    {.bitmap_index = 74135, .adv_w = 448, .box_w = 28, .box_h = 27, .ofs_x = 0, .ofs_y = -3},
    {.bitmap_index = 74513, .adv_w = 448, .box_w = 26, .box_h = 27, .ofs_x = 1, .ofs_y = -3},
    {.bitmap_index = 74864, .adv_w = 448, .box_w = 26, .box_h = 26, .ofs_x = 1, .ofs_y = -2},
    {.bitmap_index = 75202, .adv_w = 448, .box_w = 26, .box_h = 27, .ofs_x = 1, .ofs_y = -3},
    {.bitmap_index = 75553, .adv_w = 448, .box_w = 27, .box_h = 26, .ofs_x = 1, .ofs_y = -2},
    {.bitmap_index = 75904, .adv_w = 448, .box_w = 27, .box_h = 27, .ofs_x = 0, .ofs_y = -3},
    {.bitmap_index = 76269, .adv_w = 448, .box_w = 27, .box_h = 27, .ofs_x = 0, .ofs_y = -3},
    {.bitmap_index = 76634, .adv_w = 448, .box_w = 27, .box_h = 27, .ofs_x = 0, .ofs_y = -3},
    {.bitmap_index = 76999, .adv_w = 448, .box_w = 28, .box_h = 26, .ofs_x = 0, .ofs_y = -2},
    {.bitmap_index = 77363, .adv_w = 448, .box_w = 26, .box_h = 27, .ofs_x = 1, .ofs_y = -3},
    {.bitmap_index = 77714, .adv_w = 448, .box_w = 27, .box_h = 26, .ofs_x = 0, .ofs_y = -2},
    {.bitmap_index = 78065, .adv_w = 448, .box_w = 27, .box_h = 26, .ofs_x = 0, .ofs_y = -2},
    {.bitmap_index = 78416, .adv_w = 448, .box_w = 28, .box_h = 26, .ofs_x = 0, .ofs_y = -2},
    {.bitmap_index = 78780, .adv_w = 448, .box_w = 27, .box_h = 27, .ofs_x = 1, .ofs_y = -3},
    {.bitmap_index = 79145, .adv_w = 448, .box_w = 26, .box_h = 27, .ofs_x = 1, .ofs_y = -3},
    {.bitmap_index = 79496, .adv_w = 448, .box_w = 28, .box_h = 27, .ofs_x = 0, .ofs_y = -3},
    {.bitmap_index = 79874, .adv_w = 448, .box_w = 26, .box_h = 26, .ofs_x = 1, .ofs_y = -2},
    {.bitmap_index = 80212, .adv_w = 448, .box_w = 28, .box_h = 26, .ofs_x = 0, .ofs_y = -3},
    {.bitmap_index = 80576, .adv_w = 448, .box_w = 27, .box_h = 27, .ofs_x = 0, .ofs_y = -3},
    {.bitmap_index = 80941, .adv_w = 448, .box_w = 26, .box_h = 27, .ofs_x = 1, .ofs_y = -3},
    {.bitmap_index = 81292, .adv_w = 448, .box_w = 28, .box_h = 27, .ofs_x = 0, .ofs_y = -3},
    {.bitmap_index = 81670, .adv_w = 448, .box_w = 26, .box_h = 27, .ofs_x = 0, .ofs_y = -3},
    {.bitmap_index = 82021, .adv_w = 448, .box_w = 27, .box_h = 27, .ofs_x = 0, .ofs_y = -3},
    {.bitmap_index = 82386, .adv_w = 448, .box_w = 27, .box_h = 27, .ofs_x = 0, .ofs_y = -3},
    {.bitmap_index = 82751, .adv_w = 448, .box_w = 28, .box_h = 25, .ofs_x = 0, .ofs_y = -3},
    {.bitmap_index = 83101, .adv_w = 448, .box_w = 27, .box_h = 26, .ofs_x = 0, .ofs_y = -3},
    {.bitmap_index = 83452, .adv_w = 448, .box_w = 28, .box_h = 26, .ofs_x = 0, .ofs_y = -2},
    {.bitmap_index = 83816, .adv_w = 448, .box_w = 28, .box_h = 25, .ofs_x = 0, .ofs_y = -2},
    {.bitmap_index = 84166, .adv_w = 448, .box_w = 26, .box_h = 26, .ofs_x = 1, .ofs_y = -2},
    {.bitmap_index = 84504, .adv_w = 448, .box_w = 26, .box_h = 25, .ofs_x = 0, .ofs_y = -3},
    {.bitmap_index = 84829, .adv_w = 448, .box_w = 25, .box_h = 26, .ofs_x = 3, .ofs_y = -2},
    {.bitmap_index = 85154, .adv_w = 448, .box_w = 27, .box_h = 26, .ofs_x = 1, .ofs_y = -3},
    {.bitmap_index = 85505, .adv_w = 448, .box_w = 25, .box_h = 27, .ofs_x = 1, .ofs_y = -3},
    {.bitmap_index = 85843, .adv_w = 448, .box_w = 25, .box_h = 27, .ofs_x = 2, .ofs_y = -3},
    {.bitmap_index = 86181, .adv_w = 448, .box_w = 26, .box_h = 26, .ofs_x = 1, .ofs_y = -2},
    {.bitmap_index = 86519, .adv_w = 448, .box_w = 26, .box_h = 26, .ofs_x = 1, .ofs_y = -2},
    {.bitmap_index = 86857, .adv_w = 448, .box_w = 20, .box_h = 25, .ofs_x = 4, .ofs_y = -2},
    {.bitmap_index = 87107, .adv_w = 448, .box_w = 26, .box_h = 27, .ofs_x = 0, .ofs_y = -3},
    {.bitmap_index = 87458, .adv_w = 448, .box_w = 27, .box_h = 26, .ofs_x = 0, .ofs_y = -2},
    {.bitmap_index = 87809, .adv_w = 448, .box_w = 27, .box_h = 27, .ofs_x = 0, .ofs_y = -3},
    {.bitmap_index = 88174, .adv_w = 448, .box_w = 27, .box_h = 27, .ofs_x = 0, .ofs_y = -3},
    {.bitmap_index = 88539, .adv_w = 448, .box_w = 27, .box_h = 25, .ofs_x = 0, .ofs_y = -2},
    {.bitmap_index = 88877, .adv_w = 448, .box_w = 28, .box_h = 26, .ofs_x = 0, .ofs_y = -2},
    {.bitmap_index = 89241, .adv_w = 448, .box_w = 27, .box_h = 25, .ofs_x = 0, .ofs_y = -3},
    {.bitmap_index = 89579, .adv_w = 448, .box_w = 27, .box_h = 26, .ofs_x = 0, .ofs_y = -2},
    {.bitmap_index = 89930, .adv_w = 448, .box_w = 28, .box_h = 27, .ofs_x = 0, .ofs_y = -3},
    {.bitmap_index = 90308, .adv_w = 448, .box_w = 27, .box_h = 26, .ofs_x = 0, .ofs_y = -2},
    {.bitmap_index = 90659, .adv_w = 448, .box_w = 28, .box_h = 27, .ofs_x = 0, .ofs_y = -2},
    {.bitmap_index = 91037, .adv_w = 448, .box_w = 26, .box_h = 26, .ofs_x = 1, .ofs_y = -2},
    {.bitmap_index = 91375, .adv_w = 448, .box_w = 25, .box_h = 27, .ofs_x = 1, .ofs_y = -3},
    {.bitmap_index = 91713, .adv_w = 448, .box_w = 26, .box_h = 27, .ofs_x = 1, .ofs_y = -2},
    {.bitmap_index = 92064, .adv_w = 448, .box_w = 26, .box_h = 26, .ofs_x = 1, .ofs_y = -2},
    {.bitmap_index = 92402, .adv_w = 448, .box_w = 27, .box_h = 27, .ofs_x = 0, .ofs_y = -3},
    {.bitmap_index = 92767, .adv_w = 448, .box_w = 27, .box_h = 27, .ofs_x = 0, .ofs_y = -3},
    {.bitmap_index = 93132, .adv_w = 448, .box_w = 27, .box_h = 27, .ofs_x = 1, .ofs_y = -2},
    {.bitmap_index = 93497, .adv_w = 448, .box_w = 26, .box_h = 26, .ofs_x = 1, .ofs_y = -2},
    {.bitmap_index = 93835, .adv_w = 448, .box_w = 28, .box_h = 27, .ofs_x = 0, .ofs_y = -3},
    {.bitmap_index = 94213, .adv_w = 448, .box_w = 27, .box_h = 27, .ofs_x = 0, .ofs_y = -3},
    {.bitmap_index = 94578, .adv_w = 448, .box_w = 28, .box_h = 26, .ofs_x = 0, .ofs_y = -2},
    {.bitmap_index = 94942, .adv_w = 448, .box_w = 27, .box_h = 27, .ofs_x = 0, .ofs_y = -3},
    {.bitmap_index = 95307, .adv_w = 448, .box_w = 28, .box_h = 26, .ofs_x = 0, .ofs_y = -2},
    {.bitmap_index = 95671, .adv_w = 448, .box_w = 27, .box_h = 27, .ofs_x = 0, .ofs_y = -3},
    {.bitmap_index = 96036, .adv_w = 448, .box_w = 28, .box_h = 26, .ofs_x = 0, .ofs_y = -2},
    {.bitmap_index = 96400, .adv_w = 448, .box_w = 27, .box_h = 27, .ofs_x = 1, .ofs_y = -3},
    {.bitmap_index = 96765, .adv_w = 448, .box_w = 26, .box_h = 25, .ofs_x = 1, .ofs_y = -2},
    {.bitmap_index = 97090, .adv_w = 448, .box_w = 27, .box_h = 27, .ofs_x = 1, .ofs_y = -3},
    {.bitmap_index = 97455, .adv_w = 448, .box_w = 27, .box_h = 26, .ofs_x = 0, .ofs_y = -2},
    {.bitmap_index = 97806, .adv_w = 448, .box_w = 21, .box_h = 27, .ofs_x = 4, .ofs_y = -3},
    {.bitmap_index = 98090, .adv_w = 448, .box_w = 28, .box_h = 26, .ofs_x = 0, .ofs_y = -2},
    {.bitmap_index = 98454, .adv_w = 448, .box_w = 26, .box_h = 26, .ofs_x = 1, .ofs_y = -2},
    {.bitmap_index = 98792, .adv_w = 448, .box_w = 27, .box_h = 26, .ofs_x = 1, .ofs_y = -2},
    {.bitmap_index = 99143, .adv_w = 448, .box_w = 27, .box_h = 26, .ofs_x = 1, .ofs_y = -2},
    {.bitmap_index = 99494, .adv_w = 448, .box_w = 27, .box_h = 27, .ofs_x = 0, .ofs_y = -3},
    {.bitmap_index = 99859, .adv_w = 448, .box_w = 28, .box_h = 26, .ofs_x = 0, .ofs_y = -2},
    {.bitmap_index = 100223, .adv_w = 448, .box_w = 26, .box_h = 26, .ofs_x = 1, .ofs_y = -3},
    {.bitmap_index = 100561, .adv_w = 448, .box_w = 28, .box_h = 27, .ofs_x = 0, .ofs_y = -3},
    {.bitmap_index = 100939, .adv_w = 448, .box_w = 26, .box_h = 26, .ofs_x = 1, .ofs_y = -2},
    {.bitmap_index = 101277, .adv_w = 448, .box_w = 27, .box_h = 27, .ofs_x = 1, .ofs_y = -3},
    {.bitmap_index = 101642, .adv_w = 448, .box_w = 26, .box_h = 26, .ofs_x = 1, .ofs_y = -2},
    {.bitmap_index = 101980, .adv_w = 448, .box_w = 27, .box_h = 25, .ofs_x = 0, .ofs_y = -2},
    {.bitmap_index = 102318, .adv_w = 448, .box_w = 27, .box_h = 26, .ofs_x = 1, .ofs_y = -2},
    {.bitmap_index = 102669, .adv_w = 448, .box_w = 27, .box_h = 26, .ofs_x = 1, .ofs_y = -2},
    {.bitmap_index = 103020, .adv_w = 448, .box_w = 26, .box_h = 26, .ofs_x = 1, .ofs_y = -2},
    {.bitmap_index = 103358, .adv_w = 448, .box_w = 26, .box_h = 26, .ofs_x = 1, .ofs_y = -2},
    {.bitmap_index = 103696, .adv_w = 448, .box_w = 27, .box_h = 27, .ofs_x = 1, .ofs_y = -3},
    {.bitmap_index = 104061, .adv_w = 448, .box_w = 26, .box_h = 26, .ofs_x = 1, .ofs_y = -3},
    {.bitmap_index = 104399, .adv_w = 448, .box_w = 27, .box_h = 27, .ofs_x = 0, .ofs_y = -3},
    {.bitmap_index = 104764, .adv_w = 448, .box_w = 28, .box_h = 27, .ofs_x = 0, .ofs_y = -3},
    {.bitmap_index = 105142, .adv_w = 448, .box_w = 28, .box_h = 27, .ofs_x = 0, .ofs_y = -3},
    {.bitmap_index = 105520, .adv_w = 448, .box_w = 28, .box_h = 26, .ofs_x = 0, .ofs_y = -2},
    {.bitmap_index = 105884, .adv_w = 448, .box_w = 28, .box_h = 27, .ofs_x = 0, .ofs_y = -3},
    {.bitmap_index = 106262, .adv_w = 448, .box_w = 28, .box_h = 25, .ofs_x = 0, .ofs_y = -2},
    {.bitmap_index = 106612, .adv_w = 448, .box_w = 27, .box_h = 27, .ofs_x = 0, .ofs_y = -3},
    {.bitmap_index = 106977, .adv_w = 448, .box_w = 27, .box_h = 27, .ofs_x = 0, .ofs_y = -3},
    {.bitmap_index = 107342, .adv_w = 448, .box_w = 27, .box_h = 27, .ofs_x = 0, .ofs_y = -3},
    {.bitmap_index = 107707, .adv_w = 448, .box_w = 28, .box_h = 27, .ofs_x = 0, .ofs_y = -3},
    {.bitmap_index = 108085, .adv_w = 448, .box_w = 28, .box_h = 27, .ofs_x = 0, .ofs_y = -3},
    {.bitmap_index = 108463, .adv_w = 448, .box_w = 28, .box_h = 26, .ofs_x = 0, .ofs_y = -2},
    {.bitmap_index = 108827, .adv_w = 448, .box_w = 27, .box_h = 27, .ofs_x = 0, .ofs_y = -3},
    {.bitmap_index = 109192, .adv_w = 448, .box_w = 28, .box_h = 26, .ofs_x = 0, .ofs_y = -3},
    {.bitmap_index = 109556, .adv_w = 448, .box_w = 28, .box_h = 27, .ofs_x = 0, .ofs_y = -3},
    {.bitmap_index = 109934, .adv_w = 448, .box_w = 27, .box_h = 26, .ofs_x = 1, .ofs_y = -2},
    {.bitmap_index = 110285, .adv_w = 448, .box_w = 27, .box_h = 27, .ofs_x = 0, .ofs_y = -3},
    {.bitmap_index = 110650, .adv_w = 448, .box_w = 28, .box_h = 27, .ofs_x = 0, .ofs_y = -3},
    {.bitmap_index = 111028, .adv_w = 448, .box_w = 27, .box_h = 26, .ofs_x = 0, .ofs_y = -2},
    {.bitmap_index = 111379, .adv_w = 448, .box_w = 26, .box_h = 26, .ofs_x = 1, .ofs_y = -2},
    {.bitmap_index = 111717, .adv_w = 448, .box_w = 27, .box_h = 27, .ofs_x = 0, .ofs_y = -3},
    {.bitmap_index = 112082, .adv_w = 448, .box_w = 27, .box_h = 26, .ofs_x = 1, .ofs_y = -3},
    {.bitmap_index = 112433, .adv_w = 448, .box_w = 26, .box_h = 26, .ofs_x = 1, .ofs_y = -2},
    {.bitmap_index = 112771, .adv_w = 448, .box_w = 27, .box_h = 25, .ofs_x = 1, .ofs_y = -2},
    {.bitmap_index = 113109, .adv_w = 448, .box_w = 27, .box_h = 27, .ofs_x = 0, .ofs_y = -3},
    {.bitmap_index = 113474, .adv_w = 448, .box_w = 24, .box_h = 27, .ofs_x = 2, .ofs_y = -3},
    {.bitmap_index = 113798, .adv_w = 448, .box_w = 26, .box_h = 26, .ofs_x = 2, .ofs_y = -2},
    {.bitmap_index = 114136, .adv_w = 448, .box_w = 26, .box_h = 27, .ofs_x = 2, .ofs_y = -3},
    {.bitmap_index = 114487, .adv_w = 448, .box_w = 25, .box_h = 26, .ofs_x = 2, .ofs_y = -2},
    {.bitmap_index = 114812, .adv_w = 448, .box_w = 26, .box_h = 26, .ofs_x = 1, .ofs_y = -2},
    {.bitmap_index = 115150, .adv_w = 448, .box_w = 25, .box_h = 26, .ofs_x = 1, .ofs_y = -3},
    {.bitmap_index = 115475, .adv_w = 448, .box_w = 28, .box_h = 26, .ofs_x = 0, .ofs_y = -2},
    {.bitmap_index = 115839, .adv_w = 448, .box_w = 26, .box_h = 26, .ofs_x = 1, .ofs_y = -3},
    {.bitmap_index = 116177, .adv_w = 448, .box_w = 28, .box_h = 27, .ofs_x = 0, .ofs_y = -3},
    {.bitmap_index = 116555, .adv_w = 448, .box_w = 26, .box_h = 26, .ofs_x = 1, .ofs_y = -2},
    {.bitmap_index = 116893, .adv_w = 448, .box_w = 26, .box_h = 27, .ofs_x = 1, .ofs_y = -3},
    {.bitmap_index = 117244, .adv_w = 448, .box_w = 27, .box_h = 27, .ofs_x = 0, .ofs_y = -3},
    {.bitmap_index = 117609, .adv_w = 448, .box_w = 6, .box_h = 22, .ofs_x = 4, .ofs_y = -1},
    {.bitmap_index = 117675, .adv_w = 448, .box_w = 6, .box_h = 11, .ofs_x = 4, .ofs_y = -4},
    {.bitmap_index = 117708, .adv_w = 448, .box_w = 14, .box_h = 23, .ofs_x = 0, .ofs_y = -1}
};

/*---------------------
 *  CHARACTER MAPPING
 *--------------------*/

static const uint16_t unicode_list_1[] = {
    0x0, 0x1dfe, 0x1e07, 0x1e08, 0x1e09, 0x1e0b, 0x1e28, 0x1e2b,
    0x1e4e, 0x1e84, 0x1e8a, 0x1e92, 0x1e99, 0x1eac, 0x1ec9, 0x1ecb,
    0x1ecc, 0x1ee3, 0x1f18, 0x1f1e, 0x1f44, 0x1f4b, 0x1f4c, 0x1f4d,
    0x1f51, 0x1f57, 0x1f5e, 0x1f99, 0x1fa5, 0x1fdb, 0x2017, 0x203c,
    0x205a, 0x2143, 0x2146, 0x2163, 0x2166, 0x2169, 0x2171, 0x2176,
    0x218b, 0x21c4, 0x21f8, 0x21f9, 0x2204, 0x2205, 0x2222, 0x222e,
    0x224b, 0x2299, 0x229d, 0x229e, 0x22a6, 0x233f, 0x235f, 0x2371,
    0x2383, 0x23c8, 0x23cb, 0x23cf, 0x23d4, 0x23d6, 0x23de, 0x23ed,
    0x23f1, 0x2401, 0x2406, 0x240a, 0x240c, 0x240f, 0x2425, 0x247b,
    0x248a, 0x2666, 0x26d9, 0x26dc, 0x26eb, 0x2706, 0x2726, 0x272e,
    0x2745, 0x2755, 0x2804, 0x2869, 0x2905, 0x290b, 0x2925, 0x292f,
    0x297b, 0x29c9, 0x2b55, 0x2b56, 0x2b87, 0x2b8a, 0x2ba9, 0x2bf7,
    0x2c04, 0x2c0d, 0x2c0f, 0x2c3e, 0x2c40, 0x2c4d, 0x2de4, 0x2def,
    0x2df0, 0x2e53, 0x2e71, 0x2e74, 0x2e92, 0x2ea4, 0x2efe, 0x2f1e,
    0x2f51, 0x2f83, 0x2f95, 0x2fc4, 0x2fe9, 0x301b, 0x3060, 0x30c3,
    0x311d, 0x320d, 0x320e, 0x3214, 0x3216, 0x323e, 0x3249, 0x3251,
    0x3269, 0x327c, 0x32a0, 0x32d4, 0x32ff, 0x3307, 0x330f, 0x331f,
    0x3360, 0x336c, 0x338a, 0x33a3, 0x33a6, 0x33ce, 0x33d0, 0x349c,
    0x34a2, 0x353c, 0x3546, 0x356a, 0x356e, 0x3572, 0x359a, 0x35ab,
    0x35ae, 0x35b7, 0x35d5, 0x35de, 0x35f4, 0x3678, 0x3680, 0x36f2,
    0x36fe, 0x3707, 0x371b, 0x371d, 0x3728, 0x372a, 0x3738, 0x375d,
    0x375f, 0x3763, 0x377d, 0x37e3, 0x3805, 0x381f, 0x3837, 0x383a,
    0x3861, 0x38c9, 0x3b1f, 0x3b60, 0x3b63, 0x3c5e, 0x3c9f, 0x3cbd,
    0x3cd3, 0x3cdf, 0x3d49, 0x3d86, 0x3e03, 0x3e27, 0x3e36, 0x3ecf,
    0x3ed8, 0x3edf, 0x406b, 0x406d, 0x40b7, 0x4182, 0x4245, 0x424a,
    0x4267, 0x43a7, 0x43ae, 0x4401, 0x4404, 0x451d, 0x4526, 0x4533,
    0x454a, 0x4557, 0x4682, 0x46c8, 0x46d6, 0x46ec, 0x46f6, 0x4709,
    0x4814, 0x486c, 0x488b, 0x488c, 0x4938, 0x49d0, 0x49f9, 0x4a0b,
    0x4a31, 0x4a78, 0x4a7d, 0x4ac9, 0x4b2a, 0x4b47, 0x4cbc, 0x4ebd,
    0x4ec2, 0x4ec6, 0x4ecb, 0x4ecd, 0x4ed1, 0x4ee5, 0x4eeb, 0x4efd,
    0x4f16, 0x4f6c, 0x4f8c, 0x4ff9, 0x51e8, 0x5270, 0x5280, 0x543b,
    0x56c5, 0x5855, 0x58a9, 0x597f, 0x59e1, 0x5b9f, 0x5ba2, 0x5ba7,
    0x5bae, 0x5bbf, 0x5bd3, 0x5be4, 0x5bf5, 0x5bf9, 0x5c01, 0x5d23,
    0x5d28, 0x5d88, 0x5dcf, 0x5ded, 0x5e27, 0x5ea9, 0x5f6a, 0x5f8f,
    0x5fb7, 0x5fbc, 0x5fc5, 0x5fd2, 0x5fd9, 0x5ff5, 0x6018, 0x601d,
    0x6039, 0x60b9, 0x60e6, 0x60fb, 0x614b, 0x61cb, 0x61cd, 0x64fe,
    0x65ed, 0x664b, 0x6662, 0x668d, 0x669a, 0x66f5, 0x6757, 0x6873,
    0x68dd, 0x6994, 0x6ad6, 0x6f4e, 0xceff, 0xcf0a, 0xcf1d
};

/*Collect the unicode lists and glyph_id offsets*/
static const lv_font_fmt_txt_cmap_t cmaps[] =
{
    {
        .range_start = 32, .range_length = 95, .glyph_id_start = 1,
        .unicode_list = NULL, .glyph_id_ofs_list = NULL, .list_length = 0, .type = LV_FONT_FMT_TXT_CMAP_FORMAT0_TINY
    },
    {
        .range_start = 12290, .range_length = 53022, .glyph_id_start = 96,
        .unicode_list = unicode_list_1, .glyph_id_ofs_list = NULL, .list_length = 303, .type = LV_FONT_FMT_TXT_CMAP_SPARSE_TINY
    }
};



/*--------------------
 *  ALL CUSTOM DATA
 *--------------------*/

#if LVGL_VERSION_MAJOR == 8
/*Store all the custom data of the font*/
static  lv_font_fmt_txt_glyph_cache_t cache;
#endif

#if LVGL_VERSION_MAJOR >= 8
static const lv_font_fmt_txt_dsc_t font_dsc = {
#else
static lv_font_fmt_txt_dsc_t font_dsc = {
#endif
    .glyph_bitmap = glyph_bitmap,
    .glyph_dsc = glyph_dsc,
    .cmaps = cmaps,
    .kern_dsc = NULL,
    .kern_scale = 0,
    .cmap_num = 2,
    .bpp = 4,
    .kern_classes = 0,
    .bitmap_format = 0,
#if LVGL_VERSION_MAJOR == 8
    .cache = &cache
#endif
};



/*-----------------
 *  PUBLIC FONT
 *----------------*/

/*Initialize a public general font descriptor*/
#if LVGL_VERSION_MAJOR >= 8
const lv_font_t lobby_zh_28 = {
#else
lv_font_t lobby_zh_28 = {
#endif
    .get_glyph_dsc = lv_font_get_glyph_dsc_fmt_txt,    /*Function pointer to get glyph's data*/
    .get_glyph_bitmap = lv_font_get_bitmap_fmt_txt,    /*Function pointer to get glyph's bitmap*/
    .line_height = 34,          /*The maximum line height required by the font*/
    .base_line = 8,             /*Baseline measured from the bottom of the line*/
#if !(LVGL_VERSION_MAJOR == 6 && LVGL_VERSION_MINOR == 0)
    .subpx = LV_FONT_SUBPX_NONE,
#endif
#if LV_VERSION_CHECK(7, 4, 0) || LVGL_VERSION_MAJOR >= 8
    .underline_position = -3,
    .underline_thickness = 1,
#endif
    .dsc = &font_dsc,          /*The custom font data. Will be accessed by `get_glyph_bitmap/dsc` */
#if LV_VERSION_CHECK(8, 2, 0) || LVGL_VERSION_MAJOR >= 9
    .fallback = NULL,
#endif
    .user_data = NULL,
};



#endif /*#if LOBBY_ZH_28*/

